t_min,fps,lat_ms,psnr,decoded
0.000000,,,32.892,1
0.000661,25.196,,32.855,1
0.001104,37.677,,32.796,1
0.001680,28.921,,32.920,1
0.002375,23.987,,32.536,1
0.002775,41.660,,32.960,1
0.003358,28.611,,32.697,1
0.004044,24.278,,32.892,1
0.004460,40.053,,32.668,1
0.004999,30.902,,32.783,1
0.005669,24.875,,32.505,1
0.006123,36.710,,32.647,1
0.006678,30.048,,32.338,1
0.007362,24.361,,32.306,1
0.007787,39.274,,32.539,1
0.008333,30.490,81.077,32.644,1
0.008914,28.711,82.533,32.379,1
0.009494,28.743,84.047,32.350,1
0.009993,33.363,80.732,32.454,1
0.010790,20.917,95.191,32.455,1
0.011115,51.360,81.327,32.407,1
0.011666,30.233,81.065,32.478,1
0.012353,24.249,88.987,32.867,1
0.012772,39.756,80.793,32.539,1
0.013346,29.068,81.827,32.620,1
0.014020,24.704,88.932,32.933,1
0.014485,35.881,83.525,32.829,1
0.015009,31.785,81.691,32.882,1
0.015600,28.202,83.793,33.169,1
0.016112,32.549,81.176,32.762,1
0.016662,30.315,80.853,32.778,1
0.017266,27.606,83.698,32.831,1
0.017770,33.072,80.630,32.780,1
0.018335,29.503,81.225,32.952,1
0.019144,20.598,96.399,32.675,1
0.019445,55.316,81.199,32.813,1
0.020014,29.299,81.937,32.783,1
0.020556,30.737,81.152,32.719,1
0.021111,30.031,81.135,32.779,1
0.021668,29.904,81.254,32.528,1
0.022222,30.090,81.097,32.814,1
0.022790,29.340,81.881,32.517,1
0.023333,30.694,81.148,32.715,1
0.023888,30.053,81.124,32.573,1
0.024439,30.221,80.802,32.709,1
0.024993,30.087,80.755,32.704,1
0.025549,29.979,80.767,32.706,1
0.026122,29.103,81.774,32.935,1
0.026665,30.680,81.005,32.734,1
0.027298,26.354,85.635,32.973,1
0.027779,34.642,81.129,32.651,1
0.028329,30.274,80.857,32.576,1
0.028885,29.968,80.974,32.696,1
0.029451,29.466,81.566,32.899,1
0.030005,30.064,81.435,32.729,1
0.030550,30.635,80.731,32.853,1
0.031111,29.658,81.141,32.739,1
0.031656,30.590,80.534,32.856,1
0.032234,28.858,81.841,32.877,1
0.032774,30.866,80.919,33.122,1
0.033387,27.200,84.336,32.654,1
0.033881,33.727,80.522,32.777,1
0.034492,27.244,83.992,32.754,1
0.035039,30.505,83.486,32.961,1
0.035820,21.330,97.051,32.642,1
0.036107,58.199,80.848,32.765,1
0.036660,30.127,80.727,32.934,1
0.037222,29.633,81.156,32.809,1
0.037774,30.209,80.931,32.997,1
0.038334,29.768,81.201,32.696,1
0.038889,30.029,81.187,32.591,1
0.039441,30.171,80.982,32.702,1
0.040003,29.692,81.307,32.970,1
0.040556,30.128,81.199,32.592,1
0.041112,29.957,81.092,32.614,1
0.041660,30.447,80.587,32.716,1
0.042218,29.862,80.710,32.454,1
0.042768,30.257,80.602,32.797,1
0.043353,28.521,82.340,32.551,1
0.044014,25.206,88.607,32.752,1
0.044442,38.987,80.986,32.481,1
0.044990,30.384,80.565,32.634,1
0.045555,29.510,81.074,32.574,1
0.046107,30.167,80.922,32.746,1
0.046666,29.811,81.144,32.392,1
0.047219,30.170,80.937,32.750,1
0.047849,26.462,85.370,32.396,1
0.048335,34.302,81.252,32.773,1
0.048883,30.383,80.849,32.579,1
0.049446,29.621,81.230,32.806,1
0.049998,30.174,81.069,32.728,1
0.050549,30.249,80.767,32.817,1
0.051121,29.141,81.750,32.745,1
0.051660,30.913,80.792,32.787,1
0.052218,29.880,80.895,32.742,1
0.053036,20.378,96.654,33.140,1
0.053373,49.431,83.563,32.735,1
0.053889,32.322,80.997,33.029,1
0.054446,29.895,81.261,32.722,1
0.055001,30.032,81.176,32.936,1
0.055555,30.074,81.154,32.942,1
0.056139,28.537,82.865,32.910,1
0.056665,31.726,80.999,32.722,1
0.057219,30.082,80.823,32.676,1
0.057773,30.059,80.877,32.829,1
0.058336,29.634,81.305,32.593,1
0.058897,29.673,81.530,32.907,1
0.059440,30.692,80.904,32.627,1
0.060005,29.543,81.380,32.920,1
0.060560,29.984,81.425,32.593,1
0.061327,21.747,94.108,32.524,1
0.061684,46.656,82.200,32.678,1
0.062217,31.246,80.845,32.910,1
0.062772,30.072,80.818,33.276,1
0.063353,28.657,82.361,33.287,1
0.063888,31.183,81.018,33.881,1
0.064447,29.821,81.298,33.984,1
0.065001,30.051,81.259,34.625,1
0.065552,30.238,80.947,34.755,1
0.066105,30.165,80.761,35.604,1
0.066660,30.002,80.791,35.750,1
0.067245,28.509,82.561,36.425,1
0.067778,31.250,81.188,36.499,1
0.068340,29.681,81.583,36.988,1
0.068900,29.750,81.747,37.868,1
0.069693,21.022,96.054,38.052,1
0.070003,53.686,81.385,38.718,1
0.070555,30.212,81.159,38.995,1
0.071113,29.880,81.212,39.992,1
0.071672,29.828,81.456,40.291,1
0.072232,29.743,81.758,40.951,1
0.072792,29.757,82.021,41.329,1
0.073341,30.354,81.643,42.119,1
0.073886,30.570,80.923,42.106,1
0.074444,29.892,81.089,43.036,1
0.074995,30.267,80.807,42.824,1
0.075584,28.261,82.918,43.816,1
0.076136,30.232,82.592,49.488,1
0.076705,29.261,83.505,58.503,1
0.077257,30.183,,60.373,1
0.078020,21.855,,53.547,1
0.078344,51.449,81.731,43.561,1
0.078914,29.225,82.539,41.512,1
0.079454,30.898,81.512,40.503,1
0.080001,30.457,81.130,38.492,1
0.080571,29.209,82.132,36.372,1
0.081136,29.517,82.677,34.701,1
0.081668,31.343,81.222,33.857,1
0.082255,28.398,80.746,32.642,1
0.082813,29.837,81.692,32.257,1
0.083352,30.909,81.044,31.477,1
0.083900,30.414,81.489,31.189,1
0.084458,29.880,81.944,31.222,1
0.085024,29.460,82.541,31.010,1
0.085579,30.040,82.581,30.959,1
0.086371,21.051,96.780,31.047,1
0.086742,44.859,85.548,30.867,1
0.087283,30.815,82.137,31.002,1
0.087851,29.340,81.008,30.822,1
0.088406,30.003,81.557,30.728,1
0.088941,31.173,81.097,30.757,1
0.089503,29.660,81.759,30.790,1
0.090061,29.861,81.032,30.552,1
0.090608,30.487,81.038,30.463,1
0.091153,30.585,81.180,30.643,1
0.091726,29.081,82.506,30.686,1
0.092287,29.727,82.339,30.406,1
0.092817,31.447,81.120,30.659,1
0.093398,28.649,81.204,30.464,1
0.094048,25.641,87.444,30.485,1
0.094498,37.058,81.292,30.681,1
0.095040,30.750,80.675,30.457,1
0.095601,29.697,81.193,30.375,1
0.096148,30.505,80.889,30.899,1
0.096728,28.718,81.097,30.567,1
0.097280,30.197,81.345,30.865,1
0.097831,30.268,81.239,30.803,1
0.098372,30.809,81.139,30.861,1
0.098950,28.800,82.139,30.789,1
0.099480,31.437,80.894,30.827,1
0.100068,28.370,81.159,30.773,1
0.100621,30.158,81.238,31.058,1
0.101165,30.597,81.320,30.985,1
0.101715,30.315,81.224,31.244,1
0.102265,30.321,81.006,31.030,1
0.103083,20.379,96.999,31.201,1
0.103414,50.258,82.788,31.264,1
0.103940,31.672,81.588,31.026,1
0.104481,30.838,81.045,31.032,1
0.105030,30.332,80.908,31.156,1
0.105594,29.569,80.786,31.037,1
0.106141,30.448,81.079,30.912,1
0.106797,25.408,84.963,30.867,1
0.107307,32.693,82.397,30.817,1
0.107859,30.209,82.372,30.972,1
0.108400,30.800,82.298,30.694,1
0.108971,29.208,82.219,30.853,1
0.109496,31.739,80.953,30.660,1
0.110059,29.596,80.933,30.787,1
0.110610,30.248,81.136,30.848,1
0.111418,20.610,96.519,30.834,1
0.111753,49.870,82.282,30.767,1
0.112304,30.229,81.788,30.765,1
0.112838,31.217,81.011,30.984,1
0.113396,29.856,81.388,30.858,1
0.113949,30.146,81.525,30.887,1
0.114489,30.872,81.342,30.736,1
0.115054,29.486,81.342,31.001,1
0.115622,29.369,82.745,31.087,1
0.116159,31.041,81.910,30.764,1
0.116707,30.400,81.842,30.913,1
0.117261,30.080,80.745,30.978,1
0.117816,30.027,81.121,31.087,1
0.118364,30.398,81.150,30.846,1
0.118951,28.395,82.192,30.819,1
0.119836,18.831,101.513,30.852,1
0.120082,67.759,82.050,30.816,1
0.120611,31.515,81.173,30.743,1
0.121166,30.049,81.270,30.538,1
0.121714,30.379,81.433,30.256,1
0.122285,29.217,82.228,30.494,1
0.122815,31.425,81.197,30.284,1
0.123363,30.393,81.114,30.402,1
0.123930,29.432,80.944,30.352,1
0.124519,28.280,83.183,30.324,1
0.125061,30.749,81.074,30.218,1
0.125635,29.022,82.366,30.396,1
0.126166,31.418,81.371,30.459,1
0.126717,30.221,81.297,30.306,1
0.127278,29.746,81.730,30.425,1
0.127992,23.339,90.979,30.433,1
0.128456,35.891,84.679,30.279,1
0.128974,32.169,82.418,30.355,1
0.129505,31.412,81.142,30.463,1
0.130055,30.267,81.246,30.401,1
0.130612,29.963,81.416,30.728,1
0.131163,30.222,81.424,30.607,1
0.131730,29.428,82.019,30.682,1
0.132279,30.333,81.884,30.562,1
0.132818,30.933,81.380,30.723,1
0.133366,30.406,81.270,30.918,1
0.133917,30.221,81.481,30.667,1
0.134456,30.942,81.272,30.715,1
0.135009,30.131,81.297,30.876,1
0.135620,27.290,85.015,30.660,1
0.136424,20.729,99.770,30.755,1
0.136675,66.266,81.442,30.582,1
0.137223,30.449,81.054,30.514,1
0.137788,29.485,81.830,30.583,1
0.138339,30.228,81.262,30.474,1
0.138895,30.001,81.550,30.501,1
0.139443,30.414,81.122,30.516,1
0.139994,30.258,80.842,30.563,1
0.140568,29.041,81.801,30.491,1
0.141127,29.809,82.129,30.473,1
0.141684,29.895,82.148,30.590,1
0.142223,30.935,81.223,30.613,1
0.142786,29.589,81.729,30.720,1
0.143346,29.792,81.961,30.607,1
0.144014,24.929,88.575,30.744,1
0.144713,23.863,96.797,30.969,1
0.145010,55.982,81.578,30.769,1
0.145551,30.824,80.831,30.854,1
0.146111,29.770,81.156,30.907,1
0.146673,29.684,81.521,30.877,1
0.147234,29.696,81.865,30.942,1
0.147818,28.548,83.370,30.919,1
0.148401,28.543,81.433,31.102,1
0.148943,30.779,81.030,30.805,1
0.149488,30.596,81.295,31.013,1
0.150035,30.473,81.150,30.832,1
0.150593,29.831,81.012,31.055,1
0.151158,29.525,82.273,30.953,1
0.151701,30.675,81.523,31.054,1
0.152290,28.310,82.530,31.145,1
0.153075,21.241,96.754,31.015,1
0.153383,54.063,81.856,30.874,1
0.153931,30.418,81.542,30.754,1
0.154475,30.617,81.142,30.918,1
0.155080,27.535,81.940,30.760,1
0.155619,30.919,81.550,30.697,1
0.156155,31.123,80.725,30.621,1
0.156721,29.430,81.535,30.812,1
0.157272,30.281,81.557,30.504,1
0.157821,30.354,81.469,30.300,1
0.158381,29.748,81.995,30.297,1
0.158923,30.727,81.383,30.384,1
0.159479,30.004,81.511,30.149,1
0.160058,28.785,80.911,30.362,1
0.160637,28.790,82.797,30.340,1
0.161471,19.977,99.646,30.230,1
0.161752,59.356,83.169,30.368,1
0.162274,31.922,81.318,30.164,1
0.162820,30.535,80.898,30.339,1
0.163393,29.060,81.415,30.279,1
0.163947,30.103,81.446,30.355,1
0.164495,30.437,81.432,30.370,1
0.165049,30.082,81.395,30.335,1
0.165600,30.202,81.390,30.353,1
0.166155,30.054,81.363,30.515,1
0.166691,31.076,80.399,30.415,1
0.167269,28.850,81.332,30.558,1
0.167820,30.253,81.508,30.237,1
0.168367,30.444,81.366,30.424,1
0.168938,29.222,82.513,30.476,1
0.169587,25.667,88.109,30.500,1
0.170044,36.448,82.114,30.422,1
0.170586,30.799,81.387,30.508,1
0.171136,30.254,81.369,30.449,1
0.171679,30.698,81.665,30.387,1
0.172249,29.240,82.279,30.356,1
0.172801,30.224,82.402,30.524,1
0.173352,30.256,82.040,30.642,1
0.173891,30.912,81.255,30.432,1
0.174460,29.278,81.121,30.433,1
0.175011,30.252,81.253,30.680,1
0.175554,30.705,80.919,30.450,1
0.176154,27.785,83.562,30.791,1
0.176656,33.146,80.617,30.581,1
0.177230,29.035,81.587,30.707,1
0.178027,20.929,96.176,30.643,1
0.178345,52.298,81.963,30.864,1
0.178898,30.179,81.698,30.972,1
0.179443,30.558,81.176,30.841,1
0.180051,27.414,84.300,30.991,1
0.180622,29.203,82.203,30.799,1
0.181150,31.585,81.016,31.046,1
0.181718,29.306,82.006,30.877,1
0.182260,30.767,80.793,30.849,1
0.182811,30.227,80.897,30.665,1
0.183360,30.358,81.118,30.803,1
0.183932,29.166,81.097,30.518,1
0.184487,29.991,81.333,30.611,1
0.185042,30.054,81.693,30.422,1
0.185631,28.291,84.471,30.534,1
0.186255,26.703,88.749,30.371,1
0.186676,39.623,81.460,30.329,1
0.187231,30.001,81.614,30.512,1
0.187798,29.430,82.238,30.408,1
0.188406,27.390,81.531,30.473,1
0.188960,30.100,82.119,30.223,1
0.189525,29.505,82.783,30.326,1
0.190067,30.771,81.147,30.541,1
0.190620,30.116,81.209,30.437,1
0.191169,30.352,81.016,30.508,1
0.191726,29.950,81.221,30.454,1
0.192277,30.244,81.207,30.576,1
0.192817,30.847,81.051,30.289,1
0.193401,28.530,81.436,30.420,1
0.193953,30.198,81.668,30.328,1
0.194735,21.303,95.592,30.354,1
0.195057,51.838,81.335,30.158,1
0.195608,30.216,81.412,30.333,1
0.196153,30.628,81.624,30.478,1
0.196700,30.431,81.520,30.763,1
0.197244,30.654,81.079,30.923,1
0.197800,29.985,81.551,31.313,1
0.198367,29.369,82.801,31.225,1
0.198928,29.726,83.358,31.374,1
0.199490,29.640,83.856,31.274,1
0.199996,32.936,80.985,31.239,1
0.200568,29.139,81.961,30.892,1
0.201151,28.599,83.425,30.937,1
0.201667,32.299,81.211,30.926,1
0.202230,29.612,81.137,30.894,1
0.203043,20.490,96.988,30.746,1
0.203337,56.720,81.203,30.996,1
0.203885,30.412,80.958,30.888,1
0.204487,27.673,83.855,30.927,1
0.205000,32.510,81.250,30.950,1
0.205573,29.108,81.104,30.813,1
0.206122,30.356,81.416,31.278,1
0.206679,29.896,81.332,31.247,1
0.207220,30.805,80.821,31.715,1
0.207793,29.106,81.974,31.623,1
0.208387,28.063,80.662,31.953,1
0.208954,29.383,81.822,32.278,1
0.209509,30.025,81.812,32.332,1
0.210064,30.012,81.055,32.584,1
0.210653,28.337,83.404,32.575,1
0.211419,21.753,96.438,33.158,1
0.211763,48.446,84.058,33.330,1
0.212282,32.103,81.789,33.823,1
0.212826,30.623,81.355,33.215,1
0.213384,29.887,81.786,33.561,1
0.213947,29.580,82.107,33.375,1
0.214503,29.979,82.840,33.298,1
0.215067,29.545,81.224,32.606,1
0.215615,30.456,81.340,32.804,1
0.216206,28.177,83.848,32.493,1
0.216725,32.108,81.803,32.668,1
0.217311,28.460,83.796,33.350,1
0.217857,30.510,83.156,32.688,1
0.218465,27.433,85.255,32.879,1
0.219048,28.542,87.144,32.457,1
0.219762,23.350,96.969,32.695,1
0.220084,51.817,82.145,32.256,1
0.220631,30.464,81.520,32.563,1
0.221195,29.569,82.230,32.554,1
0.221744,30.331,81.163,32.760,1
0.222294,30.320,81.652,32.569,1
0.222837,30.673,81.401,32.621,1
0.223393,30.010,81.820,32.768,1
0.223923,31.425,80.608,32.473,1
0.224476,30.112,81.223,32.628,1
0.225069,28.130,81.323,32.246,1
0.225610,30.777,81.217,32.653,1
0.226167,29.943,81.513,32.567,1
0.226718,30.263,81.391,32.771,1
0.227281,29.588,82.099,32.942,1
0.228070,21.115,96.593,32.566,1
0.228408,49.324,81.930,32.797,1
0.228958,30.311,82.187,32.160,1
0.229534,28.962,84.084,32.297,1
0.230165,26.382,87.074,32.425,1
0.230654,34.137,83.746,32.625,1
0.231208,30.056,83.986,32.878,1
0.231725,32.230,81.819,32.680,1
0.232285,29.786,82.310,32.801,1
0.232844,29.792,82.668,32.484,1
0.233388,30.633,82.090,32.543,1
0.233989,27.754,84.544,32.332,1
0.234566,28.861,86.065,32.366,1
0.235081,32.358,82.035,32.339,1
0.235621,30.911,81.782,32.970,1
0.236423,20.779,95.868,32.669,1
0.236749,51.008,82.727,33.010,1
0.237287,31.027,81.782,32.543,1
0.237879,28.129,84.241,32.607,1
0.238413,31.216,82.200,32.611,1
0.238945,31.302,81.414,32.635,1
0.239537,28.174,84.018,32.561,1
0.240101,29.565,83.232,32.874,1
0.240633,31.291,82.282,32.659,1
0.241213,28.767,83.842,32.673,1
0.241770,29.906,84.061,32.664,1
0.242355,28.501,86.286,32.663,1
0.242842,34.227,82.589,32.126,1
0.243439,27.894,83.751,32.106,1
0.243971,31.352,82.505,32.458,1
0.244780,20.586,97.719,32.450,1
0.245098,52.546,83.136,32.862,1
0.245611,32.459,81.340,32.553,1
0.246184,29.080,82.529,32.706,1
0.246716,31.352,81.281,32.894,1
0.247285,29.258,81.995,32.572,1
0.247829,30.681,81.185,32.700,1
0.248373,30.599,81.172,32.279,1
0.248935,29.663,81.301,32.731,1
0.249536,27.723,84.538,32.499,1
0.250039,33.162,81.460,32.769,1
0.250597,29.895,81.622,32.471,1
0.251174,28.844,83.138,32.680,1
0.251707,31.277,81.907,32.591,1
0.252253,30.525,81.577,31.992,1
0.253032,21.394,95.513,32.179,1
0.253345,53.298,81.477,32.334,1
0.253906,29.722,80.811,32.708,1
0.254509,27.608,84.096,33.036,1
0.255001,33.907,81.144,32.652,1
0.255569,29.330,81.553,32.634,1
0.256145,28.960,83.069,32.663,1
0.256661,32.280,80.911,32.263,1
0.257250,28.291,82.911,32.366,1
0.257836,28.454,84.699,32.164,1
0.258335,33.373,81.384,32.082,1
0.258891,29.964,81.244,32.296,1
0.259539,25.726,86.952,32.624,1
0.260011,35.325,81.917,32.308,1
0.260579,29.353,82.564,32.503,1
0.261388,20.594,96.480,32.221,1
0.261708,52.125,83.336,32.271,1
0.262256,30.385,83.279,31.976,1
0.262836,28.769,83.746,32.483,1
0.263405,29.290,81.733,32.759,1
0.263992,28.388,84.107,32.554,1
0.264503,32.627,82.281,32.773,1
0.265032,31.490,80.956,32.376,1
0.265605,29.105,81.753,32.631,1
0.266152,30.477,81.768,32.233,1
0.266703,30.218,82.156,32.386,1
0.267264,29.689,82.905,32.218,1
0.267867,27.679,86.416,32.509,1
0.268427,29.726,82.822,32.630,1
0.268974,30.486,82.508,32.656,1
0.269589,27.092,86.824,32.511,1
0.270077,34.198,81.807,32.552,1
0.270613,31.054,81.198,32.223,1
0.271168,30.015,81.822,32.349,1
0.271716,30.465,81.528,32.181,1
0.272277,29.686,81.824,32.759,1
0.272837,29.781,82.667,32.484,1
0.273404,29.363,81.676,32.714,1
0.273945,30.794,81.340,32.258,1
0.274498,30.171,81.411,32.308,1
0.275074,28.915,81.789,32.770,1
0.275622,30.424,81.698,32.099,1
0.276203,28.686,83.569,31.966,1
0.276716,32.472,81.964,32.577,1
0.277258,30.786,81.342,32.426,1
0.278110,19.546,99.600,32.672,1
0.278350,69.540,81.613,32.431,1
0.278899,30.373,81.483,32.357,1
0.279506,27.439,84.917,32.280,1
0.280023,32.282,82.606,32.487,1
0.280583,29.734,82.935,32.191,1
0.281169,28.461,84.744,32.633,1
0.281689,32.021,82.509,32.539,1
0.282279,28.266,82.290,32.457,1
0.282886,27.446,85.758,32.677,1
0.283413,31.627,82.204,32.156,1
0.283971,29.874,82.589,32.362,1
0.284533,29.672,83.663,32.171,1
0.285061,31.538,82.600,32.038,1
0.285612,30.239,82.219,32.374,1
0.286389,21.449,96.041,32.454,1
0.286696,54.279,81.349,32.525,1
0.287288,28.166,84.505,32.621,1
0.287914,26.635,89.021,32.394,1
0.288387,35.194,82.930,32.434,1
0.288937,30.323,81.653,32.602,1
0.289589,25.574,88.195,32.253,1
0.290081,33.874,82.055,32.444,1
0.290616,31.155,81.417,32.411,1
0.291252,26.172,86.670,32.854,1
0.291707,36.707,81.229,32.556,1
0.292269,29.642,81.372,32.863,1
0.292853,28.518,83.662,32.414,1
0.293418,29.527,84.493,32.552,1
0.293919,33.214,81.670,32.184,1
0.294651,22.786,92.320,32.311,1
0.295019,45.342,81.767,32.302,1
0.295560,30.798,81.241,33.020,1
0.296186,26.603,85.803,32.822,1
0.296686,33.314,82.259,32.780,1
0.297253,29.439,80.725,32.898,1
0.297857,27.565,84.396,32.559,1
0.298361,33.061,81.813,32.756,1
0.298950,28.335,82.229,32.485,1
0.299518,29.311,83.277,32.832,1
0.300072,30.093,81.517,32.595,1
0.300613,30.795,81.159,32.589,1
0.301220,27.461,84.719,32.800,1
0.301712,33.915,81.637,32.406,1
0.302281,29.285,82.096,32.708,1
0.303106,20.205,98.944,32.721,1
0.303372,62.645,82.354,32.210,1
0.303906,31.205,81.439,32.566,1
0.304546,26.031,86.766,32.546,1
0.305004,36.385,81.403,32.840,1
0.305602,27.879,83.654,33.460,1
0.306233,26.396,82.934,32.971,1
0.306773,30.853,82.518,33.131,1
0.307304,31.385,81.694,32.728,1
0.307870,29.448,82.595,32.839,1
0.308411,30.857,81.784,32.381,1
0.308948,31.007,80.969,32.907,1
0.309567,26.909,85.025,32.786,1
0.310099,31.362,83.260,32.843,1
0.310684,28.475,85.398,32.738,1
0.311409,22.993,96.082,32.484,1
0.311715,54.487,81.327,32.561,1
0.312273,29.881,81.651,32.277,1
0.312935,25.174,88.383,32.544,1
0.313400,35.797,81.212,32.221,1
0.313950,30.332,81.020,32.593,1
0.314581,26.423,85.803,32.620,1
0.315044,35.971,80.997,32.798,1
0.315595,30.252,80.930,32.638,1
0.316226,26.398,85.759,32.650,1
0.316732,32.949,81.518,32.634,1
0.317276,30.665,81.203,32.084,1
0.317900,26.676,85.847,32.080,1
0.318390,34.008,80.892,32.576,1
0.318946,30.023,81.354,32.375,1
0.319765,20.351,97.913,32.590,1
0.320070,54.651,81.493,32.484,1
0.320605,31.138,80.948,32.584,1
0.321261,25.409,87.184,32.423,1
0.321721,36.233,82.220,32.402,1
0.322301,28.721,83.285,32.044,1
0.322912,27.286,87.353,32.548,1
0.323449,31.026,84.183,32.502,1
0.323983,31.224,83.067,32.717,1
0.324608,26.663,87.421,32.495,1
0.325045,38.102,81.264,32.710,1
0.325607,29.691,81.887,32.404,1
0.326278,24.820,89.413,32.443,1
0.326763,34.406,83.004,31.946,1
0.327313,30.301,81.687,32.049,1
0.328086,21.555,95.482,32.401,1
0.328391,54.610,81.161,33.000,1
0.328978,28.397,83.383,32.913,1
0.329617,26.093,89.127,33.146,1
0.330070,36.728,81.391,33.176,1
0.330622,30.226,81.684,33.039,1
0.331236,27.120,85.725,33.145,1
0.331726,34.066,82.487,32.447,1
0.332278,30.169,81.964,33.011,1
0.332912,26.270,85.102,32.692,1
0.333405,33.874,81.686,32.984,1
0.333953,30.387,81.853,32.020,1
0.334629,24.667,89.850,32.224,1
0.335063,38.395,81.006,31.831,1
0.335612,30.362,80.994,30.959,1
0.336426,20.461,97.097,30.984,1
0.336755,50.678,83.956,30.437,1
0.337266,32.594,81.585,30.196,1
0.337928,25.176,88.685,29.432,1
0.338407,34.812,81.869,29.373,1
0.338956,30.392,81.401,28.953,1
0.339526,29.232,83.000,28.684,1
0.340060,31.221,82.000,28.028,1
0.340640,28.717,83.894,28.017,1
0.341244,27.583,87.371,27.671,1
0.341722,34.902,82.873,27.733,1
0.342267,30.581,81.420,27.607,1
0.342832,29.486,82.353,27.172,1
0.343357,31.741,81.280,27.327,1
0.343914,29.936,81.987,27.258,1
0.344711,20.909,95.966,27.355,1
0.345072,46.210,81.560,27.126,1
0.345613,30.791,81.419,27.426,1
0.346198,28.463,83.453,27.168,1
0.346706,32.829,80.998,27.431,1
0.347285,28.786,82.353,27.204,1
0.347812,31.624,81.286,27.492,1
0.348383,29.219,82.748,27.264,1
0.348915,31.284,81.655,27.635,1
0.349483,29.353,82.220,27.416,1
0.350027,30.631,82.000,27.684,1
0.350616,28.316,82.468,27.532,1
0.351151,31.116,81.439,27.725,1
0.351704,30.135,81.778,27.598,1
0.352279,29.025,82.000,27.855,1
0.353082,20.739,97.116,27.895,1
0.353367,58.520,81.625,27.656,1
0.353961,28.070,82.901,27.948,1
0.354506,30.551,82.980,27.661,1
0.355017,32.625,80.865,27.566,1
0.355576,29.828,81.509,27.900,1
0.356137,29.707,81.524,27.579,1
0.356727,28.255,84.218,27.821,1
0.357339,27.230,85.587,27.420,1
0.357802,36.022,80.773,27.649,1
0.358401,27.829,81.467,27.498,1
0.358949,30.418,81.500,27.556,1
0.359510,29.658,82.169,27.227,1
0.360046,31.112,81.434,27.536,1
0.360603,29.945,81.717,27.184,1
0.361299,23.926,90.666,27.414,1
0.361723,39.319,82.996,27.124,1
0.362286,29.631,82.324,27.305,1
0.362820,31.216,81.048,26.926,1
0.363372,30.167,81.771,27.206,1
0.363927,30.044,82.094,27.240,1
0.364472,30.591,82.118,26.857,1
0.365021,30.349,82.388,27.173,1
0.365581,29.744,82.697,26.940,1
0.366134,30.164,82.490,26.979,1
0.366686,30.190,82.466,27.128,1
0.367237,30.260,81.418,26.843,1
0.367780,30.641,81.091,27.138,1
0.368338,29.898,81.303,26.852,1
0.368900,29.650,81.944,27.115,1
0.369553,25.540,87.842,27.164,1
0.370012,36.301,82.076,26.920,1
0.370569,29.906,81.983,27.207,1
0.371107,30.955,80.966,27.122,1
0.371675,29.370,81.782,27.193,1
0.372332,25.365,85.176,26.922,1
0.372832,33.326,82.120,27.316,1
0.373373,30.794,81.942,27.278,1
0.373944,29.225,81.914,27.446,1
0.374494,30.288,82.174,27.162,1
0.375042,30.386,82.308,27.517,1
0.375582,30.861,81.931,27.278,1
0.376122,30.894,80.852,27.652,1
0.376675,30.134,81.436,27.451,1
0.377242,29.416,82.484,27.637,1
0.377926,24.358,90.046,27.707,1
0.378383,36.434,84.065,27.395,1
0.378900,32.230,81.874,27.676,1
0.379443,30.746,81.227,27.413,1
0.380012,29.283,82.011,27.756,1
0.380554,30.746,81.230,27.474,1
0.381110,29.982,81.127,27.677,1
0.381703,28.070,83.407,27.766,1
0.382235,31.348,81.795,27.349,1
0.382796,29.704,82.409,27.675,1
0.383386,28.277,84.381,27.367,1
0.383953,29.378,82.485,27.650,1
0.384495,30.752,82.038,27.378,1
0.385068,29.100,81.323,27.601,1
0.385609,30.766,81.156,27.329,1
0.386217,27.432,84.594,27.562,1
0.386714,33.556,81.349,27.245,1
0.387271,29.878,81.573,27.586,1
0.387804,31.274,80.896,27.372,1
0.388372,29.341,81.899,27.433,1
0.388919,30.484,81.285,27.205,1
0.389465,30.546,81.419,27.577,1
0.390015,30.290,81.675,27.436,1
0.390552,31.009,81.076,27.517,1
0.391107,30.053,80.889,27.258,1
0.391666,29.803,81.024,27.647,1
0.392225,29.801,81.370,27.375,1
0.392798,29.132,82.534,27.669,1
0.393345,30.469,81.745,27.705,1
0.393889,30.600,81.273,27.312,1
0.394510,26.840,85.284,27.579,1
0.395019,32.755,82.471,27.232,1
0.395566,30.441,81.859,27.546,1
0.396122,30.009,81.995,27.205,1
0.396667,30.578,81.127,27.312,1
0.397215,30.426,80.710,27.297,1
0.397792,28.895,81.074,27.539,1
0.398334,30.747,81.154,27.516,1
0.398886,30.159,81.173,27.189,1
0.399447,29.700,81.528,27.452,1
0.399992,30.595,80.857,27.104,1
0.400576,28.533,82.576,27.375,1
0.401135,29.811,81.454,27.138,1
0.401735,27.795,83.675,27.331,1
0.402245,32.672,81.331,27.014,1
0.402996,22.182,89.473,27.340,1
0.403406,40.675,81.367,27.397,1
0.403960,30.087,81.734,27.152,1
0.404506,30.554,81.357,27.431,1
0.405067,29.714,81.208,27.195,1
0.405644,28.846,83.032,27.437,1
0.406159,32.399,80.976,27.344,1
0.406713,30.076,81.186,27.418,1
0.407286,29.058,82.500,27.063,1
0.407806,32.056,81.144,27.369,1
0.408394,28.380,81.364,27.443,1
0.408957,29.594,82.119,27.123,1
0.409503,30.507,82.274,27.402,1
0.410064,29.735,81.371,27.148,1
0.410611,30.459,81.415,27.293,1
0.411299,24.228,90.133,27.378,1
0.411709,40.620,81.968,27.017,1
0.412277,29.328,81.941,27.259,1
0.412818,30.821,81.499,27.225,1
0.413373,30.061,81.880,26.910,1
0.413934,29.685,82.566,27.128,1
0.414480,30.518,82.255,26.979,1
0.415016,31.086,81.468,26.966,1
0.415569,30.124,81.746,27.254,1
0.416134,29.520,82.542,27.103,1
0.416674,30.876,81.692,27.175,1
0.417213,30.937,80.767,26.976,1
0.417832,26.901,84.573,27.168,1
0.418427,28.034,83.157,27.048,1
0.418964,31.009,82.387,27.276,1
0.419645,24.479,90.127,27.161,1
0.420079,38.444,83.098,27.449,1
0.420626,30.420,83.029,27.306,1
0.421152,31.685,81.899,27.556,1
0.421703,30.264,81.768,27.498,1
0.422243,30.852,81.158,27.667,1
0.422811,29.348,82.319,27.450,1
0.423357,30.543,82.157,27.703,1
0.423898,30.778,81.667,27.591,1
0.424449,30.297,81.278,27.753,1
0.425009,29.738,81.865,27.425,1
0.425557,30.442,81.287,27.721,1
0.426113,29.948,81.351,27.517,1
0.426665,30.195,81.156,27.717,1
0.427250,28.505,81.836,27.593,1
0.427857,27.435,85.077,27.787,1
0.428343,34.324,81.420,27.693,1
0.428893,30.290,81.290,27.781,1
0.429450,29.897,81.731,27.502,1
0.430011,29.747,81.851,27.798,1
0.430591,28.714,83.464,27.579,1
0.431126,31.180,82.095,27.850,1
0.431688,29.626,82.366,27.830,1
0.432222,31.238,81.161,27.953,1
0.432789,29.397,81.815,27.627,1
0.433336,30.433,81.356,27.856,1
0.433899,29.639,81.412,27.674,1
0.434441,30.741,80.984,27.797,1
0.435018,28.860,82.468,27.455,1
0.435581,29.609,82.728,27.724,1
0.436199,26.974,86.549,27.489,1
0.436709,32.661,82.156,27.670,1
0.437267,29.871,81.320,27.711,1
0.437849,28.646,81.046,27.382,1
0.438402,30.171,81.591,27.456,1
0.438938,31.048,81.056,27.618,1
0.439497,29.819,82.161,27.348,1
0.440073,28.971,81.665,27.580,1
0.440621,30.415,81.674,27.328,1
0.441166,30.547,81.388,27.590,1
0.441730,29.563,81.869,27.258,1
0.442288,29.887,81.976,27.581,1
0.442847,29.778,82.708,27.343,1
0.443383,31.121,81.836,27.623,1
0.443939,29.970,81.616,27.497,1
0.444547,27.404,85.020,27.548,1
0.445067,32.032,81.476,27.306,1
0.445624,29.939,81.857,27.536,1
0.446178,30.092,82.661,27.440,1
0.446706,31.550,81.437,27.535,1
0.447289,28.620,82.688,27.259,1
0.447840,30.227,81.404,27.485,1
0.448414,29.047,82.673,27.283,1
0.448938,31.812,81.006,27.526,1
0.449494,29.971,81.823,27.249,1
0.450044,30.282,82.196,27.495,1
0.450590,30.554,80.918,27.199,1
0.451154,29.555,82.016,27.388,1
0.451710,29.925,82.541,27.120,1
0.452305,28.021,83.646,27.371,1
0.452932,26.609,88.458,27.219,1
0.453405,35.210,81.844,27.571,1
0.453954,30.344,81.941,27.422,1
0.454521,29.414,81.400,27.813,1
0.455091,29.236,82.744,27.667,1
0.455617,31.694,81.164,27.850,1
0.456183,29.415,82.036,27.946,1
0.456717,31.254,81.476,28.598,1
0.457259,30.735,80.856,28.540,1
0.457806,30.486,81.050,28.955,1
0.458405,27.791,81.861,29.219,1
0.458964,29.815,82.566,29.700,1
0.459503,30.928,81.803,30.149,1
0.460070,29.393,81.481,30.572,1
0.460629,29.830,82.366,30.941,1
0.461276,25.753,88.467,31.411,1
0.461729,36.815,81.008,31.700,1
0.462302,29.072,82.297,32.072,1
0.462831,31.498,81.472,32.958,1
0.463413,28.669,82.071,32.995,1
0.463948,31.158,81.464,33.550,1
0.464488,30.851,80.889,33.028,1
0.465043,30.021,81.557,33.084,1
0.465623,28.750,83.227,32.996,1
0.466169,30.507,82.941,33.305,1
0.466748,28.779,82.206,32.776,1
0.467298,30.318,81.237,32.839,1
0.467850,30.198,81.430,32.685,1
0.468403,30.146,81.460,32.727,1
0.468973,29.214,82.577,32.733,1
0.469673,23.802,91.726,32.581,1
0.470075,41.459,81.830,32.687,1
0.470609,31.251,81.186,32.608,1
0.471171,29.618,81.826,32.857,1
0.471704,31.286,81.038,32.618,1
0.472270,29.436,81.169,32.565,1
0.472832,29.677,81.345,32.560,1
0.473398,29.439,81.184,32.710,1
0.473954,29.966,81.434,32.396,1
0.474497,30.696,81.451,32.443,1
0.475083,28.450,83.538,32.631,1
0.475585,33.184,80.970,32.684,1
0.476134,30.375,80.831,32.448,1
0.476721,28.390,82.867,32.644,1
0.477269,30.442,82.563,32.647,1
0.477861,28.142,85.516,32.646,1
0.478445,28.514,84.217,32.924,1
0.478951,32.946,81.130,32.788,1
0.479504,30.132,81.272,33.028,1
0.480070,29.441,82.334,32.734,1
0.480609,30.959,82.154,32.926,1
0.481145,31.065,81.376,32.678,1
0.481757,27.246,85.035,33.076,1
0.482266,32.773,81.236,32.705,1
0.482824,29.836,81.913,32.723,1
0.483400,28.942,83.493,32.497,1
0.483906,32.936,80.896,32.758,1
0.484452,30.510,80.980,32.563,1
0.485032,28.758,83.097,32.857,1
0.485561,31.521,81.131,32.541,1
0.486226,25.047,88.140,32.839,1
0.486691,35.852,82.827,32.561,1
0.487221,31.413,81.359,32.872,1
0.487786,29.514,81.680,32.637,1
0.488362,28.966,83.026,32.509,1
0.488891,31.492,81.311,32.429,1
0.489437,30.509,80.904,32.624,1
0.490071,26.282,81.911,32.420,1
0.490610,30.917,81.342,32.722,1
0.491150,30.877,81.142,32.252,1
0.491778,26.557,83.982,32.341,1
0.492320,30.710,81.410,32.525,1
0.492865,30.596,80.936,32.661,1
0.493423,29.884,81.365,32.391,1
0.493981,29.860,81.902,32.473,1
0.494656,24.677,89.725,32.587,1
0.495087,38.716,82.797,32.755,1
0.495606,32.130,81.084,32.603,1
0.496164,29.832,81.709,32.581,1
0.496712,30.451,81.761,32.384,1
0.497262,30.271,81.043,32.353,1
0.497848,28.430,81.083,32.658,1
0.498404,30.012,81.191,32.851,1
0.498967,29.609,82.104,32.521,1
0.499498,31.337,80.946,32.739,1
0.500059,29.707,81.115,32.898,1
0.500610,30.274,81.416,32.865,1
0.501151,30.788,,32.818,1
0.501695,30.680,,32.938,1
0.502243,30.382,,32.565,1
0.502877,26.298,,32.932,1
0.503423,30.499,,32.698,1
0.503948,31.740,,32.901,1
0.504494,30.565,,32.686,1
0.505067,29.087,,32.807,1
0.505599,31.326,,32.528,1
0.506138,30.936,,32.592,1
0.506683,30.549,,32.338,1
0.507272,28.308,,32.313,1
0.507799,31.607,,32.521,1
0.508414,27.118,,32.630,1
0.508945,31.383,,32.371,1
0.509489,30.656,80.925,32.369,1
0.510073,28.498,81.671,32.460,1
0.510611,30.979,81.062,32.429,1
0.511224,27.208,84.912,32.405,1
0.511726,33.204,82.073,32.474,1
0.512261,31.120,81.036,32.854,1
0.512807,30.532,80.920,32.534,1
0.513398,28.222,83.442,32.620,1
0.513941,30.666,81.825,32.947,1
0.514497,30.016,82.451,32.836,1
0.515073,28.933,81.630,32.882,1
0.515636,29.609,82.336,33.175,1
0.516163,31.615,81.393,32.805,1
0.516740,28.887,83.184,32.769,1
0.517278,30.982,81.985,32.827,1
0.517812,31.168,81.373,32.787,1
0.518411,27.819,82.472,32.971,1
0.518942,31.390,81.659,32.684,1
0.519579,26.174,87.170,32.814,1
0.520050,35.385,82.351,32.810,1
0.520591,30.846,81.918,32.730,1
0.521143,30.154,81.999,32.778,1
0.521689,30.525,82.180,32.510,1
0.522253,29.582,83.146,32.792,1
0.522806,30.111,81.422,32.523,1
0.523428,26.796,83.269,32.723,1
0.523962,31.227,80.989,32.596,1
0.524534,29.147,82.483,32.703,1
0.525128,28.041,85.265,32.712,1
0.525617,34.101,81.490,32.737,1
0.526162,30.595,81.320,32.904,1
0.526756,28.039,84.446,32.751,1
0.527284,31.560,82.392,32.972,1
0.527927,25.924,88.188,32.650,1
0.528450,31.860,84.358,32.590,1
0.528958,32.818,81.094,32.733,1
0.529526,29.364,82.414,32.896,1
0.530088,29.656,82.498,32.737,1
0.530634,30.511,82.228,32.866,1
0.531157,31.876,80.966,32.739,1
0.531781,26.696,84.191,32.877,1
0.532301,32.019,80.892,32.883,1
0.532854,30.177,81.438,33.123,1
0.533441,28.393,83.511,32.649,1
0.533947,32.935,80.974,32.751,1
0.534492,30.564,81.060,32.752,1
0.535109,27.009,84.079,32.911,1
0.535625,32.305,82.266,32.629,1
0.536289,25.103,87.674,32.754,1
0.536773,34.470,83.617,32.932,1
0.537273,33.313,81.096,32.815,1
0.537816,30.684,80.858,32.986,1
0.538485,24.898,86.768,32.704,1
0.539006,32.027,85.056,32.579,1
0.539503,33.514,82.004,32.700,1
0.540131,26.524,85.200,32.965,1
0.540738,27.468,88.768,32.546,1
0.541292,30.110,89.135,32.615,1
0.541816,31.771,88.016,32.691,1
0.542293,34.990,83.441,32.466,1
0.542832,30.926,82.978,32.803,1
0.543416,28.508,85.204,32.537,1
0.543956,30.892,84.424,32.720,1
0.544507,30.261,84.739,32.465,1
0.545106,27.790,87.513,32.645,1
0.545679,29.117,88.827,32.591,1
0.546187,32.762,84.295,32.719,1
0.546816,26.509,89.419,32.401,1
0.547290,35.154,82.766,32.758,1
0.547845,30.041,83.181,32.394,1
0.548499,25.486,89.247,32.761,1
0.548967,35.602,83.955,32.586,1
0.549515,30.414,83.706,32.813,1
0.550177,25.194,87.958,32.703,1
0.550618,37.797,81.494,32.796,1
0.551172,30.088,81.729,32.740,1
0.551832,25.228,88.476,32.772,1
0.552305,35.277,83.575,32.767,1
0.553006,23.772,92.151,33.133,1
0.553507,33.268,87.910,32.730,1
0.553984,34.894,83.476,33.060,1
0.554514,31.483,81.874,32.726,1
0.555125,27.252,84.808,32.947,1
0.555621,33.639,81.365,32.939,1
0.556173,30.172,82.002,32.914,1
0.556889,23.268,91.806,32.720,1
0.557369,34.784,87.487,32.679,1
0.557828,36.242,81.876,32.825,1
0.558459,26.441,86.657,32.590,1
0.558936,34.936,81.517,32.862,1
0.559494,29.868,82.299,32.615,1
0.560103,27.381,86.088,32.905,1
0.560707,27.572,88.021,32.585,1
0.561343,26.195,93.376,32.509,1
0.561863,32.062,91.458,32.679,1
0.562280,39.993,83.305,32.904,1
0.562806,31.686,82.059,33.301,1
0.563489,24.380,90.192,33.248,1
0.563908,39.852,82.229,33.877,1
0.564488,28.734,83.941,33.936,1
0.565169,24.459,91.541,34.651,1
0.565578,40.718,82.350,34.743,1
0.566125,30.513,82.049,35.584,1
0.566825,23.787,90.963,35.780,1
0.567239,40.298,82.405,36.421,1
0.567789,30.290,82.046,36.471,1
0.568436,25.772,87.288,36.980,1
0.568886,37.005,81.091,37.820,1
0.569470,28.524,82.978,38.072,1
0.570230,21.941,94.937,38.686,1
0.570559,50.634,81.640,39.012,1
0.571102,30.695,80.758,40.003,1
0.571774,24.828,87.878,40.287,1
0.572216,37.651,80.931,40.990,1
0.572787,29.185,82.006,41.398,1
0.573450,25.138,88.389,42.120,1
0.573894,37.522,81.602,42.150,1
0.574445,30.282,81.430,43.077,1
0.575114,24.904,,42.681,1
0.575604,34.016,84.361,43.888,1
0.576113,32.757,81.545,49.512,1
0.576825,23.413,,59.716,1
0.577281,36.497,,60.393,1
0.577851,29.283,,53.461,1
0.578468,26.985,86.680,43.547,1
0.578994,31.705,84.931,41.523,1
0.579500,32.923,82.365,40.380,1
0.580155,25.443,86.973,38.574,1
0.580627,35.312,82.114,36.339,1
0.581167,30.864,81.661,34.616,1
0.581857,24.151,90.223,33.813,1
0.582253,42.110,81.396,32.639,1
0.582820,29.374,82.311,32.254,1
0.583512,24.094,90.661,31.448,1
0.583900,42.985,81.404,31.206,1
0.584455,29.997,81.662,31.232,1
0.585135,24.539,89.242,31.062,1
0.585566,38.613,82.116,30.971,1
0.586121,30.069,82.004,31.026,1
0.586911,21.078,96.114,30.885,1
0.587224,53.310,81.545,30.966,1
0.587780,29.990,81.533,30.827,1
0.588338,29.857,81.442,30.751,1
0.588892,30.085,81.521,30.800,1
0.589447,30.037,81.599,30.774,1
0.590004,29.917,81.452,30.600,1
0.590594,28.245,83.493,30.504,1
0.591137,30.702,82.915,30.610,1
0.591776,26.083,87.838,30.613,1
0.592276,33.349,81.896,30.378,1
0.592826,30.279,81.877,30.684,1
0.593507,24.471,87.985,30.453,1
0.593949,37.747,81.366,30.508,1
0.594515,29.430,82.538,30.703,1
0.595274,21.957,95.051,30.465,1
0.595689,40.198,86.903,30.417,1
0.596155,35.725,82.137,30.928,1
0.596708,30.121,82.304,30.547,1
0.597280,29.163,83.488,30.881,1
0.597822,30.768,82.986,30.818,1
0.598513,24.114,88.405,30.836,1
0.598947,38.369,81.068,30.748,1
0.599501,30.084,81.136,30.878,1
0.600060,29.810,80.938,30.800,1
0.600604,30.638,80.707,31.061,1
0.601163,29.832,81.399,31.020,1
0.601707,30.603,80.997,31.263,1
0.602301,28.072,83.429,31.017,1
0.602820,32.095,81.900,31.169,1
0.603595,21.523,95.801,31.252,1
0.603940,48.258,83.698,30.957,1
0.604488,30.448,82.675,31.016,1
0.605006,32.159,81.084,31.136,1
0.605575,29.301,82.348,31.039,1
0.606218,25.925,82.583,30.909,1
0.606744,31.653,81.375,30.858,1
0.607289,30.600,81.291,30.821,1
0.607832,30.670,81.342,31.000,1
0.608400,29.330,81.561,30.661,1
0.608957,29.965,82.083,30.836,1
0.609487,31.410,80.895,30.619,1
0.610073,28.472,81.955,30.793,1
0.610623,30.262,81.920,30.817,1
0.611221,27.867,84.926,30.804,1
0.611917,23.960,94.029,30.772,1
0.612269,47.317,82.664,30.767,1
0.612825,29.999,83.179,30.968,1
0.613340,32.377,81.314,30.857,1
0.613901,29.661,81.882,30.891,1
0.614458,29.949,82.228,30.720,1
0.615008,30.293,81.913,30.983,1
0.615566,29.872,82.116,31.125,1
0.616145,28.811,83.269,30.808,1
0.616676,31.345,81.868,30.932,1
0.617233,29.920,82.121,30.993,1
0.617810,28.891,83.408,31.059,1
0.618358,30.404,82.988,30.826,1
0.618887,31.509,81.246,30.836,1
0.619475,28.381,83.234,30.871,1
0.620142,24.963,89.987,30.847,1
0.620559,40.042,81.517,30.707,1
0.621117,29.843,81.824,30.573,1
0.621668,30.250,81.197,30.283,1
0.622223,30.042,81.276,30.443,1
0.622784,29.707,81.770,30.306,1
0.623342,29.865,81.924,30.388,1
0.623901,29.794,81.938,30.387,1
0.624479,28.829,83.352,30.326,1
0.625021,30.772,82.549,30.203,1
0.625561,30.859,81.594,30.398,1
0.626109,30.437,81.122,30.479,1
0.626693,28.540,82.844,30.308,1
0.627220,31.591,81.319,30.427,1
0.627806,28.474,83.074,30.418,1
0.628430,26.678,87.283,30.289,1
0.628919,34.090,83.189,30.403,1
0.629483,29.570,82.519,30.447,1
0.630028,30.571,82.152,30.458,1
0.630589,29.727,82.289,30.714,1
0.631128,30.886,81.133,30.579,1
0.631695,29.411,82.148,30.644,1
0.632236,30.780,82.123,30.626,1
0.632817,28.722,83.600,30.722,1
0.633336,32.096,81.620,30.967,1
0.633934,27.850,84.077,30.714,1
0.634475,30.832,83.163,30.744,1
0.634994,32.110,80.945,30.834,1
0.635554,29.786,81.149,30.684,1
0.636108,30.058,81.276,30.707,1
0.636784,24.649,88.512,30.593,1
0.637230,37.372,81.787,30.485,1
0.637840,27.330,84.980,30.623,1
0.638339,33.425,81.511,30.477,1
0.638922,28.586,83.200,30.478,1
0.639451,31.508,81.755,30.629,1
0.639991,30.835,80.906,30.602,1
0.640569,28.850,82.263,30.501,1
0.641148,28.794,82.555,30.481,1
0.641698,30.285,82.640,30.577,1
0.642253,30.043,83.207,30.641,1
0.642827,29.039,83.247,30.663,1
0.643357,31.404,82.408,30.590,1
0.643882,31.771,80.798,30.759,1
0.644458,28.952,82.063,30.962,1
0.645118,25.252,88.383,30.779,1
0.645569,36.971,82.089,30.836,1
0.646114,30.569,81.458,30.882,1
0.646665,30.251,81.206,30.884,1
0.647222,29.896,81.262,30.957,1
0.647767,30.587,80.765,30.890,1
0.648319,30.186,80.631,31.146,1
0.648896,28.888,81.307,30.813,1
0.649454,29.880,81.852,31.020,1
0.650010,29.980,82.038,30.872,1
0.650596,28.450,83.857,31.069,1
0.651141,30.541,82.135,30.961,1
0.651701,29.766,82.659,31.042,1
0.652231,31.485,81.372,31.148,1
0.652838,27.447,84.878,31.037,1
0.653436,27.883,85.127,30.905,1
0.653945,32.726,82.610,30.668,1
0.654489,30.622,82.455,30.908,1
0.655068,28.811,81.339,30.730,1
0.655614,30.495,81.311,30.671,1
0.656163,30.381,81.287,30.575,1
0.656709,30.521,81.065,30.842,1
0.657268,29.813,81.433,30.545,1
0.657806,30.953,80.942,30.310,1
0.658374,29.353,82.160,30.286,1
0.658918,30.620,81.698,30.304,1
0.659477,29.815,82.095,30.122,1
0.660057,28.742,81.190,30.413,1
0.660622,29.516,82.380,30.233,1
0.661150,31.564,81.250,30.282,1
0.661781,26.431,85.944,30.347,1
0.662247,35.723,81.118,30.107,1
0.662794,30.503,80.808,30.351,1
0.663349,30.014,81.197,30.260,1
0.663930,28.672,81.197,30.374,1
0.664481,30.232,81.132,30.350,1
0.665034,30.185,81.385,30.359,1
0.665592,29.831,81.933,30.420,1
0.666132,30.891,81.359,30.575,1
0.666690,29.843,81.857,30.453,1
0.667239,30.360,81.683,30.593,1
0.667787,30.450,81.711,30.235,1
0.668353,29.436,82.373,30.404,1
0.668894,30.818,81.546,30.463,1
0.669460,29.442,82.140,30.439,1
0.670130,24.860,89.084,30.365,1
0.670593,36.022,83.522,30.575,1
0.671142,30.360,81.691,30.454,1
0.671687,30.541,80.972,30.440,1
0.672239,30.229,81.112,30.332,1
0.672853,27.145,84.605,30.454,1
0.673362,32.723,82.131,30.677,1
0.673928,29.478,81.017,30.447,1
0.674482,30.078,81.563,30.437,1
0.675032,30.265,81.921,30.665,1
0.675601,29.325,81.445,30.477,1
0.676133,31.319,80.813,30.757,1
0.676683,30.271,81.006,30.657,1
0.677230,30.474,81.330,30.675,1
0.677787,29.935,81.550,30.649,1
0.678409,26.783,85.846,30.908,1
0.678898,34.123,81.767,31.008,1
0.679456,29.845,82.127,30.850,1
0.680043,28.403,82.860,31.014,1
0.680579,31.107,82.039,30.876,1
0.681122,30.702,80.729,30.961,1
0.681714,28.160,83.586,30.874,1
0.682270,29.934,82.055,30.824,1
0.682807,31.081,81.103,30.745,1
0.683361,30.047,81.307,30.824,1
0.684016,25.475,87.846,30.516,1
0.684477,36.152,82.526,30.535,1
0.685014,31.026,81.700,30.433,1
0.685552,30.971,81.015,30.614,1
0.686151,27.836,83.869,30.394,1
0.686782,26.383,84.632,30.328,1
0.687307,31.795,83.193,30.524,1
0.687828,31.960,81.643,30.287,1
0.688416,28.366,82.497,30.553,1
0.688991,28.954,84.292,30.249,1
0.689518,31.653,83.266,30.381,1
0.690077,29.800,81.992,30.515,1
0.690630,30.126,82.595,30.488,1
0.691206,28.928,84.483,30.505,1
0.691763,29.945,85.199,30.443,1
0.692296,31.295,84.400,30.562,1
0.692828,31.324,83.407,30.332,1
0.693438,27.327,83.914,30.439,1
0.693971,31.252,83.052,30.365,1
0.694546,28.973,84.962,30.364,1
0.695214,24.934,91.076,30.096,1
0.695671,36.516,85.775,30.353,1
0.696248,28.882,87.750,30.517,1
0.696717,35.533,82.706,30.699,1
0.697281,29.571,83.626,31.021,1
0.697799,32.125,82.051,31.324,1
0.698347,30.436,82.039,31.221,1
0.698913,29.447,82.753,31.321,1
0.699547,26.306,87.595,31.316,1
0.700045,33.430,83.993,31.205,1
0.700565,32.043,81.896,30.972,1
0.701105,30.867,81.104,30.950,1
0.701725,26.890,81.210,30.938,1
0.702292,29.394,82.325,30.948,1
0.702815,31.847,81.013,30.770,1
0.703582,21.744,94.329,30.979,1
0.703939,46.653,81.773,30.900,1
0.704473,31.214,81.249,30.883,1
0.705035,29.655,81.808,30.967,1
0.705732,23.930,91.006,30.838,1
0.706123,42.543,81.648,31.141,1
0.706685,29.690,82.319,31.162,1
0.707240,30.037,82.494,31.740,1
0.707776,31.099,81.345,31.579,1
0.708352,28.886,82.636,31.824,1
0.708945,28.142,84.603,32.389,1
0.709450,32.988,81.551,32.268,1
0.710044,28.064,84.115,32.670,1
0.710617,29.100,82.358,32.445,1
0.711150,31.239,81.743,33.168,1
0.711788,26.136,87.014,33.473,1
0.712316,31.552,84.382,33.844,1
0.712855,30.949,81.759,33.200,1
0.713419,29.540,82.481,33.577,1
0.713960,30.773,82.342,33.420,1
0.714498,31.028,81.522,33.310,1
0.715078,28.703,82.043,32.658,1
0.715623,30.582,81.878,32.802,1
0.716172,30.386,81.977,32.542,1
0.716769,27.909,83.499,32.676,1
0.717293,31.801,81.843,33.370,1
0.717837,30.650,81.404,32.684,1
0.718449,27.239,84.320,32.847,1
0.718995,30.526,83.928,32.447,1
0.719566,29.180,85.045,32.688,1
0.720277,23.437,95.164,32.272,1
0.720639,46.066,84.217,32.598,1
0.721248,27.338,88.201,32.560,1
0.721702,36.769,81.776,32.743,1
0.722303,27.731,83.565,32.567,1
0.722896,28.087,84.794,32.622,1
0.723405,32.755,81.692,32.716,1
0.723964,29.780,81.777,32.463,1
0.724599,26.284,86.721,32.613,1
0.725111,32.545,84.041,32.262,1
0.725659,30.397,84.224,32.633,1
0.726271,27.217,87.854,32.570,1
0.726803,31.320,86.718,32.753,1
0.727392,28.322,88.938,32.945,1
0.727887,33.658,86.112,32.568,1
0.728558,24.832,91.161,32.817,1
0.729052,33.782,87.905,32.176,1
0.729563,32.598,85.440,32.323,1
0.730175,27.232,87.885,32.416,1
0.730722,30.444,88.144,32.613,1
0.731183,36.221,82.605,32.871,1
0.731762,28.767,83.140,32.678,1
0.732442,24.516,91.342,32.789,1
0.732895,36.743,85.401,32.494,1
0.733376,34.657,81.118,32.522,1
0.733988,27.228,84.676,32.325,1
0.734515,31.671,83.163,32.339,1
0.735080,29.451,82.222,32.336,1
0.735688,27.449,86.101,32.962,1
0.736172,34.402,81.973,32.662,1
0.736826,25.496,88.116,32.989,1
0.737303,34.891,83.596,32.535,1
0.737830,31.626,82.562,32.608,1
0.738364,31.221,81.893,32.616,1
0.738973,27.390,85.380,32.642,1
0.739579,27.479,88.166,32.555,1
0.740062,34.510,84.070,32.882,1
0.740682,26.914,88.884,32.626,1
0.741152,35.462,82.263,32.695,1
0.741742,28.208,82.919,32.674,1
0.742417,24.701,90.256,32.680,1
0.742889,35.285,85.673,32.133,1
0.743408,32.116,82.131,32.093,1
0.743948,30.878,81.667,32.470,1
0.744492,30.653,81.234,32.457,1
0.745193,23.787,89.088,32.841,1
0.745658,35.843,83.970,32.562,1
0.746187,31.452,81.689,32.692,1
0.746772,28.503,83.669,32.868,1
0.747306,31.197,82.001,32.566,1
0.747852,30.575,81.818,32.719,1
0.748398,30.496,81.484,32.294,1
0.748970,29.157,82.989,32.745,1
0.749506,31.054,82.457,32.494,1
0.750041,31.202,81.704,32.775,1
0.750612,29.166,82.378,32.451,1
0.751139,31.596,81.253,32.640,1
0.751700,29.725,81.723,32.599,1
0.752279,28.794,83.579,32.020,1
0.752807,31.542,82.193,32.194,1
0.753495,24.239,87.367,32.333,1
0.754001,32.966,84.760,32.694,1
0.754484,34.446,80.767,33.028,1
0.755053,29.320,82.018,32.627,1
0.755636,28.567,83.864,32.616,1
0.756192,30.008,84.377,32.679,1
0.756694,33.188,81.634,32.254,1
0.757352,25.325,88.351,32.379,1
0.757865,32.506,82.769,32.137,1
0.758415,30.291,82.582,32.065,1
0.758999,28.546,84.643,32.310,1
0.759484,34.326,80.781,32.630,1
0.760065,28.700,81.234,32.313,1
0.760619,30.069,81.598,32.517,1
0.761212,28.137,83.802,32.231,1
0.761867,25.444,90.057,32.268,1
0.762276,40.735,81.990,31.963,1
0.762815,30.908,81.595,32.464,1
0.763389,29.062,83.042,32.766,1
0.763957,29.303,84.286,32.575,1
0.764467,32.726,82.435,32.748,1
0.765092,26.630,86.317,32.367,1
0.765651,29.815,87.232,32.651,1
0.766166,32.423,84.640,32.216,1
0.766686,31.993,82.568,32.381,1
0.767303,27.029,85.256,32.235,1
0.767792,34.085,81.251,32.499,1
0.768346,30.082,82.016,32.600,1
0.769046,23.798,90.686,32.663,1
0.769493,37.316,83.914,32.510,1
0.770061,29.329,85.001,32.559,1
0.770657,28.004,87.548,32.244,1
0.771173,32.247,85.102,32.351,1
0.771680,32.909,82.144,32.185,1
0.772407,22.914,92.237,32.757,1
0.772873,35.772,87.141,32.484,1
0.773370,33.544,83.454,32.716,1
0.774099,22.851,93.929,32.250,1
0.774555,36.594,88.118,32.324,1
0.775112,29.920,83.749,32.752,1
0.775754,25.943,89.124,32.091,1
0.776297,30.702,88.547,31.958,1
0.776830,31.246,87.251,32.569,1
0.777404,29.065,89.047,32.416,1
0.777932,31.554,87.637,32.672,1
0.778582,25.635,94.036,32.458,1
0.779106,31.828,91.772,32.346,1
0.779499,42.352,82.862,32.282,1
0.780081,28.669,82.458,32.467,1
0.780754,24.751,89.790,32.172,1
0.781162,40.816,81.872,32.623,1
0.781704,30.781,81.433,32.580,1
0.782355,25.598,86.723,32.464,1
0.782809,36.696,81.445,32.686,1
0.783351,30.740,80.919,32.133,1
0.784040,24.214,89.183,32.370,1
0.784450,40.578,81.369,32.164,1
0.785004,30.093,81.576,32.047,1
0.785712,23.563,88.947,32.388,1
0.786155,37.574,82.767,32.443,1
0.786792,26.185,88.191,32.522,1
0.787449,25.359,94.914,32.631,1
0.787868,39.809,85.262,32.400,1
0.788372,33.033,82.485,32.425,1
0.788976,27.583,86.070,32.610,1
0.789506,31.482,84.476,32.239,1
0.790101,27.995,83.443,32.430,1
0.790717,27.075,87.211,32.417,1
0.791220,33.081,84.816,32.871,1
0.791843,26.768,88.008,32.566,1
0.792524,24.492,95.687,32.850,1
0.792967,37.584,89.716,32.437,1
0.793377,40.655,81.626,32.562,1
0.793965,28.355,83.331,32.166,1
0.794524,29.800,84.284,32.345,1
0.795178,25.487,90.805,32.272,1
0.795697,32.125,87.218,33.004,1
0.796205,32.776,84.677,32.788,1
0.796743,30.992,84.335,32.791,1
0.797403,25.243,89.622,32.894,1
0.797904,33.284,85.241,32.551,1
0.798529,26.646,90.091,32.769,1
0.799135,27.534,93.250,32.492,1
0.799579,37.526,86.854,32.825,1
0.800037,36.418,81.613,32.576,1
0.800708,24.812,86.117,32.615,1
0.801216,32.834,83.498,32.819,1
0.801751,31.120,82.492,32.412,1
0.802456,23.669,91.609,32.714,1
0.802876,39.604,84.207,32.724,1
0.803519,25.944,88.830,32.197,1
0.804049,31.416,88.027,32.534,1
0.804565,32.347,85.658,32.595,1
0.805197,26.366,89.206,32.854,1
0.805817,26.887,93.551,33.449,1
0.806292,35.065,89.166,32.953,1
0.806842,30.298,88.166,33.108,1
0.807477,26.228,93.563,32.711,1
0.807957,34.785,88.691,32.834,1
0.808502,30.577,88.506,32.407,1
0.809126,26.708,92.976,32.911,1
0.809605,34.796,88.727,32.773,1
0.810183,28.815,88.531,32.836,1
0.810803,26.875,92.718,32.743,1
0.811201,41.919,83.475,32.489,1
0.811815,27.153,86.773,32.545,1
0.812337,31.880,85.087,32.295,1
0.812837,33.375,81.896,32.553,1
0.813411,29.038,82.228,32.231,1
0.814025,27.133,86.061,32.605,1
0.814492,35.675,81.218,32.599,1
0.815061,29.313,82.760,32.799,1
0.815734,24.747,89.728,32.634,1
0.816166,38.580,82.730,32.650,1
0.816695,31.516,81.881,32.672,1
0.817258,29.632,83.023,32.062,1
0.817809,30.233,83.147,32.084,1
0.818349,30.830,81.625,32.579,1
0.819033,24.393,90.033,32.375,1
0.819611,28.800,91.543,32.598,1
0.820129,32.170,89.252,32.454,1
0.820777,25.744,94.482,32.572,1
0.821161,43.371,84.290,32.416,1
0.821802,25.998,89.396,32.401,1
0.822466,25.092,95.309,32.007,1
0.822912,37.433,88.496,32.553,1
0.823465,30.104,88.922,32.524,1
0.824033,29.379,89.877,32.689,1
0.824538,32.953,86.986,32.535,1
0.825080,30.773,85.001,32.710,1
0.825617,31.036,84.088,32.455,1
0.826238,26.853,88.881,32.418,1
0.826716,34.823,84.304,31.967,1
0.827300,28.535,83.496,32.036,1
0.827856,29.985,83.944,32.387,1
0.828603,22.319,93.764,32.975,1
0.828971,45.288,82.525,32.950,1
0.829510,30.940,81.593,33.157,1
0.830059,30.333,81.466,33.177,1
0.830608,30.342,81.353,33.085,1
0.831159,30.275,81.252,33.213,1
0.831715,29.967,81.453,32.474,1
0.832293,28.815,82.967,33.008,1
0.832824,31.410,81.338,32.750,1
0.833369,30.600,80.961,32.982,1
0.833951,28.638,82.478,31.947,1
0.834501,30.285,82.811,32.240,1
0.835043,30.733,82.621,31.805,1
0.835611,29.353,82.353,30.927,1
0.836163,30.199,82.645,30.983,1
0.836778,27.097,86.429,30.459,1
0.837266,34.170,82.666,30.200,1
0.837820,30.103,82.958,29.419,1
0.838355,31.119,82.168,29.369,1
0.838885,31.474,81.040,28.952,1
0.839453,29.324,82.042,28.660,1
0.840029,28.950,83.204,28.026,1
0.840560,31.383,81.463,28.014,1
0.841124,29.523,82.143,27.680,1
0.841660,31.084,80.976,27.729,1
0.842235,29.027,82.148,27.599,1
0.842801,29.426,82.771,27.187,1
0.843353,30.220,82.566,27.323,1
0.843903,30.270,82.382,27.249,1
0.844472,29.289,83.095,27.347,1
0.845097,26.657,87.221,27.128,1
0.845574,35.007,82.603,27.434,1
0.846152,28.830,82.898,27.153,1
0.846693,30.791,81.338,27.438,1
0.847267,29.053,81.430,27.205,1
0.847820,30.140,82.052,27.486,1
0.848365,30.560,81.556,27.254,1
0.848941,28.930,81.928,27.625,1
0.849477,31.080,81.475,27.404,1
0.850048,29.198,82.197,27.698,1
0.850599,30.274,81.960,27.536,1
0.851151,30.154,81.981,27.710,1
0.851693,30.792,81.349,27.607,1
0.852257,29.552,81.967,27.866,1
0.852843,28.429,84.403,27.887,1
0.853410,29.397,85.864,27.659,1
0.853911,33.258,82.824,27.966,1
0.854460,30.366,82.268,27.659,1
0.855007,30.444,81.981,27.562,1
0.855587,28.735,83.449,27.900,1
0.856142,30.033,82.021,27.559,1
0.856680,30.981,81.378,27.835,1
0.857231,30.247,81.423,27.430,1
0.857801,29.224,82.773,27.661,1
0.858344,30.715,82.056,27.519,1
0.858880,31.075,80.836,27.563,1
0.859455,29.032,81.965,27.227,1
0.860013,29.845,81.199,27.546,1
0.860569,29.984,82.121,27.199,1
0.861118,30.322,82.003,27.418,1
0.861718,27.799,84.478,27.130,1
0.862216,33.495,81.184,27.310,1
0.862788,29.118,82.136,26.933,1
0.863332,30.610,81.472,27.201,1
0.863880,30.434,80.935,27.230,1
0.864454,29.048,81.948,26.867,1
0.865006,30.200,81.883,27.155,1
0.865548,30.728,81.105,26.956,1
0.866126,28.831,82.309,26.982,1
0.866722,27.951,84.838,27.151,1
0.867272,30.317,81.802,26.833,1
0.867821,30.384,81.822,27.150,1
0.868380,29.802,82.199,26.854,1
0.868941,29.733,81.864,27.105,1
0.869487,30.525,81.532,27.139,1
0.870148,25.214,86.254,26.924,1
0.870616,35.606,81.450,27.204,1
0.871170,30.086,81.301,27.127,1
0.871739,29.264,82.330,27.191,1
0.872283,30.645,81.755,26.924,1
0.872851,29.361,82.358,27.285,1
0.873393,30.745,81.735,27.275,1
0.873936,30.701,81.714,27.449,1
0.874490,30.048,82.335,27.160,1
0.875021,31.379,81.600,27.515,1
0.875570,30.407,81.419,27.284,1
0.876147,28.844,83.523,27.682,1
0.876675,31.606,82.010,27.457,1
0.877215,30.853,80.939,27.647,1
0.877832,26.986,84.782,27.700,1
0.878411,28.793,86.210,27.396,1
0.878898,34.271,81.960,27.688,1
0.879479,28.690,83.463,27.421,1
0.880004,31.712,81.626,27.727,1
0.880547,30.721,81.044,27.473,1
0.881147,27.769,83.707,27.685,1
0.881678,31.407,82.156,27.766,1
0.882251,29.079,83.198,27.349,1
0.882833,28.628,84.600,27.675,1
0.883335,33.179,81.607,27.365,1
0.883883,30.411,81.250,27.650,1
0.884497,27.139,84.702,27.377,1
0.884998,33.283,81.245,27.604,1
0.885608,27.329,84.707,27.343,1
0.886178,29.244,83.028,27.562,1
0.886786,27.421,86.906,27.245,1
0.887260,35.137,82.237,27.589,1
0.887855,27.998,85.123,27.363,1
0.888344,34.093,81.391,27.436,1
0.888892,30.446,81.404,27.221,1
0.889504,27.193,84.987,27.578,1
0.889998,33.779,81.450,27.429,1
0.890666,24.938,81.785,27.501,1
0.891216,30.327,81.795,27.254,1
0.891749,31.236,81.109,27.665,1
0.892308,29.827,81.356,27.370,1
0.892869,29.729,82.289,27.699,1
0.893408,30.922,81.610,27.706,1
0.893964,29.980,81.754,27.309,1
0.894525,29.665,82.059,27.571,1
0.895193,24.965,89.207,27.213,1
0.895617,39.321,81.544,27.553,1
0.896190,29.074,82.556,27.225,1
0.896736,30.535,81.864,27.297,1
0.897283,30.449,81.571,27.309,1
0.897859,28.941,82.983,27.533,1
0.898393,31.213,82.144,27.502,1
0.898939,30.513,81.834,27.193,1
0.899522,28.601,84.382,27.425,1
0.900034,32.542,81.764,27.099,1
0.900592,29.902,82.212,27.386,1
0.901155,29.559,82.833,27.152,1
0.901671,32.342,81.186,27.310,1
0.902222,30.243,81.173,27.017,1
0.902883,25.204,87.879,27.338,1
0.903485,27.673,90.693,27.387,1
0.903888,41.402,81.187,27.128,1
0.904546,25.345,87.594,27.443,1
0.905000,36.659,81.550,27.199,1
0.905559,29.853,81.572,27.441,1
0.906153,28.023,84.039,27.320,1
0.906678,31.785,82.177,27.433,1
0.907242,29.529,81.574,27.072,1
0.907883,26.021,87.632,27.356,1
0.908340,36.421,81.827,27.437,1
0.908894,30.100,81.668,27.121,1
0.909486,28.170,84.056,27.386,1
0.910014,31.534,82.416,27.161,1
0.910556,30.753,81.415,27.306,1
0.911204,25.707,87.178,27.406,1
0.911811,27.477,87.269,27.034,1
0.912270,36.323,81.735,27.257,1
0.912913,25.908,87.471,27.231,1
0.913507,28.047,88.176,26.905,1
0.914046,30.918,87.656,27.148,1
0.914565,32.127,86.228,26.991,1
0.915038,35.253,81.461,26.950,1
0.915595,29.925,81.420,27.271,1
0.916232,26.159,86.852,27.101,1
0.916709,34.973,82.615,27.181,1
0.917243,31.208,81.749,26.966,1
0.917864,26.818,86.464,27.151,1
0.918355,33.928,82.585,27.054,1
0.918948,28.107,83.535,27.263,1
0.919552,27.598,86.656,27.165,1
0.920177,26.676,88.095,27.437,1
0.920619,37.682,81.489,27.293,1
0.921231,27.231,85.600,27.550,1
0.921710,34.816,81.306,27.518,1
0.922277,29.411,82.100,27.693,1
0.922898,26.843,86.795,27.454,1
0.923374,34.970,82.278,27.715,1
0.923944,29.258,82.110,27.596,1
0.924553,27.345,84.957,27.752,1
0.925076,31.900,81.992,27.416,1
0.925616,30.871,81.482,27.703,1
0.926225,27.353,84.869,27.522,1
0.926745,32.040,82.390,27.725,1
0.927278,31.268,81.504,27.571,1
0.927896,26.988,85.856,27.792,1
0.928416,32.026,84.454,27.700,1
0.928944,31.572,82.092,27.781,1
0.929574,26.473,86.748,27.483,1
0.930132,29.849,87.632,27.807,1
0.930674,30.724,87.535,27.585,1
0.931252,28.851,88.565,27.841,1
0.931770,32.213,85.982,27.832,1
0.932260,33.977,81.088,27.947,1
0.932905,25.858,87.169,27.642,1
0.933503,27.834,87.886,27.866,1
0.934046,30.732,87.054,27.685,1
0.934602,29.986,87.271,27.789,1
0.935137,31.146,86.509,27.459,1
0.935696,29.790,87.211,27.718,1
0.936249,30.130,87.517,27.506,1
0.936811,29.646,87.849,27.668,1
0.937276,35.904,82.272,27.702,1
0.937902,26.615,87.339,27.371,1
0.938399,33.500,81.597,27.464,1
0.938953,30.083,81.531,27.607,1
0.939575,26.811,85.681,27.341,1
0.940068,33.812,81.525,27.586,1
0.940625,29.922,82.066,27.337,1
0.941241,27.035,86.240,27.577,1
0.941702,36.216,80.968,27.277,1
0.942255,30.144,81.259,27.580,1
0.942911,25.397,87.535,27.351,1
0.943395,34.406,81.407,27.635,1
0.943938,30.725,81.145,27.485,1
0.944575,26.169,86.844,27.540,1
0.945245,24.862,92.283,27.296,1
0.945661,40.064,84.573,27.542,1
0.946222,29.689,85.185,27.436,1
0.946729,32.878,81.234,27.543,1
0.947292,29.611,81.825,27.262,1
0.947944,25.551,87.810,27.449,1
0.948404,36.240,82.365,27.267,1
0.948929,31.755,81.276,27.526,1
0.949619,24.156,89.499,27.264,1
0.950090,35.375,82.875,27.495,1
0.950615,31.753,81.280,27.196,1
0.951250,26.237,86.298,27.383,1
0.951731,34.682,82.482,27.118,1
0.952292,29.721,82.961,27.344,1
0.952927,26.240,85.952,27.227,1
0.953572,25.835,91.470,27.586,1
0.953972,41.683,82.586,27.405,1
0.954591,26.905,86.694,27.847,1
0.955103,32.584,83.664,27.692,1
0.955619,32.274,82.088,27.842,1
0.956258,26.071,86.089,27.935,1
0.956837,28.791,87.712,28.588,1
0.957374,31.034,87.074,28.537,1
0.957887,32.532,84.686,28.975,1
0.958383,33.582,81.493,29.230,1
0.958941,29.861,81.977,29.697,1
0.959601,25.263,89.017,30.134,1
0.960078,34.907,82.136,30.561,1
0.960625,30.503,82.241,30.956,1
0.961294,24.897,89.207,31.403,1
0.961835,30.830,88.983,31.683,1
0.962273,37.998,81.864,32.068,1
0.962950,24.620,89.658,33.017,1
0.963408,36.401,82.155,32.970,1
0.963947,30.948,81.733,33.550,1
0.964547,27.760,84.823,33.029,1
0.965061,32.409,83.065,33.136,1
0.965641,28.777,84.263,32.999,1
0.966228,28.392,86.496,33.285,1
0.966735,32.871,83.874,32.767,1
0.967308,29.056,83.994,32.852,1
0.967926,26.984,86.116,32.771,1
0.968409,34.479,82.185,32.752,1
0.968968,29.846,82.613,32.699,1
0.969530,29.659,82.959,32.556,1
0.970096,29.447,83.934,32.678,1
0.970671,28.974,85.286,32.630,1
0.971240,29.299,86.142,32.871,1
0.971730,33.984,82.374,32.628,1
0.972268,31.009,81.227,32.574,1
0.972890,26.765,85.309,32.580,1
0.973380,34.042,81.610,32.701,1
0.973939,29.812,82.184,32.400,1
0.974529,28.229,84.177,32.438,1
0.975062,31.269,81.212,32.633,1
0.975619,29.952,81.924,32.716,1
0.976270,25.606,87.958,32.438,1
0.976728,36.352,82.263,32.636,1
0.977273,30.610,81.513,32.653,1
0.977914,25.995,86.847,32.639,1
0.978435,31.977,85.153,32.936,1
0.979010,29.008,86.022,32.801,1
0.979577,29.368,87.142,33.009,1
0.980067,33.991,82.095,32.723,1
0.980615,30.408,82.334,32.934,1
0.981243,26.538,86.902,32.681,1
0.981713,35.502,81.749,33.085,1
0.982267,30.068,81.502,32.694,1
0.982883,27.058,85.633,32.690,1
0.983377,33.768,82.031,32.466,1
0.983946,29.299,82.192,32.774,1
0.984557,27.243,85.769,32.591,1
0.985066,32.767,81.414,32.877,1
0.985610,30.642,81.476,32.547,1
0.986212,27.669,84.523,32.831,1
0.986861,25.705,90.320,32.556,1
0.987253,42.456,80.759,32.877,1
0.987935,24.450,88.704,32.621,1
0.988416,34.636,82.616,32.507,1
0.988951,31.172,81.370,32.459,1
0.989545,28.054,84.145,32.636,1
0.990065,32.030,82.244,32.456,1
0.990644,28.786,83.643,32.739,1
0.991212,29.335,84.502,32.253,1
0.991736,31.813,82.768,32.350,1
0.992275,30.913,81.751,32.518,1
0.992881,27.536,84.882,32.678,1
0.993397,32.276,83.040,32.392,1
0.993954,29.944,83.338,32.488,1
0.994603,25.680,89.417,32.592,1
0.995142,30.895,85.999,32.839,1
0.995619,34.906,81.711,32.608,1
0.996229,27.325,85.397,32.634,1
0.996761,31.351,84.187,32.406,1
0.997276,32.356,81.770,32.332,1
0.997893,27.036,85.492,32.603,1
0.998388,33.674,82.087,32.852,1
0.998944,29.967,81.980,32.563,1
0.999623,24.519,89.204,32.754,1
1.000055,38.589,81.072,32.893,1
1.000624,29.323,82.454,32.844,1
1.001271,25.767,88.578,32.813,1
1.001718,37.228,82.314,32.947,1
1.002250,31.327,,32.553,1
1.002901,25.619,,21.149,1
1.003429,31.538,,32.690,1
1.004059,26.463,,32.894,1
1.004586,31.639,,32.670,1
1.005039,36.744,,32.769,1
1.005602,29.632,,32.520,1
1.006246,25.889,,32.618,1
1.006715,35.528,,32.327,1
1.007272,29.893,,32.320,1
1.007928,25.403,,32.527,1
1.008382,36.730,,32.642,1
1.008913,31.406,,32.372,1
1.009512,27.823,,32.371,1
1.010009,33.561,,32.453,1
1.010556,30.420,81.428,32.454,1
1.011233,24.620,88.931,32.409,1
1.011705,35.369,83.750,32.475,1
1.012292,28.361,85.521,32.860,1
1.012918,26.633,89.252,32.533,1
1.013342,39.334,81.819,32.651,1
1.013896,30.084,81.911,32.933,1
1.014579,24.386,89.685,32.857,1
1.015004,39.226,81.851,32.901,1
1.015603,27.813,84.481,33.168,1
1.016132,31.520,81.546,32.769,1
1.016743,27.297,81.991,32.782,1
1.017276,31.262,80.878,32.813,1
1.017944,24.934,88.111,32.808,1
1.018401,36.528,82.669,32.926,1
1.018957,29.957,82.948,32.682,1
1.019589,26.354,88.319,32.829,1
1.020083,33.768,82.468,32.787,1
1.020678,28.017,85.510,32.712,1
1.021256,28.835,87.396,32.774,1
1.021735,34.814,83.315,32.525,1
1.022248,32.466,81.282,32.820,1
1.022794,30.522,81.344,32.522,1
1.023421,26.576,86.511,32.711,1
1.023904,34.533,82.472,32.571,1
1.024436,31.306,81.092,32.688,1
1.025015,28.799,82.344,32.677,1
1.025545,31.405,80.877,32.723,1
1.026117,29.141,81.375,32.936,1
1.026706,28.323,83.902,32.737,1
1.027251,30.600,83.311,32.980,1
1.027962,23.442,92.398,32.643,1
1.028421,36.298,82.375,32.576,1
1.028969,30.422,82.306,32.723,1
1.029637,24.944,89.413,32.895,1
1.030055,39.866,81.482,32.750,1
1.030606,30.261,81.535,32.851,1
1.031191,28.448,83.478,32.764,1
1.031718,31.678,82.005,32.871,1
1.032274,29.952,81.921,32.895,1
1.032841,29.381,83.144,33.094,1
1.033380,30.917,82.498,32.620,1
1.033937,29.947,81.707,32.773,1
1.034486,30.363,81.517,32.770,1
1.035068,28.644,81.770,32.944,1
1.035620,30.189,82.240,32.627,1
1.036156,31.088,81.752,32.772,1
1.036725,29.272,82.741,32.896,1
1.037370,25.863,87.940,32.822,1
1.037804,38.394,81.501,32.975,1
1.038357,30.101,81.870,32.699,1
1.038932,29.026,83.174,32.582,1
1.039471,30.884,82.666,32.714,1
1.040059,28.352,81.069,32.971,1
1.040613,30.098,81.661,32.569,1
1.041167,30.071,81.786,32.618,1
1.041749,28.619,83.595,32.712,1
1.042278,31.542,82.083,32.453,1
1.042825,30.464,81.538,32.781,1
1.043432,27.436,84.104,32.556,1
1.043944,32.611,82.129,32.723,1
1.044492,30.400,81.882,32.478,1
1.045085,28.078,82.600,32.637,1
1.045781,23.966,91.174,32.595,1
1.046176,42.136,81.802,32.730,1
1.046754,28.833,83.272,32.359,1
1.047274,32.083,81.484,32.770,1
1.047845,29.172,82.394,32.409,1
1.048398,30.140,81.575,32.757,1
1.048957,29.830,81.995,32.584,1
1.049506,30.360,82.048,32.806,1
1.050068,29.659,81.616,32.715,1
1.050614,30.506,81.259,32.819,1
1.051170,30.000,81.944,32.740,1
1.051760,28.210,84.264,32.768,1
1.052277,32.287,82.044,32.747,1
1.052821,30.634,81.393,33.125,1
1.053384,29.574,82.760,32.737,1
1.054013,26.518,86.301,33.073,1
1.054504,33.947,82.633,32.724,1
1.055066,29.629,81.474,32.921,1
1.055631,29.506,82.250,32.940,1
1.056168,31.056,81.752,32.909,1
1.056722,30.098,81.555,32.732,1
1.057277,29.983,81.842,32.674,1
1.057827,30.313,80.911,32.807,1
1.058386,29.843,81.238,32.582,1
1.058943,29.899,81.546,32.886,1
1.059482,30.924,80.968,32.633,1
1.060048,29.475,82.223,32.903,1
1.060606,29.843,82.141,32.596,1
1.061157,30.232,82.405,32.518,1
1.061727,29.269,83.426,32.686,1
1.062327,27.744,85.152,32.902,1
1.062808,34.652,81.184,33.276,1
1.063391,28.624,82.868,33.268,1
1.063960,29.300,83.664,33.882,1
1.064485,31.702,82.078,33.978,1
1.065075,28.267,82.002,34.598,1
1.065614,30.909,81.691,34.740,1
1.066167,30.170,81.785,35.583,1
1.066793,26.602,86.178,35.740,1
1.067287,33.767,82.358,36.405,1
1.067832,30.545,81.913,36.491,1
1.068372,30.877,81.767,36.990,1
1.068925,30.125,81.502,37.842,1
1.069488,29.639,82.219,38.027,1
1.070054,29.411,81.669,38.646,1
1.070719,25.074,88.640,39.050,1
1.071157,38.041,81.783,39.970,1
1.071696,30.909,81.001,40.258,1
1.072250,30.119,81.161,40.952,1
1.072817,29.398,82.308,41.336,1
1.073358,30.778,81.800,41.995,1
1.073901,30.703,81.320,42.100,1
1.074459,29.894,81.120,43.042,1
1.075001,30.749,81.087,42.860,1
1.075561,29.744,81.693,43.858,1
1.076104,30.693,81.146,49.542,1
1.076659,30.002,81.200,58.488,1
1.077245,28.453,,60.209,1
1.077795,30.329,,53.514,1
1.078338,30.671,80.752,43.567,1
1.079015,24.627,88.752,41.564,1
1.079480,35.834,83.581,40.404,1
1.080067,28.379,81.838,38.575,1
1.080612,30.572,81.765,36.379,1
1.081155,30.731,81.244,34.640,1
1.081701,30.494,80.921,33.844,1
1.082263,29.687,81.305,32.648,1
1.082807,30.646,80.948,32.242,1
1.083402,27.991,81.958,31.480,1
1.083933,31.412,80.916,31.188,1
1.084483,30.257,81.093,31.194,1
1.085063,28.734,81.295,31.068,1
1.085608,30.590,81.366,30.979,1
1.086149,30.830,80.895,31.034,1
1.086700,30.235,81.222,30.863,1
1.087384,24.369,88.558,30.968,1
1.087854,35.484,83.904,30.822,1
1.088421,29.400,82.735,30.728,1
1.088957,31.103,82.185,30.816,1
1.089525,29.340,83.301,30.841,1
1.090053,31.553,80.943,30.622,1
1.090605,30.166,81.255,30.489,1
1.091158,30.173,81.689,30.658,1
1.091697,30.910,81.035,30.641,1
1.092250,30.126,80.546,30.391,1
1.092812,29.654,81.436,30.665,1
1.093359,30.487,81.035,30.463,1
1.093917,29.847,81.431,30.499,1
1.094469,30.223,81.699,30.693,1
1.095057,28.318,80.955,30.444,1
1.095713,25.428,87.248,30.368,1
1.096162,37.119,81.582,30.929,1
1.096718,29.955,80.978,30.606,1
1.097298,28.718,82.848,30.839,1
1.097823,31.747,81.256,30.818,1
1.098444,26.837,84.206,30.815,1
1.098961,32.243,82.589,30.777,1
1.099503,30.762,82.454,30.845,1
1.100030,31.653,80.881,30.760,1
1.100576,30.505,81.323,31.082,1
1.101128,30.181,81.689,30.980,1
1.101673,30.577,81.236,31.222,1
1.102234,29.730,81.825,31.018,1
1.102801,29.405,82.785,31.248,1
1.103371,29.218,82.551,31.267,1
1.104024,25.528,88.691,30.947,1
1.104488,35.916,82.903,31.035,1
1.105005,32.230,80.769,31.143,1
1.105665,25.277,85.424,30.994,1
1.106148,34.474,81.302,30.920,1
1.106726,28.813,81.075,30.890,1
1.107277,30.255,81.410,30.845,1
1.107818,30.851,80.889,30.949,1
1.108389,29.183,81.157,30.671,1
1.108934,30.584,81.255,30.861,1
1.109480,30.479,80.907,30.677,1
1.110057,28.893,81.336,30.787,1
1.110602,30.623,81.051,30.863,1
1.111153,30.222,81.542,30.807,1
1.111689,31.080,81.233,30.789,1
1.112408,23.183,89.986,30.746,1
1.112820,40.440,81.269,30.964,1
1.113368,30.453,81.026,30.865,1
1.113920,30.146,81.050,30.916,1
1.114466,30.542,80.931,30.711,1
1.115045,28.803,81.247,31.010,1
1.115590,30.581,81.295,31.071,1
1.116153,29.588,81.990,30.846,1
1.116742,28.309,82.031,30.923,1
1.117282,30.860,81.266,30.919,1
1.117829,30.455,81.342,31.086,1
1.118380,30.233,81.867,30.875,1
1.118913,31.325,81.166,30.891,1
1.119475,29.632,82.047,30.834,1
1.120029,30.064,82.222,30.773,1
1.120698,24.925,85.703,30.689,1
1.121172,35.177,81.006,30.574,1
1.121749,28.873,83.009,30.258,1
1.122288,30.897,82.258,30.490,1
1.122817,31.558,81.363,30.314,1
1.123386,29.254,81.041,30.385,1
1.123939,30.136,81.333,30.308,1
1.124478,30.961,81.288,30.395,1
1.125033,29.995,81.540,30.231,1
1.125581,30.412,81.406,30.381,1
1.126116,31.181,81.133,30.571,1
1.126663,30.440,80.886,30.327,1
1.127239,28.957,82.625,30.407,1
1.127798,29.797,82.817,30.414,1
1.128382,28.532,84.555,30.313,1
1.129066,24.382,89.468,30.385,1
1.129491,39.185,82.384,30.444,1
1.130076,28.498,82.081,30.355,1
1.130625,30.381,82.416,30.683,1
1.131177,30.181,82.465,30.504,1
1.131729,30.210,81.234,30.714,1
1.132292,29.606,81.853,30.555,1
1.132821,31.465,80.997,30.768,1
1.133374,30.146,81.497,30.935,1
1.133922,30.444,81.206,30.596,1
1.134471,30.355,81.153,30.733,1
1.135053,28.636,81.068,30.847,1
1.135636,28.563,82.922,30.629,1
1.136179,30.699,82.349,30.698,1
1.136752,29.112,82.632,30.613,1
1.137427,24.675,89.985,30.494,1
1.137841,40.249,82.192,30.565,1
1.138390,30.364,82.294,30.474,1
1.138943,30.168,81.483,30.512,1
1.139485,30.751,81.343,30.521,1
1.140061,28.937,81.116,30.558,1
1.140613,30.156,81.458,30.486,1
1.141157,30.663,81.128,30.495,1
1.141716,29.805,81.091,30.591,1
1.142256,30.846,80.963,30.624,1
1.142844,28.343,81.305,30.693,1
1.143383,30.951,80.991,30.579,1
1.143949,29.451,81.826,30.767,1
1.144486,31.027,80.976,30.985,1
1.145066,28.742,81.442,30.773,1
1.145669,27.648,84.697,30.800,1
1.146168,33.395,81.768,30.885,1
1.146750,28.615,83.693,30.884,1
1.147282,31.325,81.316,30.960,1
1.147831,30.340,81.178,30.904,1
1.148388,29.942,81.387,31.136,1
1.148937,30.369,81.091,30.823,1
1.149487,30.272,81.374,31.021,1
1.150040,30.190,81.914,30.848,1
1.150577,31.021,81.488,31.077,1
1.151153,28.912,83.378,31.028,1
1.151677,31.852,81.745,31.070,1
1.152215,30.923,81.259,31.129,1
1.152765,30.357,80.871,31.041,1
1.153335,29.214,81.746,30.853,1
1.153984,25.688,87.381,30.656,1
1.154450,35.755,82.020,30.902,1
1.155025,28.988,83.194,30.731,1
1.155575,30.289,82.700,30.699,1
1.156106,31.424,81.347,30.550,1
1.156692,28.408,83.194,30.816,1
1.157208,32.302,80.662,30.513,1
1.157788,28.765,82.241,30.181,1
1.158397,27.368,81.677,30.288,1
1.158939,30.749,81.258,30.368,1
1.159493,30.070,81.397,30.153,1
1.160045,30.186,81.886,30.294,1
1.160618,29.085,82.666,30.351,1
1.161133,32.346,81.023,30.220,1
1.161724,28.237,83.294,30.341,1
1.162357,26.312,88.117,30.200,1
1.162794,38.171,81.218,30.376,1
1.163366,29.122,83.214,30.288,1
1.163908,30.730,82.796,30.380,1
1.164494,28.442,84.446,30.382,1
1.165061,29.400,81.149,30.292,1
1.165609,30.413,81.190,30.362,1
1.166147,30.973,80.701,30.545,1
1.166717,29.229,81.821,30.471,1
1.167269,30.225,81.673,30.547,1
1.167796,31.628,80.694,30.248,1
1.168382,28.410,81.413,30.413,1
1.168922,30.901,81.019,30.502,1
1.169477,30.037,81.184,30.469,1
1.170052,28.963,82.688,30.472,1
1.170714,25.191,89.428,30.531,1
1.171204,34.007,82.882,30.442,1
1.171746,30.751,82.298,30.367,1
1.172276,31.410,81.537,30.334,1
1.172828,30.216,81.509,30.484,1
1.173385,29.942,81.784,30.633,1
1.173944,29.805,82.052,30.394,1
1.174502,29.836,81.976,30.454,1
1.175057,30.071,80.930,30.662,1
1.175605,30.416,81.154,30.487,1
1.176159,30.042,81.404,30.721,1
1.176736,28.918,83.197,30.650,1
1.177275,30.914,82.059,30.666,1
1.177856,28.700,84.231,30.699,1
1.178375,32.064,82.295,30.848,1
1.178990,27.129,86.815,30.975,1
1.179528,30.955,86.271,30.852,1
1.180005,34.933,81.932,31.010,1
1.180586,28.681,83.552,30.915,1
1.181126,30.879,82.561,30.999,1
1.181694,29.346,83.144,30.928,1
1.182209,32.385,80.688,30.832,1
1.182783,29.016,81.882,30.736,1
1.183357,29.043,82.897,30.805,1
1.183890,31.244,81.665,30.515,1
1.184483,28.142,84.011,30.650,1
1.185010,31.597,82.289,30.348,1
1.185575,29.490,82.726,30.558,1
1.186132,29.934,82.971,30.439,1
1.186764,26.367,87.522,30.400,1
1.187389,26.677,88.945,30.423,1
1.187836,37.279,81.398,30.436,1
1.188405,29.279,82.043,30.544,1
1.188950,30.619,81.402,30.273,1
1.189498,30.403,81.666,30.344,1
1.190052,30.098,81.761,30.497,1
1.190587,31.141,80.991,30.458,1
1.191147,29.770,81.826,30.524,1
1.191712,29.451,82.766,30.456,1
1.192288,28.949,82.872,30.562,1
1.192814,31.673,81.627,30.300,1
1.193403,28.324,81.917,30.402,1
1.193962,29.791,82.119,30.356,1
1.194500,31.002,81.202,30.335,1
1.195062,29.649,82.204,30.128,1
1.195690,26.561,87.060,30.301,1
1.196152,36.041,82.062,30.532,1
1.196755,27.634,85.235,30.753,1
1.197237,34.571,81.683,30.940,1
1.197780,30.716,81.115,31.313,1
1.198357,28.870,82.853,31.179,1
1.198895,31.001,80.818,31.308,1
1.199442,30.439,81.166,31.234,1
1.200015,29.103,82.597,31.190,1
1.200548,31.281,81.187,30.952,1
1.201100,30.181,81.000,30.940,1
1.201676,28.916,82.266,30.876,1
1.202213,31.080,81.011,30.860,1
1.202788,28.965,82.326,30.767,1
1.203337,30.351,81.665,31.036,1
1.204007,24.865,88.533,30.958,1
1.204430,39.410,80.837,30.908,1
1.205030,27.791,83.503,30.919,1
1.205549,32.085,81.324,30.831,1
1.206104,30.057,81.272,31.239,1
1.206679,28.977,82.436,31.113,1
1.207241,29.674,82.802,31.659,1
1.207837,27.962,83.608,31.559,1
1.208381,30.630,83.724,31.900,1
1.208972,28.187,82.295,32.324,1
1.209501,31.540,81.353,32.253,1
1.210088,28.394,82.832,32.595,1
1.210625,31.043,82.164,32.547,1
1.211170,30.530,82.046,33.190,1
1.211746,28.944,82.340,33.316,1
1.212357,27.289,85.863,33.813,1
1.212831,35.167,81.132,33.278,1
1.213405,29.032,81.897,33.568,1
1.213944,30.901,81.136,33.448,1
1.214490,30.532,81.246,33.369,1
1.215057,29.434,82.176,32.575,1
1.215598,30.763,81.374,32.690,1
1.216144,30.538,81.084,32.531,1
1.216731,28.404,81.514,32.745,1
1.217269,30.966,81.162,33.365,1
1.217822,30.131,81.181,32.673,1
1.218401,28.788,81.648,32.891,1
1.218954,30.169,81.645,32.418,1
1.219493,30.913,80.980,32.699,1
1.220099,27.513,83.438,32.255,1
1.220725,26.598,88.483,32.598,1
1.221167,37.735,81.857,32.564,1
1.221700,31.239,81.318,32.726,1
1.222260,29.782,81.183,32.551,1
1.222843,28.585,83.385,32.636,1
1.223465,26.783,85.482,32.746,1
1.223961,33.606,82.108,32.458,1
1.224491,31.435,81.126,32.631,1
1.225040,30.373,81.491,32.241,1
1.225589,30.368,80.753,32.659,1
1.226149,29.754,81.950,32.580,1
1.226680,31.398,80.872,32.764,1
1.227240,29.735,81.966,32.953,1
1.227811,29.230,83.462,32.553,1
1.228347,31.091,82.110,32.797,1
1.229022,24.688,89.452,32.159,1
1.229473,36.956,81.891,32.295,1
1.230085,27.206,82.649,32.405,1
1.230642,29.940,82.915,32.623,1
1.231173,31.371,81.687,32.840,1
1.231766,28.143,83.585,32.695,1
1.232269,33.118,81.144,32.797,1
1.232806,31.008,80.776,32.477,1
1.233398,28.166,81.470,32.527,1
1.233960,29.647,82.575,32.291,1
1.234490,31.472,81.186,32.375,1
1.235071,28.660,83.031,32.351,1
1.235601,31.480,81.645,32.962,1
1.236140,30.879,81.459,32.664,1
1.236718,28.851,83.095,32.981,1
1.237327,27.365,86.560,32.538,1
1.237792,35.862,81.141,32.576,1
1.238372,28.718,83.455,32.607,1
1.238888,32.319,81.416,32.617,1
1.239456,29.348,82.221,32.584,1
1.240101,25.819,83.628,32.878,1
1.240605,33.066,81.253,32.626,1
1.241147,30.786,81.115,32.727,1
1.241728,28.690,82.995,32.663,1
1.242283,30.026,82.506,32.667,1
1.242830,30.458,82.440,32.158,1
1.243414,28.529,84.160,32.087,1
1.243924,32.676,81.507,32.480,1
1.244475,30.247,81.583,32.454,1
1.245106,26.435,84.059,32.834,1
1.245714,27.411,87.959,32.577,1
1.246151,38.162,81.473,32.697,1
1.246718,29.371,82.723,32.893,1
1.247253,31.126,81.845,32.571,1
1.247797,30.678,81.746,32.722,1
1.248371,29.004,83.358,32.273,1
1.248908,31.061,82.752,32.746,1
1.249434,31.685,81.091,32.526,1
1.250102,24.934,87.832,32.772,1
1.250565,36.050,82.077,32.456,1
1.251119,30.093,81.952,32.686,1
1.251728,27.360,85.367,32.579,1
1.252213,34.344,81.010,31.997,1
1.252778,29.523,81.640,32.197,1
1.253422,25.862,86.869,32.333,1
1.254025,27.629,89.384,32.689,1
1.254442,39.955,81.336,33.048,1
1.255064,26.832,85.202,32.639,1
1.255586,31.905,83.532,32.607,1
1.256156,29.225,83.219,32.674,1
1.256753,27.949,86.472,32.269,1
1.257217,35.903,81.206,32.371,1
1.257840,26.756,81.090,32.151,1
1.258409,29.262,82.329,32.036,1
1.258940,31.414,80.782,32.292,1
1.259492,30.165,81.092,32.617,1
1.260118,26.624,84.612,32.313,1
1.260645,31.649,83.398,32.435,1
1.261158,32.489,81.181,32.244,1
1.261753,28.017,83.850,32.290,1
1.262390,26.146,89.103,31.979,1
1.262832,37.733,82.653,32.471,1
1.263405,29.099,84.565,32.745,1
1.263940,31.127,81.976,32.579,1
1.264469,31.498,81.084,32.769,1
1.265131,25.180,85.447,32.349,1
1.265614,34.532,81.239,32.620,1
1.266174,29.724,81.226,32.229,1
1.266796,26.823,85.615,32.400,1
1.267291,33.672,82.459,32.230,1
1.267819,31.535,81.312,32.490,1
1.268438,26.923,85.611,32.614,1
1.268914,35.058,81.651,32.671,1
1.269461,30.463,81.229,32.508,1
1.270100,26.066,86.621,32.564,1
1.270650,30.294,87.054,32.255,1
1.271135,34.406,83.101,32.366,1
1.271750,27.084,86.620,32.178,1
1.272261,32.627,83.861,32.751,1
1.272791,31.419,82.345,32.490,1
1.273419,26.570,82.721,32.706,1
1.273944,31.727,81.650,32.235,1
1.274524,28.737,83.358,32.296,1
1.275101,28.877,83.836,32.759,1
1.275610,32.764,81.298,32.098,1
1.276159,30.357,81.423,31.979,1
1.276736,28.862,82.934,32.571,1
1.277261,31.798,81.221,32.422,1
1.277803,30.706,80.979,32.664,1
1.278417,27.137,82.837,32.461,1
1.279016,27.831,86.028,32.316,1
1.279528,32.561,84.177,32.270,1
1.280150,26.796,88.690,32.479,1
1.280590,37.897,81.266,32.179,1
1.281150,29.766,82.021,32.605,1
1.281759,27.350,85.469,32.567,1
1.282303,30.663,83.768,32.466,1
1.282824,31.994,82.436,32.669,1
1.283460,26.191,85.403,32.131,1
1.283960,33.339,82.386,32.358,1
1.284481,31.984,81.005,32.161,1
1.285098,27.019,84.898,32.048,1
1.285586,34.139,81.004,32.407,1
1.286156,29.265,82.388,32.483,1
1.286750,28.056,85.202,32.571,1
1.287303,30.108,85.891,32.637,1
1.287779,35.026,81.615,32.398,1
1.288420,26.011,85.666,32.424,1
1.288967,30.475,82.010,32.594,1
1.289500,31.229,81.305,32.233,1
1.290105,27.578,84.455,32.423,1
1.290608,33.135,81.770,32.409,1
1.291173,29.483,82.881,32.867,1
1.291791,26.954,86.831,32.583,1
1.292286,33.722,82.772,32.870,1
1.292842,29.954,81.409,32.384,1
1.293433,28.181,83.879,32.536,1
1.293971,31.029,83.277,32.171,1
1.294476,32.950,81.042,32.333,1
1.295095,26.933,85.159,32.214,1
1.295726,26.440,89.388,32.991,1
1.296200,35.159,84.870,32.821,1
1.296812,27.212,86.245,32.774,1
1.297306,33.750,82.807,32.886,1
1.297828,31.943,81.142,32.559,1
1.298462,26.269,86.001,32.757,1
1.298948,34.276,82.010,32.495,1
1.299486,30.993,81.147,32.812,1
1.300121,26.240,86.127,32.597,1
1.300584,36.011,81.236,32.597,1
1.301124,30.868,80.900,32.805,1
1.301799,24.701,85.536,32.425,1
1.302272,35.198,81.391,32.695,1
1.302823,30.286,81.515,32.698,1
1.303501,24.581,87.860,32.218,1
1.304037,31.081,87.271,32.553,1
1.304489,36.827,81.850,32.582,1
1.305154,25.080,86.811,32.875,1
1.305630,35.018,82.292,33.440,1
1.306161,31.365,81.469,32.950,1
1.306806,25.838,85.984,33.106,1
1.307287,34.708,82.174,32.726,1
1.307812,31.739,81.013,32.855,1
1.308493,24.472,87.410,32.386,1
1.308963,35.470,81.895,32.915,1
1.309486,31.819,80.884,32.793,1
1.310130,25.902,86.866,32.823,1
1.310613,34.489,83.162,32.747,1
1.311138,31.780,81.558,32.475,1
1.311791,25.522,88.190,32.560,1
1.312286,33.670,85.318,32.256,1
1.312762,35.000,80.496,32.527,1
1.313450,24.212,88.571,32.230,1
1.313884,38.373,81.229,32.572,1
1.314438,30.121,81.276,32.650,1
1.315110,24.778,88.330,32.777,1
1.315550,37.877,81.420,32.648,1
1.316126,28.935,82.592,32.670,1
1.316815,24.198,90.614,32.668,1
1.317268,36.805,81.904,32.105,1
1.317799,31.361,81.398,32.072,1
1.318516,23.264,88.877,32.582,1
1.318942,39.158,81.493,32.362,1
1.319477,31.129,80.524,32.581,1
1.320155,24.568,87.044,32.480,1
1.320736,28.702,88.759,32.596,1
1.321164,38.896,81.752,32.410,1
1.321856,24.110,88.934,32.410,1
1.322283,39.041,81.390,32.039,1
1.322821,30.979,81.092,32.579,1
1.323451,26.430,85.731,32.511,1
1.323917,35.806,81.230,32.672,1
1.324473,29.951,81.470,32.535,1
1.325087,27.163,82.788,32.713,1
1.325633,30.490,82.471,32.438,1
1.326158,31.753,81.395,32.418,1
1.326762,27.603,84.494,31.961,1
1.327273,32.633,82.019,32.033,1
1.327814,30.783,81.943,32.384,1
1.328352,30.972,81.816,33.004,1
1.328973,26.846,86.478,32.956,1
1.329447,35.174,81.793,33.175,1
1.329996,30.359,81.155,33.170,1
1.330547,30.230,81.240,33.064,1
1.331107,29.782,81.452,33.204,1
1.331662,30.052,81.362,32.459,1
1.332249,28.382,83.301,32.967,1
1.332812,29.579,83.681,32.688,1
1.333440,26.558,84.002,32.922,1
1.333979,30.898,81.394,31.965,1
1.334524,30.605,80.988,32.258,1
1.335082,29.850,81.390,31.824,1
1.335633,30.242,81.869,30.929,1
1.336188,30.041,82.029,30.976,1
1.336740,30.196,81.990,30.448,1
1.337358,26.985,86.398,30.210,1
1.337860,33.180,82.906,29.414,1
1.338378,32.179,81.399,29.366,1
1.338923,30.572,81.486,28.973,1
1.339472,30.377,81.728,28.681,1
1.340014,30.734,81.325,28.006,1
1.340554,30.882,81.375,28.051,1
1.341111,29.913,81.459,27.671,1
1.341668,29.919,81.510,27.736,1
1.342227,29.829,81.758,27.595,1
1.342771,30.606,80.851,27.177,1
1.343336,29.523,81.832,27.341,1
1.343905,29.303,82.375,27.270,1
1.344481,28.928,82.516,27.338,1
1.345060,28.758,81.322,27.133,1
1.345625,29.513,82.235,27.416,1
1.346150,31.760,80.840,27.184,1
1.346737,28.375,81.851,27.437,1
1.347267,31.436,81.028,27.202,1
1.347819,30.214,81.063,27.494,1
1.348389,29.222,81.158,27.273,1
1.348962,29.121,82.762,27.625,1
1.349481,32.075,81.075,27.418,1
1.350039,29.865,81.936,27.715,1
1.350591,30.207,81.307,27.548,1
1.351139,30.393,81.431,27.695,1
1.351709,29.253,82.513,27.610,1
1.352250,30.787,81.974,27.873,1
1.352789,30.963,81.289,27.871,1
1.353346,29.921,81.919,27.671,1
1.353965,26.911,86.116,27.952,1
1.354471,32.947,82.755,27.650,1
1.354990,32.099,80.936,27.557,1
1.355541,30.228,80.902,27.902,1
1.356115,29.049,80.863,27.573,1
1.356665,30.326,81.439,27.833,1
1.357255,28.241,83.704,27.408,1
1.357815,29.782,82.539,27.626,1
1.358387,29.110,81.097,27.516,1
1.358946,29.818,81.715,27.580,1
1.359483,31.023,80.908,27.211,1
1.360034,30.259,81.120,27.555,1
1.360631,27.945,83.769,27.184,1
1.361166,31.124,82.984,27.425,1
1.361684,32.164,81.056,27.141,1
1.362298,27.140,83.492,27.322,1
1.362808,32.715,80.984,26.928,1
1.363399,28.210,81.759,27.202,1
1.363957,29.838,82.429,27.222,1
1.364489,31.361,81.557,26.864,1
1.365058,29.258,82.500,27.167,1
1.365608,30.324,82.227,26.956,1
1.366176,29.315,81.347,26.978,1
1.366725,30.391,81.060,27.131,1
1.367275,30.300,81.068,26.860,1
1.367829,30.094,81.231,27.134,1
1.368382,30.129,80.716,26.854,1
1.368934,30.176,81.048,27.094,1
1.369481,30.486,80.762,27.156,1
1.370076,27.987,82.131,26.912,1
1.370641,29.499,82.900,27.205,1
1.371174,31.294,81.756,27.126,1
1.371715,30.799,81.425,27.197,1
1.372256,30.829,81.128,26.926,1
1.372841,28.494,83.549,27.283,1
1.373390,30.316,81.302,27.276,1
1.373933,30.695,81.048,27.454,1
1.374489,29.980,81.834,27.154,1
1.375054,29.538,81.308,27.521,1
1.375601,30.434,80.970,27.281,1
1.376155,30.092,81.768,27.662,1
1.376701,30.554,81.460,27.469,1
1.377260,29.781,81.205,27.656,1
1.377809,30.347,81.361,27.693,1
1.378388,28.826,81.044,27.397,1
1.379077,24.185,89.535,27.696,1
1.379498,39.576,82.391,27.421,1
1.380029,31.382,81.042,27.734,1
1.380569,30.836,81.027,27.487,1
1.381126,29.920,81.249,27.710,1
1.381672,30.563,81.249,27.765,1
1.382225,30.128,81.696,27.342,1
1.382774,30.333,81.516,27.672,1
1.383324,30.306,81.191,27.366,1
1.383875,30.240,80.827,27.630,1
1.384442,29.441,81.541,27.381,1
1.384988,30.476,81.017,27.589,1
1.385582,28.092,83.301,27.319,1
1.386127,30.586,81.285,27.575,1
1.386696,29.251,81.784,27.258,1
1.387366,24.885,87.611,27.576,1
1.387835,35.539,82.898,27.349,1
1.388342,32.911,80.741,27.439,1
1.388930,28.327,81.399,27.202,1
1.389472,30.747,81.330,27.578,1
1.390017,30.590,81.179,27.438,1
1.390568,30.229,81.696,27.508,1
1.391136,29.374,83.043,27.268,1
1.391709,29.078,84.185,27.639,1
1.392271,29.653,81.591,27.350,1
1.392840,29.273,80.829,27.674,1
1.393389,30.362,81.235,27.689,1
1.393953,29.577,82.224,27.338,1
1.394477,31.768,81.158,27.580,1
1.395028,30.252,81.542,27.224,1
1.395654,26.626,85.927,27.575,1
1.396143,34.096,82.267,27.205,1
1.396688,30.579,81.206,27.313,1
1.397261,29.084,81.315,27.292,1
1.397817,29.973,81.813,27.522,1
1.398350,31.270,81.304,27.503,1
1.398935,28.504,81.711,27.205,1
1.399472,31.053,81.402,27.450,1
1.400039,29.379,82.433,27.096,1
1.400588,30.369,82.794,27.369,1
1.401130,30.745,81.392,27.161,1
1.401719,28.291,83.089,27.310,1
1.402259,30.830,82.691,27.015,1
1.402849,28.284,80.936,27.343,1
1.403428,28.783,82.503,27.412,1
1.404098,24.869,89.696,27.157,1
1.404517,39.783,81.792,27.438,1
1.405061,30.623,81.620,27.207,1
1.405626,29.520,82.803,27.407,1
1.406151,31.717,81.004,27.308,1
1.406697,30.544,81.089,27.416,1
1.407252,29.996,80.821,27.088,1
1.407815,29.651,81.678,27.341,1
1.408410,28.002,82.486,27.423,1
1.408944,31.219,81.683,27.114,1
1.409497,30.133,82.211,27.429,1
1.410050,30.100,81.011,27.127,1
1.410598,30.428,81.067,27.274,1
1.411197,27.808,82.849,27.391,1
1.411733,31.134,81.810,27.036,1
1.412306,29.088,83.098,27.243,1
1.412953,25.738,89.487,27.245,1
1.413395,37.730,81.514,26.910,1
1.413937,30.773,81.219,27.144,1
1.414485,30.417,81.012,26.986,1
1.415035,30.294,81.447,26.948,1
1.415589,30.050,81.207,27.255,1
1.416137,30.454,81.309,27.124,1
1.416694,29.880,81.957,27.183,1
1.417267,29.124,81.623,26.964,1
1.417813,30.522,81.273,27.166,1
1.418357,30.627,81.386,27.069,1
1.418927,29.215,81.291,27.269,1
1.419467,30.892,81.117,27.151,1
1.420032,29.506,82.196,27.446,1
1.420625,28.099,83.409,27.324,1
1.421209,28.528,85.494,27.563,1
1.421707,33.495,82.621,27.515,1
1.422271,29.551,81.902,27.704,1
1.422805,31.203,81.264,27.449,1
1.423363,29.860,81.640,27.704,1
1.423934,29.206,81.653,27.601,1
1.424483,30.358,81.474,27.741,1
1.425025,30.726,81.405,27.429,1
1.425570,30.582,81.242,27.712,1
1.426144,29.045,82.316,27.524,1
1.426695,30.219,82.467,27.730,1
1.427270,29.006,81.848,27.591,1
1.427827,29.948,82.389,27.784,1
1.428384,29.923,80.831,27.680,1
1.429005,26.797,85.433,27.786,1
1.429489,34.486,81.301,27.504,1
1.430054,29.494,80.898,27.809,1
1.430605,30.217,81.445,27.577,1
1.431154,30.367,81.275,27.851,1
1.431703,30.367,81.173,27.820,1
1.432292,28.304,83.183,27.943,1
1.432906,27.126,87.372,27.638,1
1.433432,31.721,83.801,27.853,1
1.433985,30.148,81.232,27.678,1
1.434534,30.357,81.061,27.807,1
1.435083,30.330,81.219,27.468,1
1.435626,30.701,80.905,27.721,1
1.436181,30.044,81.194,27.500,1
1.436723,30.718,80.990,27.689,1
1.437417,24.020,89.493,27.708,1
1.437833,40.064,81.476,27.375,1
1.438376,30.694,81.023,27.447,1
1.438927,30.250,81.306,27.597,1
1.439478,30.241,81.788,27.345,1
1.440022,30.664,81.312,27.547,1
1.440585,29.584,80.792,27.314,1
1.441129,30.639,80.871,27.574,1
1.441730,27.755,81.887,27.260,1
1.442277,30.432,81.609,27.590,1
1.442816,30.913,80.924,27.329,1
1.443384,29.339,80.972,27.632,1
1.443945,29.744,81.735,27.482,1
1.444471,31.696,80.773,27.572,1
1.445060,28.288,81.383,27.293,1
1.445618,29.870,82.157,27.553,1
1.446215,27.893,85.428,27.449,1
1.446730,32.369,83.228,27.538,1
1.447261,31.407,81.278,27.253,1
1.447840,28.766,83.254,27.495,1
1.448396,30.016,81.575,27.277,1
1.448951,30.017,82.139,27.498,1
1.449493,30.747,82.084,27.265,1
1.450028,31.146,81.005,27.488,1
1.450589,29.710,82.031,27.187,1
1.451133,30.630,81.611,27.373,1
1.451687,30.095,81.178,27.131,1
1.452272,28.488,83.310,27.368,1
1.452814,30.752,82.847,27.237,1
1.453422,27.403,83.269,27.579,1
1.454033,27.262,84.743,27.411,1
1.454539,32.976,82.011,27.831,1
1.455078,30.939,81.223,27.688,1
1.455621,30.687,81.054,27.849,1
1.456182,29.693,81.678,27.963,1
1.456715,31.243,81.156,28.588,1
1.457268,30.163,81.771,28.542,1
1.457830,29.660,82.587,28.942,1
1.458378,30.425,82.334,29.237,1
1.458924,30.482,82.191,29.715,1
1.459482,29.894,82.355,30.148,1
1.460023,30.810,81.679,30.546,1
1.460595,29.160,83.088,30.935,1
1.461137,30.731,82.519,31.410,1
1.461682,30.560,82.310,31.713,1
1.462284,27.685,85.318,32.072,1
1.462887,27.666,88.144,32.997,1
1.463355,35.580,81.695,32.976,1
1.463931,28.926,83.638,33.586,1
1.464468,31.066,82.302,33.024,1
1.464996,31.534,81.211,33.094,1
1.465597,27.749,83.904,33.027,1
1.466098,33.247,80.540,33.290,1
1.466732,26.307,85.653,32.858,1
1.467288,29.947,81.151,32.816,1
1.467843,30.059,80.916,32.749,1
1.468404,29.684,81.564,32.729,1
1.469019,27.100,85.645,32.754,1
1.469506,34.269,81.709,32.576,1
1.470038,31.298,81.115,32.706,1
1.470665,26.595,85.612,32.622,1
1.471213,30.382,85.858,32.852,1
1.471695,34.589,81.716,32.601,1
1.472260,29.484,81.264,32.574,1
1.472826,29.447,82.296,32.559,1
1.473353,31.647,81.343,32.708,1
1.473904,30.241,81.484,32.394,1
1.474461,29.918,81.962,32.421,1
1.475023,29.656,82.683,32.620,1
1.475609,28.434,84.884,32.705,1
1.476190,28.695,83.180,32.462,1
1.476711,32.019,81.263,32.641,1
1.477274,29.608,82.059,32.643,1
1.477808,31.187,81.000,32.644,1
1.478387,28.802,81.108,32.922,1
1.478991,27.577,84.525,32.738,1
1.479611,26.886,89.162,33.021,1
1.480050,37.955,81.261,32.747,1
1.480613,29.619,81.928,32.909,1
1.481148,31.158,80.914,32.695,1
1.481702,30.083,81.044,33.085,1
1.482258,29.945,81.722,32.700,1
1.482805,30.482,81.941,32.699,1
1.483344,30.912,81.218,32.480,1
1.483904,29.793,81.751,32.762,1
1.484451,30.453,80.758,32.586,1
1.485062,27.277,81.349,32.873,1
1.485617,30.019,81.553,32.545,1
1.486181,29.541,82.363,32.813,1
1.486725,30.636,81.154,32.555,1
1.487303,28.849,83.186,32.881,1
1.487910,27.446,86.987,32.635,1
1.488371,36.207,81.439,32.480,1
1.488940,29.288,82.072,32.459,1
1.489471,31.359,81.387,32.625,1
1.490010,30.959,81.125,32.428,1
1.490566,29.965,81.508,32.753,1
1.491119,30.111,80.858,32.258,1
1.491728,27.367,81.335,32.327,1
1.492288,29.782,81.758,32.533,1
1.492824,31.084,81.309,32.661,1
1.493381,29.947,81.025,32.400,1
1.494006,26.647,85.843,32.516,1
1.494495,34.109,82.152,32.589,1
1.495032,31.025,81.286,32.778,1
1.495643,27.261,84.259,32.599,1
1.496189,30.552,84.467,32.658,1
1.496685,33.588,81.212,32.414,1
1.497242,29.928,81.473,32.352,1
1.497790,30.397,81.008,32.634,1
1.498405,27.120,81.938,32.839,1
1.498949,30.598,81.410,32.537,1
1.499499,30.346,81.298,32.736,1
1.500053,30.039,81.171,32.881,1
1.500641,28.388,83.277,32.856,1
1.501152,32.586,80.936,32.804,1
1.501708,29.992,81.177,32.922,1
1.502279,29.152,82.413,32.556,1
1.502810,31.414,81.175,32.941,1
1.503354,30.613,,32.720,1
1.503920,29.449,,21.770,1
1.504550,26.463,,32.660,1
1.505017,35.680,,32.774,1
1.505561,30.672,,32.525,1
1.506122,29.688,,32.635,1
1.506657,31.138,,32.325,1
1.507231,29.068,,32.322,1
1.507766,31.109,,32.523,1
1.508334,29.359,,32.616,1
1.508894,29.752,,32.371,1
1.509445,30.252,,32.345,1
1.509985,30.889,,32.439,1
1.510591,27.517,,32.442,1
1.511121,31.417,,32.383,1
1.511658,31.020,80.666,32.495,1
1.512260,27.697,84.015,32.855,1
1.512867,27.477,87.122,32.526,1
1.513357,34.019,83.120,32.640,1
1.513897,30.858,81.569,32.909,1
1.514436,30.879,80.856,32.839,1
1.514983,30.470,80.782,32.877,1
1.515634,25.608,81.201,33.183,1
1.516178,30.668,80.883,32.787,1
1.516743,29.485,81.636,32.779,1
1.517288,30.574,81.321,32.828,1
1.517832,30.663,80.979,32.811,1
1.518466,26.289,85.859,32.964,1
1.518975,32.703,83.505,32.674,1
1.519480,33.013,80.817,32.811,1
1.520055,29.008,80.961,32.796,1
1.520674,26.915,85.039,32.735,1
1.521257,28.594,87.238,32.774,1
1.521719,36.043,81.998,32.512,1
1.522282,29.611,82.637,32.813,1
1.522838,29.978,83.041,32.516,1
1.523369,31.379,81.995,32.712,1
1.523975,27.502,84.178,32.569,1
1.524487,32.578,82.226,32.685,1
1.525049,29.659,82.650,32.684,1
1.525591,30.733,82.348,32.728,1
1.526130,30.911,82.005,32.909,1
1.526684,30.103,82.121,32.763,1
1.527279,28.019,84.972,32.978,1
1.527785,32.890,82.029,32.632,1
1.528365,28.770,83.585,32.587,1
1.528951,28.451,85.314,32.721,1
1.529466,32.313,82.960,32.890,1
1.530039,29.078,83.829,32.732,1
1.530629,28.266,83.245,32.842,1
1.531134,33.004,81.200,32.769,1
1.531761,26.580,83.320,32.853,1
1.532328,29.389,84.215,32.882,1
1.532833,33.002,81.397,33.130,1
1.533393,29.772,82.558,32.620,1
1.533946,30.169,81.903,32.769,1
1.534495,30.328,81.666,32.748,1
1.535066,29.181,81.922,32.954,1
1.535630,29.543,83.007,32.639,1
1.536146,32.298,81.329,32.747,1
1.536705,29.853,82.084,32.932,1
1.537287,28.598,84.252,32.821,1
1.537954,25.003,91.463,32.984,1
1.538377,39.378,84.266,32.703,1
1.538947,29.241,82.266,32.591,1
1.539478,31.431,81.224,32.690,1
1.540024,30.485,81.492,32.979,1
1.540642,26.976,85.560,32.572,1
1.541135,33.791,82.109,32.611,1
1.541694,29.807,81.734,32.698,1
1.542327,26.356,85.260,32.459,1
1.542871,30.619,85.129,32.809,1
1.543456,28.477,85.135,32.558,1
1.543956,33.370,82.516,32.724,1
1.544474,32.143,81.010,32.468,1
1.545061,28.395,81.326,32.604,1
1.545625,29.579,82.264,32.591,1
1.546246,26.810,86.776,32.746,1
1.546729,34.520,81.352,32.381,1
1.547360,26.436,86.177,32.732,1
1.547841,34.602,81.969,32.406,1
1.548388,30.467,81.671,32.790,1
1.549089,23.796,91.023,32.583,1
1.549493,41.186,82.194,32.851,1
1.550065,29.183,81.613,32.704,1
1.550639,29.016,83.471,32.786,1
1.551174,31.148,82.831,32.751,1
1.551694,32.043,81.098,32.783,1
1.552326,26.391,85.258,32.765,1
1.552814,34.106,82.074,33.121,1
1.553389,28.988,81.266,32.740,1
1.554009,26.907,85.642,33.053,1
1.554543,31.192,85.165,32.738,1
1.555093,30.285,83.264,32.934,1
1.555648,30.042,83.867,32.961,1
1.556175,31.666,82.451,32.920,1
1.556739,29.523,82.336,32.735,1
1.557347,27.398,86.106,32.679,1
1.557814,35.719,81.224,32.801,1
1.558365,30.239,81.235,32.587,1
1.558986,26.857,85.964,32.836,1
1.559463,34.906,80.938,32.620,1
1.560019,30.010,81.713,32.924,1
1.560648,26.466,86.056,32.602,1
1.561131,34.518,82.206,32.508,1
1.561660,31.529,80.781,32.686,1
1.562296,26.198,86.225,32.914,1
1.562891,28.020,88.567,33.266,1
1.563323,38.564,81.152,33.273,1
1.564034,23.427,90.242,33.893,1
1.564498,35.966,84.869,33.984,1
1.565109,27.284,81.238,34.659,1
1.565670,29.691,82.036,34.760,1
1.566208,30.952,81.323,35.585,1
1.566755,30.467,81.304,35.758,1
1.567311,29.984,82.054,36.405,1
1.567845,31.220,81.380,36.465,1
1.568393,30.396,81.481,36.991,1
1.569006,27.207,85.362,37.842,1
1.569482,35.001,81.471,38.014,1
1.570026,30.657,81.340,38.656,1
1.570648,26.778,84.830,39.018,1
1.571212,29.588,85.736,40.043,1
1.571697,34.368,81.825,40.260,1
1.572365,24.944,87.682,40.876,1
1.572807,37.716,81.185,41.371,1
1.573358,30.205,81.380,42.066,1
1.574006,25.735,87.342,42.092,1
1.574475,35.538,82.570,43.040,1
1.575053,28.812,,42.663,1
1.575696,25.933,56.959,49.088,1
1.576088,42.475,80.503,49.522,1
1.576655,29.410,81.159,58.603,1
1.577334,24.556,,60.367,1
1.577781,37.241,,53.404,1
1.578338,29.973,81.743,43.460,1
1.579022,24.358,86.602,41.564,1
1.579574,30.197,86.769,40.431,1
1.580079,32.966,82.785,38.653,1
1.580697,26.976,87.052,36.399,1
1.581145,37.230,81.268,34.619,1
1.581770,26.648,83.871,33.849,1
1.582388,26.974,87.898,32.621,1
1.582830,37.747,81.317,32.254,1
1.583417,28.372,84.076,31.444,1
1.584053,26.224,87.692,31.218,1
1.584515,36.051,82.279,31.203,1
1.585055,30.844,80.992,31.066,1
1.585702,25.766,87.198,30.990,1
1.586150,37.230,81.190,31.005,1
1.586695,30.542,80.800,30.819,1
1.587424,22.862,91.197,30.990,1
1.587950,31.739,89.912,30.819,1
1.588398,37.179,81.624,30.777,1
1.589065,24.999,88.973,30.738,1
1.589507,37.637,82.438,30.804,1
1.590061,30.087,81.637,30.612,1
1.590720,25.315,88.505,30.500,1
1.591156,38.214,81.938,30.654,1
1.591727,29.166,83.650,30.691,1
1.592395,24.953,89.407,30.383,1
1.592841,37.363,81.295,30.657,1
1.593381,30.908,81.230,30.416,1
1.594042,25.201,88.229,30.469,1
1.594468,39.132,80.618,30.700,1
1.595053,28.481,80.821,30.475,1
1.595721,24.954,88.448,30.384,1
1.596319,27.852,91.619,30.927,1
1.596761,37.755,85.086,30.610,1
1.597393,26.354,89.312,30.818,1
1.597806,40.324,81.460,30.799,1
1.598403,27.961,82.145,30.809,1
1.599031,26.500,87.194,30.794,1
1.599480,37.137,80.994,30.820,1
1.600030,30.316,81.229,30.791,1
1.600714,24.378,88.638,30.968,1
1.601172,36.326,83.126,31.003,1
1.601717,30.597,82.372,31.219,1
1.602374,25.385,88.382,31.020,1
1.602825,36.919,82.887,31.252,1
1.603383,29.904,81.562,31.303,1
1.604040,25.359,88.011,30.974,1
1.604544,33.073,85.340,31.058,1
1.605046,33.187,82.708,31.098,1
1.605766,23.137,91.837,31.015,1
1.606154,42.954,81.812,30.873,1
1.606698,30.678,81.337,30.912,1
1.607365,24.973,87.609,30.803,1
1.607819,36.735,81.891,31.000,1
1.608385,29.437,81.087,30.655,1
1.609085,23.792,90.243,30.850,1
1.609497,40.450,81.840,30.645,1
1.610109,27.252,84.637,30.827,1
1.610640,31.371,83.790,30.832,1
1.611157,32.244,81.616,30.837,1
1.611743,28.458,83.424,30.775,1
1.612438,23.976,91.979,30.746,1
1.612861,39.419,84.657,30.942,1
1.613369,32.759,82.547,30.871,1
1.614094,23.016,89.731,30.914,1
1.614499,41.079,81.314,30.756,1
1.615052,30.158,81.870,30.972,1
1.615683,26.431,86.528,31.098,1
1.616148,35.832,81.443,30.786,1
1.616698,30.258,81.321,30.950,1
1.617290,28.169,83.857,30.927,1
1.617804,32.420,81.688,31.045,1
1.618345,30.803,81.183,30.822,1
1.618895,30.315,81.147,30.875,1
1.619447,30.218,81.111,30.844,1
1.620076,26.489,82.255,30.884,1
1.620639,29.573,83.463,30.694,1
1.621283,25.910,88.948,30.549,1
1.621707,39.229,81.842,30.268,1
1.622243,31.128,81.331,30.447,1
1.622802,29.822,82.086,30.295,1
1.623342,30.851,81.485,30.432,1
1.623895,30.150,81.694,30.373,1
1.624449,30.075,81.997,30.367,1
1.625054,27.526,85.086,30.231,1
1.625582,31.624,80.755,30.357,1
1.626151,29.260,81.816,30.469,1
1.626700,30.342,82.078,30.305,1
1.627287,28.429,82.932,30.402,1
1.627828,30.794,82.441,30.429,1
1.628412,28.549,82.509,30.266,1
1.628941,31.461,81.267,30.468,1
1.629638,23.940,90.034,30.452,1
1.630062,39.279,81.409,30.442,1
1.630647,28.504,83.462,30.739,1
1.631183,31.063,82.691,30.581,1
1.631724,30.837,81.958,30.676,1
1.632269,30.574,81.823,30.532,1
1.632807,30.968,81.471,30.742,1
1.633371,29.577,82.153,30.947,1
1.633931,29.745,81.522,30.635,1
1.634487,29.980,81.936,30.709,1
1.635022,31.160,81.244,30.866,1
1.635591,29.248,81.384,30.641,1
1.636147,29.984,81.375,30.704,1
1.636699,30.185,81.429,30.625,1
1.637256,29.958,81.043,30.499,1
1.637912,25.398,87.782,30.644,1
1.638403,33.935,82.011,30.458,1
1.638943,30.868,81.138,30.480,1
1.639496,30.136,81.201,30.580,1
1.640038,30.734,80.775,30.556,1
1.640605,29.395,81.779,30.478,1
1.641143,30.997,81.177,30.545,1
1.641687,30.652,81.068,30.623,1
1.642231,30.618,81.122,30.604,1
1.642839,27.409,84.325,30.697,1
1.643336,33.566,81.469,30.581,1
1.643885,30.359,81.255,30.806,1
1.644442,29.884,81.703,30.942,1
1.644985,30.719,80.977,30.767,1
1.645551,29.450,81.399,30.826,1
1.646270,23.190,91.330,30.910,1
1.646690,39.629,82.724,30.905,1
1.647210,32.073,81.017,30.910,1
1.647785,28.983,81.166,30.885,1
1.648328,30.676,81.301,31.105,1
1.648894,29.471,82.083,30.850,1
1.649483,28.275,84.136,30.981,1
1.650000,32.266,81.820,30.830,1
1.650591,28.188,83.805,31.073,1
1.651136,30.572,81.900,30.969,1
1.651690,30.110,81.281,31.044,1
1.652274,28.538,82.127,31.104,1
1.652816,30.722,82.036,31.049,1
1.653349,31.254,80.941,30.877,1
1.653938,28.303,82.009,30.698,1
1.654580,25.982,87.394,30.880,1
1.655032,36.867,81.725,30.776,1
1.655605,29.064,83.145,30.670,1
1.656119,32.420,80.863,30.631,1
1.656682,29.613,80.900,30.790,1
1.657242,29.799,81.419,30.483,1
1.657817,28.974,83.109,30.285,1
1.658339,31.889,81.536,30.275,1
1.658890,30.260,81.831,30.336,1
1.659448,29.878,81.885,30.157,1
1.659988,30.844,80.977,30.405,1
1.660557,29.289,81.802,30.252,1
1.661135,28.844,83.311,30.228,1
1.661696,29.742,83.012,30.332,1
1.662241,30.533,82.356,30.202,1
1.662904,25.140,88.675,30.374,1
1.663373,35.574,83.654,30.269,1
1.663898,31.752,81.995,30.402,1
1.664452,30.048,82.120,30.336,1
1.665014,29.662,82.686,30.262,1
1.665576,29.657,82.607,30.429,1
1.666123,30.496,82.065,30.546,1
1.666666,30.677,81.414,30.462,1
1.667236,29.228,82.308,30.604,1
1.667797,29.727,82.846,30.242,1
1.668378,28.674,81.357,30.446,1
1.668932,30.109,81.587,30.470,1
1.669479,30.484,81.445,30.492,1
1.670027,30.383,81.640,30.411,1
1.670584,29.930,82.026,30.549,1
1.671238,25.476,88.492,30.411,1
1.671713,35.130,82.822,30.425,1
1.672257,30.604,81.083,30.320,1
1.672817,29.796,81.912,30.527,1
1.673367,30.257,82.316,30.648,1
1.673928,29.734,81.373,30.412,1
1.674498,29.254,82.472,30.495,1
1.675049,30.223,82.706,30.650,1
1.675583,31.216,80.962,30.469,1
1.676142,29.825,81.566,30.730,1
1.676690,30.383,81.490,30.672,1
1.677259,29.308,82.471,30.669,1
1.677833,29.042,84.367,30.581,1
1.678404,29.166,83.017,30.874,1
1.678916,32.595,81.229,30.990,1
1.679570,25.466,87.900,30.818,1
1.680046,35.023,83.842,31.051,1
1.680602,29.971,82.081,30.770,1
1.681164,29.668,82.660,30.995,1
1.681705,30.790,81.702,30.950,1
1.682260,30.026,81.635,30.855,1
1.682821,29.715,82.466,30.692,1
1.683374,30.135,82.377,30.828,1
1.683939,29.524,83.431,30.519,1
1.684479,30.827,82.861,30.646,1
1.685088,27.381,82.986,30.345,1
1.685617,31.512,82.136,30.564,1
1.686160,30.719,81.521,30.427,1
1.686715,29.987,82.162,30.355,1
1.687259,30.688,81.213,30.502,1
1.687932,24.763,88.721,30.381,1
1.688381,37.044,82.629,30.576,1
1.688917,31.112,81.393,30.249,1
1.689490,29.084,82.760,30.277,1
1.690027,31.053,82.445,30.524,1
1.690578,30.263,82.379,30.441,1
1.691141,29.605,82.685,30.439,1
1.691686,30.561,82.349,30.421,1
1.692241,30.030,82.588,30.547,1
1.692778,31.051,81.673,30.333,1
1.693315,31.009,80.745,30.375,1
1.693889,29.068,81.707,30.286,1
1.694451,29.625,81.704,30.344,1
1.694996,30.615,81.384,30.146,1
1.695542,30.487,80.938,30.312,1
1.696243,23.795,89.804,30.509,1
1.696648,41.113,80.598,30.742,1
1.697213,29.507,81.280,30.999,1
1.697772,29.827,81.406,31.301,1
1.698332,29.726,81.710,31.211,1
1.698898,29.453,81.371,31.326,1
1.699468,29.240,81.811,31.278,1
1.700032,29.560,83.134,31.113,1
1.700550,32.197,81.057,30.916,1
1.701169,26.899,85.102,30.953,1
1.701718,30.397,81.320,30.941,1
1.702267,30.332,81.290,30.834,1
1.702834,29.393,81.266,30.741,1
1.703398,29.545,81.810,31.038,1
1.703935,31.069,81.265,30.855,1
1.704581,25.781,87.393,30.905,1
1.705023,37.711,81.270,31.012,1
1.705589,29.471,81.369,30.858,1
1.706150,29.685,81.862,31.194,1
1.706695,30.586,81.460,31.175,1
1.707273,28.816,82.153,31.705,1
1.707812,30.918,81.823,31.614,1
1.708382,29.245,80.940,32.018,1
1.708942,29.805,81.653,32.330,1
1.709482,30.864,81.457,32.291,1
1.710029,30.420,81.186,32.606,1
1.710592,29.643,81.419,32.527,1
1.711135,30.660,81.195,33.196,1
1.711693,29.889,81.667,33.387,1
1.712233,30.828,81.119,33.824,1
1.712885,25.595,87.177,33.284,1
1.713338,36.794,81.352,33.624,1
1.713881,30.667,81.089,33.270,1
1.714477,27.977,83.712,33.314,1
1.715053,28.913,80.912,32.566,1
1.715608,30.022,81.361,32.763,1
1.716147,30.932,80.860,32.568,1
1.716693,30.562,80.957,32.746,1
1.717256,29.596,81.104,33.346,1
1.717802,30.486,80.995,32.701,1
1.718387,28.506,81.213,32.899,1
1.718927,30.884,80.778,32.437,1
1.719474,30.451,81.070,32.692,1
1.720071,27.941,81.980,32.268,1
1.720602,31.345,81.248,32.589,1
1.721201,27.830,84.093,32.548,1
1.721742,30.832,82.381,32.741,1
1.722265,31.849,81.105,32.586,1
1.722809,30.638,81.053,32.615,1
1.723388,28.769,81.357,32.754,1
1.723932,30.641,81.107,32.468,1
1.724511,28.808,82.763,32.608,1
1.725031,32.051,81.365,32.237,1
1.725602,29.186,82.120,32.650,1
1.726144,30.722,81.898,32.573,1
1.726685,30.814,81.202,32.754,1
1.727270,28.499,81.966,32.986,1
1.727847,28.874,80.998,32.576,1
1.728394,30.507,81.068,32.774,1
1.728944,30.274,81.249,32.142,1
1.729620,24.650,88.983,32.301,1
1.730052,38.586,80.890,32.412,1
1.730605,30.153,81.448,32.642,1
1.731154,30.362,81.253,32.853,1
1.731706,30.161,81.394,32.664,1
1.732259,30.185,81.306,32.812,1
1.732816,29.912,82.176,32.455,1
1.733392,28.944,81.479,32.549,1
1.733933,30.773,81.115,32.298,1
1.734496,29.614,82.195,32.353,1
1.735077,28.687,82.368,32.345,1
1.735617,30.848,82.224,32.903,1
1.736167,30.304,82.002,32.664,1
1.736715,30.433,81.696,33.003,1
1.737281,29.418,82.630,32.529,1
1.737902,26.847,87.246,32.600,1
1.738424,31.939,83.292,32.624,1
1.738944,32.063,81.240,32.619,1
1.739507,29.594,81.897,32.563,1
1.740043,31.076,81.186,32.852,1
1.740586,30.706,81.237,32.631,1
1.741146,29.772,81.952,32.717,1
1.741698,30.206,81.949,32.656,1
1.742241,30.709,81.484,32.679,1
1.742788,30.447,81.180,32.142,1
1.743340,30.207,81.765,32.080,1
1.743898,29.835,82.276,32.476,1
1.744433,31.152,81.253,32.463,1
1.744989,29.977,81.311,32.849,1
1.745542,30.169,80.954,32.564,1
1.746243,23.780,89.782,32.709,1
1.746667,39.281,81.962,32.873,1
1.747234,29.401,82.351,32.567,1
1.747762,31.573,80.831,32.715,1
1.748336,29.017,82.037,32.239,1
1.748970,26.301,84.005,32.741,1
1.749496,31.687,81.226,32.479,1
1.750051,29.999,81.789,32.772,1
1.750599,30.441,81.883,32.474,1
1.751155,29.961,81.892,32.673,1
1.751703,30.408,81.570,32.581,1
1.752254,30.230,81.300,32.010,1
1.752802,30.458,81.534,32.197,1
1.753351,30.348,81.637,32.334,1
1.753909,29.863,81.733,32.704,1
1.754548,26.061,86.826,33.034,1
1.755007,36.324,81.517,32.663,1
1.755582,28.999,83.132,32.622,1
1.756126,30.625,82.836,32.677,1
1.756715,28.318,84.817,32.268,1
1.757210,33.635,81.228,32.361,1
1.757826,27.083,84.816,32.162,1
1.758389,29.594,81.408,32.040,1
1.758947,29.871,81.990,32.282,1
1.759490,30.705,81.429,32.610,1
1.760041,30.235,81.379,32.329,1
1.760590,30.357,81.385,32.504,1
1.761170,28.724,82.739,32.228,1
1.761700,31.449,81.499,32.265,1
1.762283,28.616,81.590,31.984,1
1.762935,25.558,87.825,32.473,1
1.763378,37.614,81.374,32.760,1
1.763935,29.898,81.915,32.568,1
1.764470,31.189,81.415,32.808,1
1.765024,30.079,81.570,32.323,1
1.765601,28.875,82.089,32.628,1
1.766139,30.952,81.460,32.234,1
1.766701,29.689,82.169,32.399,1
1.767230,31.463,81.198,32.234,1
1.767788,29.878,82.126,32.513,1
1.768327,30.958,81.369,32.609,1
1.768914,28.373,83.263,32.674,1
1.769481,29.409,82.701,32.499,1
1.770020,30.889,82.739,32.574,1
1.770600,28.733,81.957,32.246,1
1.771240,26.050,87.053,32.324,1
1.771707,35.697,82.508,32.176,1
1.772265,29.879,82.805,32.744,1
1.772826,29.683,83.525,32.476,1
1.773358,31.336,83.100,32.696,1
1.773940,28.637,82.196,32.256,1
1.774492,30.181,82.195,32.333,1
1.775063,29.235,81.780,32.759,1
1.775606,30.644,81.275,32.093,1
1.776170,29.567,81.909,31.968,1
1.776724,30.077,81.723,32.576,1
1.777269,30.581,81.325,32.427,1
1.777841,29.144,82.490,32.672,1
1.778382,30.835,82.014,32.449,1
1.778931,30.337,81.613,32.363,1
1.779550,26.943,85.773,32.276,1
1.780050,33.319,81.027,32.482,1
1.780605,30.039,81.188,32.172,1
1.781152,30.466,81.372,32.633,1
1.781701,30.324,81.492,32.562,1
1.782253,30.202,81.646,32.461,1
1.782800,30.491,81.403,32.684,1
1.783423,26.736,83.301,32.166,1
1.783943,32.086,81.475,32.320,1
1.784487,30.609,81.428,32.184,1
1.785066,28.774,81.743,32.042,1
1.785622,29.989,82.125,32.400,1
1.786193,29.178,83.470,32.475,1
1.786704,32.605,81.138,32.540,1
1.787256,30.228,81.177,32.626,1
1.787864,27.386,84.701,32.403,1
1.788381,32.240,82.591,32.419,1
1.788922,30.835,81.706,32.605,1
1.789472,30.291,81.540,32.247,1
1.790024,30.179,82.120,32.435,1
1.790594,29.268,83.096,32.428,1
1.791143,30.358,82.938,32.867,1
1.791661,32.161,81.316,32.582,1
1.792209,30.415,81.000,32.847,1
1.792786,28.857,82.355,32.412,1
1.793322,31.128,81.130,32.569,1
1.793871,30.379,80.718,32.195,1
1.794442,29.183,81.589,32.318,1
1.795030,28.340,83.600,32.240,1
1.795560,31.452,82.199,33.013,1
1.796191,26.403,86.730,32.807,1
1.796678,34.247,82.578,32.811,1
1.797209,31.372,81.011,32.914,1
1.797830,26.812,84.955,32.561,1
1.798323,33.808,81.147,32.782,1
1.798877,30.091,81.082,32.487,1
1.799470,28.113,83.448,32.845,1
1.799994,31.829,81.372,32.610,1
1.800568,29.044,82.664,32.603,1
1.801155,28.391,83.575,32.813,1
1.801675,32.026,81.505,32.416,1
1.802228,30.163,81.390,32.705,1
1.802829,27.728,84.169,32.708,1
1.803338,32.727,81.649,32.196,1
1.803874,31.113,80.739,32.570,1
1.804602,22.894,91.221,32.587,1
1.804984,43.560,80.953,32.866,1
1.805542,29.874,81.036,33.452,1
1.806128,28.434,82.975,32.975,1
1.806704,28.925,83.068,33.111,1
1.807219,32.369,81.152,32.738,1
1.807807,28.341,83.587,32.851,1
1.808312,33.044,80.667,32.395,1
1.808959,25.748,81.180,32.897,1
1.809516,29.922,81.818,32.779,1
1.810053,31.067,81.278,32.818,1
1.810608,29.989,82.024,32.750,1
1.811220,27.224,85.909,32.491,1
1.811700,34.722,81.582,32.579,1
1.812242,30.763,81.124,32.302,1
1.812973,22.813,91.928,32.537,1
1.813440,35.708,84.117,32.224,1
1.813939,33.356,80.975,32.582,1
1.814498,29.843,81.915,32.597,1
1.815071,29.063,82.046,32.780,1
1.815620,30.363,81.440,32.655,1
1.816166,30.517,81.215,32.658,1
1.816729,29.610,81.871,32.661,1
1.817279,30.315,81.935,32.082,1
1.817842,29.621,82.790,32.085,1
1.818401,29.795,82.102,32.570,1
1.818941,30.875,81.705,32.403,1
1.819481,30.821,81.508,32.591,1
1.820034,30.151,82.098,32.464,1
1.820593,29.853,81.315,32.575,1
1.821159,29.400,82.246,32.424,1
1.821818,25.307,89.189,32.423,1
1.822254,38.243,80.987,32.026,1
1.822865,27.284,82.558,32.564,1
1.823441,28.944,83.863,32.510,1
1.823939,33.457,80.954,32.681,1
1.824495,29.967,81.603,32.548,1
1.825029,31.201,81.100,32.682,1
1.825584,30.023,81.080,32.462,1
1.826179,28.003,84.033,32.433,1
1.826696,32.286,81.873,31.951,1
1.827273,28.840,82.211,32.049,1
1.827874,27.735,85.465,32.393,1
1.828400,31.692,82.013,32.973,1
1.828970,29.272,83.399,32.974,1
1.829647,24.614,91.458,33.190,1
1.830057,40.643,81.133,33.139,1
1.830625,29.330,82.412,33.058,1
1.831151,31.685,81.171,33.196,1
1.831728,28.895,81.383,32.482,1
1.832279,30.240,81.360,33.005,1
1.832831,30.170,81.330,32.759,1
1.833377,30.569,80.863,32.947,1
1.833924,30.429,81.300,31.984,1
1.834478,30.104,81.350,32.245,1
1.835053,28.977,80.954,31.831,1
1.835626,29.112,82.458,30.947,1
1.836215,28.283,84.970,30.978,1
1.836726,32.590,81.388,30.440,1
1.837278,30.236,81.351,30.208,1
1.837888,27.314,85.271,29.407,1
1.838519,26.399,88.941,29.368,1
1.838942,39.386,81.179,28.956,1
1.839491,30.398,81.313,28.676,1
1.840037,30.502,80.989,28.029,1
1.840591,30.073,81.337,28.028,1
1.841179,28.372,83.995,27.657,1
1.841683,33.066,81.482,27.738,1
1.842232,30.361,81.384,27.596,1
1.842825,28.071,83.370,27.168,1
1.843351,31.678,81.817,27.302,1
1.843932,28.691,81.753,27.276,1
1.844478,30.544,81.935,27.329,1
1.845052,29.046,81.051,27.128,1
1.845600,30.422,81.187,27.438,1
1.846209,27.358,84.621,27.187,1
1.846824,27.073,89.212,27.434,1
1.847268,37.615,81.864,27.193,1
1.847843,28.956,83.890,27.472,1
1.848385,30.762,81.070,27.264,1
1.848935,30.325,81.383,27.626,1
1.849519,28.541,83.219,27.418,1
1.850043,31.798,81.797,27.695,1
1.850588,30.559,81.638,27.536,1
1.851175,28.416,84.226,27.715,1
1.851674,33.397,81.354,27.603,1
1.852230,29.931,82.017,27.876,1
1.852805,29.009,83.458,27.885,1
1.853373,29.341,83.937,27.662,1
1.853882,32.779,81.440,27.956,1
1.854502,26.872,85.159,27.653,1
1.855093,28.180,87.502,27.577,1
1.855533,37.890,80.561,27.893,1
1.856164,26.421,85.118,27.580,1
1.856661,33.511,81.429,27.830,1
1.857199,31.006,80.563,27.423,1
1.857889,24.138,87.536,27.660,1
1.858329,37.867,81.535,27.517,1
1.858898,29.326,80.913,27.558,1
1.859579,24.469,88.598,27.219,1
1.860004,39.224,81.752,27.548,1
1.860561,29.887,82.103,27.197,1
1.861175,27.176,85.712,27.419,1
1.861654,34.737,81.215,27.123,1
1.862251,27.919,83.686,27.313,1
1.862837,28.442,84.114,26.927,1
1.863484,25.781,87.170,27.189,1
1.863930,37.391,80.992,27.218,1
1.864534,27.560,84.928,26.848,1
1.865061,31.640,83.382,27.162,1
1.865582,31.993,81.014,26.950,1
1.866151,29.273,82.371,26.979,1
1.866683,31.355,81.230,27.129,1
1.867234,30.255,81.172,26.836,1
1.867826,28.140,83.409,27.143,1
1.868356,31.472,82.176,26.858,1
1.868909,30.143,82.864,27.104,1
1.869495,28.401,84.931,27.159,1
1.870062,29.419,81.469,26.927,1
1.870603,30.834,81.071,27.220,1
1.871221,26.949,85.340,27.125,1
1.871858,26.171,89.254,27.202,1
1.872303,37.423,82.836,26.915,1
1.872851,30.427,82.654,27.306,1
1.873389,30.945,81.414,27.277,1
1.873937,30.431,81.198,27.461,1
1.874518,28.691,83.484,27.171,1
1.875040,31.949,81.582,27.536,1
1.875588,30.427,81.110,27.276,1
1.876181,28.078,84.130,27.675,1
1.876677,33.629,81.344,27.457,1
1.877217,30.845,80.696,27.642,1
1.877872,25.460,86.147,27.705,1
1.878411,30.913,82.651,27.395,1
1.878933,31.927,81.263,27.686,1
1.879567,26.276,86.661,27.419,1
1.880145,28.832,86.710,27.750,1
1.880601,36.541,80.953,27.477,1
1.881185,28.565,82.869,27.700,1
1.881710,31.726,81.259,27.770,1
1.882255,30.608,81.090,27.355,1
1.882914,25.277,87.908,27.679,1
1.883404,34.001,81.794,27.369,1
1.883957,30.164,82.050,27.642,1
1.884559,27.669,85.641,27.377,1
1.885051,33.856,81.177,27.595,1
1.885606,30.054,81.464,27.328,1
1.886212,27.488,84.860,27.558,1
1.886723,32.627,82.938,27.252,1
1.887296,29.100,83.523,27.559,1
1.887882,28.446,84.869,27.357,1
1.888480,27.851,86.612,27.439,1
1.888930,37.048,80.929,27.203,1
1.889569,26.071,86.235,27.557,1
1.890038,35.544,81.384,27.437,1
1.890616,28.851,82.893,27.518,1
1.891208,28.162,85.772,27.261,1
1.891689,34.604,81.521,27.654,1
1.892256,29.429,81.170,27.376,1
1.892874,26.975,85.423,27.682,1
1.893355,34.595,81.024,27.711,1
1.893920,29.514,81.046,27.310,1
1.894583,25.145,88.251,27.552,1
1.895013,38.741,81.040,27.222,1
1.895594,28.663,81.149,27.562,1
1.896301,23.603,90.414,27.220,1
1.896770,35.468,85.487,27.307,1
1.897251,34.691,81.175,27.296,1
1.897873,26.800,85.424,27.526,1
1.898342,35.529,81.188,27.509,1
1.898898,29.973,81.598,27.188,1
1.899535,26.159,86.798,27.458,1
1.900008,35.256,82.130,27.115,1
1.900543,31.162,81.122,27.382,1
1.901207,25.095,87.672,27.150,1
1.901695,34.158,81.778,27.316,1
1.902246,30.235,82.444,27.000,1
1.902883,26.152,87.264,27.350,1
1.903381,33.516,81.161,27.399,1
1.903935,30.074,80.938,27.146,1
1.904567,26.357,86.252,27.421,1
1.905139,29.124,86.099,27.178,1
1.905598,36.340,81.058,27.443,1
1.906235,26.146,86.188,27.327,1
1.906704,35.556,81.807,27.408,1
1.907271,29.388,82.132,27.100,1
1.907892,26.849,84.532,27.354,1
1.908442,30.329,84.306,27.431,1
1.908971,31.501,82.905,27.120,1
1.909593,26.760,87.677,27.418,1
1.910046,36.808,80.948,27.139,1
1.910636,28.238,82.250,27.300,1
1.911263,26.609,86.716,27.380,1
1.911742,34.808,82.296,27.025,1
1.912311,29.285,83.846,27.260,1
1.912955,25.878,88.766,27.231,1
1.913619,25.094,95.132,26.900,1
1.913944,51.232,81.966,27.148,1
1.914605,25.218,88.734,27.001,1
1.915068,35.995,82.116,26.974,1
1.915598,31.436,80.803,27.265,1
1.916213,27.126,85.297,27.089,1
1.916691,34.839,80.817,27.186,1
1.917321,26.482,85.711,26.937,1
1.917927,27.494,89.462,27.160,1
1.918384,36.491,80.830,27.065,1
1.918924,30.824,80.691,27.273,1
1.919609,24.347,88.664,27.171,1
1.920026,39.939,80.617,27.443,1
1.920599,29.080,81.831,27.312,1
1.921276,24.633,89.843,27.559,1
1.921752,34.978,83.594,27.503,1
1.922313,29.703,84.160,27.691,1
1.922921,27.451,88.036,27.458,1
1.923348,38.957,80.643,27.715,1
1.923942,28.081,82.315,27.597,1
1.924586,25.867,87.907,27.758,1
1.925050,35.966,80.720,27.419,1
1.925628,28.800,82.347,27.710,1
1.926252,26.718,86.676,27.520,1
1.926726,35.151,81.428,27.724,1
1.927286,29.787,81.881,27.599,1
1.927914,26.519,86.926,27.783,1
1.928414,33.354,83.856,27.676,1
1.928947,31.284,82.689,27.776,1
1.929662,23.296,93.017,27.492,1
1.930166,33.056,87.780,27.801,1
1.930610,37.531,81.294,27.569,1
1.931246,26.215,86.331,27.861,1
1.931724,34.850,81.887,27.852,1
1.932263,30.939,81.025,27.954,1
1.932905,25.960,86.098,27.655,1
1.933401,33.602,82.819,27.853,1
1.933915,32.412,81.273,27.683,1
1.934582,25.019,88.188,27.792,1
1.935008,39.061,81.167,27.469,1
1.935547,30.924,80.453,27.705,1
1.936132,28.492,83.080,27.473,1
1.936672,30.869,82.193,27.664,1
1.937268,27.966,81.878,27.709,1
1.937964,23.943,90.887,27.361,1
1.938490,31.722,87.409,27.440,1
1.938972,34.571,83.664,27.589,1
1.939616,25.869,89.225,27.368,1
1.940054,38.045,81.095,27.554,1
1.940603,30.341,81.461,27.329,1
1.941256,25.533,87.461,27.560,1
1.941720,35.958,82.233,27.253,1
1.942252,31.312,80.995,27.586,1
1.942953,23.763,88.100,27.345,1
1.943379,39.167,80.925,27.633,1
1.943937,29.847,81.771,27.462,1
1.944575,26.139,87.218,27.545,1
1.945049,35.173,80.911,27.316,1
1.945613,29.504,82.250,27.526,1
1.946292,24.545,89.876,27.441,1
1.946823,31.431,87.221,27.559,1
1.947264,37.810,81.070,27.283,1
1.947921,25.357,87.414,27.482,1
1.948373,36.848,81.565,27.273,1
1.948922,30.382,81.210,27.517,1
1.949500,28.796,83.239,27.266,1
1.950009,32.789,81.129,27.470,1
1.950558,30.365,81.240,27.173,1
1.951120,29.644,81.118,27.379,1
1.951688,29.320,81.471,27.120,1
1.952254,29.471,81.072,27.356,1
1.952916,25.189,87.991,27.217,1
1.953383,35.642,81.156,27.564,1
1.953934,30.277,81.258,27.394,1
1.954496,29.642,82.487,27.837,1
1.955129,26.307,85.572,27.671,1
1.955605,35.021,81.051,27.856,1
1.956146,30.810,80.930,27.962,1
1.956702,30.016,81.065,28.590,1
1.957250,30.368,81.352,28.534,1
1.957788,31.025,80.583,28.954,1
1.958379,28.193,80.828,29.243,1
1.958975,27.969,84.072,29.712,1
1.959645,24.850,91.737,30.149,1
1.960042,41.966,81.223,30.573,1
1.960604,29.656,82.113,30.964,1
1.961143,30.972,81.782,31.396,1
1.961715,29.098,80.770,31.675,1
1.962282,29.407,81.594,32.079,1
1.962821,30.905,81.256,33.002,1
1.963499,24.590,87.859,33.014,1
1.963962,36.007,82.445,33.562,1
1.964491,31.516,80.989,33.080,1
1.965055,29.528,81.172,33.119,1
1.965594,30.954,80.860,33.002,1
1.966150,29.963,81.089,33.306,1
1.966695,30.577,81.029,32.838,1
1.967252,29.932,81.327,32.823,1
1.967817,29.506,82.128,32.739,1
1.968388,29.175,81.341,32.721,1
1.968952,29.558,82.409,32.683,1
1.969507,29.998,83.179,32.601,1
1.970059,30.230,81.370,32.669,1
1.970624,29.466,82.390,32.616,1
1.971189,29.518,82.901,32.871,1
1.971803,27.147,86.570,32.596,1
1.972317,32.413,84.267,32.564,1
1.972818,33.264,81.387,32.582,1
1.973354,31.103,80.996,32.695,1
1.973912,29.851,81.714,32.400,1
1.974462,30.334,81.561,32.449,1
1.975005,30.697,81.496,32.621,1
1.975548,30.689,81.264,32.702,1
1.976093,30.563,80.964,32.445,1
1.976682,28.316,82.925,32.631,1
1.977262,28.725,84.274,32.629,1
1.977782,32.036,82.285,32.652,1
1.978338,29.985,82.299,32.930,1
1.978869,31.378,80.714,32.791,1
1.979429,29.762,80.967,33.012,1
1.980091,25.170,87.322,32.727,1
1.980546,36.675,81.442,32.929,1
1.981091,30.552,80.852,32.676,1
1.981648,29.955,80.739,33.069,1
1.982206,29.837,81.056,32.671,1
1.982765,29.809,81.314,32.687,1
1.983318,30.157,81.131,32.456,1
1.983876,29.897,81.090,32.723,1
1.984431,29.990,81.080,32.585,1
1.984978,30.480,80.706,32.880,1
1.985548,29.241,81.536,32.522,1
1.986100,30.218,81.320,32.846,1
1.986654,30.055,81.275,32.582,1
1.987198,30.636,80.567,32.880,1
1.987790,28.179,82.772,32.616,1
1.988468,24.589,88.612,32.495,1
1.988936,35.555,82.069,32.454,1
1.989464,31.555,81.179,32.636,1
1.990013,30.365,81.285,32.433,1
1.990565,30.217,81.558,32.750,1
1.991106,30.821,81.070,32.243,1
1.991661,29.988,81.234,32.362,1
1.992221,29.795,81.887,32.473,1
1.992768,30.446,81.247,32.657,1
1.993320,30.216,81.034,32.376,1
1.993893,29.080,82.032,32.488,1
1.994441,30.390,81.678,32.576,1
1.994986,30.600,81.178,32.800,1
1.995534,30.414,80.680,32.627,1
1.996096,29.661,81.132,32.632,1
1.996782,24.293,88.967,32.403,1
1.997216,38.381,81.529,32.323,1
1.997838,26.810,85.517,32.632,1
1.998392,30.106,81.561,32.860,1
1.998933,30.803,81.341,32.563,1
1.999479,30.516,81.255,32.722,1
2.000023,30.602,81.361,32.872,1
2.000564,30.850,80.742,32.862,1
2.001121,29.921,81.110,32.811,1
2.001671,30.264,81.482,32.906,1
2.002228,29.957,81.941,32.558,1
2.002769,30.786,81.526,32.954,1
2.003318,30.388,81.020,32.703,1
2.003872,30.050,80.830,32.891,1
2.004499,26.570,,32.664,1
2.005197,23.906,,32.784,1
2.005572,44.453,,32.513,1
2.006128,29.961,,32.637,1
2.006712,28.548,,32.334,1
2.007257,30.566,,32.342,1
2.007828,29.194,,32.532,1
2.008351,31.848,,32.649,1
2.008921,29.220,,32.377,1
2.009461,30.872,,32.358,1
2.010011,30.328,,32.459,1
2.010548,31.027,,32.436,1
2.011096,30.408,,32.421,1
2.011650,30.121,,32.476,1
2.012202,30.151,,32.852,1
2.012757,30.048,80.757,32.538,1
2.013466,23.519,89.971,32.630,1
2.013937,35.318,82.373,32.919,1
2.014477,30.875,81.689,32.837,1
2.015016,30.949,81.246,32.875,1
2.015570,30.098,81.939,33.170,1
2.016119,30.353,81.067,32.800,1
2.016678,29.789,82.057,32.777,1
2.017226,30.423,82.010,32.833,1
2.017756,31.438,80.729,32.799,1
2.018316,29.778,80.979,32.920,1
2.018877,29.693,81.146,32.685,1
2.019422,30.606,80.655,32.811,1
2.020079,25.340,86.742,32.798,1
2.020609,31.485,82.121,32.714,1
2.021142,31.228,81.301,32.779,1
2.021765,26.759,85.570,32.506,1
2.022273,32.833,82.286,32.773,1
2.022808,31.130,81.806,32.519,1
2.023340,31.354,80.967,32.704,1
2.023894,30.084,81.345,32.558,1
2.024433,30.904,80.963,32.665,1
2.024992,29.820,81.416,32.695,1
2.025545,30.122,81.178,32.736,1
2.026095,30.315,81.090,32.912,1
2.026666,29.180,82.022,32.762,1
2.027216,30.336,81.426,32.987,1
2.027767,30.214,81.429,32.645,1
2.028310,30.710,80.626,32.594,1
2.028909,27.850,82.984,32.735,1
2.029457,30.364,81.381,32.886,1
2.030169,23.431,90.987,32.744,1
2.030554,43.277,81.476,32.857,1
2.031091,31.046,80.625,32.775,1
2.031646,29.988,80.802,32.801,1
2.032222,28.966,82.008,32.883,1
2.032763,30.807,81.151,33.086,1
2.033326,29.584,81.637,32.640,1
2.033899,29.077,82.386,32.769,1
2.034424,31.784,80.791,32.765,1
2.034980,29.982,80.860,32.934,1
2.035544,29.549,81.152,32.628,1
2.036105,29.700,81.121,32.758,1
2.036651,30.529,80.909,32.933,1
2.037205,30.049,80.916,32.802,1
2.037754,30.354,80.603,32.964,1
2.038499,22.387,91.455,32.725,1
2.038901,41.411,82.621,32.611,1
2.039433,31.375,81.213,32.714,1
2.039984,30.205,81.102,32.946,1
2.040554,29.276,81.915,32.567,1
2.041104,30.312,81.598,32.603,1
2.041651,30.443,80.958,32.706,1
2.042203,30.213,80.759,32.448,1
2.042780,28.886,81.380,32.789,1
2.043369,28.293,80.702,32.546,1
2.043915,30.517,80.751,32.732,1
2.044506,28.172,83.136,32.462,1
2.045052,30.528,80.992,32.653,1
2.045609,29.964,81.213,32.581,1
2.046159,30.310,81.427,32.746,1
2.046737,28.807,83.248,32.372,1
2.047249,32.529,80.880,32.748,1
2.047817,29.378,82.063,32.401,1
2.048354,31.017,81.351,32.760,1
2.048915,29.720,80.822,32.571,1
2.049458,30.683,80.848,32.832,1
2.050024,29.432,82.022,32.706,1
2.050567,30.732,81.725,32.831,1
2.051121,30.087,81.107,32.738,1
2.051709,28.319,82.799,32.723,1
2.052263,30.104,83.158,32.746,1
2.052810,30.468,82.854,33.131,1
2.053401,28.201,82.242,32.729,1
2.053958,29.927,81.645,33.017,1
2.054500,30.733,81.359,32.709,1
2.055146,25.782,87.526,32.938,1
2.055603,36.537,81.770,32.934,1
2.056143,30.829,81.338,32.911,1
2.056699,30.012,81.486,32.727,1
2.057278,28.747,83.139,32.679,1
2.057812,31.209,82.396,32.818,1
2.058396,28.571,81.871,32.596,1
2.058960,29.527,82.933,32.902,1
2.059495,31.150,82.428,32.652,1
2.060081,28.440,82.860,32.901,1
2.060611,31.449,81.694,32.594,1
2.061166,30.065,81.721,32.493,1
2.061728,29.654,82.140,32.687,1
2.062273,30.546,81.841,32.908,1
2.062817,30.650,81.182,33.254,1
2.063529,23.419,91.247,33.283,1
2.063931,41.398,81.737,33.861,1
2.064492,29.743,82.190,33.981,1
2.065037,30.571,82.254,34.669,1
2.065592,30.002,81.699,34.759,1
2.066156,29.560,82.646,35.572,1
2.066718,29.672,83.261,35.744,1
2.067258,30.838,81.371,36.420,1
2.067815,29.957,81.917,36.477,1
2.068364,30.366,81.411,36.999,1
2.068918,30.070,81.182,37.877,1
2.069461,30.703,80.893,38.045,1
2.070015,30.050,81.467,38.717,1
2.070564,30.375,81.469,39.042,1
2.071105,30.798,80.879,39.959,1
2.071772,24.998,88.289,40.252,1
2.072241,35.509,83.143,40.872,1
2.072768,31.634,81.164,41.388,1
2.073338,29.220,82.318,42.033,1
2.073875,31.061,81.017,42.139,1
2.074424,30.378,80.823,43.007,1
2.074993,29.299,81.574,42.885,1
2.075538,30.577,80.992,43.879,1
2.076095,29.915,81.100,49.517,1
2.076674,28.790,82.472,58.584,1
2.077333,25.261,,60.281,1
2.077828,33.702,,53.549,1
2.078397,29.288,82.043,43.619,1
2.078938,30.788,81.625,41.619,1
2.079479,30.816,80.935,40.446,1
2.080283,20.734,95.263,38.599,1
2.080604,51.998,81.360,36.321,1
2.081158,30.074,81.504,34.676,1
2.081707,30.322,81.795,33.816,1
2.082254,30.474,81.198,32.659,1
2.082836,28.639,81.258,32.250,1
2.083397,29.697,82.106,31.478,1
2.083932,31.195,81.413,31.203,1
2.084481,30.364,81.207,31.196,1
2.085062,28.659,83.507,31.043,1
2.085610,30.419,82.762,31.004,1
2.086143,31.286,81.939,31.091,1
2.086713,29.253,83.245,30.854,1
2.087253,30.815,81.113,30.960,1
2.087820,29.439,81.953,30.829,1
2.088623,20.733,97.636,30.715,1
2.088913,57.486,81.889,30.757,1
2.089458,30.617,81.362,30.808,1
2.090051,28.089,81.309,30.584,1
2.090596,30.608,81.386,30.487,1
2.091140,30.640,81.000,30.665,1
2.091705,29.478,82.076,30.680,1
2.092253,30.413,81.840,30.391,1
2.092821,29.362,82.919,30.688,1
2.093392,29.147,81.720,30.430,1
2.093943,30.254,82.073,30.460,1
2.094479,31.118,81.196,30.686,1
2.095037,29.864,81.564,30.451,1
2.095587,30.321,81.328,30.370,1
2.096143,29.982,81.873,30.912,1
2.096950,20.635,97.245,30.612,1
2.097230,59.516,81.519,30.862,1
2.097785,30.057,81.323,30.834,1
2.098393,27.388,81.781,30.834,1
2.098945,30.214,81.984,30.799,1
2.099476,31.408,80.775,30.867,1
2.100056,28.734,81.241,30.767,1
2.100640,28.520,83.201,31.090,1
2.101161,31.960,81.334,30.929,1
2.101730,29.309,82.318,31.225,1
2.102265,31.171,81.338,31.037,1
2.102834,29.284,81.489,31.223,1
2.103395,29.686,82.283,31.291,1
2.103920,31.766,81.126,31.032,1
2.104482,29.654,81.649,31.029,1
2.105281,20.870,96.861,31.087,1
2.105635,47.007,84.302,31.051,1
2.106143,32.819,81.929,30.883,1
2.106691,30.390,81.718,30.893,1
2.107279,28.386,82.644,30.826,1
2.107846,29.354,82.245,30.990,1
2.108404,29.868,82.199,30.668,1
2.108942,31.012,81.728,30.835,1
2.109487,30.556,81.426,30.649,1
2.110060,29.085,81.898,30.824,1
2.110601,30.847,81.371,30.847,1
2.111143,30.730,81.295,30.836,1
2.111738,28.004,84.312,30.745,1
2.112297,29.831,83.736,30.775,1
2.112853,29.940,81.152,30.967,1
2.113660,20.653,96.961,30.851,1
2.113960,55.613,81.809,30.881,1
2.114496,31.116,80.996,30.760,1
2.115068,29.144,82.482,30.985,1
2.115594,31.662,81.461,31.082,1
2.116140,30.534,81.081,30.806,1
2.116700,29.781,82.329,30.911,1
2.117225,31.715,80.798,30.994,1
2.117777,30.185,81.507,31.073,1
2.118326,30.378,81.540,30.854,1
2.118919,28.098,83.713,30.873,1
2.119456,31.038,81.222,30.855,1
2.120022,29.428,82.705,30.833,1
2.120561,30.920,82.196,30.697,1
2.121133,29.169,83.359,30.559,1
2.121968,19.949,96.299,30.253,1
2.122262,56.798,80.984,30.470,1
2.122804,30.756,81.006,30.306,1
2.123409,27.511,82.860,30.393,1
2.123938,31.520,81.990,30.370,1
2.124480,30.758,81.428,30.360,1
2.125079,27.836,82.957,30.203,1
2.125619,30.861,81.263,30.369,1
2.126167,30.388,80.992,30.552,1
2.126731,29.556,81.768,30.335,1
2.127280,30.342,82.036,30.424,1
2.127829,30.382,81.374,30.418,1
2.128378,30.380,81.671,30.285,1
2.128925,30.473,81.376,30.388,1
2.129464,30.873,80.646,30.432,1
2.130262,20.905,93.610,30.414,1
2.130610,47.786,81.438,30.720,1
2.131146,31.143,80.923,30.557,1
2.131733,28.394,81.864,30.662,1
2.132266,31.227,81.292,30.584,1
2.132825,29.812,81.682,30.784,1
2.133402,28.911,82.538,30.945,1
2.133926,31.771,80.940,30.691,1
2.134466,30.908,80.900,30.725,1
2.135074,27.405,82.722,30.744,1
2.135604,31.410,81.448,30.658,1
2.136168,29.585,82.201,30.762,1
2.136699,31.359,81.009,30.600,1
2.137255,29.986,81.182,30.502,1
2.137841,28.455,83.539,30.595,1
2.138475,26.260,88.759,30.502,1
2.138928,36.802,82.680,30.543,1
2.139481,30.133,82.818,30.586,1
2.140127,25.828,85.496,30.572,1
2.140627,33.312,82.620,30.534,1
2.141164,31.061,81.873,30.522,1
2.141778,27.141,85.825,30.568,1
2.142268,33.978,82.036,30.611,1
2.142805,31.057,81.362,30.691,1
2.143400,27.995,83.633,30.591,1
2.143969,29.306,84.038,30.771,1
2.144487,32.151,82.157,30.970,1
2.145072,28.489,82.244,30.763,1
2.145624,30.229,82.628,30.824,1
2.146194,29.218,82.091,30.874,1
2.146941,22.318,94.320,30.886,1
2.147281,49.050,81.633,30.946,1
2.147830,30.319,81.460,30.912,1
2.148414,28.542,82.983,31.103,1
2.148937,31.880,81.490,30.817,1
2.149493,29.956,82.398,31.009,1
2.150113,26.917,84.667,30.841,1
2.150616,33.106,82.162,31.078,1
2.151146,31.427,81.341,30.964,1
2.151715,29.317,82.301,31.073,1
2.152258,30.663,82.137,31.147,1
2.152803,30.598,81.829,31.040,1
2.153433,26.456,84.116,30.904,1
2.153925,33.900,80.883,30.725,1
2.154483,29.867,81.748,30.909,1
2.155300,20.391,95.889,30.751,1
2.155618,52.423,82.093,30.694,1
2.156152,31.233,81.253,30.608,1
2.156706,30.050,81.840,30.801,1
2.157258,30.212,81.374,30.508,1
2.157796,30.954,81.095,30.256,1
2.158356,29.788,81.539,30.212,1
2.158900,30.609,81.162,30.326,1
2.159443,30.695,80.844,30.147,1
2.160050,27.487,84.663,30.384,1
2.160573,31.842,82.988,30.257,1
2.161110,31.065,81.019,30.235,1
2.161700,28.225,83.826,30.312,1
2.162213,32.479,81.573,30.109,1
2.162791,28.832,82.795,30.357,1
2.163414,26.772,86.941,30.261,1
2.163884,35.467,81.532,30.417,1
2.164450,29.457,82.423,30.379,1
2.165059,27.363,85.518,30.317,1
2.165534,35.087,80.796,30.350,1
2.166089,30.003,80.644,30.504,1
2.166707,27.002,84.351,30.484,1
2.167256,30.348,81.270,30.584,1
2.167846,28.227,83.803,30.245,1
2.168437,28.210,84.109,30.386,1
2.168941,33.081,81.254,30.448,1
2.169510,29.276,82.808,30.454,1
2.170059,30.352,82.680,30.401,1
2.170584,31.752,81.030,30.559,1
2.171133,30.343,81.129,30.444,1
2.172006,19.104,100.370,30.400,1
2.172272,62.491,82.263,30.410,1
2.172817,30.636,81.807,30.553,1
2.173416,27.788,82.976,30.624,1
2.173938,31.917,81.154,30.394,1
2.174485,30.472,81.311,30.437,1
2.175092,27.465,84.862,30.666,1
2.175587,33.714,81.407,30.489,1
2.176149,29.638,82.234,30.715,1
2.176748,27.819,82.819,30.645,1
2.177276,31.546,81.947,30.708,1
2.177813,31.080,80.977,30.648,1
2.178423,27.320,84.680,30.928,1
2.178925,33.195,81.728,31.028,1
2.179457,31.331,80.797,30.838,1
2.180271,20.463,94.198,31.007,1
2.180596,51.372,80.775,30.801,1
2.181145,30.344,80.893,31.028,1
2.181751,27.517,83.856,30.938,1
2.182258,32.857,81.233,30.878,1
2.182800,30.767,80.779,30.651,1
2.183411,27.249,82.608,30.831,1
2.183941,31.465,81.218,30.569,1
2.184486,30.553,80.787,30.528,1
2.185085,27.828,84.309,30.338,1
2.185618,31.312,83.112,30.499,1
2.186165,30.457,82.924,30.297,1
2.186750,28.486,85.273,30.333,1
2.187267,32.240,81.895,30.641,1
2.187848,28.688,81.877,30.404,1
2.188654,20.679,97.485,30.522,1
2.188942,57.925,81.865,30.214,1
2.189477,31.130,81.566,30.372,1
2.190135,25.329,88.212,30.479,1
2.190606,35.378,82.311,30.454,1
2.191133,31.631,81.392,30.477,1
2.191750,27.025,85.949,30.462,1
2.192258,32.810,81.394,30.507,1
2.192815,29.923,81.928,30.323,1
2.193427,27.203,85.463,30.403,1
2.193916,34.087,80.940,30.347,1
2.194480,29.563,82.198,30.326,1
2.195084,27.587,85.635,30.144,1
2.195584,33.311,81.030,30.335,1
2.196139,30.056,81.176,30.495,1
2.196819,24.497,87.724,30.756,1
2.197290,35.386,82.855,30.996,1
2.197805,32.398,81.109,31.332,1
2.198489,24.370,87.599,31.236,1
2.198932,37.622,81.344,31.344,1
2.199473,30.776,81.133,31.272,1
2.200133,25.271,85.853,31.169,1
2.200608,35.096,81.370,30.889,1
2.201163,29.987,80.940,30.905,1
2.201813,25.670,87.247,30.887,1
2.202275,36.040,81.894,30.858,1
2.202827,30.224,82.103,30.725,1
2.203484,25.353,88.379,30.962,1
2.203943,36.306,81.355,30.923,1
2.204501,29.855,82.135,30.885,1
2.205316,20.452,97.673,30.946,1
2.205604,57.850,82.133,30.892,1
2.206159,30.052,82.569,31.220,1
2.206764,27.552,85.747,31.243,1
2.207243,34.786,81.935,31.692,1
2.207792,30.377,81.677,31.630,1
2.208459,24.959,85.687,31.907,1
2.208930,35.427,81.135,32.322,1
2.209497,29.410,82.217,32.219,1
2.210101,27.597,85.826,32.627,1
2.210609,32.763,83.302,32.650,1
2.211122,32.478,80.946,33.061,1
2.211779,25.385,87.040,33.375,1
2.212262,34.484,81.707,33.741,1
2.212793,31.395,80.967,33.157,1
2.213705,18.281,100.542,33.663,1
2.213973,62.060,83.678,33.411,1
2.214481,32.820,81.099,33.326,1
2.215164,24.407,89.537,32.569,1
2.215610,37.414,83.713,32.797,1
2.216155,30.562,81.342,32.586,1
2.216793,26.104,85.515,32.724,1
2.217307,32.463,83.201,33.342,1
2.217818,32.593,81.299,32.702,1
2.218457,26.067,85.620,32.853,1
2.218940,34.512,81.221,32.431,1
2.219524,28.534,83.107,32.694,1
2.220113,28.334,85.260,32.276,1
2.220593,34.690,80.904,32.583,1
2.221148,30.054,81.105,32.553,1
2.221925,21.429,94.984,32.761,1
2.222253,50.910,81.153,32.528,1
2.222795,30.738,81.069,32.640,1
2.223456,25.216,85.519,32.761,1
2.223929,35.206,81.127,32.462,1
2.224479,30.335,81.101,32.623,1
2.225121,25.934,87.291,32.232,1
2.225583,36.084,81.172,32.630,1
2.226124,30.854,80.834,32.586,1
2.226814,24.132,89.156,32.747,1
2.227254,37.876,82.589,32.952,1
2.227798,30.677,82.178,32.552,1
2.228500,23.717,88.226,32.792,1
2.228998,33.453,85.265,32.168,1
2.229507,32.769,82.671,32.315,1
2.230272,21.776,95.305,32.431,1
2.230593,51.981,81.756,32.636,1
2.231143,30.280,82.037,32.860,1
2.231807,25.114,88.670,32.685,1
2.232255,37.179,82.634,32.795,1
2.232791,31.125,82.074,32.457,1
2.233454,25.146,88.832,32.515,1
2.233885,38.656,80.699,32.312,1
2.234435,30.288,81.058,32.363,1
2.235104,24.930,88.134,32.346,1
2.235602,33.447,84.720,32.950,1
2.236131,31.506,81.795,32.668,1
2.236805,24.709,88.617,32.976,1
2.237243,38.055,82.046,32.536,1
2.237796,30.150,81.453,32.602,1
2.238584,21.144,93.192,32.615,1
2.238948,45.879,82.284,32.641,1
2.239490,30.727,81.667,32.568,1
2.240163,24.786,87.646,32.859,1
2.240607,37.487,81.387,32.636,1
2.241168,29.701,82.203,32.688,1
2.241826,25.356,88.685,32.672,1
2.242243,39.982,80.490,32.687,1
2.242801,29.837,81.160,32.112,1
2.243506,23.635,88.583,32.088,1
2.243939,38.514,81.682,32.463,1
2.244493,30.061,81.856,32.467,1
2.245070,28.924,82.309,32.875,1
2.245601,31.385,81.458,32.561,1
2.246142,30.805,81.302,32.719,1
2.246964,20.280,97.545,32.892,1
2.247262,55.789,81.659,32.575,1
2.247855,28.142,84.402,32.702,1
2.248384,31.469,83.378,32.249,1
2.248935,30.285,82.009,32.724,1
2.249507,29.089,81.545,32.500,1
2.250060,30.187,81.671,32.754,1
2.250613,30.122,81.843,32.477,1
2.251180,29.382,82.684,32.639,1
2.251718,30.988,81.596,32.551,1
2.252279,29.692,82.299,31.997,1
2.252823,30.631,81.355,32.170,1
2.253376,30.175,81.362,32.351,1
2.253923,30.432,81.381,32.703,1
2.254476,30.151,81.902,33.010,1
2.255234,22.001,94.653,32.634,1
2.255588,47.092,81.487,32.633,1
2.256125,31.011,80.928,32.672,1
2.256673,30.440,81.021,32.251,1
2.257230,29.889,81.945,32.369,1
2.257773,30.689,81.463,32.150,1
2.258324,30.289,81.176,32.087,1
2.258888,29.515,81.880,32.286,1
2.259443,30.066,82.055,32.619,1
2.260038,28.012,84.403,32.311,1
2.260590,30.149,81.370,32.493,1
2.261145,30.060,81.472,32.239,1
2.261688,30.705,80.957,32.260,1
2.262253,29.458,81.206,31.991,1
2.262804,30.285,81.353,32.489,1
2.263479,24.668,89.060,32.768,1
2.263932,36.856,83.076,32.580,1
2.264502,29.203,84.173,32.754,1
2.265060,29.889,81.527,32.354,1
2.265643,28.589,83.675,32.641,1
2.266147,33.038,80.971,32.238,1
2.266697,30.337,80.979,32.376,1
2.267268,29.188,81.984,32.234,1
2.267819,30.259,82.219,32.506,1
2.268352,31.247,81.416,32.612,1
2.268914,29.662,80.829,32.653,1
2.269466,30.176,81.339,32.501,1
2.270009,30.731,81.169,32.562,1
2.270568,29.806,81.618,32.223,1
2.271112,30.631,81.675,32.343,1
2.271687,28.969,83.185,32.178,1
2.272324,26.174,88.012,32.768,1
2.272780,36.530,82.107,32.482,1
2.273367,28.389,84.111,32.691,1
2.273921,30.108,81.263,32.252,1
2.274475,30.074,81.523,32.311,1
2.275020,30.557,81.107,32.742,1
2.275586,29.453,81.440,32.119,1
2.276136,30.299,81.623,31.965,1
2.276680,30.670,81.205,32.585,1
2.277244,29.542,82.091,32.424,1
2.277857,27.165,81.809,32.686,1
2.278409,30.236,81.641,32.440,1
2.278953,30.644,81.408,32.337,1
2.279503,30.295,81.280,32.273,1
2.280159,25.408,87.744,32.476,1
2.280595,38.200,81.093,32.198,1
2.281145,30.326,80.924,32.605,1
2.281708,29.554,81.665,32.562,1
2.282245,31.080,80.678,32.466,1
2.282801,29.981,81.156,32.654,1
2.283348,30.431,81.138,32.141,1
2.283903,30.038,81.373,32.362,1
2.284453,30.305,81.159,32.167,1
2.285053,27.767,81.182,32.056,1
2.285608,30.043,81.631,32.415,1
2.286144,31.119,80.871,32.483,1
2.286689,30.574,81.039,32.530,1
2.287255,29.430,81.305,32.628,1
2.287798,30.722,81.032,32.382,1
2.288384,28.411,81.339,32.431,1
2.289170,21.201,95.783,32.575,1
2.289485,53.007,81.358,32.257,1
2.290029,30.644,81.047,32.459,1
2.290599,29.212,82.680,32.437,1
2.291144,30.576,82.680,32.900,1
2.291681,31.070,81.944,32.589,1
2.292223,30.762,81.742,32.829,1
2.292764,30.793,81.162,32.413,1
2.293350,28.442,82.983,32.502,1
2.293918,29.322,81.004,32.193,1
2.294476,29.872,81.415,32.332,1
2.295022,30.535,81.603,32.273,1
2.295580,29.864,80.791,33.009,1
2.296140,29.778,81.825,32.794,1
2.296842,23.727,88.681,32.760,1
2.297319,34.969,84.550,32.918,1
2.297808,34.068,81.331,32.585,1
2.298383,29.005,81.232,32.755,1
2.298922,30.904,80.862,32.469,1
2.299478,29.990,81.084,32.823,1
2.300049,29.180,80.940,32.599,1
2.300599,30.296,81.380,32.602,1
2.301136,31.046,80.933,32.794,1
2.301697,29.716,81.624,32.436,1
2.302255,29.864,81.302,32.724,1
2.302836,28.685,83.307,32.704,1
2.303395,29.816,81.422,32.199,1
2.303936,30.765,80.983,32.558,1
2.304496,29.782,81.444,32.572,1
2.305042,30.511,81.050,32.864,1
2.305682,26.058,86.321,33.433,1
2.306170,34.181,82.485,32.960,1
2.306723,30.111,81.342,33.127,1
2.307283,29.746,82.383,32.720,1
2.307819,31.116,81.334,32.850,1
2.308366,30.458,81.125,32.390,1
2.308925,29.802,81.516,32.924,1
2.309460,31.165,81.046,32.763,1
2.310055,28.013,81.561,32.836,1
2.310593,31.004,80.981,32.754,1
2.311138,30.563,81.102,32.486,1
2.311682,30.627,80.799,32.561,1
2.312255,29.084,81.331,32.295,1
2.312794,30.946,81.042,32.530,1
2.313395,27.736,81.095,32.229,1
2.314183,21.140,95.807,32.597,1
2.314496,53.352,81.811,32.623,1
2.315035,30.900,81.496,32.750,1
2.315577,30.753,80.662,32.641,1
2.316130,30.123,81.184,32.649,1
2.316684,30.084,81.367,32.642,1
2.317276,28.172,82.554,32.081,1
2.317886,27.325,86.513,32.092,1
2.318338,36.825,80.874,32.593,1
2.318892,30.108,81.358,32.378,1
2.319439,30.460,81.279,32.572,1
2.320028,28.299,83.588,32.481,1
2.320559,31.367,81.858,32.591,1
2.321101,30.786,81.288,32.434,1
2.321695,28.039,83.517,32.422,1
2.322461,21.767,96.474,32.026,1
2.322771,53.642,81.767,32.558,1
2.323317,30.543,81.063,32.481,1
2.323917,27.765,83.726,32.694,1
2.324467,30.333,83.341,32.538,1
2.325013,30.507,82.954,32.703,1
2.325582,29.325,83.544,32.452,1
2.326091,32.744,80.905,32.431,1
2.326660,29.290,81.775,31.960,1
2.327224,29.537,81.138,32.049,1
2.327790,29.433,82.685,32.395,1
2.328312,31.947,80.890,32.984,1
2.328888,28.945,82.005,32.960,1
2.329427,30.901,81.137,33.200,1
2.330013,28.417,82.992,33.155,1
2.330632,26.953,86.575,33.035,1
2.331179,30.440,86.236,33.135,1
2.331721,30.767,81.188,32.526,1
2.332287,29.431,82.225,32.999,1
2.332819,31.364,81.021,32.655,1
2.333374,30.042,80.623,32.980,1
2.333932,29.844,81.323,31.996,1
2.334482,30.282,81.235,32.238,1
2.335032,30.341,81.331,31.824,1
2.335583,30.243,81.290,30.941,1
2.336139,29.942,81.779,31.014,1
2.336718,28.789,83.418,30.443,1
2.337263,30.591,83.750,30.196,1
2.337780,32.228,81.741,29.401,1
2.338394,27.158,81.612,29.348,1
2.339042,25.725,87.355,28.963,1
2.339497,36.613,81.482,28.670,1
2.340040,30.726,81.127,28.024,1
2.340593,30.133,81.563,28.032,1
2.341153,29.753,82.072,27.672,1
2.341706,30.123,82.062,27.729,1
2.342237,31.416,81.123,27.585,1
2.342829,28.153,81.080,27.176,1
2.343388,29.786,81.534,27.322,1
2.343926,30.992,80.962,27.250,1
2.344483,29.913,81.334,27.346,1
2.345049,29.456,80.993,27.151,1
2.345603,30.057,81.653,27.423,1
2.346139,31.141,81.120,27.186,1
2.346708,29.257,82.288,27.436,1
2.347375,25.002,88.496,27.191,1
2.347809,38.379,81.978,27.479,1
2.348386,28.909,81.159,27.260,1
2.348938,30.169,81.740,27.630,1
2.349483,30.583,81.268,27.408,1
2.350034,30.267,81.278,27.694,1
2.350612,28.820,82.766,27.542,1
2.351138,31.660,81.767,27.726,1
2.351716,28.841,81.023,27.614,1
2.352269,30.182,81.569,27.863,1
2.352815,30.516,81.169,27.874,1
2.353363,30.373,81.209,27.662,1
2.353929,29.488,81.711,27.955,1
2.354528,27.813,84.630,27.652,1
2.355086,29.876,83.129,27.567,1
2.355852,21.748,96.539,27.901,1
2.356174,51.852,82.645,27.576,1
2.356690,32.280,80.987,27.840,1
2.357240,30.307,81.384,27.419,1
2.357791,30.226,81.570,27.670,1
2.358329,31.002,81.327,27.509,1
2.358874,30.575,80.990,27.571,1
2.359431,29.938,81.339,27.205,1
2.360022,28.190,83.399,27.546,1
2.360566,30.607,81.976,27.199,1
2.361124,29.893,82.754,27.421,1
2.361727,27.642,85.745,27.136,1
2.362279,30.191,81.757,27.310,1
2.362820,30.803,81.148,26.927,1
2.363366,30.512,81.485,27.201,1
2.364132,21.762,94.282,27.227,1
2.364479,48.014,82.023,26.864,1
2.365009,31.480,81.198,27.164,1
2.365575,29.449,82.523,26.960,1
2.366104,31.493,81.196,26.980,1
2.366647,30.707,80.761,27.138,1
2.367253,27.475,84.026,26.833,1
2.367760,32.874,81.110,27.132,1
2.368309,30.344,80.735,26.854,1
2.368905,27.997,82.947,27.099,1
2.369425,32.008,81.008,27.167,1
2.369979,30.125,80.885,26.922,1
2.370536,29.928,80.872,27.211,1
2.371146,27.320,84.250,27.127,1
2.371689,30.651,80.894,27.204,1
2.372506,20.405,96.374,26.927,1
2.372850,48.420,84.479,27.299,1
2.373347,33.568,81.260,27.273,1
2.373927,28.754,81.641,27.459,1
2.374470,30.683,81.645,27.174,1
2.375030,29.753,82.226,27.524,1
2.375563,31.248,81.153,27.283,1
2.376151,28.346,81.062,27.672,1
2.376700,30.386,80.902,27.463,1
2.377261,29.669,81.493,27.643,1
2.377803,30.798,80.880,27.705,1
2.378407,27.559,82.545,27.402,1
2.378962,30.032,82.679,27.690,1
2.379484,31.962,80.888,27.425,1
2.380037,30.137,81.058,27.745,1
2.380827,21.089,95.646,27.481,1
2.381127,55.496,81.108,27.712,1
2.381764,26.184,86.318,27.767,1
2.382278,32.423,84.062,27.350,1
2.382785,32.851,81.210,27.665,1
2.383359,29.058,83.173,27.380,1
2.383900,30.805,82.400,27.623,1
2.384456,29.976,82.264,27.375,1
2.385050,28.066,81.341,27.592,1
2.385617,29.379,82.270,27.340,1
2.386160,30.673,81.767,27.558,1
2.386701,30.838,81.586,27.245,1
2.387273,29.119,82.369,27.589,1
2.387809,31.128,81.572,27.330,1
2.388386,28.851,81.427,27.436,1
2.389199,20.498,96.835,27.224,1
2.389514,53.068,82.558,27.582,1
2.390043,31.482,81.285,27.431,1
2.390611,29.328,82.316,27.532,1
2.391151,30.851,81.860,27.259,1
2.391691,30.910,81.186,27.666,1
2.392273,28.637,82.428,27.382,1
2.392822,30.367,82.737,27.673,1
2.393383,29.709,81.184,27.704,1
2.393948,29.464,81.731,27.296,1
2.394493,30.585,81.787,27.588,1
2.395055,29.649,81.304,27.227,1
2.395607,30.223,81.709,27.563,1
2.396139,31.294,80.628,27.230,1
2.396708,29.325,81.567,27.299,1
2.397541,19.987,97.990,27.304,1
2.397814,61.257,81.451,27.502,1
2.398385,29.174,81.355,27.514,1
2.398956,29.155,82.723,27.192,1
2.399479,31.874,81.048,27.444,1
2.400033,30.124,81.147,27.114,1
2.400580,30.460,81.030,27.377,1
2.401142,29.670,82.043,27.137,1
2.401717,28.939,83.415,27.304,1
2.402290,29.088,83.609,27.055,1
2.402802,32.595,81.308,27.339,1
2.403363,29.710,82.397,27.393,1
2.403930,29.381,83.101,27.131,1
2.404466,31.097,82.171,27.422,1
2.405006,30.839,81.695,27.195,1
2.405780,21.546,94.221,27.444,1
2.406115,49.692,81.027,27.344,1
2.406715,27.813,84.036,27.410,1
2.407265,30.273,81.955,27.089,1
2.407804,30.908,81.757,27.345,1
2.408394,28.279,82.239,27.442,1
2.408950,29.953,82.486,27.116,1
2.409472,31.962,81.139,27.411,1
2.410028,29.952,81.889,27.146,1
2.410571,30.676,81.432,27.293,1
2.411134,29.640,82.024,27.392,1
2.411771,26.171,84.261,27.035,1
2.412294,31.812,83.081,27.265,1
2.412827,31.309,81.721,27.228,1
2.413366,30.910,80.932,26.888,1
2.414221,19.490,99.296,27.130,1
2.414501,59.591,83.262,26.985,1
2.415020,32.093,81.398,26.968,1
2.415611,28.201,83.789,27.263,1
2.416130,32.109,81.847,27.102,1
2.416674,30.633,81.962,27.186,1
2.417211,31.034,81.211,26.966,1
2.417778,29.386,82.204,27.161,1
2.418318,30.900,81.239,27.063,1
2.418968,25.619,86.793,27.270,1
2.419440,35.345,81.923,27.167,1
2.420002,29.636,82.210,27.459,1
2.420588,28.469,83.293,27.314,1
2.421108,32.044,81.843,27.560,1
2.421654,30.519,81.125,27.520,1
2.422521,19.232,100.088,27.685,1
2.422791,61.621,81.882,27.458,1
2.423337,30.531,81.848,27.716,1
2.423936,27.833,84.884,27.600,1
2.424430,33.704,81.245,27.755,1
2.424995,29.530,81.644,27.424,1
2.425608,27.172,85.224,27.717,1
2.426119,32.627,81.130,27.524,1
2.426703,28.527,82.557,27.722,1
2.427297,28.042,83.895,27.590,1
2.427804,32.908,81.670,27.785,1
2.428390,28.454,81.583,27.689,1
2.428975,28.459,83.695,27.783,1
2.429519,30.654,83.579,27.497,1
2.430028,32.760,81.195,27.799,1
2.430813,21.216,95.179,27.585,1
2.431135,51.802,81.608,27.840,1
2.431668,31.259,81.193,27.823,1
2.432263,28.001,84.209,27.966,1
2.432765,33.220,81.240,27.650,1
2.433321,30.003,81.315,27.846,1
2.433930,27.338,84.604,27.699,1
2.434465,31.193,83.443,27.805,1
2.434980,32.314,80.921,27.461,1
2.435646,25.058,87.617,27.728,1
2.436104,36.329,81.823,27.493,1
2.436671,29.406,80.892,27.687,1
2.437266,27.995,81.993,27.707,1
2.437839,29.123,81.323,27.371,1
2.438393,30.047,81.859,27.444,1
2.439071,24.579,89.439,27.592,1
2.439488,40.027,81.324,27.357,1
2.440034,30.536,81.530,27.531,1
2.440602,29.324,82.172,27.347,1
2.441126,31.835,80.948,27.571,1
2.441679,30.093,81.079,27.248,1
2.442269,28.275,83.357,27.588,1
2.442792,31.862,81.595,27.359,1
2.443345,30.134,81.911,27.613,1
2.443924,28.787,84.034,27.497,1
2.444430,32.956,81.285,27.548,1
2.444983,30.141,81.093,27.315,1
2.445644,25.219,82.536,27.544,1
2.446163,32.073,80.872,27.433,1
2.446736,29.117,82.716,27.535,1
2.447403,24.953,89.618,27.287,1
2.447809,41.088,81.375,27.473,1
2.448361,30.214,81.426,27.260,1
2.448930,29.269,83.046,27.521,1
2.449441,32.632,80.676,27.251,1
2.450035,28.058,83.503,27.469,1
2.450618,28.573,85.440,27.194,1
2.451098,34.733,81.236,27.387,1
2.451674,28.952,82.633,27.105,1
2.452275,27.710,82.562,27.363,1
2.452834,29.831,83.201,27.250,1
2.453385,30.216,80.940,27.572,1
2.454004,26.962,85.071,27.416,1
2.454494,34.018,81.405,27.818,1
2.455043,30.324,81.391,27.689,1
2.455617,29.048,83.072,27.850,1
2.456187,29.221,82.520,27.966,1
2.456707,32.043,81.049,28.619,1
2.457302,28.032,83.754,28.541,1
2.457834,31.332,82.707,28.958,1
2.458411,28.868,82.973,29.219,1
2.459033,26.802,85.636,29.721,1
2.459507,35.181,81.054,30.150,1
2.460077,29.250,82.282,30.561,1
2.460612,31.110,81.342,30.951,1
2.461185,29.088,82.833,31.408,1
2.461708,31.913,81.107,31.693,1
2.462283,28.986,82.740,32.078,1
2.462803,32.046,81.057,33.000,1
2.463406,27.643,82.571,32.995,1
2.464210,20.720,97.995,33.551,1
2.464500,57.518,82.354,33.053,1
2.465090,28.219,83.444,33.121,1
2.465635,30.610,83.133,33.013,1
2.466144,32.716,80.873,33.286,1
2.466701,29.920,81.308,32.838,1
2.467280,28.818,82.857,32.851,1
2.467806,31.684,81.592,32.737,1
2.468345,30.928,81.014,32.721,1
2.468955,27.321,84.602,32.748,1
2.469478,31.835,82.774,32.545,1
2.470059,28.716,85.105,32.616,1
2.470672,27.158,89.198,32.664,1
2.471090,39.890,80.966,32.846,1
2.471648,29.869,81.134,32.615,1
2.472511,19.311,99.246,32.553,1
2.472785,60.953,81.173,32.550,1
2.473386,27.726,81.216,32.698,1
2.473982,27.945,83.865,32.391,1
2.474490,32.791,81.251,32.466,1
2.475048,29.907,81.603,32.639,1
2.475638,28.251,84.338,32.702,1
2.476131,33.764,81.387,32.459,1
2.476675,30.656,81.305,32.627,1
2.477333,25.323,87.647,32.621,1
2.477795,36.066,81.811,32.644,1
2.478344,30.392,81.897,32.925,1
2.479000,25.406,88.586,32.789,1
2.479429,38.806,81.291,33.022,1
2.479994,29.484,81.859,32.722,1
2.480830,19.949,98.676,32.910,1
2.481147,52.562,84.326,32.684,1
2.481675,31.544,82.751,33.094,1
2.482322,25.781,88.156,32.666,1
2.482851,31.485,81.998,32.724,1
2.483407,29.988,82.121,32.474,1
2.484000,28.082,84.877,32.752,1
2.484531,31.422,83.596,32.545,1
2.485059,31.580,81.538,32.843,1
2.485651,28.138,84.210,32.531,1
2.486184,31.266,83.018,32.840,1
2.486708,31.780,81.869,32.560,1
2.487324,27.085,85.524,32.877,1
2.487815,33.904,82.116,32.625,1
2.488406,28.214,82.647,32.500,1
2.489179,21.558,96.330,32.469,1
2.489477,55.967,80.996,32.645,1
2.490037,29.784,81.562,32.440,1
2.490662,26.645,86.128,32.741,1
2.491120,36.357,80.719,32.258,1
2.491671,30.272,81.390,32.339,1
2.492329,25.350,87.867,32.547,1
2.492818,34.076,83.920,32.686,1
2.493349,31.356,83.115,32.393,1
2.494007,25.329,88.833,32.473,1
2.494442,38.336,81.579,32.578,1
2.495013,29.177,82.644,32.825,1
2.495656,25.934,86.856,32.596,1
2.496115,36.269,81.041,32.644,1
2.496686,29.184,82.362,32.406,1
2.497402,23.300,92.211,32.338,1
2.497836,38.358,84.200,32.632,1
2.498387,30.254,81.272,32.850,1
2.499054,24.984,88.128,32.554,1
2.499479,39.191,81.056,32.713,1
2.500058,28.816,81.891,32.861,1
2.500607,30.367,81.906,32.852,1
2.501173,29.429,83.248,32.827,1
2.501691,32.168,81.275,32.939,1
2.502277,28.435,82.693,32.554,1
2.502790,32.534,80.856,32.949,1
2.503387,27.912,81.354,32.695,1
2.503959,29.138,83.013,32.917,1
2.504503,30.591,83.114,32.655,1
2.505052,30.360,81.161,32.782,1
2.505798,22.365,,32.522,1
2.506170,44.806,,32.636,1
2.506714,30.636,,32.347,1
2.507304,28.233,,32.325,1
2.507817,32.464,,32.552,1
2.508368,30.254,,32.633,1
2.508924,29.983,,32.375,1
2.509465,30.800,,32.361,1
2.510052,28.382,,32.456,1
2.510633,28.689,,32.430,1
2.511142,32.791,,32.386,1
2.511685,30.668,,32.492,1
2.512255,29.261,,32.872,1
2.512820,29.470,,32.521,1
2.513384,29.551,,32.643,1
2.514184,20.829,96.445,32.909,1
2.514479,56.491,81.165,32.833,1
2.515047,29.352,80.888,32.884,1
2.515592,30.589,81.207,33.169,1
2.516131,30.940,80.820,32.788,1
2.516692,29.694,81.298,32.792,1
2.517246,30.085,80.832,32.798,1
2.517823,28.888,82.629,32.772,1
2.518352,31.535,81.395,32.958,1
2.518892,30.813,80.836,32.682,1
2.519457,29.546,81.464,32.840,1
2.520050,28.102,81.002,32.826,1
2.520605,30.023,81.417,32.694,1
2.521159,30.066,81.805,32.776,1
2.521693,31.235,81.192,32.505,1
2.522488,20.950,95.825,32.772,1
2.522809,51.948,82.019,32.540,1
2.523340,31.373,80.798,32.724,1
2.523923,28.601,81.433,32.561,1
2.524477,30.083,81.519,32.687,1
2.525021,30.638,81.037,32.702,1
2.525576,30.033,80.881,32.727,1
2.526124,30.408,80.988,32.916,1
2.526671,30.451,80.775,32.750,1
2.527228,29.934,81.226,32.978,1
2.527778,30.287,81.062,32.650,1
2.528374,27.997,83.783,32.584,1
2.528947,29.092,83.472,32.740,1
2.529467,32.003,81.651,32.890,1
2.530058,28.240,81.510,32.748,1
2.530868,20.564,97.032,32.849,1
2.531161,56.823,82.021,32.788,1
2.531696,31.194,81.293,32.871,1
2.532250,30.060,82.004,32.905,1
2.532778,31.569,80.805,33.118,1
2.533328,30.331,81.348,32.626,1
2.533878,30.258,81.314,32.756,1
2.534430,30.222,81.343,32.745,1
2.534998,29.335,82.003,32.949,1
2.535557,29.807,81.451,32.621,1
2.536094,31.077,81.012,32.743,1
2.536641,30.455,80.702,32.934,1
2.537319,24.587,82.391,32.831,1
2.537862,30.664,82.061,32.980,1
2.538404,30.775,81.417,32.717,1
2.539048,25.884,87.224,32.620,1
2.539494,37.352,81.397,32.710,1
2.540062,29.309,81.924,32.961,1
2.540614,30.207,81.932,32.576,1
2.541153,30.959,81.189,32.608,1
2.541696,30.644,81.176,32.710,1
2.542250,30.136,81.181,32.430,1
2.542834,28.524,81.699,32.815,1
2.543379,30.565,81.043,32.563,1
2.543929,30.332,81.184,32.708,1
2.544460,31.343,80.540,32.468,1
2.545057,27.951,81.456,32.591,1
2.545612,29.996,81.907,32.569,1
2.546146,31.216,81.148,32.746,1
2.546692,30.510,81.356,32.409,1
2.547348,25.444,86.980,32.760,1
2.547798,37.003,81.417,32.396,1
2.548398,27.766,84.702,32.780,1
2.548962,29.573,85.478,32.540,1
2.549463,33.276,81.886,32.824,1
2.549995,31.280,81.453,32.716,1
2.550562,29.393,82.472,32.789,1
2.551132,29.240,83.424,32.751,1
2.551681,30.359,81.331,32.791,1
2.552252,29.205,81.232,32.775,1
2.552787,31.177,80.775,33.131,1
2.553383,27.956,81.274,32.746,1
2.553928,30.570,81.201,33.045,1
2.554499,29.200,82.890,32.724,1
2.555053,30.103,81.263,32.962,1
2.555695,25.936,86.702,32.929,1
2.556146,36.969,81.076,32.884,1
2.556698,30.186,81.332,32.701,1
2.557257,29.824,81.462,32.680,1
2.557825,29.339,82.788,32.819,1
2.558369,30.655,81.213,32.600,1
2.558918,30.338,81.134,32.894,1
2.559466,30.441,81.452,32.651,1
2.560058,28.139,81.692,32.884,1
2.560606,30.382,81.958,32.588,1
2.561140,31.245,81.307,32.513,1
2.561714,29.033,82.673,32.685,1
2.562279,29.479,82.807,32.888,1
2.562838,29.826,83.502,33.256,1
2.563379,30.816,81.064,33.262,1
2.564022,25.909,86.805,33.898,1
2.564478,36.569,81.032,33.975,1
2.565052,29.018,82.588,34.646,1
2.565597,30.606,82.711,34.769,1
2.566119,31.901,81.235,35.578,1
2.566662,30.692,81.082,35.750,1
2.567208,30.535,81.120,36.432,1
2.567788,28.764,82.812,36.479,1
2.568349,29.698,83.089,36.996,1
2.568916,29.368,81.024,37.851,1
2.569472,29.993,81.230,38.075,1
2.570022,30.306,81.210,38.704,1
2.570583,29.723,81.835,39.053,1
2.571113,31.412,80.905,39.970,1
2.571661,30.456,81.350,40.276,1
2.572343,24.420,89.274,40.998,1
2.572758,40.116,80.894,41.380,1
2.573312,30.092,80.963,42.044,1
2.573866,30.128,80.757,42.145,1
2.574426,29.713,81.158,42.974,1
2.574973,30.469,80.663,42.856,1
2.575551,28.880,81.958,43.901,1
2.576088,31.003,80.880,49.512,1
2.576660,29.128,81.890,58.580,1
2.577263,27.665,,60.384,1
2.577777,32.386,,53.548,1
2.578375,27.875,80.907,43.550,1
2.578931,30.006,81.307,41.597,1
2.579474,30.698,81.327,40.436,1
2.580042,29.321,81.003,38.613,1
2.580719,24.610,88.499,36.403,1
2.581174,36.684,83.177,34.682,1
2.581689,32.364,81.144,33.860,1
2.582316,26.560,85.041,32.615,1
2.582826,32.694,82.797,32.244,1
2.583403,28.871,82.731,31.447,1
2.583942,30.912,82.445,31.207,1
2.584466,31.808,80.940,31.184,1
2.585055,28.305,81.375,31.028,1
2.585606,30.274,81.315,30.959,1
2.586145,30.916,81.034,31.030,1
2.586718,29.056,81.324,30.884,1
2.587276,29.897,81.677,30.988,1
2.587828,30.186,81.631,30.807,1
2.588381,30.115,82.320,30.726,1
2.589008,26.610,85.951,30.792,1
2.589472,35.870,81.250,30.795,1
2.590024,30.187,81.232,30.580,1
2.590579,30.064,81.383,30.511,1
2.591129,30.286,81.282,30.657,1
2.591676,30.458,80.955,30.650,1
2.592252,28.940,82.634,30.408,1
2.592804,30.224,82.918,30.670,1
2.593389,28.454,81.750,30.463,1
2.593917,31.583,80.930,30.522,1
2.594483,29.476,81.762,30.711,1
2.595049,29.403,83.197,30.420,1
2.595562,32.518,81.128,30.382,1
2.596116,30.078,81.509,30.905,1
2.596664,30.407,81.301,30.597,1
2.597310,25.822,87.281,30.844,1
2.597774,35.902,82.040,30.783,1
2.598315,30.807,80.876,30.800,1
2.598905,28.225,83.152,30.748,1
2.599502,27.953,85.694,30.862,1
2.600054,30.185,81.430,30.785,1
2.600601,30.463,81.131,31.076,1
2.601150,30.353,81.499,30.973,1
2.601687,31.035,81.057,31.229,1
2.602262,28.968,82.505,31.016,1
2.602800,31.000,81.575,31.243,1
2.603369,29.289,82.614,31.281,1
2.603884,32.348,81.123,31.019,1
2.604451,29.384,82.085,31.015,1
2.604986,31.176,81.177,31.073,1
2.605706,23.162,91.054,31.051,1
2.606120,40.193,81.316,30.893,1
2.606675,30.030,81.581,30.884,1
2.607236,29.730,82.031,30.809,1
2.607786,30.290,81.310,30.977,1
2.608377,28.210,81.102,30.677,1
2.608922,30.593,80.805,30.827,1
2.609472,30.274,80.880,30.647,1
2.610044,29.141,81.203,30.778,1
2.610589,30.579,81.258,30.876,1
2.611143,30.076,81.394,30.793,1
2.611694,30.281,81.420,30.785,1
2.612253,29.785,81.312,30.787,1
2.612835,28.639,83.125,30.976,1
2.613356,31.984,81.350,30.863,1
2.614019,25.157,88.467,30.879,1
2.614456,38.150,81.482,30.742,1
2.615042,28.432,81.757,30.999,1
2.615581,30.940,80.925,31.047,1
2.616129,30.411,81.280,30.833,1
2.616720,28.199,81.269,30.922,1
2.617272,30.194,81.290,30.966,1
2.617818,30.512,80.928,31.025,1
2.618378,29.783,81.354,30.810,1
2.618918,30.830,81.208,30.892,1
2.619470,30.216,81.132,30.868,1
2.620057,28.376,81.468,30.777,1
2.620594,31.040,80.852,30.739,1
2.621145,30.251,81.009,30.584,1
2.621710,29.504,81.355,30.283,1
2.622334,26.712,86.168,30.483,1
2.622797,36.018,80.773,30.264,1
2.623379,28.589,81.264,30.384,1
2.623956,28.927,82.702,30.373,1
2.624490,31.177,81.661,30.340,1
2.625034,30.673,81.200,30.232,1
2.625584,30.269,81.194,30.388,1
2.626140,29.966,81.437,30.521,1
2.626682,30.786,80.897,30.273,1
2.627238,29.975,81.159,30.401,1
2.627792,30.098,81.534,30.420,1
2.628379,28.385,80.825,30.298,1
2.628926,30.427,81.084,30.460,1
2.629482,29.984,81.327,30.448,1
2.630054,29.144,81.339,30.423,1
2.630754,23.833,90.698,30.742,1
2.631185,38.651,83.466,30.501,1
2.631739,30.067,83.647,30.661,1
2.632259,32.029,81.676,30.567,1
2.632813,30.099,81.774,30.727,1
2.633378,29.518,81.323,30.970,1
2.633936,29.878,81.666,30.653,1
2.634481,30.551,81.823,30.710,1
2.635044,29.613,81.195,30.852,1
2.635598,30.072,81.302,30.623,1
2.636140,30.786,81.210,30.705,1
2.636723,28.545,81.492,30.582,1
2.637273,30.336,81.313,30.536,1
2.637820,30.483,81.105,30.590,1
2.638370,30.293,81.096,30.463,1
2.638985,27.082,85.250,30.502,1
2.639482,33.577,82.435,30.574,1
2.640006,31.758,80.933,30.616,1
2.640577,29.232,82.088,30.530,1
2.641113,31.062,80.940,30.530,1
2.641722,27.374,81.913,30.603,1
2.642260,30.970,81.148,30.619,1
2.642804,30.669,81.193,30.715,1
2.643346,30.726,80.989,30.578,1
2.643926,28.723,81.675,30.761,1
2.644474,30.414,81.991,30.975,1
2.645006,31.335,80.923,30.744,1
2.645583,28.887,81.101,30.812,1
2.646142,29.833,81.491,30.905,1
2.646709,29.368,82.997,30.855,1
2.647299,28.254,85.281,30.893,1
2.647810,32.628,82.638,30.898,1
2.648387,28.903,80.713,31.130,1
2.648943,29.945,81.509,30.821,1
2.649481,30.960,81.123,30.993,1
2.650028,30.469,81.336,30.833,1
2.650587,29.838,81.606,31.078,1
2.651135,30.442,81.594,30.998,1
2.651677,30.718,81.061,31.042,1
2.652254,28.896,81.347,31.163,1
2.652825,29.173,82.532,31.044,1
2.653346,32.023,81.204,30.879,1
2.653894,30.384,81.012,30.683,1
2.654538,25.898,86.360,30.881,1
2.655056,32.167,81.419,30.720,1
2.655745,24.176,89.632,30.691,1
2.656166,39.579,81.761,30.568,1
2.656723,29.958,81.461,30.793,1
2.657273,30.295,81.383,30.501,1
2.657826,30.100,81.462,30.210,1
2.658376,30.324,81.265,30.282,1
2.658925,30.351,81.031,30.336,1
2.659478,30.144,81.650,30.125,1
2.660022,30.638,81.272,30.374,1
2.660577,30.055,81.467,30.341,1
2.661128,30.251,81.819,30.228,1
2.661719,28.188,81.225,30.363,1
2.662270,30.253,81.142,30.104,1
2.662832,29.622,82.164,30.308,1
2.663378,30.540,81.661,30.316,1
2.664066,24.213,89.793,30.378,1
2.664510,37.571,83.527,30.354,1
2.665062,30.188,81.839,30.323,1
2.665617,30.020,82.008,30.413,1
2.666160,30.692,81.978,30.535,1
2.666715,30.077,82.053,30.417,1
2.667268,30.139,81.863,30.528,1
2.667815,30.431,81.501,30.240,1
2.668376,29.695,82.433,30.441,1
2.668915,30.948,81.636,30.470,1
2.669486,29.204,82.988,30.463,1
2.670019,31.276,82.463,30.423,1
2.670580,29.678,82.941,30.563,1
2.671142,29.642,83.183,30.494,1
2.671665,31.903,81.718,30.403,1
2.672393,22.904,92.352,30.437,1
2.672823,38.694,84.716,30.503,1
2.673325,33.202,81.539,30.628,1
2.673871,30.562,81.111,30.401,1
2.674447,28.902,82.475,30.478,1
2.674992,30.581,81.625,30.638,1
2.675545,30.157,81.515,30.493,1
2.676134,28.269,83.677,30.708,1
2.676649,32.375,81.290,30.592,1
2.677210,29.746,81.599,30.592,1
2.677788,28.834,82.788,30.621,1
2.678367,28.745,84.169,30.865,1
2.678916,30.362,81.266,30.948,1
2.679511,28.048,83.740,30.879,1
2.680029,32.172,81.913,30.982,1
2.680697,24.921,87.939,30.887,1
2.681143,37.379,81.555,30.986,1
2.681694,30.239,81.456,30.886,1
2.682242,30.434,80.889,30.799,1
2.682833,28.217,83.480,30.722,1
2.683350,32.223,81.437,30.824,1
2.683896,30.549,81.056,30.548,1
2.684505,27.355,84.709,30.628,1
2.684990,34.376,81.048,30.374,1
2.685579,28.287,83.429,30.513,1
2.686225,25.804,89.168,30.387,1
2.686707,34.540,81.693,30.340,1
2.687264,29.959,81.899,30.540,1
2.687845,28.658,83.872,30.386,1
2.688370,31.787,82.172,30.538,1
2.689021,25.600,87.399,30.226,1
2.689551,31.405,85.451,30.403,1
2.690036,34.387,81.526,30.562,1
2.690584,30.402,81.413,30.490,1
2.691168,28.567,83.597,30.445,1
2.691667,33.399,80.852,30.457,1
2.692223,29.950,81.677,30.507,1
2.692807,28.560,82.824,30.317,1
2.693337,31.455,81.892,30.418,1
2.693878,30.792,81.263,30.328,1
2.694515,26.160,86.368,30.314,1
2.695061,30.527,82.109,30.100,1
2.695610,30.330,82.203,30.389,1
2.696191,28.717,84.334,30.474,1
2.696691,33.343,81.651,30.723,1
2.697334,25.917,87.557,30.991,1
2.697815,34.594,83.425,31.332,1
2.698371,29.986,83.982,31.219,1
2.698900,31.504,82.750,31.333,1
2.699548,25.742,88.529,31.287,1
2.699986,38.010,81.533,31.218,1
2.700545,29.811,81.696,30.901,1
2.701207,25.195,88.077,30.912,1
2.701691,34.398,83.761,30.900,1
2.702236,30.586,83.066,30.886,1
2.702859,26.762,87.223,30.818,1
2.703334,35.054,82.364,30.947,1
2.703895,29.754,82.259,30.951,1
2.704514,26.889,86.409,30.972,1
2.705001,34.240,82.222,30.932,1
2.705653,25.554,88.170,30.947,1
2.706209,30.001,88.000,31.199,1
2.706678,35.515,81.971,31.237,1
2.707208,31.451,81.220,31.682,1
2.707872,25.108,87.975,31.579,1
2.708364,33.875,83.963,31.956,1
2.708958,28.036,83.639,32.224,1
2.709541,28.613,83.627,32.295,1
2.710065,31.825,82.016,32.682,1
2.710595,31.434,81.216,32.551,1
2.711172,28.875,81.615,33.264,1
2.711721,30.359,81.323,33.277,1
2.712270,30.357,81.634,33.829,1
2.712876,27.496,84.441,33.239,1
2.713378,33.206,81.984,33.619,1
2.714013,26.229,86.369,33.254,1
2.714473,36.294,81.316,33.250,1
2.715055,28.634,81.447,32.629,1
2.715591,31.091,80.934,32.760,1
2.716155,29.518,81.720,32.536,1
2.716716,29.738,82.178,32.626,1
2.717276,29.766,82.275,33.351,1
2.717819,30.659,81.244,32.700,1
2.718368,30.380,81.335,32.894,1
2.718919,30.267,81.290,32.447,1
2.719491,29.101,83.007,32.711,1
2.720047,30.002,80.945,32.272,1
2.720592,30.559,80.961,32.582,1
2.721177,28.507,81.934,32.541,1
2.721726,30.333,81.613,32.759,1
2.722340,27.168,85.514,32.556,1
2.722851,32.589,83.652,32.660,1
2.723392,30.804,81.875,32.742,1
2.723944,30.227,81.601,32.475,1
2.724512,29.323,82.564,32.623,1
2.725042,31.436,80.926,32.246,1
2.725605,29.608,81.927,32.659,1
2.726236,26.404,87.214,32.560,1
2.726711,35.154,82.470,32.743,1
2.727236,31.708,81.127,32.952,1
2.727843,27.451,84.544,32.542,1
2.728382,30.920,81.458,32.799,1
2.728931,30.365,81.288,32.178,1
2.729531,27.777,84.231,32.318,1
2.730061,31.446,81.804,32.411,1
2.730659,27.906,84.986,32.624,1
2.731200,30.781,84.400,32.865,1
2.731707,32.902,81.619,32.671,1
2.732274,29.351,81.767,32.801,1
2.732874,27.806,84.559,32.453,1
2.733370,33.557,81.363,32.544,1
2.733918,30.460,81.209,32.305,1
2.734527,27.360,85.164,32.366,1
2.735012,34.326,80.914,32.346,1
2.735559,30.513,81.172,32.940,1
2.736223,25.091,88.347,32.650,1
2.736678,36.586,81.146,32.983,1
2.737241,29.638,81.887,32.518,1
2.737880,26.082,86.928,32.589,1
2.738409,31.484,83.056,32.623,1
2.738977,29.328,84.411,32.633,1
2.739531,30.079,84.597,32.568,1
2.740023,33.880,81.479,32.905,1
2.740582,29.861,82.076,32.658,1
2.741215,26.299,87.101,32.700,1
2.741701,34.296,82.526,32.671,1
2.742224,31.861,81.024,32.683,1
2.742954,22.838,92.098,32.149,1
2.743384,38.728,81.389,32.070,1
2.743922,31.029,80.843,32.458,1
2.744605,24.399,88.732,32.464,1
2.745067,36.013,82.397,32.863,1
2.745607,30.871,81.748,32.562,1
2.746212,27.556,85.086,32.715,1
2.746698,34.334,81.180,32.872,1
2.747245,30.421,81.689,32.574,1
2.748027,21.325,95.477,32.721,1
2.748340,53.212,81.902,32.276,1
2.748887,30.481,81.685,32.735,1
2.749545,25.321,88.129,32.480,1
2.749980,38.306,81.047,32.773,1
2.750559,28.808,82.539,32.422,1
2.751221,25.167,88.955,32.693,1
2.751678,36.454,83.069,32.599,1
2.752231,30.131,82.632,32.003,1
2.752886,25.450,88.529,32.199,1
2.753353,35.727,82.981,32.342,1
2.753950,27.907,85.981,32.703,1
2.754622,24.800,89.760,33.016,1
2.755051,38.839,81.213,32.638,1
2.755729,24.577,89.000,32.617,1
2.756275,30.565,88.551,32.692,1
2.756704,38.828,81.655,32.253,1
2.757251,30.478,81.229,32.377,1
2.757920,24.915,88.468,32.148,1
2.758352,38.509,81.427,32.074,1
2.758895,30.749,81.007,32.296,1
2.759561,25.010,87.791,32.654,1
2.760002,37.787,81.670,32.318,1
2.760574,29.118,83.430,32.487,1
2.761246,24.817,89.099,32.227,1
2.761680,38.359,81.253,32.300,1
2.762241,29.753,81.809,31.985,1
2.762774,31.260,80.885,32.464,1
2.763337,29.568,81.852,32.754,1
2.763901,29.581,82.503,32.578,1
2.764645,22.396,93.943,32.731,1
2.764980,49.691,81.070,32.351,1
2.765560,28.733,82.545,32.621,1
2.766095,31.180,81.264,32.240,1
2.766652,29.939,81.298,32.371,1
2.767220,29.348,82.152,32.235,1
2.767808,28.343,83.866,32.491,1
2.768351,30.675,83.314,32.612,1
2.768880,31.507,81.275,32.622,1
2.769424,30.625,80.980,32.513,1
2.769981,29.936,81.049,32.577,1
2.770535,30.070,80.961,32.247,1
2.771104,29.319,81.833,32.351,1
2.771653,30.347,81.334,32.168,1
2.772253,27.790,82.928,32.751,1
2.773051,20.883,98.469,32.492,1
2.773332,59.335,82.056,32.705,1
2.773878,30.514,81.264,32.249,1
2.774454,28.920,82.942,32.331,1
2.775002,30.438,82.434,32.733,1
2.775580,28.801,83.857,32.122,1
2.776181,27.724,86.567,31.952,1
2.776721,30.879,81.364,32.570,1
2.777260,30.909,81.132,32.435,1
2.777810,30.302,81.353,32.680,1
2.778361,30.300,81.215,32.443,1
2.778907,30.524,81.040,32.356,1
2.779458,30.219,81.250,32.257,1
2.780006,30.436,80.971,32.474,1
2.780598,28.115,82.337,32.176,1
2.781372,21.545,95.792,32.609,1
2.781688,52.758,81.789,32.553,1
2.782231,30.714,81.403,32.476,1
2.782850,26.889,82.587,32.681,1
2.783391,30.836,81.880,32.150,1
2.783936,30.602,81.581,32.368,1
2.784477,30.772,81.074,32.166,1
2.785049,29.158,81.038,32.047,1
2.785623,29.047,82.514,32.399,1
2.786156,31.213,81.687,32.487,1
2.786699,30.693,81.275,32.523,1
2.787249,30.317,81.083,32.643,1
2.787826,28.916,82.762,32.394,1
2.788355,31.475,81.843,32.420,1
2.788903,30.427,82.195,32.626,1
2.789641,22.567,93.375,32.244,1
2.789996,46.946,81.846,32.448,1
2.790530,31.241,80.600,32.421,1
2.791089,29.801,81.024,32.916,1
2.791658,29.315,81.831,32.566,1
2.792233,28.965,82.184,32.843,1
2.792785,30.227,81.600,32.396,1
2.793379,28.023,81.222,32.549,1
2.793922,30.699,80.906,32.181,1
2.794480,29.868,81.224,32.340,1
2.795036,29.964,81.501,32.241,1
2.795584,30.413,81.249,32.999,1
2.796132,30.442,81.514,32.817,1
2.796718,28.415,81.469,32.797,1
2.797277,29.816,82.257,32.907,1
2.797942,25.062,89.578,32.504,1
2.798409,35.728,83.032,32.768,1
2.798928,32.136,81.022,32.462,1
2.799500,29.136,82.250,32.821,1
2.800037,31.022,81.313,32.580,1
2.800595,29.866,81.892,32.574,1
2.801155,29.771,82.354,32.802,1
2.801681,31.643,81.390,32.442,1
2.802226,30.594,81.054,32.715,1
2.802777,30.242,80.835,32.705,1
2.803332,30.035,81.756,32.221,1
2.803871,30.907,81.141,32.543,1
2.804444,29.090,82.167,32.587,1
2.805039,28.015,84.702,32.847,1
2.805609,29.238,82.733,33.451,1
2.806242,26.337,88.128,32.946,1
2.806689,37.303,81.832,33.110,1
2.807247,29.857,81.017,32.728,1
2.807794,30.488,81.249,32.863,1
2.808335,30.796,80.929,32.386,1
2.808884,30.364,81.356,32.925,1
2.809441,29.917,81.750,32.799,1
2.809994,30.155,81.916,32.815,1
2.810584,28.251,81.204,32.762,1
2.811131,30.463,81.440,32.482,1
2.811706,28.969,81.276,32.566,1
2.812250,30.626,81.385,32.264,1
2.812834,28.551,81.149,32.544,1
2.813394,29.773,81.815,32.233,1
2.813947,30.115,82.348,32.558,1
2.814616,24.938,89.864,32.633,1
2.815089,35.186,83.931,32.792,1
2.815599,32.717,81.369,32.653,1
2.816190,28.170,83.469,32.645,1
2.816747,29.943,84.421,32.666,1
2.817256,32.754,81.516,32.067,1
2.817825,29.285,81.476,32.089,1
2.818376,30.232,81.418,32.581,1
2.818920,30.646,81.377,32.379,1
2.819462,30.734,80.775,32.591,1
2.820044,28.674,80.970,32.469,1
2.820607,29.583,81.680,32.598,1
2.821156,30.333,81.856,32.411,1
2.821719,29.627,81.274,32.434,1
2.822303,28.521,83.715,32.028,1
2.822906,27.641,86.706,32.548,1
2.823357,36.952,81.161,32.505,1
2.823930,29.093,82.488,32.697,1
2.824475,30.579,82.591,32.493,1
2.825041,29.476,83.407,32.679,1
2.825584,30.660,81.244,32.451,1
2.826135,30.243,81.689,32.437,1
2.826734,27.862,84.531,31.945,1
2.827225,33.935,81.354,32.020,1
2.827802,28.864,82.982,32.387,1
2.828423,26.844,83.525,32.999,1
2.828974,30.263,83.444,32.959,1
2.829500,31.657,81.887,33.151,1
2.830048,30.437,80.957,33.172,1
2.830615,29.364,82.169,33.041,1
2.831261,25.827,88.149,33.014,1
2.831693,38.581,81.326,32.518,1
2.832249,29.967,81.125,33.068,1
2.832800,30.221,81.679,32.747,1
2.833342,30.781,81.098,32.984,1
2.833932,28.227,82.078,31.995,1
2.834491,29.825,83.038,32.210,1
2.835054,29.605,81.387,31.806,1
2.835599,30.599,81.518,30.930,1
2.836147,30.399,81.702,30.961,1
2.836701,30.088,81.958,30.423,1
2.837265,29.554,82.053,30.193,1
2.837814,30.356,82.119,29.422,1
2.838387,29.104,81.677,29.353,1
2.838961,29.011,83.230,28.940,1
2.839537,28.928,85.252,28.662,1
2.840058,31.986,81.635,28.022,1
2.840615,29.930,82.178,28.031,1
2.841200,28.475,84.285,27.660,1
2.841734,31.252,83.139,27.735,1
2.842293,29.823,83.302,27.599,1
2.842842,30.336,81.891,27.165,1
2.843381,30.928,81.191,27.345,1
2.843958,28.896,82.535,27.279,1
2.844509,30.207,82.334,27.349,1
2.845083,29.057,83.285,27.132,1
2.845609,31.701,81.741,27.416,1
2.846161,30.192,81.501,27.176,1
2.846737,28.937,82.905,27.445,1
2.847305,29.315,83.861,27.212,1
2.847966,25.220,90.727,27.492,1
2.848401,38.300,83.719,27.245,1
2.848930,31.542,81.815,27.613,1
2.849476,30.506,81.026,27.405,1
2.850045,29.282,81.238,27.701,1
2.850595,30.332,81.286,27.544,1
2.851154,29.769,82.239,27.696,1
2.851716,29.687,81.132,27.607,1
2.852273,29.920,81.465,27.859,1
2.852874,27.707,84.861,27.895,1
2.853383,32.772,81.171,27.643,1
2.853955,29.147,82.774,27.943,1
2.854473,32.140,81.237,27.649,1
2.855051,28.860,81.157,27.565,1
2.855641,28.233,83.643,27.896,1
2.856283,25.955,89.337,27.572,1
2.856816,31.271,88.321,27.828,1
2.857323,32.913,82.098,27.418,1
2.857907,28.507,84.294,27.667,1
2.858433,31.732,82.701,27.498,1
2.858952,32.097,81.294,27.565,1
2.859505,30.116,81.434,27.231,1
2.860063,29.881,81.981,27.552,1
2.860598,31.140,81.404,27.185,1
2.861169,29.185,82.861,27.421,1
2.861739,29.264,84.437,27.133,1
2.862264,31.770,81.978,27.306,1
2.862828,29.506,81.109,26.918,1
2.863393,29.512,81.773,27.202,1
2.863973,28.725,83.602,27.226,1
2.864577,27.600,87.086,26.864,1
2.865051,35.187,81.303,27.160,1
2.865595,30.605,81.234,26.960,1
2.866148,30.190,81.288,26.984,1
2.866712,29.535,81.998,27.148,1
2.867263,30.242,82.112,26.835,1
2.867831,29.320,83.442,27.134,1
2.868400,29.315,82.361,26.851,1
2.868938,30.988,81.758,27.119,1
2.869489,30.233,81.836,27.152,1
2.870052,29.597,81.243,26.913,1
2.870622,29.229,82.637,27.217,1
2.871155,31.272,81.161,27.125,1
2.871714,29.844,81.605,27.185,1
2.872279,29.462,82.330,26.919,1
2.872901,26.808,85.513,27.311,1
2.873405,33.090,82.591,27.283,1
2.873922,32.209,80.858,27.468,1
2.874485,29.612,81.840,27.168,1
2.875040,30.041,82.098,27.516,1
2.875584,30.610,82.100,27.276,1
2.876125,30.846,81.644,27.671,1
2.876717,28.136,83.557,27.448,1
2.877240,31.849,82.528,27.653,1
2.877762,31.933,81.286,27.713,1
2.878378,27.085,84.924,27.410,1
2.878914,31.051,81.025,27.704,1
2.879481,29.396,82.540,27.427,1
2.880051,29.274,81.486,27.746,1
2.880606,30.038,81.620,27.478,1
2.881231,26.659,86.470,27.694,1
2.881716,34.376,81.117,27.745,1
2.882276,29.765,81.543,27.347,1
2.882814,30.928,81.275,27.664,1
2.883354,30.916,80.948,27.356,1
2.883911,29.885,80.900,27.644,1
2.884461,30.293,81.291,27.381,1
2.885026,29.501,82.083,27.600,1
2.885555,31.498,81.171,27.350,1
2.886110,30.046,81.442,27.562,1
2.886677,29.390,82.423,27.238,1
2.887200,31.860,80.995,27.591,1
2.887767,29.410,81.742,27.365,1
2.888373,27.525,84.729,27.435,1
2.888919,30.479,81.119,27.204,1
2.889558,26.099,86.570,27.571,1
2.890052,33.746,81.229,27.431,1
2.890610,29.874,81.760,27.503,1
2.891156,30.539,81.204,27.240,1
2.891717,29.670,82.314,27.671,1
2.892259,30.751,82.013,27.371,1
2.892848,28.296,84.213,27.674,1
2.893412,29.544,82.684,27.693,1
2.893955,30.729,82.269,27.311,1
2.894480,31.722,81.092,27.584,1
2.895030,30.320,81.481,27.218,1
2.895570,30.842,81.303,27.572,1
2.896110,30.857,80.816,27.204,1
2.896684,29.058,81.553,27.306,1
2.897240,29.988,81.335,27.295,1
2.897907,24.962,88.546,27.522,1
2.898409,33.229,85.645,27.492,1
2.898904,33.684,83.026,27.200,1
2.899463,29.802,81.704,27.425,1
2.900022,29.825,81.735,27.120,1
2.900594,29.113,81.832,27.391,1
2.901140,30.564,81.455,27.134,1
2.901682,30.702,81.465,27.325,1
2.902262,28.754,81.921,27.022,1
2.902836,29.029,83.536,27.347,1
2.903379,30.723,81.228,27.373,1
2.903949,29.221,82.319,27.147,1
2.904481,31.324,81.246,27.419,1
2.905049,29.368,81.096,27.203,1
2.905613,29.547,81.814,27.421,1
2.906287,24.707,89.184,27.331,1
2.906792,33.028,86.354,27.407,1
2.907248,36.536,81.104,27.084,1
2.907859,27.305,84.837,27.364,1
2.908382,31.816,81.701,27.434,1
2.908930,30.440,81.442,27.119,1
2.909470,30.855,81.503,27.415,1
2.910040,29.232,82.815,27.132,1
2.910573,31.259,81.802,27.286,1
2.911114,30.815,81.148,27.383,1
2.911700,28.454,83.299,27.055,1
2.912199,33.372,80.698,27.244,1
2.912765,29.468,81.340,27.218,1
2.913371,27.515,84.484,26.899,1
2.913893,31.941,82.466,27.140,1
2.914562,24.897,87.931,26.996,1
2.915050,34.129,81.451,26.963,1
2.915602,30.199,81.787,27.266,1
2.916152,30.303,81.656,27.092,1
2.916743,28.195,82.806,27.170,1
2.917300,29.951,83.581,26.973,1
2.917863,29.590,84.587,27.159,1
2.918387,31.825,81.681,27.060,1
2.918927,30.859,81.191,27.277,1
2.919488,29.697,81.803,27.171,1
2.920024,31.083,81.146,27.458,1
2.920583,29.823,81.379,27.318,1
2.921164,28.674,81.873,27.553,1
2.921712,30.448,81.557,27.515,1
2.922267,30.013,82.279,27.688,1
2.922901,26.278,87.184,27.444,1
2.923374,35.262,80.951,27.702,1
2.923934,29.778,81.596,27.595,1
2.924488,30.050,82.394,27.766,1
2.925061,29.098,81.831,27.422,1
2.925598,31.051,81.138,27.719,1
2.926147,30.335,81.316,27.529,1
2.926730,28.614,83.138,27.714,1
2.927261,31.366,81.860,27.572,1
2.927840,28.768,81.874,27.779,1
2.928404,29.593,82.503,27.683,1
2.928960,29.961,83.148,27.785,1
2.929489,31.496,81.811,27.498,1
2.930101,27.237,84.167,27.816,1
2.930608,32.864,81.661,27.578,1
2.931323,23.310,91.276,27.862,1
2.931785,36.098,85.805,27.824,1
2.932292,32.862,82.846,27.962,1
2.932833,30.835,82.408,27.632,1
2.933425,28.119,84.864,27.852,1
2.933974,30.351,81.741,27.662,1
2.934515,30.808,81.064,27.781,1
2.935081,29.450,82.357,27.464,1
2.935617,31.115,81.672,27.714,1
2.936161,30.645,81.429,27.491,1
2.936746,28.493,83.219,27.686,1
2.937280,31.186,82.409,27.725,1
2.937820,30.873,82.178,27.378,1
2.938396,28.933,82.198,27.457,1
2.938932,31.126,81.738,27.593,1
2.939626,24.004,90.023,27.317,1
2.940054,38.923,81.453,27.567,1
2.940608,30.064,81.785,27.344,1
2.941147,30.939,81.166,27.560,1
2.941739,28.153,83.677,27.249,1
2.942262,31.889,81.934,27.581,1
2.942825,29.573,82.877,27.348,1
2.943376,30.250,82.939,27.632,1
2.943916,30.892,81.157,27.481,1
2.944465,30.324,81.484,27.541,1
2.945081,27.092,85.675,27.312,1
2.945560,34.748,81.517,27.531,1
2.946096,31.091,81.253,27.411,1
2.946685,28.329,83.511,27.541,1
2.947245,29.758,81.222,27.290,1
2.947922,24.606,89.274,27.471,1
2.948371,37.089,83.395,27.257,1
2.948916,30.612,81.171,27.482,1
2.949463,30.463,80.835,27.265,1
2.950032,29.281,82.187,27.466,1
2.950644,27.262,85.855,27.194,1
2.951163,32.069,84.087,27.382,1
2.951738,28.981,82.427,27.133,1
2.952289,30.257,82.357,27.338,1
2.952824,31.163,81.788,27.227,1
2.953355,31.376,81.086,27.568,1
2.953911,29.971,81.429,27.421,1
2.954473,29.658,82.051,27.820,1
2.955034,29.718,83.059,27.702,1
2.955544,32.696,81.139,27.841,1
2.956255,23.435,90.642,27.962,1
2.956688,38.472,83.189,28.588,1
2.957232,30.665,82.717,28.562,1
2.957759,31.629,81.143,28.969,1
2.958410,25.580,87.049,29.237,1
2.958909,33.424,80.953,29.712,1
2.959467,29.842,81.678,30.140,1
2.960060,28.103,81.815,30.560,1
2.960608,30.434,82.075,30.925,1
2.961150,30.744,81.497,31.392,1
2.961710,29.794,82.225,31.728,1
2.962260,30.258,81.840,32.080,1
2.962811,30.266,82.262,32.972,1
2.963418,27.445,83.473,32.986,1
2.963924,32.969,80.939,33.545,1
2.964545,26.839,85.218,33.094,1
2.965054,32.731,81.401,33.138,1
2.965594,30.870,80.929,33.002,1
2.966143,30.333,81.131,33.293,1
2.966735,28.150,83.449,32.834,1
2.967268,31.301,82.421,32.809,1
2.967808,30.868,81.847,32.739,1
2.968361,30.128,82.458,32.709,1
2.968919,29.856,81.389,32.722,1
2.969475,29.968,81.649,32.586,1
2.970101,26.644,84.219,32.699,1
2.970608,32.864,81.775,32.661,1
2.971148,30.895,81.282,32.850,1
2.971720,29.120,81.342,32.609,1
2.972287,29.384,82.257,32.553,1
2.973009,23.078,92.469,32.578,1
2.973416,40.986,83.367,32.726,1
2.973932,32.278,80.944,32.427,1
2.974496,29.557,82.162,32.452,1
2.975043,30.467,82.106,32.633,1
2.975608,29.509,82.899,32.688,1
2.976149,30.820,82.231,32.459,1
2.976738,28.294,84.613,32.626,1
2.977231,33.760,81.241,32.651,1
2.977792,29.746,82.056,32.661,1
2.978389,27.927,85.347,32.945,1
2.978885,33.605,81.749,32.790,1
2.979442,29.923,81.934,33.022,1
2.980089,25.752,87.715,32.723,1
2.980545,36.498,81.376,32.910,1
2.981223,24.585,88.958,32.651,1
2.981733,32.701,86.418,33.094,1
2.982204,35.418,81.326,32.691,1
2.982755,30.237,81.064,32.725,1
2.983380,26.662,85.249,32.466,1
2.983869,34.104,80.976,32.728,1
2.984451,28.630,82.286,32.571,1
2.985051,27.745,85.407,32.884,1
2.985572,31.996,80.839,32.527,1
2.986122,30.316,81.019,32.810,1
2.986790,24.964,88.016,32.571,1
2.987221,38.611,81.584,32.865,1
2.987780,29.845,82.149,32.646,1
2.988437,25.340,88.567,32.496,1
2.988968,31.401,84.473,32.459,1
2.989569,27.729,88.127,32.642,1
2.990115,30.522,85.202,32.439,1
2.990627,32.552,83.331,32.744,1
2.991164,31.036,82.380,32.244,1
2.991779,27.101,86.482,32.345,1
2.992275,33.644,82.727,32.510,1
2.992800,31.702,81.625,32.670,1
2.993392,28.195,84.026,32.389,1
2.993898,32.882,81.341,32.494,1
2.994448,30.333,81.348,32.588,1
2.995061,27.182,85.758,32.820,1
2.995551,34.040,81.015,32.603,1
2.996120,29.288,82.613,32.642,1
2.996732,27.235,85.664,32.378,1
2.997278,30.493,82.966,32.334,1
2.997938,25.282,88.114,32.649,1
2.998433,33.633,84.390,32.857,1
2.998926,33.832,81.089,32.564,1
2.999474,30.412,80.945,32.734,1
3.000128,25.466,87.356,32.883,1
3.000570,37.701,81.461,32.849,1
3.001109,30.925,80.842,32.823,1
3.001733,26.727,85.691,32.916,1
3.002213,34.727,81.489,32.562,1
3.002772,29.818,81.951,32.943,1
3.003416,25.882,87.281,32.720,1
3.003939,31.814,85.284,32.906,1
3.004465,31.697,82.196,32.668,1
3.005110,25.869,84.799,32.778,1
3.005609,33.394,81.832,32.494,1
3.006220,27.249,85.733,32.626,1
3.006767,30.506,,32.337,1
3.007254,34.182,,32.333,1
3.007804,30.338,,32.534,1
3.008467,25.141,,32.648,1
3.008937,35.461,,32.376,1
3.009482,30.554,,32.371,1
3.010095,27.192,,32.453,1
3.010620,31.755,,32.441,1
3.011150,31.441,,32.422,1
3.011768,26.945,,32.470,1
3.012239,35.431,,32.834,1
3.012780,30.786,,32.538,1
3.013411,26.441,,32.644,1
3.013936,31.702,,32.926,1
3.014513,28.901,,32.779,1
3.015091,28.844,83.674,32.869,1
3.015627,31.064,83.271,33.183,1
3.016139,32.589,80.853,32.758,1
3.016763,26.695,85.243,32.738,1
3.017266,33.112,82.246,32.815,1
3.017800,31.205,81.128,32.809,1
3.018435,26.247,86.285,32.948,1
3.018933,33.494,83.046,32.675,1
3.019472,30.929,82.314,32.810,1
3.020094,26.793,83.879,32.808,1
3.020607,32.512,81.529,32.726,1
3.021156,30.332,81.370,32.781,1
3.021758,27.683,83.703,32.498,1
3.022272,32.441,81.407,32.799,1
3.022854,28.644,83.212,32.513,1
3.023451,27.888,86.418,32.730,1
3.023949,33.467,83.193,32.581,1
3.024473,31.852,82.036,32.661,1
3.025140,24.965,86.658,32.687,1
3.025598,36.390,81.579,32.738,1
3.026137,30.948,80.790,32.911,1
3.026778,25.990,86.660,32.758,1
3.027228,37.026,80.740,32.977,1
3.027810,28.642,83.311,32.652,1
3.028441,26.437,88.034,32.573,1
3.028884,37.581,81.799,32.741,1
3.029445,29.730,81.279,32.882,1
3.030111,24.997,88.478,32.749,1
3.030631,32.092,86.760,32.849,1
3.031294,25.143,89.536,32.762,1
3.031780,34.261,85.970,32.871,1
3.032245,35.835,81.195,32.871,1
3.032835,28.243,83.539,33.131,1
3.033487,25.574,87.458,32.635,1
3.033933,37.345,81.055,32.765,1
3.034497,29.539,81.796,32.756,1
3.035111,27.176,85.187,32.951,1
3.035604,33.816,81.896,32.639,1
3.036153,30.341,82.287,32.757,1
3.036802,25.690,88.076,32.932,1
3.037247,37.424,81.027,32.800,1
3.037825,28.850,82.929,32.949,1
3.038480,25.439,87.042,32.722,1
3.038928,37.186,81.316,32.609,1
3.039592,25.091,88.047,32.682,1
3.040149,29.952,87.291,32.967,1
3.040591,37.690,81.151,32.581,1
3.041140,30.329,81.502,32.609,1
3.041814,24.737,88.844,32.679,1
3.042251,38.189,81.242,32.467,1
3.042819,29.311,81.716,32.780,1
3.043516,23.938,90.377,32.536,1
3.043962,37.344,83.989,32.736,1
3.044461,33.409,81.324,32.470,1
3.045163,23.745,88.007,32.634,1
3.045607,37.508,81.570,32.599,1
3.046153,30.508,81.710,32.749,1
3.046844,24.136,88.907,32.412,1
3.047256,40.421,81.060,32.742,1
3.047922,25.021,88.113,32.405,1
3.048546,26.725,91.218,32.771,1
3.048935,42.885,81.765,32.542,1
3.049493,29.856,82.146,32.818,1
3.050067,29.011,82.368,32.703,1
3.050629,29.682,83.019,32.811,1
3.051167,30.985,82.764,32.731,1
3.051693,31.677,81.644,32.779,1
3.052227,31.215,80.955,32.751,1
3.052777,30.301,81.169,33.074,1
3.053328,30.250,81.686,32.752,1
3.053899,29.169,83.013,33.074,1
3.054424,31.780,81.159,32.725,1
3.055001,28.852,80.843,32.934,1
3.055545,30.646,80.946,32.961,1
3.056183,26.105,86.173,32.903,1
3.056674,33.977,81.015,32.734,1
3.057277,27.659,82.796,32.665,1
3.057806,31.503,81.763,32.817,1
3.058544,22.559,91.118,32.584,1
3.058924,43.939,81.090,32.886,1
3.059496,29.102,82.356,32.636,1
3.060053,29.947,81.563,32.926,1
3.060620,29.392,82.529,32.595,1
3.061140,32.041,81.158,32.519,1
3.061720,28.764,81.426,32.689,1
3.062271,30.220,81.335,32.901,1
3.062812,30.805,81.135,33.281,1
3.063379,29.428,82.288,33.265,1
3.063918,30.879,80.725,33.902,1
3.064579,25.236,87.850,33.987,1
3.065054,35.098,81.395,34.644,1
3.065630,28.901,82.880,34.734,1
3.066156,31.727,81.275,35.565,1
3.066702,30.505,81.322,35.748,1
3.067270,29.326,81.926,36.413,1
3.067804,31.209,81.255,36.448,1
3.068370,29.477,82.136,36.997,1
3.068895,31.699,81.104,37.841,1
3.069451,29.989,81.367,38.001,1
3.070030,28.819,80.992,38.645,1
3.070583,30.112,81.220,39.030,1
3.071156,29.106,82.999,39.973,1
3.071673,32.243,80.975,40.236,1
3.072219,30.482,81.400,41.005,1
3.072897,24.585,88.483,41.449,1
3.073344,37.281,81.340,42.087,1
3.073894,30.308,81.321,42.202,1
3.074443,30.372,81.234,43.081,1
3.075002,29.813,81.793,42.781,1
3.075556,30.074,82.253,43.922,1
3.076092,31.088,81.234,49.477,1
3.076656,29.592,81.769,58.347,1
3.077241,28.444,,60.430,1
3.077797,30.011,,53.582,1
3.078383,28.420,81.473,43.591,1
3.078923,30.887,80.940,41.582,1
3.079475,30.175,81.059,40.418,1
3.080044,29.328,81.360,38.569,1
3.080607,29.601,82.366,36.383,1
3.081209,27.667,85.610,34.651,1
3.081701,33.889,82.625,33.860,1
3.082229,31.567,81.289,32.617,1
3.082784,30.005,82.048,32.262,1
3.083337,30.168,82.492,31.448,1
3.083898,29.669,82.836,31.212,1
3.084464,29.443,81.893,31.230,1
3.084998,31.217,81.011,31.014,1
3.085583,28.487,81.258,30.843,1
3.086168,28.523,83.212,31.036,1
3.086678,32.664,81.218,30.895,1
3.087249,29.204,82.559,30.959,1
3.087829,28.732,81.418,30.831,1
3.088393,29.539,81.824,30.733,1
3.088924,31.392,81.095,30.725,1
3.089544,26.859,85.205,30.790,1
3.090024,34.732,81.421,30.642,1
3.090572,30.439,81.165,30.513,1
3.091112,30.865,81.012,30.657,1
3.091667,29.996,81.244,30.668,1
3.092211,30.646,81.333,30.376,1
3.092764,30.154,81.392,30.646,1
3.093312,30.442,81.213,30.440,1
3.093870,29.869,81.167,30.496,1
3.094423,30.121,81.201,30.677,1
3.094984,29.684,81.553,30.439,1
3.095548,29.590,81.772,30.388,1
3.096093,30.566,81.208,30.895,1
3.096664,29.202,82.300,30.618,1
3.097232,29.345,83.045,30.876,1
3.097886,25.456,89.015,30.816,1
3.098313,39.102,81.092,30.843,1
3.098901,28.311,83.231,30.820,1
3.099429,31.570,81.572,30.922,1
3.100000,29.213,82.220,30.833,1
3.100567,29.363,83.058,31.085,1
3.101095,31.590,81.385,30.987,1
3.101684,28.288,83.357,31.228,1
3.102228,30.633,82.762,30.984,1
3.102804,28.955,83.156,31.205,1
3.103378,29.038,81.849,31.310,1
3.103929,30.247,82.015,30.946,1
3.104479,30.264,82.151,31.016,1
3.105058,28.804,83.746,31.063,1
3.105585,31.608,81.377,31.033,1
3.106237,25.564,87.332,30.920,1
3.106684,37.294,81.070,30.906,1
3.107237,30.157,81.262,30.845,1
3.107785,30.401,81.298,31.014,1
3.108347,29.655,82.020,30.644,1
3.108882,31.147,81.275,30.877,1
3.109427,30.571,81.294,30.653,1
3.109983,29.975,81.206,30.786,1
3.110543,29.769,81.714,30.826,1
3.111115,29.165,82.656,30.807,1
3.111671,29.952,82.383,30.765,1
3.112213,30.760,81.436,30.760,1
3.112755,30.770,80.924,30.960,1
3.113320,29.474,81.164,30.851,1
3.113891,29.182,82.454,30.898,1
3.114578,24.285,90.464,30.760,1
3.115039,36.078,84.829,31.005,1
3.115587,30.438,81.936,31.089,1
3.116118,31.365,80.909,30.823,1
3.116685,29.396,82.099,30.908,1
3.117219,31.236,81.602,30.943,1
3.117771,30.177,81.640,31.126,1
3.118307,31.094,80.915,30.834,1
3.118879,29.144,81.779,30.894,1
3.119425,30.522,81.306,30.851,1
3.119980,30.043,81.274,30.827,1
3.120547,29.392,82.016,30.713,1
3.121088,30.828,81.106,30.614,1
3.121648,29.716,81.386,30.276,1
3.122204,30.028,81.380,30.456,1
3.122818,27.115,84.936,30.290,1
3.123303,34.351,80.713,30.408,1
3.123897,28.099,82.764,30.366,1
3.124455,29.843,81.344,30.334,1
3.125004,30.353,81.157,30.226,1
3.125567,29.606,82.117,30.367,1
3.126121,30.073,81.561,30.523,1
3.126674,30.166,81.008,30.294,1
3.127240,29.420,82.140,30.431,1
3.127774,31.235,81.070,30.380,1
3.128375,27.723,80.954,30.316,1
3.128926,30.231,81.274,30.438,1
3.129474,30.456,80.965,30.452,1
3.130024,30.305,81.030,30.360,1
3.130605,28.672,82.856,30.726,1
3.131223,26.956,87.141,30.576,1
3.131718,33.673,81.350,30.697,1
3.132265,30.452,81.600,30.516,1
3.132823,29.884,82.011,30.710,1
3.133375,30.184,81.351,30.961,1
3.133930,30.041,81.516,30.679,1
3.134478,30.398,81.500,30.719,1
3.135021,30.732,80.899,30.880,1
3.135607,28.437,83.502,30.650,1
3.136144,31.047,82.959,30.763,1
3.136722,28.827,81.556,30.562,1
3.137277,29.992,81.748,30.496,1
3.137819,30.772,81.383,30.620,1
3.138369,30.317,81.351,30.433,1
3.138926,29.904,81.878,30.477,1
3.139600,24.747,89.405,30.657,1
3.140040,37.817,83.200,30.527,1
3.140553,32.516,81.440,30.433,1
3.141115,29.665,82.541,30.503,1
3.141677,29.647,83.074,30.596,1
3.142228,30.251,82.044,30.608,1
3.142772,30.622,81.987,30.695,1
3.143309,31.067,81.046,30.610,1
3.143868,29.782,81.278,30.787,1
3.144438,29.266,81.577,30.972,1
3.144993,30.000,81.834,30.766,1
3.145540,30.499,81.325,30.784,1
3.146098,29.839,81.727,30.919,1
3.146649,30.250,81.192,30.888,1
3.147226,28.890,82.736,30.963,1
3.147847,26.858,86.651,30.897,1
3.148370,31.853,84.730,31.112,1
3.148916,30.503,81.491,30.806,1
3.149475,29.850,81.855,31.018,1
3.150052,28.889,83.388,30.812,1
3.150576,31.763,81.144,31.032,1
3.151134,29.908,81.060,30.993,1
3.151684,30.273,81.060,31.041,1
3.152250,29.453,82.119,31.125,1
3.152811,29.736,80.944,31.010,1
3.153363,30.158,81.150,30.872,1
3.153934,29.180,82.253,30.688,1
3.154479,30.591,82.059,30.906,1
3.155052,29.101,81.308,30.773,1
3.155601,30.356,81.350,30.719,1
3.156229,26.558,86.164,30.562,1
3.156709,34.721,81.960,30.765,1
3.157252,30.682,81.359,30.522,1
3.157805,30.133,81.638,30.256,1
3.158344,30.905,81.094,30.296,1
3.158900,29.955,81.524,30.370,1
3.159452,30.239,81.458,30.134,1
3.160042,28.247,81.321,30.346,1
3.160584,30.755,80.987,30.259,1
3.161136,30.188,81.166,30.248,1
3.161710,29.001,82.624,30.327,1
3.162233,31.905,81.033,30.167,1
3.162781,30.405,80.921,30.274,1
3.163338,29.924,81.461,30.303,1
3.163890,30.177,81.517,30.391,1
3.164556,25.022,88.643,30.390,1
3.164987,38.685,81.405,30.327,1
3.165539,30.222,81.269,30.432,1
3.166103,29.552,81.997,30.532,1
3.166647,30.601,81.172,30.424,1
3.167251,27.623,84.241,30.603,1
3.167752,33.222,80.986,30.213,1
3.168309,29.955,81.032,30.443,1
3.168870,29.691,81.217,30.426,1
3.169441,29.192,82.296,30.444,1
3.169978,31.051,81.177,30.420,1
3.170563,28.484,82.959,30.561,1
3.171111,30.388,81.025,30.435,1
3.171682,29.197,82.416,30.427,1
3.172240,29.891,82.713,30.357,1
3.172903,25.133,89.729,30.472,1
3.173309,41.008,80.948,30.635,1
3.173889,28.746,82.257,30.460,1
3.174425,31.123,81.364,30.461,1
3.174990,29.491,81.722,30.644,1
3.175538,30.387,81.486,30.486,1
3.176086,30.404,81.058,30.773,1
3.176668,28.676,82.582,30.643,1
3.177269,27.713,85.276,30.628,1
3.177805,31.109,80.866,30.656,1
3.178370,29.506,82.040,30.868,1
3.178904,31.157,81.561,30.980,1
3.179454,30.301,81.558,30.922,1
3.180009,30.060,81.308,30.969,1
3.180573,29.562,82.230,30.864,1
3.181215,25.940,87.242,30.960,1
3.181695,34.767,82.235,30.938,1
3.182271,28.935,82.557,30.848,1
3.182850,28.783,84.384,30.650,1
3.183392,30.728,83.557,30.775,1
3.183971,28.776,84.596,30.549,1
3.184541,29.233,86.139,30.517,1
3.185023,34.572,82.305,30.361,1
3.185555,31.343,81.031,30.513,1
3.186135,28.725,82.459,30.411,1
3.186708,29.134,83.027,30.385,1
3.187261,30.090,81.985,30.554,1
3.187810,30.382,82.058,30.454,1
3.188344,31.232,81.207,30.523,1
3.188921,28.849,81.615,30.283,1
3.189559,26.133,87.296,30.322,1
3.190012,36.825,81.811,30.521,1
3.190568,29.966,80.595,30.436,1
3.191133,29.496,81.593,30.484,1
3.191676,30.712,81.149,30.389,1
3.192230,30.070,81.188,30.556,1
3.192789,29.800,81.979,30.308,1
3.193322,31.294,81.173,30.421,1
3.193892,29.215,82.427,30.343,1
3.194426,31.210,80.726,30.346,1
3.195036,27.339,81.435,30.163,1
3.195625,28.272,84.068,30.263,1
3.196133,32.803,81.823,30.546,1
3.196682,30.357,82.158,30.667,1
3.197249,29.429,81.222,30.975,1
3.197929,24.499,88.918,31.330,1
3.198373,37.543,82.895,31.196,1
3.198909,31.087,82.411,31.336,1
3.199469,29.792,82.463,31.264,1
3.200052,28.562,81.408,31.207,1
3.200597,30.601,81.178,30.959,1
3.201141,30.633,80.930,30.887,1
3.201693,30.183,81.054,30.913,1
3.202273,28.735,83.183,30.879,1
3.202815,30.757,82.339,30.792,1
3.203358,30.696,81.789,30.964,1
3.203933,29.001,82.299,30.964,1
3.204458,31.720,81.090,30.923,1
3.205019,29.708,81.635,31.006,1
3.205579,29.789,82.458,30.926,1
3.206216,26.145,87.231,31.235,1
3.206712,33.587,83.331,31.220,1
3.207238,31.728,81.775,31.689,1
3.207802,29.538,82.515,31.560,1
3.208382,28.702,81.411,31.958,1
3.208959,28.912,82.834,32.377,1
3.209490,31.366,82.053,32.317,1
3.210024,31.247,81.471,32.651,1
3.210592,29.317,82.059,32.598,1
3.211125,31.270,81.252,33.191,1
3.211666,30.833,81.018,33.345,1
3.212244,28.814,83.174,33.797,1
3.212798,30.069,83.360,33.106,1
3.213329,31.403,82.069,33.593,1
3.213922,28.103,84.293,33.353,1
3.214444,31.916,82.247,33.296,1
3.215057,27.191,85.696,32.549,1
3.215603,30.550,85.384,32.839,1
3.216140,31.030,81.589,32.538,1
3.216688,30.385,81.763,32.736,1
3.217254,29.459,81.594,33.359,1
3.217818,29.547,82.525,32.683,1
3.218350,31.347,81.411,32.885,1
3.218901,30.262,81.575,32.434,1
3.219477,28.940,82.959,32.683,1
3.220012,31.154,82.530,32.262,1
3.220600,28.343,82.498,32.563,1
3.221137,30.996,81.341,32.566,1
3.221692,30.066,81.293,32.758,1
3.222267,28.969,82.503,32.555,1
3.222875,27.433,85.814,32.632,1
3.223354,34.765,81.558,32.742,1
3.223937,28.600,82.550,32.473,1
3.224456,32.093,81.113,32.610,1
3.225060,27.575,81.933,32.249,1
3.225613,30.174,82.134,32.654,1
3.226173,29.755,82.330,32.532,1
3.226735,29.631,82.781,32.774,1
3.227311,28.959,84.348,32.953,1
3.227806,33.654,81.295,32.571,1
3.228351,30.593,81.537,32.804,1
3.228955,27.600,84.833,32.156,1
3.229491,31.062,83.832,32.315,1
3.230016,31.747,82.298,32.433,1
3.230594,28.856,82.146,32.645,1
3.231252,25.333,88.259,32.866,1
3.231774,31.892,86.500,32.679,1
3.232262,34.168,82.585,32.815,1
3.232805,30.720,81.807,32.456,1
3.233353,30.406,82.009,32.537,1
3.233985,26.374,85.419,32.308,1
3.234486,33.263,82.364,32.361,1
3.235055,29.279,81.092,32.347,1
3.235616,29.703,81.819,32.948,1
3.236167,30.290,81.703,32.676,1
3.236714,30.449,81.363,33.017,1
3.237277,29.582,82.033,32.535,1
3.237820,30.719,81.522,32.607,1
3.238361,30.777,81.514,32.616,1
3.238933,29.131,82.949,32.628,1
3.239483,30.327,83.045,32.552,1
3.240113,26.465,88.252,32.863,1
3.240560,37.247,82.540,32.669,1
3.241091,31.407,81.220,32.702,1
3.241651,29.778,81.612,32.677,1
3.242276,26.649,85.658,32.703,1
3.242829,30.151,85.503,32.154,1
3.243345,32.300,83.025,32.096,1
3.243923,28.823,81.681,32.469,1
3.244469,30.505,81.343,32.440,1
3.245070,27.756,82.527,32.858,1
3.245600,31.433,81.781,32.583,1
3.246151,30.263,81.655,32.723,1
3.246716,29.500,82.514,32.858,1
3.247286,29.249,83.477,32.579,1
3.247895,27.353,86.902,32.714,1
3.248394,33.427,81.916,32.248,1
3.248953,29.785,82.334,32.767,1
3.249482,31.533,81.478,32.524,1
3.250017,31.160,80.881,32.777,1
3.250591,29.010,81.830,32.427,1
3.251126,31.153,81.346,32.686,1
3.251714,28.326,81.724,32.591,1
3.252288,29.041,83.036,31.979,1
3.252810,31.931,81.800,32.172,1
3.253391,28.701,82.000,32.336,1
3.253983,28.152,84.806,32.696,1
3.254469,34.299,81.326,33.028,1
3.255056,28.392,81.669,32.636,1
3.255602,30.503,81.317,32.616,1
3.256152,30.346,81.680,32.687,1
3.256849,23.891,90.507,32.248,1
3.257292,37.652,83.874,32.377,1
3.257793,33.242,81.271,32.161,1
3.258336,30.712,80.907,32.041,1
3.258922,28.430,83.032,32.294,1
3.259452,31.480,81.474,32.618,1
3.259998,30.500,81.622,32.308,1
3.260630,26.375,84.127,32.459,1
3.261137,32.873,81.434,32.218,1
3.261709,29.128,81.251,32.290,1
3.262354,25.860,86.983,32.009,1
3.262805,36.901,81.382,32.463,1
3.263349,30.633,81.398,32.728,1
3.263956,27.474,83.672,32.567,1
3.264474,32.149,82.236,32.811,1
3.265073,27.823,85.183,32.358,1
3.265599,31.689,82.328,32.636,1
3.266134,31.177,81.817,32.187,1
3.266674,30.889,81.082,32.396,1
3.267273,27.823,82.706,32.229,1
3.267805,31.324,81.481,32.507,1
3.268386,28.671,81.672,32.615,1
3.268924,30.956,81.223,32.674,1
3.269484,29.770,81.946,32.525,1
3.270009,31.758,80.814,32.568,1
3.270573,29.528,82.113,32.235,1
3.271114,30.847,81.231,32.368,1
3.271683,29.266,81.690,32.189,1
3.272285,27.707,84.602,32.759,1
3.272827,30.725,84.270,32.493,1
3.273431,27.618,87.735,32.702,1
3.273923,33.869,84.171,32.253,1
3.274422,33.361,80.930,32.324,1
3.274991,29.286,81.969,32.757,1
3.275593,27.684,84.222,32.100,1
3.276086,33.858,80.760,31.966,1
3.276714,26.544,81.464,32.586,1
3.277277,29.582,82.371,32.425,1
3.277801,31.788,81.241,32.680,1
3.278344,30.696,81.122,32.445,1
3.278927,28.615,83.430,32.358,1
3.279473,30.492,83.596,32.272,1
3.279984,32.649,81.275,32.481,1
3.280585,27.701,84.130,32.193,1
3.281116,31.386,82.687,32.626,1
3.281750,26.313,87.451,32.570,1
3.282253,33.119,83.871,32.477,1
3.282816,29.624,84.797,32.648,1
3.283384,29.327,81.674,32.141,1
3.283946,29.684,82.491,32.351,1
3.284474,31.534,81.076,32.169,1
3.285046,29.125,81.079,32.064,1
3.285653,27.463,84.654,32.422,1
3.286177,31.809,81.155,32.471,1
3.286723,30.522,81.135,32.539,1
3.287293,29.246,82.742,32.609,1
3.287821,31.582,81.313,32.408,1
3.288365,30.619,81.352,32.418,1
3.288951,28.425,83.513,32.619,1
3.289485,31.249,82.691,32.246,1
3.290091,27.510,85.264,32.432,1
3.290618,31.611,84.073,32.446,1
3.291111,33.774,80.957,32.875,1
3.291704,28.117,83.870,32.569,1
3.292310,27.491,84.476,32.827,1
3.292822,32.553,82.466,32.406,1
3.293380,29.872,81.357,32.543,1
3.293941,29.740,81.587,32.198,1
3.294483,30.710,81.567,32.332,1
3.295046,29.643,81.082,32.259,1
3.295631,28.485,83.238,33.014,1
3.296150,32.097,81.496,32.796,1
3.296695,30.603,81.105,32.768,1
3.297320,26.647,85.114,32.937,1
3.297917,27.909,87.353,32.572,1
3.298463,30.535,87.080,32.786,1
3.298946,34.548,83.104,32.465,1
3.299473,31.620,81.843,32.851,1
3.300030,29.913,81.566,32.581,1
3.300611,28.691,83.302,32.630,1
3.301128,32.238,81.456,32.826,1
3.301725,27.884,84.230,32.425,1
3.302319,28.085,86.892,32.717,1
3.302778,36.298,81.496,32.719,1
3.303318,30.852,81.002,32.187,1
3.303951,26.328,85.873,32.555,1
3.304465,32.467,83.740,32.590,1
3.304997,31.313,82.256,32.858,1
3.305652,25.439,88.389,33.442,1
3.306094,37.709,81.564,32.950,1
3.306649,30.055,81.483,33.125,1
3.307293,25.869,86.827,32.719,1
3.307774,34.631,82.368,32.850,1
3.308345,29.182,83.304,32.374,1
3.308992,25.769,88.563,32.886,1
3.309428,38.211,81.633,32.799,1
3.310002,29.034,82.697,32.844,1
3.310695,24.042,90.966,32.747,1
3.311170,35.095,86.102,32.462,1
3.311641,35.404,81.043,32.562,1
3.312312,24.861,87.925,32.286,1
3.312755,37.610,81.205,32.556,1
3.313312,29.882,81.332,32.224,1
3.313959,25.764,86.544,32.590,1
3.314417,36.430,80.936,32.635,1
3.315043,26.610,85.178,32.802,1
3.315619,28.935,86.438,32.639,1
3.316088,35.556,81.200,32.653,1
3.316647,29.805,81.426,32.685,1
3.317292,25.858,86.772,32.094,1
3.317804,32.497,84.214,32.089,1
3.318342,31.025,83.093,32.598,1
3.318963,26.824,87.054,32.364,1
3.319416,36.796,80.887,32.598,1
3.319975,29.801,81.079,32.475,1
3.320653,24.601,88.406,32.598,1
3.321095,37.668,81.602,32.421,1
3.321635,30.855,80.735,32.413,1
3.322301,25.052,87.336,32.019,1
3.322757,36.524,81.360,32.563,1
3.323416,25.275,87.607,32.489,1
3.323966,30.312,86.966,32.671,1
3.324419,36.795,81.076,32.491,1
3.324995,28.946,82.306,32.696,1
3.325634,26.099,87.292,32.439,1
3.326096,36.017,81.708,32.443,1
3.326638,30.765,80.854,31.957,1
3.327320,24.434,88.469,32.050,1
3.327755,38.300,81.225,32.384,1
3.328333,28.847,82.583,32.985,1
3.329022,24.183,90.441,32.953,1
3.329420,41.913,81.165,33.162,1
3.329976,29.981,81.140,33.203,1
3.330624,25.716,86.701,33.085,1
3.331100,34.972,81.992,33.161,1
3.331731,26.424,86.473,32.408,1
3.332350,26.923,90.281,33.008,1
3.332761,40.578,81.592,32.751,1
3.333299,30.978,80.556,32.965,1
3.333977,24.590,87.874,31.975,1
3.334418,37.806,81.028,32.222,1
3.334972,30.078,80.901,31.816,1
3.335660,24.217,88.866,30.925,1
3.336087,39.019,81.163,30.969,1
3.336650,29.583,81.632,30.433,1
3.337279,26.498,86.069,30.194,1
3.337760,34.657,81.560,29.403,1
3.338311,30.290,81.283,29.359,1
3.338978,24.986,87.942,28.955,1
3.339446,35.590,82.696,28.662,1
3.340068,26.798,86.673,28.013,1
3.340658,28.237,88.768,28.010,1
3.341082,39.294,80.872,27.652,1
3.341658,28.938,82.076,27.740,1
3.342323,25.085,88.636,27.593,1
3.342754,38.622,81.172,27.181,1
3.343309,30.046,81.142,27.333,1
3.343976,24.997,87.594,27.240,1
3.344432,36.518,81.746,27.355,1
3.344981,30.381,81.186,27.139,1
3.345650,24.903,87.993,27.426,1
3.346085,38.262,81.011,27.175,1
3.346642,29.966,81.110,27.432,1
3.347302,25.237,87.400,27.198,1
3.347767,35.859,81.953,27.487,1
3.348391,26.714,86.064,27.270,1
3.348995,27.580,89.016,27.615,1
3.349447,36.847,82.813,27.427,1
3.349994,30.501,82.235,27.712,1
3.350638,25.865,87.580,27.526,1
3.351084,37.349,81.016,27.723,1
3.351637,30.161,80.864,27.609,1
3.352305,24.946,87.589,27.900,1
3.352755,37.032,81.265,27.888,1
3.353307,30.202,81.064,27.647,1
3.353970,25.132,87.271,27.945,1
3.354418,37.237,80.895,27.652,1
3.354978,29.741,81.192,27.572,1
3.355641,25.157,87.751,27.882,1
3.356096,36.632,81.659,27.573,1
3.356745,25.663,87.314,27.832,1
3.357213,35.647,82.039,27.427,1
3.357773,29.758,82.329,27.683,1
3.358311,30.952,81.320,27.510,1
3.358907,27.963,83.728,27.570,1
3.359414,32.918,80.758,27.217,1
3.359985,29.144,81.582,27.542,1
3.360631,25.797,87.151,27.205,1
3.361112,34.678,82.646,27.426,1
3.361653,30.784,81.826,27.135,1
3.362293,26.056,86.871,27.309,1
3.362755,36.080,81.253,26.931,1
3.363308,30.166,81.082,27.194,1
3.363877,29.266,81.907,27.215,1
3.364415,30.979,80.858,26.865,1
3.365112,23.925,89.315,27.168,1
3.365540,38.893,81.700,26.957,1
3.366086,30.561,81.115,26.978,1
3.366644,29.871,81.210,27.143,1
3.367199,30.032,81.197,26.829,1
3.367759,29.744,81.498,27.143,1
3.368326,29.362,82.203,26.853,1
3.368873,30.513,81.440,27.117,1
3.369427,30.058,81.478,27.145,1
3.369987,29.754,81.641,26.917,1
3.370549,29.694,82.184,27.208,1
3.371131,28.627,83.820,27.127,1
3.371638,32.882,80.882,27.205,1
3.372195,29.910,80.907,26.920,1
3.372752,29.910,81.097,27.296,1
3.373400,25.717,86.650,27.273,1
3.373883,34.553,82.012,27.458,1
3.374453,29.204,83.149,27.163,1
3.375022,29.326,83.767,27.522,1
3.375537,32.310,81.518,27.257,1
3.376090,30.139,81.376,27.660,1
3.376644,30.089,81.282,27.447,1
3.377209,29.507,81.840,27.638,1
3.377759,30.333,81.475,27.720,1
3.378317,29.832,81.636,27.392,1
3.378868,30.281,81.387,27.701,1
3.379420,30.154,81.173,27.419,1
3.379972,30.232,80.923,27.739,1
3.380529,29.905,81.033,27.479,1
3.381087,29.855,81.194,27.699,1
3.381738,25.604,86.917,27.754,1
3.382213,35.091,82.122,27.358,1
3.382779,29.436,82.719,27.672,1
3.383314,31.157,81.508,27.362,1
3.383873,29.841,81.428,27.637,1
3.384424,30.217,81.402,27.371,1
3.384975,30.249,81.141,27.603,1
3.385530,30.036,81.127,27.339,1
3.386106,28.970,82.273,27.562,1
3.386637,31.346,80.845,27.248,1
3.387213,28.922,82.078,27.573,1
3.387751,30.984,81.039,27.373,1
3.388306,30.062,81.018,27.436,1
3.388876,29.248,81.833,27.199,1
3.389465,28.263,83.859,27.578,1
3.390076,27.306,87.205,27.425,1
3.390536,36.186,81.452,27.522,1
3.391089,30.129,81.332,27.271,1
3.391643,30.105,81.191,27.656,1
3.392194,30.256,80.945,27.371,1
3.392749,30.027,80.880,27.661,1
3.393304,30.035,80.861,27.693,1
3.393867,29.602,81.310,27.298,1
3.394419,30.200,81.093,27.553,1
3.394972,30.130,80.954,27.236,1
3.395531,29.792,81.195,27.583,1
3.396090,29.851,81.349,27.223,1
3.396637,30.466,80.837,27.314,1
3.397194,29.900,80.962,27.310,1
3.397760,29.450,81.551,27.533,1
3.398434,24.731,88.706,27.502,1
3.398893,36.333,82.655,27.170,1
3.399417,31.768,80.883,27.437,1
3.399983,29.489,81.332,27.115,1
3.400534,30.243,81.063,27.373,1
3.401083,30.314,80.942,27.155,1
3.401637,30.085,80.886,27.309,1
3.402198,29.723,81.177,27.024,1
3.402753,30.044,81.144,27.341,1
3.403305,30.217,80.941,27.403,1
3.403868,29.578,81.159,27.155,1
3.404458,28.249,83.328,27.418,1
3.405010,30.170,83.020,27.198,1
3.405534,31.852,81.054,27.396,1
3.406088,30.049,81.211,27.323,1
3.406809,23.114,91.177,27.396,1
3.407264,36.681,85.130,27.085,1
3.407769,32.963,82.128,27.354,1
3.408321,30.228,81.916,27.428,1
3.408871,30.261,81.256,27.117,1
3.409418,30.468,81.082,27.396,1
3.409969,30.273,80.762,27.145,1
3.410530,29.703,81.093,27.320,1
3.411082,30.199,80.871,27.396,1
3.411642,29.738,81.202,27.030,1
3.412200,29.910,81.282,27.248,1
3.412764,29.537,81.820,27.225,1
3.413306,30.763,80.966,26.907,1
3.413887,28.684,82.511,27.134,1
3.414433,30.510,81.858,26.974,1
3.415096,25.126,88.177,26.955,1
3.415534,38.089,81.372,27.279,1
3.416100,29.463,81.952,27.101,1
3.416642,30.753,81.131,27.190,1
3.417193,30.245,80.895,26.954,1
3.417771,28.792,82.259,27.155,1
3.418311,30.895,81.273,27.075,1
3.418876,29.472,81.662,27.279,1
3.419423,30.498,81.334,27.158,1
3.419977,30.089,81.228,27.453,1
3.420534,29.889,81.405,27.320,1
3.421092,29.868,81.562,27.570,1
3.421659,29.425,82.175,27.525,1
3.422231,29.118,83.201,27.687,1
3.422767,31.112,81.992,27.427,1
3.423366,27.819,84.621,27.706,1
3.423930,29.568,84.865,27.607,1
3.424445,32.340,82.697,27.757,1
3.425015,29.234,83.549,27.428,1
3.425533,32.166,81.286,27.720,1
3.426090,29.966,81.346,27.527,1
3.426641,30.248,81.092,27.721,1
3.427197,29.969,81.091,27.595,1
3.427758,29.707,81.439,27.789,1
3.428315,29.897,81.528,27.686,1
3.428874,29.825,81.749,27.786,1
3.429416,30.743,80.923,27.505,1
3.429978,29.636,81.154,27.790,1
3.430529,30.300,81.000,27.585,1
3.431091,29.619,81.450,27.846,1
3.431770,24.545,88.864,27.856,1
3.432204,38.439,81.576,27.962,1
3.432759,30.015,81.527,27.648,1
3.433305,30.531,80.947,27.862,1
3.433867,29.648,81.380,27.685,1
3.434433,29.437,81.983,27.798,1
3.434996,29.643,82.303,27.454,1
3.435543,30.421,81.902,27.691,1
3.436096,30.160,81.780,27.463,1
3.436637,30.787,80.891,27.682,1
3.437217,28.774,82.343,27.708,1
3.437755,30.929,81.326,27.378,1
3.438318,29.644,81.733,27.449,1
3.438874,29.933,81.787,27.605,1
3.439430,30.017,81.645,27.352,1
3.440060,26.428,86.047,27.583,1
3.440540,34.739,81.729,27.291,1
3.441088,30.422,81.243,27.574,1
3.441641,30.159,81.086,27.208,1
3.442212,29.148,82.066,27.557,1
3.442764,30.198,81.828,27.346,1
3.443305,30.832,80.948,27.634,1
3.443869,29.567,81.214,27.452,1
3.444422,30.140,81.161,27.568,1
3.444975,30.138,80.852,27.301,1
3.445536,29.708,81.198,27.535,1
3.446086,30.262,81.115,27.435,1
3.446635,30.375,80.776,27.520,1
3.447198,29.614,81.194,27.273,1
3.447770,29.138,82.164,27.469,1
3.448444,24.708,89.335,27.264,1
3.448974,31.465,87.781,27.538,1
3.449424,37.035,81.303,27.271,1
3.449986,29.687,81.611,27.459,1
3.450533,30.442,81.327,27.194,1
3.451160,26.563,85.602,27.414,1
3.451642,34.598,81.185,27.098,1
3.452192,30.317,80.835,27.342,1
3.452785,28.115,83.045,27.217,1
3.453309,31.802,81.201,27.568,1
3.453882,29.079,82.017,27.406,1
3.454418,31.103,81.059,27.819,1
3.454980,29.661,81.440,27.710,1
3.455543,29.611,81.897,27.837,1
3.456086,30.680,81.143,27.955,1
3.456778,24.093,89.297,28.602,1
3.457219,37.791,82.416,28.540,1
3.457774,30.031,82.390,28.946,1
3.458301,31.585,80.734,29.228,1
3.458875,29.047,81.827,29.707,1
3.459414,30.898,80.863,30.147,1
3.459998,28.549,82.552,30.561,1
3.460532,31.213,81.238,30.950,1
3.461083,30.270,80.965,31.411,1
3.461643,29.777,81.213,31.693,1
3.462196,30.111,81.092,32.102,1
3.462753,29.903,81.200,32.983,1
3.463306,30.162,81.036,32.979,1
3.463909,27.658,83.859,33.581,1
3.464446,31.010,82.729,33.048,1
3.465035,28.318,84.518,33.096,1
3.465560,31.708,82.941,32.961,1
3.466084,31.828,80.969,33.258,1
3.466650,29.451,81.665,32.822,1
3.467217,29.386,82.346,32.856,1
3.467756,30.935,81.348,32.746,1
3.468314,29.827,81.518,32.739,1
3.468886,29.164,82.270,32.756,1
3.469447,29.712,82.682,32.562,1
3.469975,31.544,80.952,32.709,1
3.470532,29.950,81.250,32.621,1
3.471089,29.916,81.303,32.855,1
3.471653,29.548,81.841,32.634,1
3.472211,29.872,81.963,32.554,1
3.472766,30.007,81.974,32.558,1
3.473381,27.123,85.509,32.699,1
3.473894,32.484,82.965,32.403,1
3.474417,31.839,81.039,32.422,1
3.474975,29.910,81.122,32.619,1
3.475527,30.182,80.925,32.701,1
3.476090,29.597,81.393,32.468,1
3.476640,30.318,81.038,32.657,1
3.477197,29.873,81.147,32.642,1
3.477770,29.110,82.231,32.664,1
3.478310,30.890,81.244,32.932,1
3.478872,29.620,81.681,32.780,1
3.479419,30.496,81.103,33.018,1
3.479978,29.809,81.273,32.753,1
3.480534,29.994,81.349,32.906,1
3.481085,30.236,81.063,32.691,1
3.481788,23.712,89.904,33.067,1
3.482232,37.536,83.238,32.680,1
3.482754,31.929,81.230,32.720,1
3.483314,29.720,81.549,32.454,1
3.483874,29.778,81.803,32.761,1
3.484423,30.346,81.386,32.574,1
3.484971,30.463,80.901,32.855,1
3.485533,29.636,81.294,32.520,1
3.486085,30.184,81.140,32.852,1
3.486639,30.092,80.992,32.547,1
3.487190,30.230,80.739,32.881,1
3.487755,29.521,81.296,32.626,1
3.488319,29.530,81.828,32.516,1
3.488877,29.891,81.951,32.459,1
3.489427,30.299,81.649,32.610,1
3.490063,26.184,86.472,32.461,1
3.490544,34.677,82.000,32.720,1
3.491090,30.543,81.378,32.248,1
3.491637,30.438,80.907,32.359,1
3.492193,29.979,80.931,32.523,1
3.492760,29.426,81.569,32.684,1
3.493302,30.719,80.820,32.366,1
3.493890,28.374,82.493,32.497,1
3.494426,31.073,81.542,32.563,1
3.494977,30.237,81.313,32.825,1
3.495527,30.301,80.956,32.617,1
3.496087,29.773,81.262,32.650,1
3.496637,30.271,80.938,32.401,1
3.497193,30.009,80.915,32.343,1
3.497756,29.586,81.361,32.641,1
3.498380,26.704,85.468,32.842,1
3.498876,33.652,81.879,32.563,1
3.499431,29.990,81.910,32.766,1
3.499971,30.875,80.932,32.897,1
3.500527,29.971,80.952,32.846,1
3.501087,29.795,81.244,32.819,1
3.501645,29.842,81.385,32.936,1
3.502202,29.926,81.499,32.557,1
3.502754,30.205,81.242,32.934,1
3.503313,29.798,81.451,32.692,1
3.503872,29.826,81.664,32.908,1
3.504422,30.322,81.306,32.671,1
3.504970,30.416,80.826,32.775,1
3.505545,28.948,82.046,32.494,1
3.506095,30.293,81.761,32.638,1
3.506755,25.285,87.931,32.330,1
3.507222,35.647,82.720,32.313,1
3.507763,30.846,,32.522,1
3.508310,30.424,,32.641,1
3.508935,26.662,,32.381,1
3.509440,33.038,,32.359,1
3.509978,30.946,,32.438,1
3.510526,30.442,,32.431,1
3.511081,30.002,,32.438,1
3.511639,29.921,,32.482,1
3.512193,30.032,,32.836,1
3.512754,29.751,,32.522,1
3.513335,28.667,,32.589,1
3.513875,30.857,,32.929,1
3.514425,30.331,,32.824,1
3.515047,26.795,,32.897,1
3.515525,34.821,,33.182,1
3.516081,30.007,80.815,32.752,1
3.516643,29.663,81.222,32.771,1
3.517190,30.467,80.772,32.824,1
3.517761,29.185,81.676,32.802,1
3.518301,30.863,80.707,32.935,1
3.518877,28.917,81.977,32.687,1
3.519419,30.742,81.146,32.810,1
3.519979,29.775,81.290,32.805,1
3.520531,30.195,81.184,32.722,1
3.521091,29.760,81.440,32.762,1
3.521635,30.646,80.779,32.533,1
3.522196,29.719,81.131,32.786,1
3.522760,29.533,81.597,32.518,1
3.523368,27.409,84.755,32.713,1
3.523870,33.202,81.557,32.568,1
3.524421,30.249,81.181,32.684,1
3.524980,29.812,81.299,32.706,1
3.525527,30.460,80.968,32.719,1
3.526086,29.825,81.146,32.894,1
3.526643,29.919,81.277,32.743,1
3.527188,30.579,80.649,32.976,1
3.527756,29.363,81.345,32.662,1
3.528302,30.524,80.801,32.592,1
3.528872,29.237,81.669,32.690,1
3.529433,29.696,81.989,32.879,1
3.529976,30.686,81.261,32.742,1
3.530539,29.627,81.694,32.835,1
3.531095,29.979,81.707,32.778,1
3.531776,24.458,89.245,32.847,1
3.532192,40.060,80.925,32.891,1
3.532755,29.627,81.334,33.139,1
3.533312,29.887,81.436,32.634,1
3.533877,29.496,82.036,32.771,1
3.534418,30.837,81.131,32.742,1
3.534976,29.885,81.215,32.955,1
3.535531,30.008,81.226,32.615,1
3.536086,30.008,81.229,32.750,1
3.536642,30.017,81.196,32.933,1
3.537194,30.176,81.037,32.785,1
3.537759,29.510,81.571,32.984,1
3.538303,30.629,80.877,32.710,1
3.538893,28.258,82.925,32.602,1
3.539439,30.521,81.743,32.710,1
3.540090,25.610,87.795,32.985,1
3.540591,33.270,84.551,32.572,1
3.541125,31.160,83.530,32.617,1
3.541640,32.408,81.057,32.721,1
3.542187,30.428,80.643,32.424,1
3.542774,28.401,82.505,32.793,1
3.543324,30.303,82.155,32.553,1
3.543865,30.819,81.270,32.738,1
3.544436,29.210,82.174,32.464,1
3.544976,30.866,81.218,32.641,1
3.545530,30.067,81.166,32.570,1
3.546124,28.064,83.464,32.725,1
3.546671,30.487,82.933,32.397,1
3.547221,30.304,82.616,32.761,1
3.547760,30.916,81.609,32.391,1
3.548406,25.794,87.059,32.783,1
3.548873,35.655,81.755,32.565,1
3.549496,26.741,85.675,32.826,1
3.549972,35.027,80.864,32.706,1
3.550526,30.085,80.919,32.793,1
3.551095,29.322,81.673,32.742,1
3.551641,30.504,81.164,32.793,1
3.552200,29.794,81.405,32.776,1
3.552786,28.473,83.183,33.124,1
3.553331,30.567,82.427,32.733,1
3.553866,31.133,80.969,33.048,1
3.554442,28.966,82.511,32.736,1
3.554996,30.079,82.245,32.913,1
3.555538,30.729,81.689,32.938,1
3.556108,29.251,82.495,32.891,1
3.556739,26.417,87.032,32.720,1
3.557201,36.097,81.450,32.677,1
3.557756,30.026,81.379,32.824,1
3.558306,30.269,81.084,32.575,1
3.558870,29.569,81.600,32.886,1
3.559432,29.642,81.974,32.645,1
3.559977,30.608,81.163,32.912,1
3.560525,30.379,80.914,32.588,1
3.561102,28.919,82.139,32.520,1
3.561641,30.924,81.124,32.686,1
3.562191,30.281,80.863,32.892,1
3.562854,25.129,87.296,33.290,1
3.563304,37.092,80.940,33.268,1
3.563871,29.389,81.619,33.889,1
3.564435,29.559,82.094,33.957,1
3.565081,25.785,87.558,34.685,1
3.565527,37.377,80.959,34.801,1
3.566169,25.955,86.186,35.599,1
3.566673,33.055,83.075,35.732,1
3.567199,31.707,81.345,36.418,1
3.567796,27.913,83.815,36.475,1
3.568311,32.384,81.343,36.984,1
3.568890,28.745,82.829,37.880,1
3.569489,27.837,85.268,38.019,1
3.569977,34.139,81.188,38.697,1
3.570537,29.778,81.577,39.040,1
3.571130,28.118,83.803,40.013,1
3.571651,31.950,81.795,40.281,1
3.572191,30.866,80.865,40.965,1
3.572815,26.708,84.985,41.342,1
3.573443,26.540,89.300,41.999,1
3.573861,39.948,80.995,42.133,1
3.574453,28.139,83.232,43.020,1
3.574971,32.157,80.987,42.773,1
3.575523,30.231,80.750,43.843,1
3.576155,26.352,52.041,54.907,1
3.576674,32.096,83.198,58.387,1
3.577234,29.782,,60.400,1
3.577842,27.411,,53.647,1
3.578375,31.235,81.099,43.569,1
3.578920,30.607,81.047,41.552,1
3.579508,28.347,83.193,40.474,1
3.580023,32.330,81.235,38.601,1
3.580590,29.406,82.092,36.354,1
3.581156,29.435,83.338,34.657,1
3.581758,27.689,86.293,33.844,1
3.582250,33.929,82.906,32.620,1
3.582803,30.099,82.991,32.254,1
3.583371,29.350,81.038,31.446,1
3.583916,30.612,80.817,31.198,1
3.584480,29.515,81.758,31.189,1
3.585013,31.260,81.105,31.013,1
3.585581,29.380,82.047,30.977,1
3.586120,30.918,81.500,31.105,1
3.586676,29.961,81.210,30.858,1
3.587228,30.212,81.487,30.959,1
3.587779,30.243,81.536,30.830,1
3.588343,29.520,82.139,30.738,1
3.588908,29.507,80.945,30.723,1
3.589515,27.465,84.257,30.788,1
3.590146,26.409,89.412,30.632,1
3.590595,37.149,82.424,30.504,1
3.591126,31.396,81.322,30.655,1
3.591676,30.278,81.496,30.696,1
3.592254,28.857,81.702,30.403,1
3.592832,28.813,82.056,30.677,1
3.593384,30.194,81.878,30.460,1
3.593965,28.680,83.806,30.472,1
3.594485,32.059,82.422,30.743,1
3.595011,31.677,81.306,30.397,1
3.595577,29.488,81.259,30.359,1
3.596152,28.939,83.016,30.939,1
3.596685,31.303,81.874,30.563,1
3.597249,29.545,81.392,30.892,1
3.597824,28.960,83.028,30.764,1
3.598438,27.145,86.927,30.854,1
3.598972,31.257,84.758,30.827,1
3.599472,33.297,82.309,30.847,1
3.600041,29.302,81.012,30.755,1
3.600627,28.436,83.157,31.057,1
3.601159,31.341,82.278,30.978,1
3.601683,31.826,80.902,31.088,1
3.602245,29.618,81.643,30.992,1
3.602800,30.054,81.822,31.108,1
3.603338,30.965,81.254,31.320,1
3.603906,29.343,80.856,31.005,1
3.604514,27.400,84.493,31.020,1
3.605118,27.623,87.571,31.145,1
3.605620,33.163,83.955,31.007,1
3.606146,31.697,82.690,30.910,1
3.606811,25.068,89.623,30.869,1
3.607240,38.854,82.370,30.842,1
3.607796,29.957,82.308,31.017,1
3.608340,30.649,81.809,30.667,1
3.608870,31.455,81.050,30.807,1
3.609502,26.353,86.010,30.626,1
3.609972,35.461,80.880,30.812,1
3.610522,30.333,80.682,30.819,1
3.611114,28.166,82.851,30.859,1
3.611640,31.681,81.115,30.756,1
3.612198,29.861,81.234,30.794,1
3.612777,28.778,82.694,30.947,1
3.613303,31.700,80.867,30.859,1
3.613872,29.267,81.723,30.891,1
3.614497,26.687,85.862,30.715,1
3.615098,27.720,88.584,31.005,1
3.615523,39.245,80.755,31.044,1
3.616119,27.935,83.192,30.792,1
3.616639,32.046,81.088,30.897,1
3.617188,30.388,80.665,30.997,1
3.617877,24.197,88.666,31.105,1
3.618308,38.672,81.182,30.862,1
3.618858,30.286,80.870,30.887,1
3.619511,25.530,86.680,30.869,1
3.619974,35.960,81.149,30.825,1
3.620527,30.145,81.018,30.675,1
3.621114,28.391,82.887,30.569,1
3.621638,31.796,81.022,30.263,1
3.622195,29.922,81.091,30.498,1
3.622805,27.336,84.362,30.309,1
3.623375,29.244,85.220,30.424,1
3.623868,33.822,81.454,30.384,1
3.624485,26.980,85.191,30.343,1
3.624971,34.319,80.970,30.226,1
3.625535,29.537,81.494,30.405,1
3.626128,28.115,83.726,30.474,1
3.626640,32.577,81.113,30.327,1
3.627214,29.027,82.235,30.430,1
3.627818,27.598,85.135,30.454,1
3.628303,34.323,80.915,30.289,1
3.628863,29.774,81.190,30.408,1
3.629488,26.671,85.330,30.495,1
3.629966,34.856,80.723,30.431,1
3.630532,29.474,81.278,30.729,1
3.631157,26.631,85.532,30.517,1
3.631720,29.653,85.908,30.660,1
3.632208,34.143,81.864,30.533,1
3.632864,25.386,87.900,30.715,1
3.633295,38.653,80.455,30.917,1
3.633861,29.443,81.076,30.667,1
3.634516,25.465,87.027,30.684,1
3.634973,36.459,81.135,30.843,1
3.635530,29.907,81.200,30.685,1
3.636168,26.134,86.177,30.732,1
3.636642,35.205,81.228,30.590,1
3.637198,29.937,81.316,30.471,1
3.637828,26.480,85.731,30.564,1
3.638302,35.154,80.845,30.465,1
3.638862,29.752,81.144,30.518,1
3.639484,26.811,85.104,30.583,1
3.640107,26.726,89.169,30.600,1
3.640527,39.714,80.996,30.513,1
3.641153,26.639,85.194,30.546,1
3.641635,34.535,80.891,30.583,1
3.642201,29.454,81.468,30.647,1
3.642841,26.033,86.544,30.663,1
3.643302,36.156,80.864,30.590,1
3.643901,27.813,83.237,30.771,1
3.644487,28.471,83.732,30.956,1
3.645043,29.992,80.963,30.767,1
3.645599,29.951,81.491,30.824,1
3.646147,30.387,81.625,30.912,1
3.646692,30.585,81.410,30.897,1
3.647236,30.685,81.410,30.958,1
3.647822,28.437,83.542,30.885,1
3.648486,25.103,87.839,31.101,1
3.648969,34.509,83.943,30.811,1
3.649540,29.178,85.140,31.017,1
3.650050,32.674,82.616,30.857,1
3.650572,31.929,81.231,31.087,1
3.651156,28.537,83.684,30.980,1
3.651667,32.591,81.247,31.052,1
3.652220,30.127,81.285,31.095,1
3.652888,24.964,88.544,31.039,1
3.653324,38.205,82.000,30.873,1
3.653876,30.219,80.986,30.660,1
3.654491,27.099,85.492,30.915,1
3.655038,30.444,84.763,30.738,1
3.655581,30.705,81.024,30.694,1
3.656186,27.575,84.471,30.592,1
3.656830,25.877,90.428,30.846,1
3.657220,42.698,81.262,30.503,1
3.657900,24.492,89.056,30.326,1
3.658322,39.554,81.237,30.239,1
3.658872,30.275,81.164,30.300,1
3.659521,25.681,87.181,30.176,1
3.660009,34.186,83.272,30.366,1
3.660569,29.766,83.552,30.258,1
3.661187,26.971,85.728,30.226,1
3.661719,31.315,81.588,30.348,1
3.662279,29.769,82.554,30.120,1
3.662865,28.425,83.479,30.395,1
3.663404,30.918,83.027,30.209,1
3.663965,29.702,84.085,30.329,1
3.664549,28.536,86.309,30.294,1
3.665143,28.091,87.005,30.360,1
3.665599,36.561,81.440,30.387,1
3.666213,27.110,85.587,30.507,1
3.666726,32.512,83.395,30.411,1
3.667251,31.726,81.628,30.545,1
3.667839,28.361,83.937,30.263,1
3.668415,28.951,80.957,30.449,1
3.668975,29.730,82.044,30.486,1
3.669541,29.477,82.867,30.458,1
3.670061,32.064,81.217,30.386,1
3.670609,30.393,80.939,30.604,1
3.671206,27.926,83.934,30.422,1
3.671713,32.831,81.691,30.415,1
3.672257,30.642,81.317,30.328,1
3.672866,27.398,85.106,30.488,1
3.673461,27.984,86.134,30.606,1
3.673954,33.801,83.152,30.433,1
3.674560,27.516,86.356,30.486,1
3.675017,36.483,81.119,30.714,1
3.675570,30.106,80.942,30.453,1
3.676225,25.451,87.444,30.747,1
3.676708,34.519,83.200,30.633,1
3.677241,31.299,82.029,30.596,1
3.677839,27.862,85.040,30.582,1
3.678334,33.674,81.907,30.890,1
3.678876,30.758,81.483,30.969,1
3.679543,24.954,88.557,30.857,1
3.679978,38.366,81.387,31.066,1
3.680541,29.572,81.801,30.857,1
3.681194,25.544,87.476,30.929,1
3.681732,30.970,86.703,30.953,1
3.682193,36.148,81.008,30.889,1
3.683013,20.324,96.884,30.657,1
3.683402,42.876,86.889,30.820,1
3.683889,34.217,82.235,30.651,1
3.684543,25.485,88.655,30.515,1
3.685040,33.557,85.116,30.391,1
3.685541,33.261,80.744,30.538,1
3.686096,30.010,81.255,30.395,1
3.686655,29.802,81.919,30.375,1
3.687205,30.339,81.194,30.504,1
3.687906,23.780,90.262,30.375,1
3.688327,39.568,82.165,30.571,1
3.688856,31.476,80.762,30.293,1
3.689614,21.991,92.879,30.330,1
3.690052,38.036,81.659,30.519,1
3.690602,30.317,81.720,30.417,1
3.691218,27.067,85.732,30.460,1
3.691718,33.332,82.728,30.434,1
3.692311,28.095,83.437,30.590,1
3.692834,31.902,81.701,30.336,1
3.693370,31.059,81.247,30.398,1
3.693922,30.193,81.120,30.347,1
3.694483,29.724,82.113,30.302,1
3.695030,30.450,81.759,30.107,1
3.695570,30.872,81.276,30.332,1
3.696135,29.525,81.987,30.542,1
3.696680,30.556,82.137,30.743,1
3.697253,29.102,81.683,30.972,1
3.697806,30.135,82.024,31.332,1
3.698504,23.880,88.878,31.201,1
3.698972,35.629,84.225,31.338,1
3.699494,31.913,82.539,31.275,1
3.700016,31.927,80.867,31.185,1
3.700596,28.725,82.521,30.946,1
3.701114,32.205,80.795,30.959,1
3.701666,30.188,81.046,30.903,1
3.702218,30.164,81.006,30.872,1
3.702771,30.167,80.686,30.825,1
3.703316,30.567,81.096,30.944,1
3.703892,28.909,82.595,30.962,1
3.704443,30.293,82.613,30.981,1
3.705029,28.432,84.215,30.975,1
3.705596,29.402,81.949,30.915,1
3.706140,30.603,81.766,31.308,1
3.706843,23.715,91.078,31.217,1
3.707262,39.751,82.214,31.752,1
3.707835,29.086,82.302,31.548,1
3.708373,30.998,81.059,31.928,1
3.708920,30.454,81.028,32.373,1
3.709478,29.871,81.491,32.209,1
3.710023,30.575,81.301,32.576,1
3.710574,30.263,80.934,32.561,1
3.711143,29.283,81.966,33.131,1
3.711683,30.867,81.715,33.303,1
3.712262,28.808,82.205,33.800,1
3.712827,29.492,81.361,33.329,1
3.713376,30.370,81.137,33.522,1
3.713929,30.134,81.632,33.331,1
3.714476,30.454,81.317,33.235,1
3.715119,25.912,85.622,32.480,1
3.715627,32.830,83.017,32.796,1
3.716173,30.546,83.181,32.542,1
3.716687,32.371,81.375,32.717,1
3.717248,29.728,81.386,33.353,1
3.717803,30.027,81.720,32.688,1
3.718352,30.389,81.472,32.883,1
3.718927,28.942,82.191,32.447,1
3.719473,30.546,81.121,32.693,1
3.720055,28.656,83.097,32.261,1
3.720601,30.520,82.788,32.574,1
3.721129,31.528,81.609,32.565,1
3.721688,29.812,82.402,32.753,1
3.722237,30.385,82.556,32.549,1
3.722818,28.684,84.834,32.667,1
3.723495,24.614,88.491,32.767,1
3.723928,38.516,81.616,32.466,1
3.724470,30.759,81.344,32.625,1
3.725019,30.357,81.122,32.258,1
3.725577,29.859,81.321,32.646,1
3.726123,30.543,81.326,32.583,1
3.726701,28.824,82.783,32.745,1
3.727253,30.170,81.714,32.953,1
3.727807,30.109,82.094,32.563,1
3.728368,29.688,81.067,32.811,1
3.728918,30.332,81.264,32.184,1
3.729462,30.610,81.146,32.311,1
3.730046,28.523,81.250,32.406,1
3.730595,30.397,81.263,32.627,1
3.731140,30.549,81.104,32.897,1
3.731756,27.069,85.579,32.695,1
3.732240,34.464,80.900,32.824,1
3.732803,29.577,80.968,32.461,1
3.733347,30.669,80.914,32.542,1
3.733907,29.754,80.916,32.323,1
3.734470,29.575,82.194,32.356,1
3.735052,28.647,81.635,32.366,1
3.735591,30.916,80.919,32.960,1
3.736175,28.544,83.287,32.655,1
3.736706,31.385,82.202,32.997,1
3.737254,30.406,81.185,32.554,1
3.737827,29.094,81.121,32.590,1
3.738382,30.052,81.241,32.602,1
3.738934,30.170,81.394,32.625,1
3.739485,30.254,81.327,32.575,1
3.740168,24.399,88.532,32.873,1
3.740596,38.987,81.368,32.648,1
3.741152,29.931,81.735,32.704,1
3.741693,30.821,81.132,32.663,1
3.742247,30.068,81.376,32.716,1
3.742831,28.558,83.752,32.159,1
3.743329,33.498,81.018,32.105,1
3.743911,28.595,83.014,32.468,1
3.744422,32.617,81.109,32.465,1
3.745006,28.539,83.058,32.857,1
3.745544,31.015,81.975,32.584,1
3.746092,30.419,81.597,32.700,1
3.746648,29.982,81.261,32.893,1
3.747195,30.461,81.092,32.572,1
3.747782,28.372,83.041,32.708,1
3.748402,26.872,86.492,32.265,1
3.748904,33.252,81.061,32.758,1
3.749445,30.796,80.683,32.483,1
3.749996,30.258,81.186,32.738,1
3.750536,30.818,80.945,32.475,1
3.751098,29.667,81.794,32.708,1
3.751694,27.981,84.338,32.556,1
3.752250,29.981,81.530,31.972,1
3.752790,30.826,81.120,32.188,1
3.753335,30.580,81.395,32.349,1
3.753874,30.953,80.684,32.692,1
3.754420,30.506,80.948,33.049,1
3.755025,27.544,81.285,32.658,1
3.755571,30.564,81.033,32.621,1
3.756135,29.556,81.942,32.686,1
3.756757,26.796,86.246,32.262,1
3.757245,34.146,81.192,32.384,1
3.757796,30.221,81.294,32.162,1
3.758362,29.478,81.922,32.052,1
3.758909,30.460,81.208,32.288,1
3.759475,29.409,81.924,32.628,1
3.760023,30.433,82.099,32.306,1
3.760556,31.259,81.491,32.473,1
3.761106,30.296,80.968,32.230,1
3.761678,29.144,81.483,32.285,1
3.762243,29.491,82.270,31.992,1
3.762770,31.648,81.256,32.466,1
3.763402,26.377,82.906,32.780,1
3.763979,28.882,84.800,32.571,1
3.764472,33.769,81.494,32.751,1
3.765112,26.080,86.841,32.346,1
3.765581,35.533,81.498,32.642,1
3.766131,30.280,81.453,32.238,1
3.766690,29.835,81.614,32.380,1
3.767232,30.712,80.974,32.235,1
3.767790,29.871,81.678,32.497,1
3.768331,30.805,81.160,32.605,1
3.768876,30.584,80.925,32.653,1
3.769436,29.774,81.630,32.517,1
3.770003,29.390,82.605,32.550,1
3.770583,28.740,81.621,32.233,1
3.771132,30.380,81.293,32.375,1
3.771689,29.905,81.578,32.181,1
3.772229,30.871,80.991,32.746,1
3.772793,29.543,81.868,32.506,1
3.773414,26.829,86.302,32.723,1
3.773875,36.203,81.090,32.256,1
3.774441,29.405,81.089,32.325,1
3.774984,30.697,81.022,32.749,1
3.775542,29.899,81.366,32.112,1
3.776090,30.395,81.282,31.973,1
3.776647,29.919,81.438,32.581,1
3.777192,30.579,81.031,32.438,1
3.777752,29.767,81.230,32.688,1
3.778301,30.388,80.811,32.458,1
3.778895,28.050,83.148,32.347,1
3.779438,30.683,80.877,32.238,1
3.780018,28.743,83.045,32.491,1
3.780543,31.711,81.488,32.195,1
3.781079,31.099,80.760,32.603,1
3.781673,28.073,83.152,32.562,1
3.782291,26.948,86.961,32.471,1
3.782752,36.219,81.241,32.684,1
3.783318,29.437,81.897,32.135,1
3.783880,29.620,81.910,32.350,1
3.784418,30.997,81.166,32.184,1
3.784981,29.613,81.622,32.055,1
3.785560,28.805,83.017,32.394,1
3.786113,30.098,81.355,32.450,1
3.786666,30.165,81.550,32.567,1
3.787217,30.224,81.569,32.630,1
3.787804,28.401,83.129,32.382,1
3.788433,26.502,84.851,32.420,1
3.788924,33.965,81.390,32.618,1
3.789474,30.314,81.508,32.256,1
3.790106,26.351,86.276,32.451,1
3.790578,35.328,81.416,32.435,1
3.791132,30.057,81.829,32.873,1
3.791704,29.137,83.117,32.580,1
3.792243,30.920,81.138,32.839,1
3.792806,29.596,81.971,32.406,1
3.793344,31.002,81.360,32.543,1
3.793894,30.292,81.457,32.204,1
3.794442,30.428,81.120,32.315,1
3.795037,28.011,84.007,32.264,1
3.795558,31.963,82.313,33.016,1
3.796102,30.676,81.823,32.795,1
3.796697,27.996,84.428,32.782,1
3.797251,30.079,81.264,32.893,1
3.797796,30.572,80.910,32.542,1
3.798467,24.860,88.102,32.757,1
3.798910,37.591,81.152,32.469,1
3.799460,30.321,80.988,32.846,1
3.800008,30.429,81.033,32.582,1
3.800572,29.513,81.946,32.577,1
3.801114,30.785,81.375,32.808,1
3.801671,29.908,81.178,32.439,1
3.802224,30.157,81.390,32.716,1
3.802769,30.572,81.007,32.710,1
3.803373,27.573,81.228,32.202,1
3.803919,30.506,81.007,32.528,1
3.804472,30.154,81.115,32.586,1
3.805019,30.490,80.987,32.844,1
3.805574,29.996,81.287,33.425,1
3.806121,30.471,81.297,32.945,1
3.806676,30.071,81.456,33.099,1
3.807276,27.783,84.458,32.727,1
3.807790,32.377,82.193,32.838,1
3.808332,30.746,81.917,32.380,1
3.808869,31.048,81.218,32.918,1
3.809414,30.608,80.908,32.793,1
3.809986,29.126,81.810,32.811,1
3.810526,30.863,81.050,32.763,1
3.811079,30.113,80.926,32.486,1
3.811633,30.098,80.800,32.559,1
3.812204,29.214,81.676,32.288,1
3.812757,30.114,81.543,32.523,1
3.813310,30.153,81.422,32.224,1
3.813865,30.049,81.345,32.588,1
3.814415,30.256,81.079,32.627,1
3.814994,28.815,82.433,32.796,1
3.815605,27.262,85.788,32.651,1
3.816085,34.714,81.264,32.665,1
3.816638,30.172,81.062,32.657,1
3.817189,30.218,80.789,32.064,1
3.817747,29.869,80.978,32.080,1
3.818307,29.773,81.246,32.587,1
3.818855,30.406,80.771,32.400,1
3.819420,29.495,81.312,32.582,1
3.819972,30.185,81.147,32.459,1
3.820525,30.152,80.971,32.588,1
3.821081,29.978,80.878,32.394,1
3.821632,30.265,80.725,32.426,1
3.822190,29.871,80.882,32.017,1
3.822754,29.526,81.361,32.567,1
3.823323,29.300,82.194,32.502,1
3.823965,25.945,87.368,32.704,1
3.824415,37.034,81.067,32.520,1
3.824969,30.106,80.939,32.706,1
3.825530,29.700,81.310,32.443,1
3.826082,30.198,81.089,32.416,1
3.826642,29.761,81.336,31.941,1
3.827191,30.357,80.897,32.026,1
3.827749,29.881,80.976,32.382,1
3.828336,28.409,82.884,33.000,1
3.828866,31.449,81.436,32.974,1
3.829413,30.468,80.848,33.162,1
3.829994,28.670,82.423,33.172,1
3.830547,30.124,82.256,33.092,1
3.831085,30.992,81.229,33.228,1
3.831658,29.059,82.317,32.402,1
3.832290,26.406,86.816,33.004,1
3.832744,36.674,80.800,32.747,1
3.833328,28.546,82.438,32.959,1
3.833868,30.862,81.552,31.974,1
3.834414,30.531,80.929,32.230,1
3.834970,29.991,80.984,31.812,1
3.835526,29.961,80.994,30.924,1
3.836101,28.981,82.235,30.981,1
3.836692,28.186,84.368,30.429,1
3.837204,32.594,81.660,30.206,1
3.837761,29.903,81.782,29.429,1
3.838325,29.566,82.300,29.350,1
3.838870,30.573,81.673,28.960,1
3.839424,30.071,81.586,28.689,1
3.839992,29.333,82.376,28.018,1
3.840610,26.987,86.072,28.012,1
3.841099,34.095,82.059,27.669,1
3.841642,30.696,81.307,27.732,1
3.842191,30.365,80.891,27.597,1
3.842747,29.964,80.983,27.172,1
3.843310,29.608,81.405,27.308,1
3.843866,29.978,81.424,27.254,1
3.844418,30.152,81.249,27.348,1
3.844976,29.872,81.407,27.130,1
3.845531,30.043,81.357,27.429,1
3.846085,30.113,81.169,27.164,1
3.846662,28.859,82.523,27.433,1
3.847194,31.310,81.099,27.193,1
3.847761,29.430,81.824,27.511,1
3.848312,30.216,81.556,27.275,1
3.848965,25.519,87.392,27.626,1
3.849416,36.952,81.131,27.407,1
3.849978,29.653,81.520,27.711,1
3.850558,28.750,82.976,27.550,1
3.851082,31.804,81.116,27.734,1
3.851701,26.942,84.818,27.609,1
3.852216,32.332,82.446,27.861,1
3.852752,31.116,81.297,27.883,1
3.853340,28.334,83.241,27.660,1
3.853860,32.090,81.033,27.951,1
3.854420,29.735,81.352,27.653,1
3.854979,29.841,81.532,27.556,1
3.855531,30.167,81.379,27.894,1
3.856080,30.375,80.938,27.576,1
3.856641,29.713,81.252,27.831,1
3.857322,24.475,88.785,27.428,1
3.857757,38.320,81.515,27.656,1
3.858335,28.827,82.912,27.490,1
3.858870,31.144,81.694,27.557,1
3.859441,29.201,82.618,27.230,1
3.859976,31.146,81.365,27.550,1
3.860569,28.116,83.600,27.183,1
3.861088,32.075,81.441,27.418,1
3.861676,28.348,83.288,27.128,1
3.862208,31.327,81.811,27.310,1
3.862757,30.355,81.412,26.924,1
3.863368,27.273,84.751,27.195,1
3.863858,34.039,80.978,27.234,1
3.864420,29.650,81.350,26.850,1
3.865033,27.197,84.780,27.167,1
3.865674,25.985,89.955,26.962,1
3.866097,39.472,81.976,26.975,1
3.866640,30.687,81.180,27.136,1
3.867215,28.953,82.383,26.834,1
3.867762,30.479,81.897,27.142,1
3.868328,29.465,82.493,26.852,1
3.868865,31.016,81.359,27.114,1
3.869441,28.939,82.644,27.159,1
3.869977,31.117,81.431,26.918,1
3.870521,30.605,80.772,27.213,1
3.871110,28.323,82.750,27.106,1
3.871710,27.776,85.401,27.184,1
3.872194,34.431,81.131,26.932,1
3.872752,29.841,81.265,27.286,1
3.873302,30.325,80.925,27.280,1
3.873970,24.956,87.689,27.464,1
3.874411,37.755,80.857,27.171,1
3.875003,28.149,83.018,27.524,1
3.875536,31.296,81.607,27.266,1
3.876079,30.655,80.935,27.686,1
3.876698,26.958,84.700,27.451,1
3.877202,33.080,81.537,27.633,1
3.877746,30.623,80.896,27.690,1
3.878312,29.421,81.595,27.407,1
3.878857,30.609,80.891,27.695,1
3.879422,29.465,81.533,27.425,1
3.880000,28.861,82.851,27.753,1
3.880618,26.948,86.572,27.483,1
3.881144,31.732,84.810,27.704,1
3.881690,30.488,84.253,27.765,1
3.882278,28.353,86.197,27.349,1
3.882778,33.311,82.842,27.662,1
3.883363,28.522,84.590,27.368,1
3.883864,33.242,81.359,27.649,1
3.884414,30.338,81.004,27.379,1
3.885034,26.854,84.885,27.592,1
3.885527,33.805,81.083,27.328,1
3.886083,30.004,81.082,27.569,1
3.886734,25.603,86.837,27.249,1
3.887191,36.401,80.960,27.594,1
3.887748,29.971,80.977,27.369,1
3.888438,24.134,89.125,27.434,1
3.888855,39.973,80.820,27.214,1
3.889408,30.170,80.634,27.572,1
3.890083,24.657,87.839,27.444,1
3.890601,32.221,85.513,27.505,1
3.891084,34.502,81.203,27.260,1
3.891684,27.760,83.905,27.655,1
3.892201,32.248,81.530,27.360,1
3.892749,30.425,81.095,27.675,1
3.893351,27.689,83.862,27.695,1
3.893861,32.693,81.146,27.286,1
3.894412,30.219,80.887,27.573,1
3.894975,29.581,81.384,27.225,1
3.895533,29.907,81.441,27.558,1
3.896086,30.104,81.354,27.237,1
3.896672,28.482,83.159,27.297,1
3.897209,31.017,82.050,27.299,1
3.897750,30.824,81.157,27.510,1
3.898341,28.167,83.317,27.509,1
3.899005,25.098,89.838,27.189,1
3.899441,38.294,82.615,27.438,1
3.899988,30.424,82.145,27.114,1
3.900540,30.195,81.919,27.385,1
3.901091,30.249,81.669,27.145,1
3.901663,29.153,82.618,27.311,1
3.902203,30.857,81.704,27.007,1
3.902762,29.826,81.889,27.339,1
3.903359,27.903,84.383,27.387,1
3.903874,32.367,81.907,27.169,1
3.904442,29.352,82.706,27.409,1
3.904997,30.046,82.642,27.201,1
3.905536,30.897,81.651,27.441,1
3.906078,30.743,80.840,27.326,1
3.906752,24.729,87.952,27.413,1
3.907310,29.871,88.125,27.072,1
3.907753,37.640,81.327,27.349,1
3.908410,25.355,87.473,27.434,1
3.908854,37.580,80.689,27.119,1
3.909417,29.589,81.233,27.417,1
3.910075,25.346,87.331,27.150,1
3.910533,36.396,81.467,27.281,1
3.911084,30.237,81.203,27.397,1
3.911724,26.018,86.300,27.024,1
3.912191,35.684,80.950,27.236,1
3.912746,30.054,80.948,27.242,1
3.913393,25.775,86.361,26.886,1
3.913891,33.458,82.980,27.147,1
3.914413,31.909,80.943,26.999,1
3.915042,26.506,85.367,26.962,1
3.915601,29.833,85.528,27.274,1
3.916083,34.548,81.118,27.102,1
3.916753,24.878,88.013,27.181,1
3.917185,38.535,80.619,26.971,1
3.917746,29.746,80.916,27.166,1
3.918355,27.335,84.182,27.071,1
3.918878,31.883,82.217,27.267,1
3.919415,31.017,81.063,27.162,1
3.920037,26.807,85.067,27.459,1
3.920548,32.635,82.343,27.306,1
3.921085,31.025,81.264,27.555,1
3.921755,24.889,88.145,27.507,1
3.922202,37.248,81.659,27.681,1
3.922748,30.539,81.074,27.460,1
3.923374,26.632,85.287,27.714,1
3.923990,27.039,88.933,27.600,1
3.924420,38.797,81.377,27.757,1
3.925010,28.225,83.473,27.424,1
3.925529,32.142,81.244,27.701,1
3.926099,29.242,82.134,27.522,1
3.926714,27.098,85.671,27.719,1
3.927195,34.640,81.241,27.591,1
3.927783,28.336,83.180,27.800,1
3.928377,28.057,85.489,27.676,1
3.928889,32.579,82.866,27.777,1
3.929424,31.115,81.647,27.504,1
3.930074,25.659,87.283,27.815,1
3.930525,36.976,80.973,27.567,1
3.931096,29.174,81.908,27.851,1
3.931705,27.380,85.140,27.830,1
3.932274,29.279,85.955,27.936,1
3.932792,32.148,83.756,27.658,1
3.933361,29.331,84.478,27.868,1
3.933879,32.172,82.235,27.702,1
3.934414,31.155,81.009,27.805,1
3.935023,27.352,84.230,27.463,1
3.935536,32.454,81.720,27.705,1
3.936085,30.390,81.242,27.497,1
3.936739,25.476,87.200,27.675,1
3.937195,36.592,81.177,27.726,1
3.937771,28.922,82.450,27.368,1
3.938360,28.306,84.444,27.446,1
3.938918,29.845,84.625,27.592,1
3.939447,31.518,81.475,27.340,1
3.940048,27.744,84.932,27.540,1
3.940634,28.425,86.994,27.330,1
3.941073,37.963,80.560,27.576,1
3.941706,26.338,85.209,27.245,1
3.942203,33.508,81.611,27.592,1
3.942767,29.540,81.677,27.346,1
3.943364,27.946,84.643,27.585,1
3.943899,31.140,80.863,27.482,1
3.944453,30.065,81.286,27.538,1
3.945039,28.448,83.469,27.272,1
3.945573,31.219,81.022,27.528,1
3.946121,30.408,81.351,27.432,1
3.946728,27.470,82.270,27.565,1
3.947253,31.762,81.149,27.305,1
3.947800,30.426,80.971,27.472,1
3.948370,29.232,82.176,27.222,1
3.949084,23.356,91.667,27.497,1
3.949454,45.015,80.768,27.258,1
3.950079,26.688,83.298,27.500,1
3.950608,31.476,81.971,27.192,1
3.951144,31.111,80.944,27.393,1
3.951721,28.862,82.883,27.090,1
3.952243,31.955,81.217,27.335,1
3.952799,29.957,82.028,27.230,1
3.953387,28.383,82.107,27.564,1
3.953924,31.024,81.409,27.414,1
3.954473,30.354,81.910,27.814,1
3.955075,27.671,83.076,27.684,1
3.955611,31.103,82.381,27.842,1
3.956133,31.932,80.875,27.961,1
3.956725,28.139,82.120,28.596,1
3.957318,28.099,85.128,28.553,1
3.957809,33.971,81.443,28.949,1
3.958427,26.962,85.580,29.221,1
3.958907,34.747,81.010,29.713,1
3.959455,30.435,81.350,30.148,1
3.960124,24.906,85.976,30.561,1
3.960658,31.204,84.904,30.967,1
3.961184,31.694,83.335,31.415,1
3.961731,30.427,83.089,31.724,1
3.962248,32.250,80.937,32.061,1
3.962791,30.707,80.664,32.969,1
3.963411,26.865,85.505,32.984,1
3.963899,34.197,81.663,33.568,1
3.964463,29.535,82.464,33.045,1
3.965084,26.822,83.655,33.129,1
3.965721,26.190,89.302,33.002,1
3.966156,38.260,82.289,33.260,1
3.966754,27.911,83.814,32.855,1
3.967286,31.305,83.187,32.866,1
3.967810,31.832,81.484,32.733,1
3.968423,27.161,85.210,32.726,1
3.968929,32.928,81.791,32.731,1
3.969480,30.266,81.702,32.564,1
3.970111,26.432,86.727,32.637,1
3.970578,35.659,81.537,32.633,1
3.971123,30.579,81.444,32.841,1
3.971764,26.011,86.756,32.605,1
3.972241,34.918,81.035,32.561,1
3.972805,29.580,81.156,32.564,1
3.973447,25.947,85.640,32.699,1
3.973985,30.955,85.197,32.402,1
3.974460,35.142,81.085,32.451,1
3.975086,26.618,85.970,32.621,1
3.975583,33.544,81.771,32.708,1
3.976135,30.155,81.596,32.452,1
3.976782,25.775,87.759,32.630,1
3.977246,35.877,82.525,32.625,1
3.977787,30.834,82.073,32.663,1
3.978426,26.095,87.987,32.939,1
3.978893,35.673,82.920,32.796,1
3.979424,31.356,81.519,33.012,1
3.980074,25.668,87.142,32.742,1
3.980559,34.373,82.875,32.894,1
3.981114,30.023,81.932,32.672,1
3.981749,26.235,85.837,33.087,1
3.982352,27.626,89.663,32.698,1
3.982780,38.939,81.751,32.721,1
3.983411,26.424,87.302,32.466,1
3.983952,30.811,86.187,32.752,1
3.984409,36.466,80.794,32.560,1
3.984984,28.992,81.747,32.866,1
3.985584,27.795,81.942,32.516,1
3.986157,29.068,83.509,32.831,1
3.986795,26.102,88.655,32.563,1
3.987217,39.555,80.956,32.885,1
3.987814,27.901,83.799,32.627,1
3.988490,24.645,87.482,32.502,1
3.988939,37.169,81.452,32.463,1
3.989507,29.358,82.418,32.615,1
3.990126,26.905,86.238,32.433,1
3.990695,29.273,87.807,32.740,1
3.991150,36.695,82.466,32.284,1
3.991673,31.847,81.223,32.344,1
3.992246,29.061,81.406,32.513,1
3.992783,31.041,81.045,32.660,1
3.993340,29.920,81.407,32.373,1
3.993884,30.660,80.990,32.482,1
3.994448,29.529,81.589,32.579,1
3.995123,24.702,85.967,32.806,1
3.995613,34.043,82.714,32.604,1
3.996145,31.326,81.553,32.667,1
3.996802,25.348,86.734,32.401,1
3.997261,36.287,81.716,32.340,1
3.997804,30.697,81.159,32.621,1
3.998366,29.686,81.745,32.843,1
3.998991,26.655,86.077,32.536,1
3.999458,35.680,81.025,32.715,1
4.000034,28.962,81.111,32.914,1
4.000582,30.399,80.973,32.855,1
4.001139,29.934,81.275,32.821,1
4.001702,29.577,82.533,32.931,1
4.002235,31.277,81.419,32.545,1
4.002821,28.460,80.827,32.936,1
4.003379,29.862,81.165,32.657,1
4.003936,29.899,81.623,32.885,1
4.004490,30.093,81.743,32.661,1
4.005040,30.322,81.031,32.787,1
4.005596,29.979,81.422,32.519,1
4.006152,29.944,81.449,32.611,1
4.006705,30.137,81.518,32.314,1
4.007394,24.198,89.923,32.329,1
4.007794,41.680,81.101,32.531,1
4.008382,28.323,83.511,32.636,1
4.008924,30.785,,32.371,1
4.009451,31.601,,32.358,1
4.010047,27.981,,32.446,1
4.010593,30.530,,32.438,1
4.011146,30.104,,32.413,1
4.011693,30.490,,32.476,1
4.012250,29.920,,32.867,1
4.012840,28.233,,32.540,1
4.013407,29.424,,32.624,1
4.013998,28.174,,32.886,1
4.014488,34.026,,32.853,1
4.015044,30.005,,32.882,1
4.015629,28.462,,33.182,1
4.016149,32.069,,32.797,1
4.016701,30.218,,32.785,1
4.017249,30.359,81.608,32.787,1
4.017800,30.259,81.764,32.801,1
4.018361,29.726,81.964,32.959,1
4.018924,29.589,82.672,32.675,1
4.019476,30.210,82.308,32.823,1
4.020045,29.314,81.261,32.811,1
4.020585,30.846,81.024,32.703,1
4.021133,30.392,80.902,32.781,1
4.021686,30.174,81.320,32.486,1
4.022230,30.635,81.350,32.817,1
4.022774,30.614,81.373,32.546,1
4.023333,29.800,82.170,32.719,1
4.023993,25.251,88.677,32.560,1
4.024437,37.527,82.123,32.680,1
4.024979,30.790,81.399,32.713,1
4.025568,28.276,83.525,32.738,1
4.026100,31.356,82.078,32.901,1
4.026662,29.658,82.452,32.756,1
4.027217,30.016,82.443,32.980,1
4.027775,29.883,82.543,32.656,1
4.028361,28.424,84.544,32.580,1
4.028930,29.319,82.388,32.712,1
4.029484,30.041,82.593,32.904,1
4.030041,29.934,81.153,32.741,1
4.030594,30.142,81.371,32.826,1
4.031147,30.133,81.572,32.782,1
4.031713,29.444,82.681,32.888,1
4.032367,25.504,88.630,32.877,1
4.032809,37.714,82.293,33.138,1
4.033372,29.569,81.112,32.626,1
4.033927,30.048,81.662,32.783,1
4.034482,30.007,81.735,32.762,1
4.035048,29.476,81.951,32.917,1
4.035588,30.846,81.605,32.648,1
4.036144,29.986,82.006,32.764,1
4.036684,30.882,81.344,32.932,1
4.037235,30.242,81.232,32.813,1
4.037801,29.453,82.093,32.992,1
4.038353,30.150,82.109,32.724,1
4.038955,27.708,83.936,32.598,1
4.039466,32.604,81.216,32.714,1
4.040050,28.553,81.809,32.955,1
4.040706,25.407,88.562,32.578,1
4.041149,37.567,82.475,32.609,1
4.041677,31.598,81.228,32.710,1
4.042225,30.389,81.596,32.452,1
4.042780,30.060,81.731,32.795,1
4.043331,30.232,81.616,32.555,1
4.043925,28.072,84.459,32.732,1
4.044439,32.430,80.966,32.462,1
4.045040,27.703,81.013,32.644,1
4.045635,28.041,83.980,32.586,1
4.046131,33.556,81.089,32.747,1
4.046709,28.831,82.662,32.397,1
4.047242,31.275,81.224,32.720,1
4.047781,30.923,80.961,32.403,1
4.048328,30.465,81.169,32.784,1
4.048982,25.500,87.383,32.566,1
4.049429,37.307,81.574,32.824,1
4.049971,30.756,80.941,32.684,1
4.050520,30.337,80.810,32.759,1
4.051077,29.902,80.865,32.743,1
4.051635,29.883,81.040,32.803,1
4.052201,29.477,81.073,32.750,1
4.052757,29.947,81.560,33.126,1
4.053306,30.361,81.274,32.731,1
4.053890,28.519,83.061,33.043,1
4.054440,30.319,81.131,32.708,1
4.054991,30.267,81.273,32.917,1
4.055535,30.627,81.174,32.960,1
4.056086,30.258,81.121,32.895,1
4.056641,30.031,81.218,32.736,1
4.057282,26.000,86.395,32.657,1
4.057785,33.102,83.354,32.817,1
4.058386,27.767,86.061,32.584,1
4.058977,28.167,85.274,32.854,1
4.059491,32.468,81.346,32.638,1
4.060035,30.602,80.967,32.886,1
4.060589,30.073,81.587,32.602,1
4.061136,30.503,81.638,32.482,1
4.061691,30.032,82.338,32.696,1
4.062219,31.539,81.405,32.914,1
4.062783,29.554,81.941,33.281,1
4.063375,28.160,81.303,33.263,1
4.063956,28.685,82.680,33.888,1
4.064478,31.955,80.961,33.944,1
4.065029,30.240,81.259,34.670,1
4.065693,25.084,88.425,34.762,1
4.066156,36.050,83.416,35.537,1
4.066698,30.721,82.795,35.731,1
4.067251,30.168,81.671,36.387,1
4.067786,31.113,81.151,36.473,1
4.068343,29.953,81.983,37.001,1
4.068902,29.818,82.336,37.835,1
4.069441,30.909,81.141,38.073,1
4.070027,28.422,81.354,38.705,1
4.070572,30.603,81.167,39.054,1
4.071111,30.890,80.659,39.996,1
4.071678,29.401,81.731,40.305,1
4.072216,30.995,80.698,40.972,1
4.072774,29.885,81.416,41.423,1
4.073315,30.774,81.135,41.961,1
4.073933,26.962,85.160,42.144,1
4.074419,34.339,81.418,43.048,1
4.074965,30.481,80.847,42.846,1
4.075517,30.244,80.558,43.825,1
4.076077,29.725,80.855,49.466,1
4.076653,28.941,82.131,58.568,1
4.077205,30.220,,60.389,1
4.077753,30.377,,53.476,1
4.078305,30.229,81.213,43.549,1
4.078868,29.604,81.391,41.638,1
4.079434,29.416,82.325,40.450,1
4.079982,30.405,81.598,38.600,1
4.080539,29.938,81.764,36.411,1
4.081076,31.059,80.833,34.681,1
4.081644,29.336,81.574,33.829,1
4.082338,23.998,89.741,32.610,1
4.082751,40.428,81.169,32.254,1
4.083308,29.910,81.212,31.453,1
4.083855,30.433,80.933,31.199,1
4.084441,28.484,82.691,31.243,1
4.084985,30.639,81.812,31.040,1
4.085535,30.256,81.586,30.959,1
4.086090,30.076,81.498,31.050,1
4.086635,30.550,80.934,30.882,1
4.087208,29.102,82.041,30.949,1
4.087761,30.134,81.938,30.817,1
4.088309,30.403,81.278,30.698,1
4.088854,30.588,80.639,30.749,1
4.089422,29.337,81.615,30.843,1
4.089998,28.935,82.555,30.617,1
4.090616,26.967,86.478,30.501,1
4.091139,31.892,84.587,30.638,1
4.091647,32.784,81.772,30.683,1
4.092206,29.841,81.753,30.361,1
4.092766,29.757,82.092,30.645,1
4.093310,30.645,81.186,30.449,1
4.093902,28.148,81.835,30.482,1
4.094447,30.563,81.580,30.790,1
4.095060,27.170,82.222,30.494,1
4.095594,31.259,81.359,30.350,1
4.096141,30.435,81.415,30.887,1
4.096679,30.977,81.290,30.584,1
4.097267,28.355,82.711,30.853,1
4.097796,31.533,81.734,30.828,1
4.098372,28.899,81.199,30.837,1
4.099030,25.357,87.825,30.777,1
4.099478,37.147,81.674,30.890,1
4.100019,30.847,81.280,30.767,1
4.100567,30.384,80.968,31.090,1
4.101117,30.333,81.090,30.947,1
4.101674,29.891,81.441,31.226,1
4.102225,30.264,81.490,30.924,1
4.102790,29.464,82.430,31.198,1
4.103362,29.175,81.376,31.261,1
4.103910,30.381,81.206,30.969,1
4.104464,30.123,81.428,30.997,1
4.105011,30.469,81.416,31.057,1
4.105567,29.981,82.034,31.057,1
4.106112,30.539,82.099,30.884,1
4.106674,29.665,81.430,30.903,1
4.107317,25.936,87.067,30.851,1
4.107790,35.178,82.932,31.013,1
4.108373,28.625,84.808,30.691,1
4.108889,32.282,82.647,30.860,1
4.109439,30.327,82.420,30.657,1
4.109976,31.005,81.194,30.816,1
4.110536,29.784,81.618,30.853,1
4.111165,26.480,86.221,30.808,1
4.111693,31.589,84.544,30.779,1
4.112246,30.135,81.417,30.792,1
4.112796,30.285,81.562,30.975,1
4.113343,30.459,81.449,30.871,1
4.113903,29.801,81.881,30.900,1
4.114446,30.646,81.464,30.723,1
4.114983,31.054,80.729,30.988,1
4.115677,24.024,89.792,31.078,1
4.116143,35.771,84.728,30.822,1
4.116687,30.654,83.856,30.923,1
4.117269,28.592,82.838,30.970,1
4.117809,30.896,82.314,31.113,1
4.118366,29.905,82.419,30.825,1
4.118891,31.740,81.342,30.887,1
4.119442,30.280,81.234,30.870,1
4.119983,30.769,81.150,30.816,1
4.120612,26.530,86.202,30.738,1
4.121134,31.881,81.014,30.575,1
4.121688,30.108,81.056,30.306,1
4.122240,30.174,81.235,30.476,1
4.122784,30.630,81.052,30.326,1
4.123327,30.744,80.964,30.384,1
4.124019,24.072,87.853,30.347,1
4.124514,33.640,84.959,30.373,1
4.125039,31.780,83.114,30.213,1
4.125567,31.540,80.956,30.369,1
4.126122,30.039,81.378,30.514,1
4.126692,29.240,82.367,30.357,1
4.127243,30.245,81.299,30.419,1
4.127826,28.599,83.357,30.382,1
4.128359,31.272,82.342,30.290,1
4.128892,31.243,81.395,30.427,1
4.129437,30.628,80.948,30.443,1
4.129988,30.220,81.411,30.419,1
4.130553,29.496,82.639,30.683,1
4.131076,31.887,80.831,30.543,1
4.131632,29.967,80.891,30.675,1
4.132281,25.683,86.496,30.563,1
4.132813,31.323,84.935,30.704,1
4.133306,33.824,81.252,30.926,1
4.133885,28.750,82.768,30.647,1
4.134416,31.418,81.215,30.735,1
4.134982,29.459,81.825,30.818,1
4.135572,28.243,83.892,30.642,1
4.136081,32.719,81.141,30.724,1
4.136636,30.024,81.146,30.526,1
4.137211,29.019,82.217,30.459,1
4.137742,31.358,80.766,30.635,1
4.138297,30.045,80.773,30.505,1
4.138861,29.556,81.251,30.538,1
4.139420,29.784,81.507,30.630,1
4.139967,30.483,80.932,30.541,1
4.140650,24.390,88.567,30.498,1
4.141098,37.243,80.620,30.515,1
4.141652,30.090,81.290,30.595,1
4.142209,29.886,81.779,30.607,1
4.142748,30.934,81.017,30.673,1
4.143306,29.857,81.205,30.603,1
4.143866,29.777,81.183,30.770,1
4.144417,30.252,81.321,30.957,1
4.144986,29.275,80.572,30.775,1
4.145578,28.191,81.645,30.830,1
4.146116,30.943,80.992,30.907,1
4.146666,30.330,81.011,30.885,1
4.147241,28.966,82.933,30.907,1
4.147759,32.183,81.370,30.883,1
4.148308,30.338,81.316,31.110,1
4.148963,25.443,86.293,30.823,1
4.149435,35.308,81.086,31.007,1
4.150043,27.427,81.270,30.822,1
4.150616,29.106,82.971,31.088,1
4.151156,30.840,82.365,30.988,1
4.151710,30.109,81.370,31.047,1
4.152268,29.848,82.195,31.170,1
4.152796,31.581,81.247,31.027,1
4.153361,29.496,82.013,30.899,1
4.153898,31.005,81.918,30.665,1
4.154446,30.436,81.528,30.887,1
4.154992,30.514,81.322,30.745,1
4.155573,28.722,83.602,30.689,1
4.156082,32.684,81.004,30.595,1
4.156634,30.232,80.963,30.860,1
4.157350,23.272,90.604,30.506,1
4.157767,39.931,82.331,30.291,1
4.158322,30.034,82.227,30.301,1
4.158915,28.138,81.550,30.324,1
4.159478,29.587,82.268,30.196,1
4.160036,29.841,81.418,30.338,1
4.160610,29.063,82.705,30.239,1
4.161123,32.500,80.983,30.241,1
4.161691,29.351,82.460,30.324,1
4.162266,28.942,82.671,30.182,1
4.162812,30.568,82.579,30.418,1
4.163363,30.222,81.411,30.305,1
4.163911,30.428,81.607,30.382,1
4.164461,30.307,82.021,30.394,1
4.165000,30.906,81.675,30.287,1
4.165636,26.219,84.874,30.357,1
4.166146,32.684,82.919,30.555,1
4.166662,32.284,80.848,30.478,1
4.167238,28.941,82.685,30.568,1
4.167769,31.363,80.901,30.199,1
4.168355,28.471,81.063,30.391,1
4.168937,28.611,83.409,30.451,1
4.169467,31.449,82.151,30.447,1
4.170060,28.099,82.283,30.367,1
4.170594,31.226,81.165,30.556,1
4.171146,30.166,81.169,30.420,1
4.171716,29.274,82.706,30.424,1
4.172241,31.743,81.265,30.418,1
4.172787,30.530,81.327,30.501,1
4.173370,28.553,81.198,30.624,1
4.174064,24.021,89.952,30.435,1
4.174476,40.485,81.554,30.515,1
4.175066,28.256,82.705,30.719,1
4.175606,30.864,82.043,30.511,1
4.176138,31.346,81.291,30.762,1
4.176682,30.615,81.284,30.678,1
4.177260,28.830,82.341,30.651,1
4.177798,30.976,81.984,30.664,1
4.178329,31.370,81.279,30.829,1
4.178953,26.719,83.933,30.953,1
4.179456,33.147,81.526,30.834,1
4.180006,30.324,82.078,31.000,1
4.180543,31.031,81.161,30.912,1
4.181083,30.832,81.150,31.010,1
4.181636,30.144,81.129,30.897,1
4.182246,27.310,84.423,30.827,1
4.182858,27.265,87.741,30.673,1
4.183308,37.027,81.463,30.827,1
4.183869,29.680,81.801,30.501,1
4.184413,30.653,81.100,30.521,1
4.184970,29.922,81.185,30.393,1
4.185545,28.972,82.367,30.502,1
4.186098,30.184,82.165,30.407,1
4.186634,31.039,81.029,30.396,1
4.187298,25.125,87.502,30.492,1
4.187745,37.263,80.988,30.387,1
4.188355,27.342,84.225,30.480,1
4.188948,28.108,81.936,30.185,1
4.189477,31.481,81.009,30.317,1
4.190030,30.159,81.018,30.502,1
4.190748,23.188,91.070,30.449,1
4.191141,42.409,82.086,30.474,1
4.191708,29.433,81.160,30.457,1
4.192260,30.152,81.186,30.547,1
4.192808,30.438,81.408,30.256,1
4.193359,30.248,81.330,30.376,1
4.193907,30.393,81.182,30.339,1
4.194443,31.142,80.732,30.319,1
4.195013,29.199,82.310,30.183,1
4.195576,29.609,82.975,30.300,1
4.196094,32.187,81.023,30.483,1
4.196636,30.769,81.080,30.744,1
4.197219,28.583,82.657,30.978,1
4.197764,30.547,82.149,31.320,1
4.198357,28.123,84.419,31.214,1
4.199034,24.625,88.777,31.361,1
4.199467,38.524,81.593,31.349,1
4.200039,29.116,81.002,31.228,1
4.200620,28.702,82.989,30.947,1
4.201134,32.412,81.058,30.986,1
4.201697,29.593,82.341,30.962,1
4.202252,30.050,82.690,30.817,1
4.202781,31.510,81.694,30.743,1
4.203321,30.823,81.491,30.918,1
4.203912,28.218,84.350,30.918,1
4.204455,30.708,81.748,30.977,1
4.205042,28.371,81.237,30.934,1
4.205650,27.432,84.586,30.795,1
4.206137,34.230,81.101,31.344,1
4.206683,30.485,81.325,31.245,1
4.207278,28.048,83.402,31.665,1
4.207896,26.963,87.905,31.549,1
4.208368,35.321,81.070,31.990,1
4.208926,29.837,81.724,32.395,1
4.209492,29.438,82.579,32.360,1
4.210020,31.571,81.426,32.687,1
4.210568,30.450,81.830,32.632,1
4.211112,30.587,81.497,33.114,1
4.211675,29.621,81.606,33.401,1
4.212245,29.240,82.618,33.866,1
4.212769,31.806,81.197,33.289,1
4.213319,30.312,81.683,33.520,1
4.213900,28.678,83.205,33.319,1
4.214431,31.378,81.980,33.250,1
4.215030,27.825,80.834,32.667,1
4.215639,27.399,84.723,32.804,1
4.216225,28.422,86.998,32.529,1
4.216758,31.266,86.046,32.700,1
4.217308,30.333,85.189,33.371,1
4.217803,33.668,81.938,32.684,1
4.218371,29.318,81.178,32.869,1
4.218935,29.551,82.256,32.410,1
4.219484,30.381,82.055,32.698,1
4.220054,29.216,83.461,32.269,1
4.220584,31.452,82.050,32.594,1
4.221132,30.387,82.129,32.552,1
4.221672,30.894,81.364,32.752,1
4.222276,27.602,83.329,32.547,1
4.222796,32.051,81.409,32.621,1
4.223394,27.854,84.637,32.766,1
4.223955,29.695,85.576,32.440,1
4.224617,25.184,90.001,32.610,1
4.225054,38.128,83.405,32.228,1
4.225594,30.900,82.929,32.641,1
4.226112,32.180,81.495,32.574,1
4.226671,29.782,81.328,32.761,1
4.227304,26.345,86.428,32.972,1
4.227764,36.252,80.874,32.569,1
4.228378,27.109,81.738,32.790,1
4.228974,27.962,84.655,32.172,1
4.229511,31.078,83.957,32.308,1
4.230015,33.068,81.556,32.429,1
4.230624,27.350,84.443,32.647,1
4.231129,33.001,81.943,32.883,1
4.231704,29.001,81.211,32.683,1
4.232315,27.268,85.094,32.797,1
4.232927,27.236,89.152,32.482,1
4.233373,37.345,81.372,32.531,1
4.233937,29.568,82.335,32.325,1
4.234476,30.919,81.571,32.337,1
4.235089,27.167,84.051,32.356,1
4.235618,31.532,82.968,32.959,1
4.236134,32.287,81.084,32.678,1
4.236684,30.342,81.400,33.007,1
4.237247,29.560,81.569,32.541,1
4.237786,30.972,81.493,32.606,1
4.238366,28.694,81.211,32.596,1
4.238933,29.428,82.129,32.628,1
4.239476,30.657,81.082,32.569,1
4.240038,29.664,81.051,32.871,1
4.240634,27.962,83.727,32.629,1
4.241249,27.091,87.489,32.710,1
4.241691,37.706,81.431,32.662,1
4.242292,27.735,84.255,32.694,1
4.242810,32.177,82.354,32.132,1
4.243399,28.304,82.891,32.098,1
4.243954,30.050,82.824,32.472,1
4.244503,30.331,83.261,32.462,1
4.245018,32.362,81.477,32.841,1
4.245622,27.629,84.912,32.529,1
4.246108,34.267,81.276,32.703,1
4.246657,30.357,81.136,32.850,1
4.247271,27.150,85.035,32.556,1
4.247776,32.972,82.334,32.721,1
4.248307,31.428,81.278,32.251,1
4.249005,23.862,89.756,32.749,1
4.249499,33.721,86.234,32.516,1
4.249971,35.324,81.195,32.760,1
4.250622,25.598,86.926,32.476,1
4.251101,34.793,82.295,32.680,1
4.251634,31.313,80.905,32.597,1
4.252315,24.465,88.512,31.996,1
4.252744,38.831,80.902,32.221,1
4.253294,30.287,80.607,32.330,1
4.253939,25.842,86.100,32.703,1
4.254431,33.863,81.141,33.026,1
4.254975,30.684,80.928,32.641,1
4.255611,26.196,86.093,32.636,1
4.256096,34.340,82.042,32.664,1
4.256656,29.748,82.184,32.259,1
4.257312,25.423,85.495,32.362,1
4.257872,29.755,86.238,32.164,1
4.258378,32.927,81.697,32.063,1
4.258955,28.903,83.431,32.296,1
4.259495,30.848,82.806,32.612,1
4.260062,29.423,82.390,32.336,1
4.260606,30.598,81.965,32.461,1
4.261148,30.758,81.420,32.245,1
4.261691,30.731,81.363,32.286,1
4.262367,24.640,88.810,31.993,1
4.262793,39.145,81.772,32.470,1
4.263427,26.289,84.380,32.760,1
4.263982,30.029,84.634,32.550,1
4.264480,33.444,81.961,32.791,1
4.265043,29.612,81.269,32.364,1
4.265665,26.773,85.551,32.631,1
4.266218,30.143,85.595,32.228,1
4.266700,34.578,80.799,32.390,1
4.267287,28.415,83.404,32.225,1
4.267806,32.109,81.452,32.503,1
4.268354,30.428,81.240,32.611,1
4.268963,27.344,84.601,32.628,1
4.269455,33.903,81.027,32.520,1
4.270042,28.387,81.284,32.529,1
4.270692,25.657,87.692,32.225,1
4.271134,37.694,81.103,32.352,1
4.271692,29.834,81.602,32.190,1
4.272309,27.012,85.363,32.758,1
4.272784,35.144,81.257,32.507,1
4.273365,28.679,80.854,32.715,1
4.274040,24.669,88.614,32.246,1
4.274575,31.156,87.609,32.336,1
4.275015,37.878,81.083,32.767,1
4.275661,25.798,86.775,32.100,1
4.276130,35.565,81.933,31.948,1
4.276662,31.317,80.865,32.579,1
4.277302,26.043,86.876,32.451,1
4.277767,35.818,81.762,32.688,1
4.278394,26.607,82.693,32.423,1
4.278989,27.988,85.763,32.352,1
4.279477,34.200,82.365,32.294,1
4.280031,30.080,81.091,32.485,1
4.280651,26.859,85.543,32.183,1
4.281131,34.729,81.203,32.591,1
4.281689,29.871,81.728,32.573,1
4.282339,25.638,87.249,32.448,1
4.282910,29.191,88.198,32.667,1
4.283366,36.590,82.088,32.141,1
4.284010,25.851,87.258,32.334,1
4.284458,37.217,81.044,32.162,1
4.285009,30.275,81.341,32.056,1
4.285684,24.699,88.823,32.411,1
4.286110,39.113,81.362,32.460,1
4.286674,29.537,81.521,32.529,1
4.287342,24.934,88.449,32.623,1
4.287778,38.276,81.763,32.399,1
4.288323,30.560,81.731,32.425,1
4.289001,24.589,89.650,32.597,1
4.289440,37.940,82.574,32.249,1
4.289982,30.778,82.003,32.436,1
4.290680,23.855,90.022,32.430,1
4.291264,28.575,91.852,32.897,1
4.291648,43.364,81.936,32.573,1
4.292319,24.836,88.547,32.870,1
4.292766,37.321,82.064,32.399,1
4.293318,30.199,82.065,32.527,1
4.293952,26.289,86.154,32.165,1
4.294424,35.260,81.513,32.338,1
4.294975,30.247,80.984,32.262,1
4.295581,27.500,84.589,33.031,1
4.296075,33.748,80.937,32.809,1
4.296629,30.100,80.822,32.795,1
4.297319,24.157,87.676,32.894,1
4.297793,35.173,82.311,32.526,1
4.298369,28.905,81.353,32.778,1
4.299077,23.558,91.142,32.503,1
4.299567,33.964,87.481,32.820,1
4.300011,37.544,81.448,32.589,1
4.300601,28.245,83.943,32.606,1
4.301107,32.967,81.270,32.813,1
4.301673,29.426,81.531,32.441,1
4.302324,25.615,86.245,32.748,1
4.302802,34.875,82.056,32.725,1
4.303376,29.044,81.292,32.228,1
4.304061,24.327,89.228,32.560,1
4.304488,39.010,81.796,32.585,1
4.305018,31.443,80.921,32.865,1
4.305584,29.456,82.187,33.439,1
4.306117,31.267,81.287,32.940,1
4.306659,30.776,81.007,33.119,1
4.307209,30.272,81.269,32.717,1
4.307898,24.193,89.599,32.838,1
4.308335,38.129,82.962,32.385,1
4.308874,30.914,81.846,32.884,1
4.309447,29.117,81.671,32.763,1
4.309986,30.888,81.040,32.819,1
4.310578,28.175,81.743,32.728,1
4.311135,29.922,82.362,32.498,1
4.311720,28.471,82.002,32.559,1
4.312351,26.412,86.728,32.300,1
4.312816,35.865,81.744,32.547,1
4.313376,29.767,81.613,32.233,1
4.313924,30.400,81.618,32.583,1
4.314472,30.428,81.416,32.625,1
4.315041,29.266,81.277,32.795,1
4.315612,29.208,82.613,32.627,1
4.316450,19.889,100.100,32.668,1
4.316707,64.731,82.879,32.656,1
4.317231,31.824,80.716,32.076,1
4.317779,30.430,80.684,32.083,1
4.318373,28.071,81.384,32.577,1
4.318921,30.390,81.431,32.368,1
4.319475,30.062,81.708,32.621,1
4.320023,30.411,81.524,32.460,1
4.320566,30.710,81.037,32.595,1
4.321111,30.596,80.923,32.418,1
4.321688,28.891,82.390,32.410,1
4.322220,31.340,81.427,32.034,1
4.322776,29.958,81.717,32.546,1
4.323384,27.426,81.265,32.508,1
4.323952,29.347,82.666,32.701,1
4.324743,21.065,97.078,32.547,1
4.325041,55.799,81.238,32.688,1
4.325602,29.744,82.012,32.465,1
4.326140,30.951,81.533,32.421,1
4.326685,30.602,81.077,31.958,1
4.327241,29.983,81.255,32.023,1
4.327810,29.290,82.565,32.381,1
4.328374,29.531,81.427,33.022,1
4.328919,30.580,81.276,32.931,1
4.329483,29.547,82.097,33.186,1
4.330020,31.031,81.278,33.195,1
4.330583,29.629,81.883,33.014,1
4.331135,30.202,81.655,33.216,1
4.331676,30.780,81.109,32.492,1
4.332244,29.337,81.444,33.057,1
4.333061,20.416,97.581,32.683,1
4.333334,60.869,80.998,32.960,1
4.333911,28.904,81.453,31.993,1
4.334466,30.036,81.645,32.247,1
4.335060,28.078,82.409,31.822,1
4.335588,31.566,81.161,30.946,1
4.336130,30.712,80.908,30.957,1
4.336682,30.179,80.943,30.448,1
4.337236,30.109,81.017,30.150,1
4.337790,30.077,81.383,29.424,1
4.338372,28.623,81.406,29.386,1
4.338918,30.563,81.261,28.906,1
4.339467,30.318,81.164,28.661,1
4.340016,30.389,81.258,28.015,1
4.340584,29.361,81.831,28.026,1
4.341346,21.869,94.981,27.656,1
4.341662,52.647,80.845,27.739,1
4.342214,30.199,81.066,27.586,1
4.342800,28.473,83.060,27.176,1
4.343377,28.847,81.431,27.334,1
4.343929,30.227,81.350,27.269,1
4.344483,30.077,81.519,27.348,1
4.345049,29.440,82.400,27.122,1
4.345568,32.082,80.945,27.429,1
4.346127,29.829,81.260,27.178,1
4.346677,30.320,81.200,27.433,1
4.347243,29.422,81.398,27.192,1
4.347815,29.132,81.455,27.486,1
4.348365,30.320,80.924,27.269,1
4.348915,30.326,81.123,27.640,1
4.349741,20.174,97.565,27.416,1
4.350011,61.592,81.206,27.701,1
4.350567,30.020,81.083,27.532,1
4.351119,30.180,81.297,27.721,1
4.351670,30.229,81.420,27.596,1
4.352213,30.728,81.124,27.875,1
4.352776,29.581,81.616,27.883,1
4.353353,28.890,83.443,27.662,1
4.353875,31.955,81.768,27.945,1
4.354439,29.516,82.699,27.658,1
4.355027,28.367,83.395,27.567,1
4.355578,30.221,81.228,27.889,1
4.356130,30.185,81.527,27.555,1
4.356692,29.692,82.445,27.824,1
4.357244,30.198,81.452,27.425,1
4.358022,21.401,95.345,27.660,1
4.358359,49.458,82.548,27.506,1
4.358906,30.508,82.457,27.567,1
4.359482,28.908,81.324,27.224,1
4.360032,30.341,81.528,27.548,1
4.360588,29.975,81.797,27.185,1
4.361148,29.758,81.956,27.407,1
4.361694,30.505,81.658,27.123,1
4.362249,30.041,81.979,27.315,1
4.362795,30.522,81.678,26.930,1
4.363345,30.297,82.141,27.200,1
4.363924,28.798,82.263,27.239,1
4.364474,30.293,82.214,26.859,1
4.365040,29.460,81.329,27.157,1
4.365619,28.777,83.055,26.954,1
4.366316,23.888,91.631,26.978,1
4.366788,35.336,86.784,27.124,1
4.367257,35.556,82.293,26.838,1
4.367817,29.766,82.985,27.153,1
4.368376,29.813,81.733,26.851,1
4.368928,30.176,81.921,27.107,1
4.369477,30.373,82.261,27.162,1
4.370075,27.846,85.392,26.920,1
4.370597,31.926,83.287,27.208,1
4.371132,31.180,82.490,27.130,1
4.371679,30.486,81.907,27.208,1
4.372247,29.306,82.811,26.935,1
4.372783,31.106,82.139,27.305,1
4.373329,30.550,82.089,27.274,1
4.373903,29.032,83.048,27.453,1
4.374575,24.807,89.378,27.183,1
4.375036,36.162,81.674,27.524,1
4.375597,29.691,82.345,27.276,1
4.376186,28.302,84.153,27.664,1
4.376689,33.137,81.306,27.459,1
4.377243,30.092,81.408,27.628,1
4.377786,30.680,81.174,27.711,1
4.378343,29.916,81.634,27.407,1
4.378886,30.672,81.336,27.682,1
4.379451,29.526,81.907,27.412,1
4.379991,30.852,81.422,27.740,1
4.380548,29.919,81.734,27.483,1
4.381114,29.464,82.208,27.716,1
4.381671,29.936,81.397,27.767,1
4.382229,29.820,81.755,27.361,1
4.383014,21.233,96.048,27.661,1
4.383334,52.143,82.375,27.370,1
4.383878,30.642,81.958,27.641,1
4.384411,31.289,80.944,27.366,1
4.385014,27.622,82.759,27.567,1
4.385564,30.304,80.897,27.338,1
4.386113,30.341,81.112,27.572,1
4.386656,30.712,80.956,27.249,1
4.387240,28.513,81.288,27.592,1
4.387791,30.277,81.441,27.353,1
4.388339,30.427,81.009,27.437,1
4.388882,30.700,81.008,27.199,1
4.389445,29.598,81.601,27.577,1
4.389981,31.062,81.160,27.443,1
4.390532,30.253,81.533,27.506,1
4.391375,19.765,97.437,27.251,1
4.391672,56.277,81.425,27.671,1
4.392235,29.591,82.126,27.371,1
4.392767,31.298,81.174,27.671,1
4.393320,30.144,81.573,27.709,1
4.393880,29.759,81.765,27.321,1
4.394420,30.855,81.466,27.543,1
4.395024,27.610,84.630,27.217,1
4.395586,29.683,81.615,27.576,1
4.396150,29.529,82.130,27.234,1
4.396693,30.706,82.053,27.293,1
4.397236,30.660,81.076,27.294,1
4.397800,29.550,82.007,27.515,1
4.398368,29.339,81.139,27.514,1
4.398923,30.066,81.612,27.189,1
4.399746,20.246,97.922,27.461,1
4.400036,57.448,80.986,27.110,1
4.400587,30.229,81.429,27.372,1
4.401123,31.124,80.801,27.139,1
4.401687,29.560,81.748,27.323,1
4.402231,30.613,80.778,27.027,1
4.402797,29.452,81.809,27.347,1
4.403359,29.646,82.551,27.401,1
4.403890,31.380,81.333,27.149,1
4.404481,28.210,81.036,27.429,1
4.405036,30.059,80.900,27.201,1
4.405588,30.165,81.455,27.433,1
4.406133,30.607,81.109,27.324,1
4.406693,29.731,81.538,27.420,1
4.407252,29.822,80.711,27.077,1
4.408015,21.853,93.699,27.335,1
4.408366,47.517,81.491,27.457,1
4.408904,30.957,81.067,27.110,1
4.409474,29.242,82.572,27.398,1
4.409998,31.804,81.297,27.126,1
4.410574,28.922,81.540,27.298,1
4.411136,29.672,82.326,27.381,1
4.411687,30.220,82.308,27.039,1
4.412224,31.080,81.439,27.263,1
4.412791,29.391,82.551,27.210,1
4.413322,31.396,81.532,26.873,1
4.413875,30.128,81.451,27.148,1
4.414456,28.685,83.375,26.979,1
4.415009,30.126,83.667,26.949,1
4.415527,32.194,80.966,27.254,1
4.416318,21.063,95.394,27.103,1
4.416629,53.655,80.840,27.164,1
4.417221,28.124,83.111,26.975,1
4.417788,29.389,81.918,27.156,1
4.418339,30.256,82.024,27.051,1
4.418884,30.585,81.303,27.281,1
4.419441,29.905,81.696,27.179,1
4.420038,27.924,81.108,27.443,1
4.420587,30.367,81.416,27.317,1
4.421158,29.172,82.924,27.541,1
4.421687,31.523,81.774,27.504,1
4.422233,30.550,81.086,27.685,1
4.422791,29.878,81.948,27.434,1
4.423353,29.642,82.594,27.707,1
4.423881,31.543,81.372,27.605,1
4.424658,21.452,94.683,27.757,1
4.425009,47.481,82.905,27.432,1
4.425565,29.967,83.707,27.710,1
4.426092,31.625,81.842,27.522,1
4.426666,29.057,83.067,27.723,1
4.427204,30.992,81.872,27.590,1
4.427799,27.979,83.334,27.790,1
4.428315,32.309,81.335,27.690,1
4.428873,29.862,82.154,27.783,1
4.429447,29.074,83.323,27.491,1
4.429965,32.121,81.101,27.793,1
4.430517,30.244,80.856,27.571,1
4.431110,28.100,83.104,27.868,1
4.431624,32.405,80.618,27.840,1
4.432186,29.666,80.997,27.959,1
4.432904,23.194,90.786,27.642,1
4.433294,42.793,80.806,27.844,1
4.433863,29.258,81.659,27.682,1
4.434439,28.949,82.882,27.780,1
4.434965,31.719,81.054,27.482,1
4.435512,30.461,80.570,27.713,1
4.436083,29.191,81.482,27.486,1
4.436634,30.225,81.229,27.681,1
4.437190,29.970,81.243,27.728,1
4.437762,29.143,82.251,27.368,1
4.438309,30.487,81.712,27.456,1
4.438855,30.498,81.171,27.584,1
4.439466,27.284,84.466,27.342,1
4.439961,33.669,80.847,27.587,1
4.440518,29.934,80.943,27.318,1
4.441162,25.891,86.221,27.590,1
4.441628,35.731,80.836,27.221,1
4.442189,29.732,81.190,27.592,1
4.442744,30.029,81.145,27.340,1
4.443295,30.244,80.875,27.624,1
4.443853,29.842,81.053,27.498,1
4.444416,29.594,81.491,27.555,1
4.444966,30.304,81.175,27.297,1
4.445516,30.328,80.795,27.563,1
4.446084,29.345,81.560,27.451,1
4.446633,30.328,81.172,27.552,1
4.447186,30.178,81.005,27.302,1
4.447774,28.341,82.954,27.486,1
4.448314,30.871,82.011,27.282,1
4.448853,30.911,81.043,27.504,1
4.449681,20.132,97.374,27.264,1
4.449965,58.694,81.076,27.483,1
4.450526,29.677,81.436,27.200,1
4.451076,30.312,81.096,27.378,1
4.451644,29.342,81.810,27.103,1
4.452185,30.793,80.988,27.352,1
4.452781,28.002,83.366,27.232,1
4.453301,32.047,81.212,27.575,1
4.453859,29.837,81.406,27.411,1
4.454415,29.970,81.434,27.823,1
4.454972,29.964,81.472,27.692,1
4.455516,30.607,80.818,27.860,1
4.456126,27.333,84.063,27.969,1
4.456627,33.283,80.780,28.601,1
4.457190,29.577,81.257,28.529,1
4.458000,20.579,96.515,28.947,1
4.458300,55.533,81.210,29.217,1
4.458867,29.380,81.903,29.712,1
4.459429,29.675,82.278,30.159,1
4.459988,29.822,82.488,30.544,1
4.460520,31.341,81.030,30.948,1
4.461091,29.154,82.021,31.414,1
4.461645,30.123,81.859,31.687,1
4.462180,31.126,80.657,32.085,1
4.462838,25.335,86.835,32.972,1
4.463295,36.513,80.849,32.974,1
4.463856,29.660,81.260,33.573,1
4.464461,27.577,84.162,33.063,1
4.464976,32.377,81.734,33.099,1
4.465530,30.075,81.632,32.996,1
4.466154,26.680,85.803,33.292,1
4.466626,35.362,80.729,32.858,1
4.467184,29.855,80.913,32.859,1
4.467767,28.605,82.535,32.753,1
4.468312,30.541,81.943,32.743,1
4.468857,30.581,81.312,32.697,1
4.469428,29.207,82.220,32.604,1
4.469988,29.744,82.482,32.676,1
4.470556,29.384,83.186,32.631,1
4.471137,28.669,84.755,32.826,1
4.471635,33.477,81.267,32.627,1
4.472181,30.518,80.725,32.557,1
4.472798,27.026,84.395,32.570,1
4.473301,33.127,81.242,32.709,1
4.473852,30.254,80.945,32.408,1
4.474711,19.384,99.226,32.453,1
4.475042,50.332,85.758,32.621,1
4.475517,35.092,80.899,32.698,1
4.476105,28.363,82.827,32.461,1
4.476639,31.199,81.538,32.632,1
4.477188,30.390,81.138,32.632,1
4.477764,28.934,82.367,32.669,1
4.478297,31.271,81.009,32.944,1
4.478855,29.848,81.199,32.807,1
4.479450,28.011,83.532,33.044,1
4.479964,32.401,81.090,32.734,1
4.480518,30.100,80.973,32.911,1
4.481120,27.699,83.743,32.679,1
4.481634,32.401,81.254,33.078,1
4.482189,30.032,81.213,32.709,1
4.483018,20.119,97.608,32.689,1
4.483307,57.567,81.657,32.400,1
4.483847,30.899,80.675,32.764,1
4.484462,27.087,84.271,32.571,1
4.484976,32.405,81.780,32.858,1
4.485517,30.828,80.876,32.554,1
4.486210,24.026,89.193,32.821,1
4.486633,39.480,81.173,32.565,1
4.487186,30.119,81.062,32.889,1
4.487823,26.175,85.919,32.646,1
4.488303,34.685,81.412,32.508,1
4.488853,30.316,81.064,32.457,1
4.489460,27.461,84.131,32.629,1
4.489961,33.234,80.903,32.439,1
4.490533,29.142,81.888,32.711,1
4.491371,19.887,98.768,32.262,1
4.491657,58.288,82.660,32.361,1
4.492197,30.902,81.671,32.524,1
4.492829,26.361,86.308,32.665,1
4.493307,34.830,81.680,32.395,1
4.493863,30.017,81.661,32.498,1
4.494471,27.418,84.792,32.556,1
4.494965,33.717,81.114,32.807,1
4.495513,30.379,80.700,32.619,1
4.496141,26.576,84.994,32.621,1
4.496638,33.531,81.469,32.390,1
4.497181,30.655,80.775,32.368,1
4.497816,26.276,85.495,32.636,1
4.498307,33.903,81.678,32.842,1
4.498856,30.351,81.277,32.544,1
4.499656,20.849,95.908,32.736,1
4.499969,53.191,81.374,32.870,1
4.500515,30.550,80.754,32.853,1
4.501147,26.362,85.376,32.801,1
4.501634,34.203,81.153,32.938,1
4.502187,30.147,81.134,32.544,1
4.502824,26.182,85.995,32.939,1
4.503298,35.160,81.056,32.670,1
4.503849,30.248,80.792,32.911,1
4.504485,26.209,85.612,32.672,1
4.504990,32.990,82.590,32.777,1
4.505522,31.296,81.252,32.531,1
4.506147,26.662,85.390,32.621,1
4.506629,34.619,80.960,32.332,1
4.507189,29.730,81.249,32.329,1
4.507873,24.374,88.957,32.545,1
4.508323,37.088,82.585,32.616,1
4.508863,30.847,81.676,32.370,1
4.509487,26.685,85.798,32.378,1
4.509964,34.953,,32.439,1
4.510517,30.133,,32.430,1
4.511154,26.167,,32.415,1
4.511630,35.005,,32.474,1
4.512182,30.200,,32.872,1
4.512831,25.695,,32.511,1
4.513295,35.937,,32.641,1
4.513853,29.843,,32.930,1
4.514489,26.233,,32.812,1
4.514966,34.918,,32.902,1
4.515517,30.267,,33.186,1
4.516297,21.342,,32.779,1
4.516636,49.181,,32.749,1
4.517193,29.944,,32.803,1
4.517832,26.079,,32.807,1
4.518296,35.885,81.021,32.928,1
4.518865,29.329,81.791,32.659,1
4.519552,24.235,89.717,32.793,1
4.519968,40.089,81.299,32.800,1
4.520514,30.544,80.735,32.703,1
4.521167,25.505,86.614,32.765,1
4.521644,34.982,81.837,32.508,1
4.522181,31.025,80.764,32.789,1
4.522826,25.826,86.167,32.540,1
4.523300,35.218,81.195,32.729,1
4.523855,29.982,81.242,32.564,1
4.524678,20.264,97.248,32.680,1
4.524973,56.554,81.594,32.692,1
4.525514,30.806,80.701,32.726,1
4.526182,24.926,87.491,32.910,1
4.526648,35.807,82.078,32.746,1
4.527226,28.836,83.445,32.974,1
4.527835,27.344,86.703,32.660,1
4.528299,35.956,81.149,32.589,1
4.528854,30.022,81.141,32.738,1
4.529508,25.476,87.063,32.883,1
4.529991,34.536,82.680,32.776,1
4.530530,30.881,81.731,32.831,1
4.531154,26.735,85.799,32.770,1
4.531635,34.604,81.382,32.858,1
4.532187,30.202,81.158,32.857,1
4.533004,20.417,96.771,33.122,1
4.533307,54.918,81.653,32.600,1
4.533893,28.435,83.515,32.752,1
4.534549,25.411,89.521,32.777,1
4.534989,37.852,82.602,32.934,1
4.535545,29.979,82.639,32.632,1
4.536203,25.340,88.760,32.756,1
4.536634,38.705,81.263,32.929,1
4.537181,30.452,80.785,32.810,1
4.537864,24.418,88.388,32.981,1
4.538299,38.256,81.193,32.717,1
4.538855,30.006,81.173,32.592,1
4.539542,24.241,89.121,32.705,1
4.539961,39.823,80.884,32.972,1
4.540516,30.022,80.877,32.555,1
4.541325,20.589,96.112,32.624,1
4.541641,52.861,81.651,32.700,1
4.542181,30.823,80.790,32.427,1
4.542846,25.086,87.319,32.805,1
4.543331,34.351,83.064,32.544,1
4.543858,31.595,81.416,32.719,1
4.544530,24.829,88.364,32.470,1
4.544972,37.693,81.530,32.624,1
4.545515,30.665,80.832,32.566,1
4.546188,24.792,87.837,32.750,1
4.546629,37.770,80.992,32.390,1
4.547182,30.138,80.827,32.738,1
4.547838,25.408,86.868,32.405,1
4.548316,34.831,82.245,32.778,1
4.548857,30.807,81.357,32.568,1
4.549662,20.707,96.317,32.803,1
4.549965,55.058,81.115,32.715,1
4.550515,30.300,80.817,32.810,1
4.551199,24.361,88.547,32.766,1
4.551633,38.396,81.241,32.764,1
4.552187,30.095,81.139,32.763,1
4.552835,25.738,86.661,33.133,1
4.553297,36.010,81.092,32.740,1
4.553855,29.867,81.246,33.038,1
4.554414,29.843,81.420,32.737,1
4.554966,30.186,81.208,32.936,1
4.555521,30.049,81.138,32.945,1
4.556154,26.338,85.794,32.932,1
4.556666,32.508,83.219,32.741,1
4.557189,31.903,81.254,32.684,1
4.558002,20.483,96.719,32.812,1
4.558297,56.518,81.049,32.596,1
4.558888,28.230,83.174,32.901,1
4.559504,27.045,86.812,32.577,1
4.559962,36.358,80.960,32.921,1
4.560523,29.698,81.300,32.595,1
4.561089,29.479,81.901,32.494,1
4.561629,30.842,81.010,32.682,1
4.562197,29.367,81.739,32.914,1
4.562744,30.450,81.250,33.293,1
4.563294,30.317,80.884,33.257,1
4.563846,30.181,80.652,33.854,1
4.564408,29.679,81.042,33.980,1
4.564967,29.778,81.275,34.643,1
4.565512,30.574,80.647,34.776,1
4.566332,20.348,96.477,35.556,1
4.566634,55.025,81.282,35.740,1
4.567190,29.994,81.323,36.388,1
4.567765,29.008,82.468,36.495,1
4.568311,30.515,81.893,36.999,1
4.568849,30.992,80.834,37.852,1
4.569412,29.568,81.323,38.062,1
4.570021,27.399,84.456,38.735,1
4.570516,33.613,80.890,39.044,1
4.571073,29.943,80.943,39.946,1
4.571628,30.041,80.904,40.200,1
4.572182,30.080,80.816,40.958,1
4.572737,30.020,80.815,41.363,1
4.573294,29.942,80.849,42.005,1
4.573849,30.020,80.866,42.218,1
4.574524,24.690,88.042,43.005,1
4.574974,37.055,81.551,42.883,1
4.575518,30.615,80.982,43.903,1
4.576074,29.981,80.991,49.459,1
4.576628,30.055,80.951,58.517,1
4.577207,28.811,,60.243,1
4.577751,30.643,,53.445,1
4.578364,27.192,80.957,43.500,1
4.578913,30.355,81.071,41.653,1
4.579507,28.076,83.627,40.429,1
4.580040,31.233,83.000,38.554,1
4.580563,31.884,80.982,36.344,1
4.581116,30.134,81.373,34.627,1
4.581671,30.046,81.533,33.821,1
4.582215,30.642,81.076,32.651,1
4.582973,21.967,93.666,32.274,1
4.583364,42.704,81.111,31.457,1
4.583916,30.175,81.279,31.175,1
4.584458,30.750,80.733,31.193,1
4.585042,28.514,81.462,31.069,1
4.585613,29.208,82.573,30.985,1
4.586133,32.041,80.754,31.017,1
4.586699,29.445,81.160,30.802,1
4.587259,29.760,81.925,30.982,1
4.587813,30.113,82.514,30.827,1
4.588371,29.839,81.402,30.779,1
4.588912,30.837,81.072,30.738,1
4.589471,29.783,81.797,30.794,1
4.590008,31.070,81.278,30.616,1
4.590577,29.292,81.777,30.489,1
4.591368,21.062,96.331,30.674,1
4.591668,55.574,81.307,30.679,1
4.592241,29.099,81.415,30.377,1
4.592772,31.373,80.731,30.654,1
4.593358,28.432,80.885,30.440,1
4.593915,29.913,81.285,30.507,1
4.594466,30.241,81.188,30.731,1
4.595057,28.214,82.380,30.448,1
4.595585,31.598,81.396,30.403,1
4.596141,29.963,81.949,30.902,1
4.596677,31.113,81.520,30.614,1
4.597241,29.543,81.405,30.882,1
4.597787,30.485,81.492,30.828,1
4.598332,30.593,81.475,30.864,1
4.598870,31.017,81.199,30.816,1
4.599506,26.206,86.736,30.875,1
4.599968,36.004,81.332,30.775,1
4.600524,29.994,81.347,31.112,1
4.601075,30.279,81.091,30.954,1
4.601632,29.923,81.153,31.203,1
4.602196,29.534,81.687,31.028,1
4.602746,30.313,81.173,31.247,1
4.603296,30.278,80.930,31.246,1
4.603873,28.892,82.316,30.979,1
4.604415,30.750,81.287,31.012,1
4.604968,30.141,81.352,31.053,1
4.605514,30.504,80.797,31.031,1
4.606090,28.971,81.991,30.915,1
4.606640,30.297,81.343,30.868,1
4.607193,30.130,81.232,30.806,1
4.607851,25.335,87.687,30.971,1
4.608307,36.559,81.513,30.672,1
4.608851,30.628,80.957,30.851,1
4.609407,29.963,81.019,30.654,1
4.609959,30.196,80.828,30.820,1
4.610523,29.575,81.171,30.821,1
4.611071,30.408,80.708,30.817,1
4.611639,29.312,81.443,30.791,1
4.612283,25.894,86.714,30.769,1
4.612825,30.730,80.974,30.983,1
4.613376,30.246,80.971,30.830,1
4.613921,30.573,80.968,30.903,1
4.614464,30.698,80.907,30.741,1
4.615013,30.386,81.167,31.027,1
4.615569,29.989,81.079,31.071,1
4.616254,24.314,89.659,30.793,1
4.616694,37.883,83.078,30.941,1
4.617207,32.476,81.311,30.963,1
4.617774,29.426,82.578,31.046,1
4.618300,31.634,81.108,30.831,1
4.618883,28.635,82.563,30.857,1
4.619427,30.603,81.118,30.872,1
4.619988,29.740,81.688,30.805,1
4.620551,29.602,82.805,30.722,1
4.621105,30.053,81.324,30.556,1
4.621651,30.524,81.255,30.251,1
4.622214,29.595,81.946,30.471,1
4.622775,29.704,82.850,30.311,1
4.623334,29.827,83.178,30.390,1
4.623904,29.243,81.203,30.351,1
4.624576,24.804,88.394,30.331,1
4.625070,33.773,83.639,30.222,1
4.625589,32.106,81.608,30.360,1
4.626134,30.565,81.266,30.508,1
4.626675,30.776,81.376,30.331,1
4.627270,28.023,83.168,30.365,1
4.627789,32.129,81.715,30.390,1
4.628374,28.484,81.399,30.288,1
4.628926,30.224,81.890,30.420,1
4.629458,31.274,80.762,30.449,1
4.630007,30.396,81.285,30.442,1
4.630553,30.491,80.985,30.710,1
4.631101,30.415,80.986,30.524,1
4.631657,29.987,81.261,30.661,1
4.632200,30.687,81.470,30.526,1
4.632880,24.503,89.229,30.716,1
4.633297,40.023,81.013,30.954,1
4.633853,29.955,81.099,30.694,1
4.634422,29.287,81.871,30.722,1
4.634965,30.722,81.156,30.835,1
4.635519,30.079,81.058,30.656,1
4.636071,30.194,80.841,30.714,1
4.636647,28.956,82.037,30.557,1
4.637250,27.636,82.165,30.515,1
4.637794,30.592,81.201,30.574,1
4.638338,30.688,80.838,30.522,1
4.638901,29.567,81.000,30.541,1
4.639445,30.647,81.134,30.611,1
4.639989,30.667,80.988,30.592,1
4.640570,28.638,81.223,30.514,1
4.641229,25.324,88.155,30.507,1
4.641653,39.237,80.603,30.579,1
4.642205,30.241,81.126,30.621,1
4.642751,30.517,80.831,30.691,1
4.643308,29.894,81.528,30.583,1
4.643861,30.172,81.158,30.760,1
4.644410,30.357,81.168,30.950,1
4.644960,30.289,80.819,30.772,1
4.645554,28.059,83.138,30.827,1
4.646104,30.305,81.369,30.881,1
4.646645,30.770,80.950,30.880,1
4.647192,30.487,81.047,30.965,1
4.647777,28.519,83.055,30.876,1
4.648316,30.918,81.625,31.141,1
4.648881,29.465,82.498,30.820,1
4.649512,26.427,86.610,31.031,1
4.649979,35.664,81.831,30.870,1
4.650538,29.852,81.904,31.027,1
4.651105,29.367,82.776,30.968,1
4.651649,30.628,82.104,31.054,1
4.652201,30.212,82.039,31.139,1
4.652743,30.752,81.061,31.043,1
4.653300,29.938,81.053,30.910,1
4.653872,29.141,82.260,30.669,1
4.654421,30.336,81.878,30.872,1
4.654999,28.815,82.589,30.718,1
4.655560,29.750,82.767,30.668,1
4.656089,31.458,81.500,30.580,1
4.656665,28.950,82.727,30.829,1
4.657214,30.347,82.413,30.524,1
4.657939,22.983,91.696,30.257,1
4.658379,37.892,81.074,30.265,1
4.658930,30.253,81.593,30.321,1
4.659475,30.566,81.196,30.160,1
4.660023,30.421,81.218,30.316,1
4.660572,30.393,81.278,30.273,1
4.661115,30.657,80.755,30.263,1
4.661688,29.086,82.020,30.345,1
4.662232,30.658,81.751,30.148,1
4.662779,30.449,81.506,30.346,1
4.663322,30.690,80.885,30.286,1
4.663870,30.430,80.820,30.331,1
4.664441,29.222,82.394,30.367,1
4.664973,31.278,81.475,30.260,1
4.665528,30.058,81.318,30.438,1
4.666120,28.164,83.824,30.534,1
4.666887,21.717,96.517,30.483,1
4.667211,51.528,82.606,30.555,1
4.667806,27.990,84.972,30.277,1
4.668355,30.375,81.669,30.412,1
4.668966,27.248,85.787,30.477,1
4.669452,34.315,82.241,30.495,1
4.670038,28.443,81.247,30.424,1
4.670579,30.829,81.041,30.558,1
4.671133,30.073,81.639,30.456,1
4.671684,30.234,81.604,30.399,1
4.672231,30.490,81.374,30.277,1
4.672788,29.909,81.977,30.506,1
4.673338,30.302,82.017,30.652,1
4.673885,30.466,81.690,30.446,1
4.674468,28.608,83.645,30.443,1
4.675097,26.484,88.492,30.728,1
4.675558,36.175,83.173,30.487,1
4.676104,30.498,81.369,30.703,1
4.676674,29.242,81.715,30.643,1
4.677213,30.919,81.143,30.647,1
4.677761,30.436,81.345,30.674,1
4.678306,30.593,81.423,30.909,1
4.678922,27.043,83.991,30.907,1
4.679479,29.923,81.964,30.912,1
4.680027,30.395,82.212,30.979,1
4.680563,31.105,81.472,30.851,1
4.681095,31.325,80.720,30.924,1
4.681668,29.103,81.307,30.864,1
4.682223,29.990,81.245,30.771,1
4.682779,30.012,81.445,30.785,1
4.683579,20.825,96.566,30.875,1
4.683882,55.115,81.658,30.529,1
4.684428,30.503,81.625,30.622,1
4.684987,29.790,82.098,30.321,1
4.685544,29.935,82.360,30.572,1
4.686100,30.010,81.608,30.355,1
4.686654,30.034,81.476,30.361,1
4.687234,28.737,81.040,30.565,1
4.687776,30.800,80.907,30.414,1
4.688366,28.236,81.373,30.519,1
4.688908,30.758,80.854,30.301,1
4.689465,29.921,81.121,30.366,1
4.690043,28.808,81.550,30.517,1
4.690594,30.281,81.956,30.463,1
4.691242,25.689,87.804,30.467,1
4.691691,37.146,81.555,30.448,1
4.692248,29.937,81.526,30.514,1
4.692804,29.982,81.560,30.346,1
4.693344,30.864,81.280,30.423,1
4.693893,30.323,81.179,30.363,1
4.694456,29.616,81.902,30.324,1
4.695028,29.150,83.044,30.074,1
4.695574,30.536,81.632,30.331,1
4.696120,30.530,81.592,30.497,1
4.696669,30.322,81.398,30.694,1
4.697221,30.233,81.409,30.997,1
4.697773,30.156,81.658,31.310,1
4.698329,30.009,81.725,31.183,1
4.698918,28.265,84.523,31.332,1
4.699473,30.041,83.352,31.283,1
4.700285,20.519,96.086,31.213,1
4.700583,56.019,81.254,30.931,1
4.701148,29.486,82.083,31.008,1
4.701687,30.918,81.452,30.926,1
4.702278,28.222,83.644,30.875,1
4.702808,31.439,82.682,30.799,1
4.703398,28.241,82.975,30.982,1
4.703928,31.421,81.489,30.904,1
4.704479,30.287,81.272,30.962,1
4.705043,29.528,81.685,30.863,1
4.705599,30.003,81.745,30.828,1
4.706143,30.624,81.077,31.319,1
4.706749,27.488,84.735,31.181,1
4.707241,33.890,81.448,31.675,1
4.707818,28.875,83.479,31.594,1
4.708566,22.280,95.187,31.991,1
4.708881,52.880,81.413,32.342,1
4.709438,29.959,82.228,32.266,1
4.709991,30.119,82.544,32.646,1
4.710557,29.446,81.854,32.574,1
4.711118,29.735,82.542,33.136,1
4.711684,29.426,82.367,33.327,1
4.712239,30.030,81.351,33.900,1
4.712794,30.022,81.789,33.230,1
4.713346,30.200,81.927,33.686,1
4.713921,28.997,82.262,33.294,1
4.714469,30.379,82.437,33.265,1
4.715041,29.163,81.439,32.653,1
4.715591,30.294,81.487,32.744,1
4.716167,28.949,83.133,32.546,1
4.716984,20.405,99.080,32.743,1
4.717357,44.647,87.960,33.313,1
4.717797,37.840,81.167,32.684,1
4.718350,30.145,81.139,32.893,1
4.718918,29.332,82.118,32.438,1
4.719470,30.237,82.434,32.688,1
4.720058,28.314,82.491,32.268,1
4.720590,31.322,81.827,32.566,1
4.721147,29.950,82.222,32.557,1
4.721713,29.432,83.130,32.747,1
4.722288,29.008,84.283,32.575,1
4.722811,31.830,83.039,32.621,1
4.723387,28.953,82.401,32.747,1
4.723940,30.112,82.230,32.458,1
4.724530,28.294,84.376,32.619,1
4.725326,20.924,99.253,32.227,1
4.725600,60.920,82.397,32.647,1
4.726164,29.529,83.288,32.578,1
4.726724,29.750,83.469,32.761,1
4.727258,31.255,82.126,32.949,1
4.727821,29.584,82.727,32.553,1
4.728374,30.108,82.794,32.806,1
4.728933,29.840,83.415,32.172,1
4.729456,31.841,81.933,32.309,1
4.730072,27.083,83.291,32.410,1
4.730587,32.345,81.554,32.607,1
4.731137,30.293,81.508,32.863,1
4.731698,29.722,81.944,32.673,1
4.732249,30.261,81.489,32.812,1
4.732836,28.399,83.634,32.480,1
4.733624,21.145,97.481,32.533,1
4.733906,59.068,81.353,32.326,1
4.734453,30.449,81.409,32.376,1
4.735051,27.868,82.065,32.370,1
4.735598,30.468,82.267,32.964,1
4.736146,30.451,81.945,32.649,1
4.736709,29.617,82.626,32.989,1
4.737232,31.829,81.057,32.545,1
4.737798,29.459,82.000,32.593,1
4.738381,28.588,84.098,32.605,1
4.738902,31.984,81.148,32.614,1
4.739457,30.015,81.762,32.594,1
4.740043,28.470,84.022,32.860,1
4.740555,32.564,81.408,32.642,1
4.741112,29.886,81.769,32.716,1
4.741930,20.381,97.993,32.684,1
4.742235,54.578,82.032,32.706,1
4.742776,30.833,81.865,32.143,1
4.743393,26.989,85.582,32.091,1
4.743872,34.856,81.117,32.449,1
4.744423,30.200,81.326,32.441,1
4.745032,27.396,83.730,32.847,1
4.745542,32.694,81.257,32.563,1
4.746094,30.197,81.769,32.708,1
4.746659,29.475,82.292,32.876,1
4.747244,28.478,84.615,32.582,1
4.747764,32.082,80.795,32.727,1
4.748375,27.262,81.474,32.257,1
4.748926,30.249,81.451,32.757,1
4.749487,29.699,82.512,32.493,1
4.750255,21.702,94.624,32.743,1
4.750636,43.717,84.318,32.450,1
4.751148,32.555,82.193,32.606,1
4.751707,29.826,83.326,32.581,1
4.752253,30.512,82.220,31.994,1
4.752818,29.510,83.282,32.168,1
4.753403,28.500,83.466,32.353,1
4.753913,32.707,81.173,32.677,1
4.754467,30.077,81.267,33.033,1
4.755073,27.469,84.499,32.655,1
4.755567,33.798,81.018,32.630,1
4.756111,30.630,81.110,32.657,1
4.756684,29.060,82.375,32.266,1
4.757247,29.598,81.833,32.363,1
4.757815,29.384,83.027,32.164,1
4.758628,20.491,97.324,32.071,1
4.758919,57.289,81.477,32.293,1
4.759479,29.766,82.027,32.613,1
4.760070,28.209,83.139,32.328,1
4.760596,31.647,81.789,32.504,1
4.761146,30.326,82.031,32.247,1
4.761705,29.827,82.385,32.270,1
4.762235,31.452,81.067,31.999,1
4.762785,30.288,81.028,32.450,1
4.763435,25.650,85.259,32.758,1
4.763954,32.079,83.542,32.554,1
4.764468,32.447,81.363,32.782,1
4.765035,29.403,82.993,32.362,1
4.765575,30.870,82.301,32.645,1
4.766141,29.417,83.503,32.225,1
4.766698,29.944,84.348,32.368,1
4.767232,31.171,83.541,32.250,1
4.767758,31.716,81.861,32.496,1
4.768391,26.340,86.483,32.605,1
4.768887,33.586,82.860,32.659,1
4.769450,29.575,82.429,32.525,1
4.770052,27.699,82.119,32.553,1
4.770585,31.293,81.282,32.258,1
4.771130,30.554,81.094,32.338,1
4.771696,29.463,81.886,32.181,1
4.772235,30.941,81.309,32.742,1
4.772810,28.985,82.739,32.483,1
4.773383,29.061,81.985,32.697,1
4.773912,31.510,81.110,32.262,1
4.774473,29.715,82.082,32.332,1
4.775145,24.808,89.242,32.765,1
4.775574,38.864,81.682,32.100,1
4.776108,31.164,80.987,31.953,1
4.776705,27.947,83.635,32.555,1
4.777230,31.756,80.747,32.431,1
4.777811,28.672,81.319,32.681,1
4.778431,26.857,84.871,32.431,1
4.778936,33.013,82.037,32.346,1
4.779480,30.675,82.045,32.286,1
4.780072,28.143,84.954,32.478,1
4.780577,32.958,82.245,32.183,1
4.781174,27.951,83.125,32.618,1
4.781720,30.507,82.761,32.568,1
4.782287,29.402,82.435,32.469,1
4.782837,30.275,82.481,32.652,1
4.783666,20.124,99.219,32.143,1
4.783938,61.113,82.664,32.341,1
4.784469,31.407,81.441,32.181,1
4.785104,26.258,85.335,32.061,1
4.785588,34.439,81.400,32.421,1
4.786140,30.174,81.675,32.454,1
4.786794,25.494,87.805,32.571,1
4.787254,36.237,82.196,32.644,1
4.787811,29.927,81.368,32.398,1
4.788422,27.266,84.770,32.400,1
4.788935,32.475,82.545,32.594,1
4.789466,31.375,81.773,32.243,1
4.790079,27.218,85.961,32.445,1
4.790582,33.112,82.157,32.433,1
4.791126,30.639,81.912,32.885,1
4.791917,21.081,96.319,32.570,1
4.792235,52.296,81.120,32.808,1
4.792797,29.678,81.823,32.395,1
4.793382,28.475,84.139,32.527,1
4.793890,32.829,81.595,32.234,1
4.794430,30.845,80.876,32.326,1
4.795063,26.341,82.737,32.282,1
4.795587,31.829,81.308,33.002,1
4.796136,30.328,81.479,32.765,1
4.796738,27.688,84.672,32.789,1
4.797229,33.914,81.558,32.929,1
4.797767,30.992,81.056,32.599,1
4.798373,27.520,81.638,32.788,1
4.798912,30.911,81.390,32.489,1
4.799462,30.310,81.588,32.831,1
4.800195,22.732,92.930,32.590,1
4.800564,45.194,81.086,32.618,1
4.801110,30.517,81.050,32.811,1
4.801748,26.136,86.221,32.418,1
4.802241,33.790,82.965,32.733,1
4.802799,29.845,83.449,32.733,1
4.803404,27.581,83.459,32.201,1
4.803927,31.829,81.909,32.561,1
4.804500,29.092,83.317,32.578,1
4.805038,31.006,81.404,32.862,1
4.805581,30.681,81.418,33.466,1
4.806137,29.976,82.107,32.944,1
4.806731,28.039,84.698,33.108,1
4.807241,32.670,82.281,32.715,1
4.807801,29.785,83.416,32.851,1
4.808546,22.358,95.297,32.394,1
4.808885,49.231,82.746,32.905,1
4.809411,31.693,81.187,32.771,1
4.810056,25.820,86.562,32.843,1
4.810557,33.302,83.351,32.765,1
4.811104,30.438,82.932,32.472,1
4.811750,25.803,88.258,32.563,1
4.812216,35.756,82.066,32.298,1
4.812752,31.135,81.251,32.551,1
4.813411,25.263,87.903,32.213,1
4.813856,37.486,81.026,32.598,1
4.814426,29.226,82.251,32.626,1
4.815055,26.531,86.596,32.798,1
4.815590,31.138,81.306,32.632,1
4.816144,30.065,81.959,32.659,1
4.816953,20.594,97.370,32.668,1
4.817270,52.717,83.195,32.092,1
4.817809,30.883,81.293,32.082,1
4.818473,25.104,87.605,32.576,1
4.818927,36.718,81.930,32.373,1
4.819493,29.435,82.881,32.576,1
4.820107,27.162,87.094,32.450,1
4.820573,35.785,81.634,32.591,1
4.821125,30.155,81.860,32.430,1
4.821770,25.839,87.571,32.410,1
4.822243,35.271,81.551,32.031,1
4.822803,29.768,82.024,32.565,1
4.823431,26.518,87.093,32.524,1
4.823903,35.324,81.184,32.692,1
4.824479,28.935,82.630,32.495,1
4.825298,20.361,96.860,32.694,1
4.825623,51.166,82.958,32.452,1
4.826144,32.025,81.356,32.428,1
4.826809,25.064,88.659,31.977,1
4.827236,39.037,81.194,32.016,1
4.827786,30.279,81.348,32.381,1
4.828472,24.298,87.538,32.981,1
4.828959,34.198,83.987,32.977,1
4.829463,33.117,81.639,33.162,1
4.830150,24.255,87.926,33.187,1
4.830587,38.085,81.315,33.119,1
4.831129,30.755,81.007,33.142,1
4.831838,23.505,90.433,32.511,1
4.832276,38.111,81.258,33.033,1
4.832821,30.583,81.080,32.672,1
4.833616,20.966,95.568,32.912,1
4.833936,52.064,81.401,31.969,1
4.834478,30.717,81.258,32.233,1
4.835226,22.287,92.615,31.786,1
4.835684,36.438,87.328,30.940,1
4.836128,37.517,81.096,31.000,1
4.836809,24.483,88.797,30.441,1
4.837237,38.901,81.258,30.210,1
4.837781,30.618,81.182,29.434,1
4.838411,26.460,86.387,29.364,1
4.838917,32.985,82.021,28.977,1
4.839451,31.196,81.506,28.681,1
4.840143,24.061,87.644,28.026,1
4.840593,37.084,81.947,28.023,1
4.841145,30.201,81.983,27.665,1
4.841978,20.010,98.781,27.742,1
4.842252,60.715,82.306,27.602,1
4.842766,32.428,80.753,27.171,1
4.843477,23.447,87.866,27.308,1
4.843914,38.164,81.244,27.267,1
4.844457,30.650,81.212,27.357,1
4.845114,25.379,88.002,27.135,1
4.845581,35.705,81.905,27.410,1
4.846114,31.251,81.336,27.181,1
4.846726,27.227,84.966,27.436,1
4.847239,32.526,81.325,27.196,1
4.847809,29.243,81.271,27.480,1
4.848489,24.497,88.361,27.256,1
4.848915,39.129,81.384,27.630,1
4.849468,30.151,81.344,27.399,1
4.850292,20.224,97.075,27.708,1
4.850573,59.381,80.794,27.534,1
4.851120,30.444,81.269,27.709,1
4.851766,25.818,86.814,27.603,1
4.852223,36.434,81.178,27.869,1
4.852775,30.203,81.242,27.884,1
4.853346,29.178,82.446,27.652,1
4.853907,29.700,83.531,27.958,1
4.854415,32.799,80.913,27.652,1
4.854961,30.522,80.929,27.558,1
4.855515,30.119,80.751,27.894,1
4.856097,28.611,82.388,27.564,1
4.856660,29.641,82.796,27.837,1
4.857332,24.782,89.911,27.411,1
4.857887,30.047,88.276,27.663,1
4.858625,22.574,96.709,27.507,1
4.858921,56.341,81.693,27.577,1
4.859462,30.818,80.994,27.209,1
4.860030,29.343,82.446,27.542,1
4.860573,30.661,82.371,27.174,1
4.861142,29.331,83.569,27.417,1
4.861689,30.423,83.738,27.147,1
4.862257,29.372,82.435,27.304,1
4.862794,31.054,82.027,26.941,1
4.863332,30.961,81.202,27.192,1
4.863918,28.440,83.297,27.220,1
4.864423,32.986,80.719,26.870,1
4.864984,29.714,81.963,27.161,1
4.865520,31.097,80.998,26.958,1
4.866090,29.264,82.062,26.979,1
4.866881,21.046,94.165,27.143,1
4.867215,49.985,81.187,26.834,1
4.867766,30.257,81.277,27.139,1
4.868308,30.741,80.981,26.848,1
4.868866,29.836,81.465,27.102,1
4.869436,29.287,82.383,27.150,1
4.869973,31.020,81.264,26.923,1
4.870540,29.393,82.058,27.214,1
4.871083,30.678,81.263,27.121,1
4.871621,31.009,80.521,27.203,1
4.872200,28.751,82.065,26.915,1
4.872741,30.845,80.771,27.316,1
4.873302,29.685,80.935,27.266,1
4.873874,29.122,82.361,27.446,1
4.874456,28.660,83.857,27.171,1
4.875264,20.619,94.888,27.516,1
4.875598,49.866,82.073,27.281,1
4.876152,30.103,82.425,27.675,1
4.876714,29.638,81.897,27.454,1
4.877248,31.266,81.207,27.655,1
4.877810,29.624,82.026,27.709,1
4.878345,31.152,81.348,27.388,1
4.878923,28.851,82.373,27.681,1
4.879465,30.737,81.824,27.419,1
4.880036,29.206,81.527,27.714,1
4.880576,30.835,80.850,27.483,1
4.881148,29.138,82.555,27.688,1
4.881679,31.419,81.536,27.762,1
4.882248,29.286,81.855,27.358,1
4.882817,29.276,83.235,27.670,1
4.883395,28.848,83.028,27.372,1
4.883919,31.786,81.765,27.637,1
4.884459,30.892,81.509,27.375,1
4.885034,28.976,81.568,27.592,1
4.885585,30.236,81.472,27.327,1
4.886144,29.809,81.932,27.560,1
4.886675,31.402,81.160,27.238,1
4.887237,29.657,81.264,27.577,1
4.887791,30.056,81.932,27.373,1
4.888325,31.225,81.118,27.434,1
4.888875,30.301,81.068,27.207,1
4.889476,27.740,84.118,27.564,1
4.890012,31.070,83.490,27.437,1
4.890562,30.330,83.577,27.515,1
4.891116,30.102,82.046,27.269,1
4.891694,28.795,82.991,27.641,1
4.892247,30.150,81.891,27.375,1
4.892804,29.949,82.429,27.692,1
4.893376,29.113,81.590,27.692,1
4.893934,29.907,81.941,27.331,1
4.894470,31.058,81.297,27.548,1
4.895005,31.178,80.801,27.218,1
4.895574,29.267,81.504,27.582,1
4.896121,30.506,81.195,27.229,1
4.896677,29.944,81.955,27.310,1
4.897206,31.525,80.941,27.308,1
4.897754,30.383,81.383,27.524,1
4.898307,30.144,81.574,27.521,1
4.898889,28.662,82.927,27.202,1
4.899429,30.852,80.839,27.401,1
4.900080,25.602,87.446,27.105,1
4.900536,36.534,81.764,27.367,1
4.901080,30.629,81.451,27.146,1
4.901634,30.121,81.348,27.315,1
4.902217,28.550,82.962,27.019,1
4.902773,29.988,81.787,27.336,1
4.903354,28.682,80.940,27.394,1
4.903936,28.632,82.708,27.142,1
4.904467,31.383,81.979,27.414,1
4.905049,28.673,81.882,27.226,1
4.905581,31.326,80.968,27.398,1
4.906124,30.669,80.787,27.328,1
4.906684,29.789,81.383,27.418,1
4.907229,30.579,80.749,27.084,1
4.907780,30.224,81.011,27.350,1
4.908424,25.870,86.978,27.446,1
4.908874,37.048,81.530,27.110,1
4.909461,28.402,83.634,27.415,1
4.909971,32.675,81.298,27.161,1
4.910530,29.827,81.538,27.307,1
4.911092,29.665,82.165,27.404,1
4.911641,30.319,81.813,27.034,1
4.912206,29.527,82.190,27.263,1
4.912760,30.099,81.994,27.247,1
4.913349,28.296,84.194,26.900,1
4.913904,30.016,81.281,27.148,1
4.914454,30.297,81.175,27.000,1
4.915039,28.503,81.736,26.963,1
4.915583,30.626,81.249,27.259,1
4.916133,30.301,81.291,27.084,1
4.916724,28.213,84.194,27.186,1
4.917223,33.396,81.167,26.967,1
4.917766,30.704,81.003,27.146,1
4.918341,28.964,82.721,27.059,1
4.918862,32.006,81.315,27.280,1
4.919403,30.791,80.688,27.160,1
4.919966,29.615,81.322,27.450,1
4.920561,27.982,83.227,27.320,1
4.921098,31.059,80.978,27.571,1
4.921683,28.498,80.802,27.525,1
4.922237,30.070,80.964,27.678,1
4.922791,30.082,81.152,27.457,1
4.923339,30.447,80.893,27.702,1
4.923896,29.920,80.792,27.614,1
4.924451,30.020,81.115,27.755,1
4.925149,23.878,90.013,27.432,1
4.925555,41.043,81.263,27.710,1
4.926101,30.517,81.160,27.522,1
4.926643,30.725,81.132,27.725,1
4.927197,30.131,81.428,27.588,1
4.927743,30.511,81.158,27.779,1
4.928303,29.744,81.436,27.687,1
4.928902,27.845,83.787,27.787,1
4.929440,30.944,81.523,27.494,1
4.929998,29.886,81.919,27.802,1
4.930568,29.218,81.382,27.580,1
4.931115,30.485,81.415,27.858,1
4.931655,30.884,81.235,27.844,1
4.932211,29.983,81.509,27.951,1
4.932761,30.313,80.978,27.640,1
4.933505,22.380,89.669,27.866,1
4.933910,41.207,80.998,27.693,1
4.934459,30.339,80.882,27.789,1
4.935030,29.203,80.813,27.458,1
4.935628,27.863,80.945,27.695,1
4.936193,29.521,81.736,27.500,1
4.936745,30.142,82.026,27.704,1
4.937287,30.799,81.363,27.716,1
4.937833,30.476,81.131,27.360,1
4.938378,30.615,81.195,27.443,1
4.938921,30.706,81.075,27.601,1
4.939489,29.315,82.094,27.348,1
4.940022,31.259,81.467,27.585,1
4.940568,30.545,81.349,27.337,1
4.941121,30.122,81.743,27.577,1
4.941754,26.337,86.619,27.259,1
4.942223,35.552,82.288,27.586,1
4.942766,30.717,81.165,27.361,1
4.943366,27.762,81.477,27.642,1
4.943907,30.776,81.168,27.496,1
4.944467,29.776,82.218,27.552,1
4.945041,29.059,82.335,27.309,1
4.945573,31.309,81.122,27.519,1
4.946147,29.024,82.752,27.419,1
4.946708,29.743,83.774,27.530,1
4.947213,32.993,81.122,27.281,1
4.947763,30.273,81.138,27.507,1
4.948365,27.714,81.174,27.250,1
4.948913,30.420,81.205,27.485,1
4.949456,30.689,80.677,27.268,1
4.950133,24.620,88.357,27.454,1
4.950572,37.972,81.618,27.181,1
4.951128,29.956,82.201,27.376,1
4.951661,31.271,81.172,27.127,1
4.952237,28.927,81.293,27.347,1
4.952777,30.871,81.091,27.234,1
4.953326,30.371,81.029,27.590,1
4.953884,29.861,81.417,27.409,1
4.954482,27.879,84.028,27.854,1
4.954980,33.436,81.367,27.680,1
4.955528,30.408,81.285,27.849,1
4.956088,29.751,81.817,27.940,1
4.956628,30.915,81.025,28.589,1
4.957194,29.443,81.562,28.546,1
4.957756,29.652,82.066,28.955,1
4.958422,25.024,88.675,29.241,1
4.958855,38.475,81.328,29.701,1
4.959430,28.961,82.399,30.162,1
4.959990,29.796,82.575,30.560,1
4.960537,30.469,81.799,30.940,1
4.961110,29.067,83.232,31.425,1
4.961686,28.950,82.579,31.701,1
4.962235,30.344,81.189,32.072,1
4.962818,28.604,83.277,32.995,1
4.963356,30.988,83.153,32.982,1
4.963881,31.744,81.420,33.591,1
4.964462,28.647,83.266,33.069,1
4.965003,30.824,82.700,33.125,1
4.965552,30.354,83.066,32.978,1
4.966114,29.652,83.195,33.325,1
4.966753,26.117,88.305,32.867,1
4.967242,34.054,81.720,32.850,1
4.967788,30.526,81.467,32.765,1
4.968366,28.827,81.029,32.734,1
4.968917,30.265,81.500,32.720,1
4.969473,29.990,81.685,32.577,1
4.970069,27.936,83.157,32.685,1
4.970621,30.221,82.801,32.612,1
4.971140,32.092,81.161,32.866,1
4.971698,29.855,81.516,32.616,1
4.972242,30.621,81.175,32.563,1
4.972782,30.920,81.085,32.565,1
4.973364,28.596,81.096,32.720,1
4.973912,30.455,81.152,32.407,1
4.974470,29.859,81.403,32.442,1
4.975118,25.699,87.418,32.604,1
4.975567,37.121,81.410,32.692,1
4.976107,30.901,80.914,32.470,1
4.976710,27.614,81.645,32.627,1
4.977246,31.100,81.257,32.629,1
4.977798,30.215,81.119,32.655,1
4.978371,29.084,81.271,32.914,1
4.978914,30.670,81.321,32.787,1
4.979461,30.502,80.965,33.018,1
4.980030,29.262,81.618,32.736,1
4.980577,30.478,81.295,32.896,1
4.981119,30.768,81.259,32.620,1
4.981694,28.987,81.279,33.053,1
4.982240,30.499,80.864,32.669,1
4.982787,30.455,81.114,32.720,1
4.983445,25.355,87.454,32.456,1
4.983907,36.081,81.445,32.762,1
4.984461,30.079,81.853,32.577,1
4.985039,28.821,81.355,32.875,1
4.985586,30.442,81.365,32.508,1
4.986133,30.500,81.325,32.854,1
4.986692,29.797,81.826,32.559,1
4.987235,30.690,81.219,32.886,1
4.987782,30.477,81.396,32.614,1
4.988324,30.782,80.812,32.502,1
4.988876,30.167,80.948,32.445,1
4.989437,29.715,81.347,32.634,1
4.989977,30.878,80.694,32.447,1
4.990578,27.700,81.832,32.737,1
4.991118,30.873,81.645,32.251,1
4.991719,27.758,84.825,32.339,1
4.992240,31.983,81.420,32.546,1
4.992849,27.355,82.559,32.643,1
4.993374,31.725,81.019,32.366,1
4.993930,29.987,81.285,32.479,1
4.994476,30.552,80.868,32.570,1
4.995031,29.989,80.968,32.770,1
4.995581,30.303,81.366,32.593,1
4.996128,30.519,81.294,32.656,1
4.996675,30.433,81.120,32.407,1
4.997262,28.403,82.829,32.340,1
4.997778,32.280,81.176,32.644,1
4.998366,28.358,81.282,32.859,1
4.998918,30.207,81.529,32.560,1
4.999455,31.050,81.234,32.740,1
5.000110,25.421,87.712,32.884,1
5.000567,36.511,82.299,32.866,1
5.001095,31.516,81.100,32.818,1
5.001660,29.533,82.409,32.947,1
5.002189,31.515,81.023,32.547,1
5.002828,26.051,86.279,32.934,1
5.003369,30.810,81.366,32.690,1
5.003928,29.840,82.144,32.912,1
5.004475,30.470,81.862,32.654,1
5.005032,29.920,80.994,32.804,1
5.005585,30.157,81.575,32.527,1
5.006120,31.136,80.557,32.629,1
5.006703,28.585,81.237,32.325,1
5.007265,29.665,81.554,32.308,1
5.007821,29.957,81.748,32.524,1
5.008528,23.574,90.988,32.617,1
5.008931,41.319,82.350,32.345,1
5.009457,31.698,80.800,32.348,1
5.010013,29.996,81.476,32.432,1
5.010576,29.615,81.617,32.422,1
5.011113,31.008,,32.425,1
5.011670,29.937,,32.481,1
5.012225,29.999,,32.871,1
5.012835,27.357,,32.527,1
5.013361,31.688,,32.628,1
5.013928,29.388,,32.904,1
5.014478,30.297,,32.843,1
5.015033,30.043,,32.890,1
5.015598,29.463,,33.187,1
5.016137,30.941,,32.773,1
5.016806,24.923,,32.773,1
5.017249,37.564,,32.832,1
5.017800,30.268,,32.812,1
5.018357,29.926,,32.940,1
5.018942,28.502,,32.674,1
5.019461,32.096,81.006,32.810,1
5.020001,30.879,80.836,32.831,1
5.020576,28.991,81.565,32.703,1
5.021118,30.717,81.060,32.765,1
5.021667,30.372,81.208,32.529,1
5.022240,29.108,82.457,32.794,1
5.022756,32.282,80.788,32.524,1
5.023304,30.395,81.010,32.707,1
5.023866,29.690,81.972,32.564,1
5.024417,30.224,81.781,32.698,1
5.025115,23.866,90.088,32.687,1
5.025575,36.283,81.287,32.743,1
5.026132,29.915,81.861,32.917,1
5.026676,30.609,81.381,32.762,1
5.027250,29.055,82.098,32.975,1
5.027779,31.531,80.953,32.648,1
5.028364,28.467,81.207,32.572,1
5.028916,30.169,81.480,32.723,1
5.029468,30.239,81.424,32.874,1
5.030037,29.290,81.371,32.760,1
5.030594,29.897,81.849,32.840,1
5.031143,30.336,81.898,32.752,1
5.031687,30.684,81.411,32.848,1
5.032241,30.063,81.775,32.891,1
5.032781,30.871,81.119,33.097,1
5.033438,25.380,87.605,32.629,1
5.033910,35.247,81.692,32.769,1
5.034451,30.817,81.130,32.761,1
5.035027,28.950,82.624,32.945,1
5.035588,29.723,83.377,32.642,1
5.036104,32.265,81.400,32.756,1
5.036641,31.071,81.283,32.935,1
5.037222,28.688,83.010,32.797,1
5.037732,32.638,80.620,32.981,1
5.038291,29.815,80.904,32.704,1
5.038868,28.877,82.195,32.595,1
5.039418,30.309,81.858,32.707,1
5.039960,30.767,80.788,32.983,1
5.040552,28.143,83.221,32.565,1
5.041102,30.321,81.252,32.628,1
5.041818,23.292,90.471,32.717,1
5.042231,40.293,82.448,32.441,1
5.042838,27.475,85.665,32.798,1
5.043354,32.311,80.887,32.536,1
5.043954,27.765,83.993,32.748,1
5.044458,33.073,81.093,32.476,1
5.045032,29.051,80.971,32.640,1
5.045586,30.041,81.669,32.610,1
5.046156,29.279,82.719,32.750,1
5.046675,32.103,81.231,32.413,1
5.047269,28.058,83.236,32.745,1
5.047788,32.064,81.810,32.401,1
5.048389,27.768,82.379,32.780,1
5.048935,30.502,82.623,32.568,1
5.049473,30.996,81.844,32.809,1
5.050219,22.322,92.479,32.696,1
5.050599,43.962,82.440,32.812,1
5.051136,31.037,81.994,32.735,1
5.051679,30.664,81.576,32.769,1
5.052287,27.418,84.296,32.761,1
5.052787,33.306,81.515,33.125,1
5.053362,28.994,81.035,32.730,1
5.053920,29.903,81.672,33.051,1
5.054501,28.663,83.446,32.734,1
5.055046,30.557,81.870,32.929,1
5.055583,31.088,81.409,32.923,1
5.056136,30.094,81.535,32.910,1
5.056674,31.029,80.963,32.724,1
5.057259,28.459,82.938,32.663,1
5.057777,32.167,81.150,32.822,1
5.058425,25.750,87.408,32.602,1
5.059013,28.341,87.831,32.899,1
5.059476,35.971,83.131,32.629,1
5.060033,29.916,81.355,32.921,1
5.060614,28.707,83.037,32.603,1
5.061134,32.046,81.073,32.511,1
5.061674,30.820,80.925,32.683,1
5.062243,29.329,81.660,32.900,1
5.062770,31.618,80.711,33.271,1
5.063358,28.320,80.776,33.282,1
5.063971,27.204,84.758,33.865,1
5.064449,34.841,80.925,33.968,1
5.064994,30.610,80.972,34.665,1
5.065553,29.796,81.894,34.752,1
5.066087,31.206,80.794,35.571,1
5.066769,24.434,89.387,35.738,1
5.067268,33.399,83.185,36.408,1
5.067832,29.579,84.102,36.468,1
5.068327,33.684,80.651,36.977,1
5.068895,29.345,81.585,37.850,1
5.069446,30.221,81.555,38.046,1
5.069987,30.810,80.966,38.657,1
5.070550,29.634,82.342,39.034,1
5.071077,31.608,81.026,39.975,1
5.071635,29.869,81.403,40.224,1
5.072220,28.467,83.144,40.929,1
5.072803,28.588,84.795,41.391,1
5.073319,32.336,82.541,42.013,1
5.073916,27.884,85.089,42.138,1
5.074408,33.907,81.249,43.053,1
5.075107,23.857,,42.600,1
5.075638,31.341,55.070,49.079,1
5.076068,38.768,80.865,49.505,1
5.076632,29.574,81.260,58.583,1
5.077240,27.410,,59.579,1
5.077766,31.690,,53.395,1
5.078363,27.903,81.045,43.537,1
5.078954,28.225,83.619,41.577,1
5.079482,31.553,82.266,40.512,1
5.080003,31.992,80.939,38.594,1
5.080576,29.077,81.860,36.352,1
5.081119,30.687,81.583,34.691,1
5.081663,30.665,81.172,33.787,1
5.082248,28.449,81.993,32.616,1
5.082797,30.391,81.896,32.268,1
5.083405,27.421,85.540,31.457,1
5.083930,31.710,82.889,31.206,1
5.084485,30.047,83.074,31.189,1
5.085053,29.320,84.280,31.021,1
5.085598,30.573,84.136,30.989,1
5.086097,33.424,80.997,31.030,1
5.086636,30.935,80.972,30.849,1
5.087264,26.553,85.565,30.993,1
5.087746,34.541,81.316,30.858,1
5.088352,27.518,82.848,30.730,1
5.088932,28.718,83.022,30.766,1
5.089447,32.389,81.518,30.833,1
5.090028,28.671,81.264,30.640,1
5.090620,28.165,83.722,30.495,1
5.091150,31.449,82.947,30.645,1
5.091726,28.925,83.014,30.679,1
5.092274,30.412,82.903,30.398,1
5.092826,30.187,82.888,30.679,1
5.093365,30.938,82.693,30.476,1
5.093927,29.627,81.168,30.457,1
5.094470,30.716,80.987,30.714,1
5.095030,29.761,81.883,30.443,1
5.095621,28.200,84.673,30.392,1
5.096107,34.282,81.006,30.911,1
5.096687,28.742,82.619,30.594,1
5.097315,26.552,85.957,30.868,1
5.097781,35.724,81.119,30.816,1
5.098356,29.013,80.630,30.848,1
5.098953,27.889,83.714,30.827,1
5.099455,33.215,81.381,30.857,1
5.100143,24.227,87.677,30.778,1
5.100604,36.193,82.660,31.074,1
5.101125,31.956,80.862,30.988,1
5.101677,30.221,81.378,31.202,1
5.102283,27.468,85.087,31.027,1
5.102766,34.531,81.319,31.196,1
5.103315,30.359,81.165,31.223,1
5.103963,25.727,87.514,31.012,1
5.104410,37.312,81.156,31.065,1
5.105018,27.394,84.442,31.121,1
5.105627,27.346,84.682,31.047,1
5.106122,33.698,81.589,30.924,1
5.106700,28.861,83.596,30.872,1
5.107307,27.451,85.524,30.843,1
5.107815,32.782,83.269,31.020,1
5.108419,27.577,86.975,30.659,1
5.108946,31.637,85.927,30.855,1
5.109421,35.069,81.855,30.621,1
5.109970,30.371,81.074,30.786,1
5.110611,26.015,86.710,30.839,1
5.111076,35.858,81.188,30.782,1
5.111647,29.196,82.224,30.767,1
5.112287,26.024,86.654,30.769,1
5.112750,36.010,81.492,30.943,1
5.113286,31.089,80.589,30.878,1
5.113955,24.897,87.409,30.903,1
5.114420,35.831,81.786,30.768,1
5.114961,30.825,80.821,30.992,1
5.115613,25.574,86.903,31.076,1
5.116073,36.240,81.123,30.790,1
5.116729,25.392,87.185,30.950,1
5.117310,28.684,88.745,30.943,1
5.117836,31.685,86.782,31.027,1
5.118352,32.314,81.198,30.837,1
5.119010,25.341,87.675,30.886,1
5.119502,33.832,84.208,30.858,1
5.120041,30.966,81.516,30.824,1
5.120659,26.943,85.754,30.728,1
5.121150,33.962,81.396,30.549,1
5.121692,30.746,81.115,30.220,1
5.122314,26.780,85.512,30.483,1
5.122808,33.735,81.343,30.329,1
5.123362,30.128,81.187,30.374,1
5.124026,25.064,88.117,30.376,1
5.124461,38.394,81.041,30.344,1
5.125121,25.224,87.626,30.201,1
5.125664,30.701,87.150,30.402,1
5.126135,35.376,82.683,30.487,1
5.126657,31.950,81.400,30.322,1
5.127316,25.290,87.806,30.421,1
5.127743,39.078,81.114,30.463,1
5.128290,30.434,80.840,30.309,1
5.129040,22.218,92.537,30.413,1
5.129415,44.427,81.448,30.432,1
5.129959,30.680,80.717,30.410,1
5.130567,27.411,84.058,30.736,1
5.131087,32.030,82.024,30.534,1
5.131648,29.686,82.119,30.674,1
5.132354,23.617,88.351,30.563,1
5.132785,38.717,81.355,30.718,1
5.133463,24.554,87.147,30.967,1
5.134023,29.812,87.918,30.654,1
5.134458,38.276,81.488,30.728,1
5.135022,29.567,81.030,30.837,1
5.135684,25.175,87.575,30.624,1
5.136117,38.501,80.978,30.726,1
5.136767,25.635,85.051,30.544,1
5.137391,26.688,89.890,30.498,1
5.137818,39.048,82.358,30.596,1
5.138348,31.473,81.035,30.506,1
5.139048,23.796,90.013,30.512,1
5.139461,40.309,81.718,30.600,1
5.139997,31.093,81.224,30.590,1
5.140561,29.579,81.943,30.512,1
5.141102,30.805,81.295,30.532,1
5.141810,23.537,88.334,30.594,1
5.142369,29.809,88.675,30.635,1
5.142820,37.014,82.316,30.666,1
5.143358,30.969,81.305,30.600,1
5.144019,25.202,88.281,30.710,1
5.144452,38.462,81.159,30.976,1
5.145000,30.433,80.987,30.748,1
5.145697,23.928,88.917,30.832,1
5.146114,39.885,80.928,30.888,1
5.146661,30.490,81.053,30.900,1
5.147322,25.198,87.667,30.923,1
5.147767,37.485,81.494,30.892,1
5.148362,28.030,81.032,31.103,1
5.149015,25.527,87.404,30.789,1
5.149466,36.954,81.315,31.029,1
5.150163,23.904,90.359,30.832,1
5.150690,31.625,88.852,31.077,1
5.151119,38.875,81.711,30.984,1
5.151673,30.042,81.845,31.085,1
5.152211,30.985,81.146,31.150,1
5.152756,30.602,81.100,31.033,1
5.153370,27.135,81.471,30.878,1
5.154040,24.888,88.564,30.713,1
5.154483,37.583,82.285,30.863,1
5.155026,30.731,81.652,30.749,1
5.155652,26.625,86.504,30.640,1
5.156107,36.554,81.182,30.581,1
5.156680,29.096,82.238,30.822,1
5.157352,24.824,88.212,30.524,1
5.157798,37.321,82.131,30.218,1
5.158444,25.825,87.650,30.262,1
5.158888,37.521,80.985,30.370,1
5.159440,30.184,81.276,30.148,1
5.159996,29.961,81.000,30.381,1
5.160560,29.576,81.893,30.322,1
5.161094,31.219,80.802,30.259,1
5.161638,30.609,81.167,30.351,1
5.162186,30.421,81.024,30.144,1
5.162744,29.868,81.462,30.367,1
5.163292,30.435,80.822,30.332,1
5.163857,29.471,81.549,30.391,1
5.164404,30.463,81.081,30.352,1
5.164956,30.223,80.759,30.330,1
5.165539,28.588,82.464,30.265,1
5.166084,30.587,81.612,30.521,1
5.166721,26.160,86.577,30.498,1
5.167441,23.137,96.564,30.683,1
5.167747,54.421,81.645,30.229,1
5.168304,29.915,81.264,30.421,1
5.168865,29.750,81.693,30.505,1
5.169400,31.142,80.644,30.469,1
5.169969,29.295,81.454,30.399,1
5.170518,30.363,81.006,30.569,1
5.171073,30.011,81.022,30.377,1
5.171628,30.060,81.087,30.425,1
5.172181,30.138,80.843,30.395,1
5.172740,29.791,81.082,30.538,1
5.173294,30.083,80.849,30.644,1
5.173855,29.703,81.057,30.416,1
5.174401,30.528,80.882,30.444,1
5.174995,28.046,83.200,30.674,1
5.175781,21.208,96.607,30.445,1
5.176106,51.375,81.697,30.716,1
5.176700,28.052,81.246,30.593,1
5.177254,30.070,81.436,30.648,1
5.177820,29.468,82.194,30.638,1
5.178353,31.262,81.091,30.894,1
5.178899,30.518,81.092,31.058,1
5.179455,29.949,81.419,30.819,1
5.179999,30.631,80.987,31.011,1
5.180551,30.202,81.129,30.815,1
5.181100,30.373,81.180,30.977,1
5.181681,28.674,81.042,30.865,1
5.182237,29.999,81.363,30.868,1
5.182774,31.014,81.001,30.678,1
5.183372,27.879,81.490,30.884,1
5.184051,24.564,89.115,30.566,1
5.184472,39.580,81.258,30.709,1
5.185028,29.970,81.514,30.314,1
5.185570,30.716,81.361,30.535,1
5.186146,28.930,83.385,30.404,1
5.186689,30.711,82.738,30.369,1
5.187212,31.883,81.043,30.560,1
5.187769,29.917,81.638,30.374,1
5.188315,30.510,81.393,30.512,1
5.188871,30.013,81.656,30.248,1
5.189409,30.936,80.953,30.318,1
5.190032,26.754,85.270,30.486,1
5.190605,29.112,82.788,30.445,1
5.191139,31.176,81.799,30.502,1
5.191717,28.872,83.380,30.390,1
5.192333,27.049,87.109,30.560,1
5.192774,37.794,80.955,30.341,1
5.193323,30.359,81.336,30.487,1
5.193897,29.020,82.806,30.331,1
5.194429,31.333,80.932,30.326,1
5.195008,28.762,80.713,30.124,1
5.195565,29.955,81.055,30.315,1
5.196108,30.705,81.049,30.460,1
5.196685,28.861,81.021,30.691,1
5.197234,30.343,80.856,30.985,1
5.197784,30.348,81.207,31.299,1
5.198334,30.265,81.189,31.209,1
5.198899,29.540,81.070,31.315,1
5.199454,29.985,81.306,31.284,1
5.200012,29.894,82.131,31.294,1
5.200705,24.060,89.610,30.924,1
5.201116,40.531,81.553,30.968,1
5.201668,30.166,81.514,30.976,1
5.202233,29.510,82.211,30.862,1
5.202776,30.690,81.633,30.781,1
5.203365,28.292,81.221,30.953,1
5.203926,29.741,81.488,30.941,1
5.204492,29.426,82.335,30.928,1
5.205038,30.516,82.207,30.957,1
5.205567,31.496,80.836,30.898,1
5.206114,30.503,80.836,31.225,1
5.206666,30.158,81.315,31.164,1
5.207231,29.503,81.029,31.662,1
5.207784,30.155,81.475,31.532,1
5.208374,28.228,81.738,31.916,1
5.209167,21.041,95.953,32.339,1
5.209473,54.407,81.195,32.203,1
5.210041,29.313,82.645,32.660,1
5.210589,30.450,82.067,32.586,1
5.211148,29.828,82.287,33.075,1
5.211687,30.891,81.459,33.351,1
5.212255,29.369,82.115,33.864,1
5.212806,30.204,82.090,33.237,1
5.213348,30.757,81.607,33.543,1
5.213908,29.770,81.503,33.323,1
5.214449,30.806,81.016,33.280,1
5.215006,29.914,81.642,32.722,1
5.215550,30.648,81.163,32.785,1
5.216100,30.294,81.231,32.523,1
5.216671,29.227,82.906,32.704,1
5.217365,24.009,91.114,33.371,1
5.217771,41.064,82.505,32.679,1
5.218337,29.436,82.793,32.884,1
5.218898,29.706,83.464,32.437,1
5.219413,32.367,81.366,32.692,1
5.219980,29.396,82.254,32.276,1
5.220521,30.799,81.232,32.581,1
5.221090,29.292,80.733,32.566,1
5.221652,29.635,80.585,32.762,1
5.222235,28.588,81.260,32.581,1
5.222780,30.611,81.084,32.627,1
5.223376,27.955,81.694,32.714,1
5.223908,31.299,81.064,32.446,1
5.224458,30.336,80.885,32.602,1
5.225052,28.058,82.219,32.237,1
5.225717,25.071,89.221,32.671,1
5.226148,38.603,82.335,32.576,1
5.226698,30.331,81.021,32.743,1
5.227257,29.808,81.473,32.948,1
5.227803,30.509,81.627,32.564,1
5.228359,30.000,82.334,32.787,1
5.228889,31.409,81.060,32.134,1
5.229441,30.198,81.075,32.312,1
5.230052,27.299,82.253,32.410,1
5.230587,31.168,81.445,32.605,1
5.231129,30.734,81.175,32.869,1
5.231672,30.682,81.289,32.686,1
5.232234,29.669,81.916,32.820,1
5.232767,31.241,80.844,32.460,1
5.233380,27.187,81.976,32.546,1
5.234037,25.373,88.328,32.313,1
5.234463,39.155,81.221,32.353,1
5.235056,28.107,82.513,32.367,1
5.235578,31.919,81.254,32.946,1
5.236129,30.246,81.172,32.674,1
5.236703,29.026,81.343,32.990,1
5.237252,30.357,81.134,32.534,1
5.237835,28.594,83.545,32.587,1
5.238358,31.870,82.000,32.611,1
5.238941,28.612,83.342,32.615,1
5.239455,32.427,81.493,32.574,1
5.240005,30.275,81.776,32.881,1
5.240538,31.278,80.807,32.664,1
5.241124,28.453,82.634,32.691,1
5.241652,31.543,81.969,32.679,1
5.242249,27.912,84.821,32.708,1
5.242735,34.337,80.834,32.157,1
5.243295,29.718,81.196,32.083,1
5.243845,30.341,80.775,32.456,1
5.244408,29.591,81.258,32.447,1
5.244982,29.055,80.770,32.841,1
5.245533,30.228,81.437,32.568,1
5.246095,29.648,80.913,32.714,1
5.246684,28.292,82.548,32.882,1
5.247245,29.723,81.790,32.587,1
5.247778,31.260,81.024,32.730,1
5.248361,28.593,80.988,32.275,1
5.248908,30.491,81.022,32.751,1
5.249456,30.409,81.365,32.500,1
5.250017,29.664,82.154,32.801,1
5.250618,27.747,85.126,32.460,1
5.251096,34.863,80.992,32.712,1
5.251690,28.059,83.922,32.588,1
5.252240,30.308,81.338,31.999,1
5.252796,30.008,82.063,32.189,1
5.253340,30.595,81.730,32.333,1
5.253896,30.007,80.922,32.711,1
5.254446,30.269,81.386,33.038,1
5.254996,30.308,81.183,32.661,1
5.255541,30.622,81.313,32.632,1
5.256099,29.864,81.146,32.685,1
5.256697,27.846,83.289,32.258,1
5.257200,33.142,80.652,32.367,1
5.257757,29.936,81.651,32.154,1
5.258308,30.257,81.570,32.078,1
5.258879,29.144,82.392,32.288,1
5.259516,26.166,87.747,32.629,1
5.260056,30.909,82.316,32.292,1
5.260601,30.582,82.033,32.501,1
5.261168,29.393,82.911,32.233,1
5.261700,31.280,81.681,32.273,1
5.262257,29.934,82.029,31.997,1
5.262805,30.449,82.005,32.449,1
5.263359,30.074,80.870,32.744,1
5.263910,30.229,81.173,32.589,1
5.264465,30.034,81.390,32.816,1
5.265025,29.784,80.678,32.378,1
5.265590,29.478,81.625,32.624,1
5.266142,30.182,81.375,32.223,1
5.266701,29.811,82.349,32.383,1
5.267360,25.314,89.130,32.222,1
5.267775,40.092,81.449,32.480,1
5.268309,31.210,80.558,32.593,1
5.268861,30.218,81.233,32.622,1
5.269411,30.309,81.213,32.515,1
5.269963,30.204,80.983,32.553,1
5.270510,30.466,80.808,32.213,1
5.271078,29.346,81.360,32.353,1
5.271629,30.207,81.136,32.171,1
5.272175,30.525,80.643,32.754,1
5.272759,28.552,82.365,32.481,1
5.273357,27.875,80.884,32.704,1
5.273907,30.328,80.915,32.264,1
5.274460,30.111,81.075,32.332,1
5.275004,30.631,80.861,32.753,1
5.275632,26.561,85.708,32.113,1
5.276137,32.961,80.749,31.964,1
5.276688,30.297,80.956,32.576,1
5.277244,29.926,81.409,32.442,1
5.277818,29.045,82.827,32.686,1
5.278368,30.295,81.437,32.442,1
5.278935,29.417,82.572,32.382,1
5.279504,29.279,83.727,32.304,1
5.280043,30.926,82.192,32.477,1
5.280579,31.120,81.299,32.176,1
5.281126,30.464,81.052,32.615,1
5.281677,30.253,81.466,32.559,1
5.282240,29.575,81.558,32.479,1
5.282776,31.118,80.856,32.685,1
5.283396,26.888,83.079,32.130,1
5.284016,26.877,87.420,32.373,1
5.284452,38.190,80.773,32.173,1
5.285044,28.158,81.854,32.053,1
5.285591,30.489,81.694,32.408,1
5.286174,28.598,83.213,32.484,1
5.286695,31.967,81.047,32.540,1
5.287248,30.121,81.177,32.624,1
5.287804,30.013,81.404,32.388,1
5.288355,30.200,81.496,32.436,1
5.288904,30.404,81.302,32.614,1
5.289451,30.468,81.176,32.248,1
5.289994,30.651,80.881,32.451,1
5.290549,30.069,81.555,32.434,1
5.291099,30.298,81.075,32.884,1
5.291654,29.990,81.018,32.562,1
5.292306,25.579,85.568,32.856,1
5.292792,34.312,82.088,32.403,1
5.293316,31.816,80.910,32.565,1
5.293892,28.896,81.000,32.159,1
5.294452,29.796,81.649,32.347,1
5.294999,30.450,81.390,32.242,1
5.295550,30.264,81.783,33.043,1
5.296093,30.702,81.429,32.790,1
5.296629,31.049,81.184,32.809,1
5.297203,29.040,82.419,32.918,1
5.297751,30.451,81.878,32.550,1
5.298318,29.400,82.577,32.788,1
5.298878,29.731,82.453,32.501,1
5.299441,29.602,81.689,32.809,1
5.299987,30.548,81.861,32.576,1
5.300706,23.188,92.334,32.621,1
5.301098,42.515,82.613,32.804,1
5.301632,31.198,81.155,32.428,1
5.302180,30.409,80.912,32.710,1
5.302754,29.040,82.091,32.727,1
5.303301,30.471,81.144,32.221,1
5.303854,30.129,81.349,32.565,1
5.304421,29.418,82.093,32.583,1
5.305026,27.523,85.074,32.853,1
5.305567,30.787,81.216,33.450,1
5.306128,29.754,81.695,32.951,1
5.306671,30.689,81.285,33.101,1
5.307229,29.843,80.920,32.742,1
5.307790,29.698,81.637,32.842,1
5.308336,30.549,81.560,32.384,1
5.308996,25.248,88.203,32.899,1
5.309479,34.498,83.997,32.786,1
5.310022,30.685,83.733,32.819,1
5.310562,30.855,81.155,32.756,1
5.311117,30.039,81.686,32.484,1
5.311653,31.111,81.206,32.575,1
5.312203,30.296,81.485,32.306,1
5.312776,29.077,83.040,32.556,1
5.313303,31.642,81.505,32.229,1
5.313859,29.954,81.390,32.602,1
5.314418,29.841,81.783,32.612,1
5.314969,30.229,81.682,32.806,1
5.315526,29.941,81.625,32.643,1
5.316077,30.230,81.325,32.654,1
5.316625,30.419,80.806,32.687,1
5.317294,24.906,87.814,32.086,1
5.317779,34.424,83.583,32.080,1
5.318376,27.912,86.071,32.587,1
5.318938,29.617,83.441,32.403,1
5.319511,29.089,84.858,32.583,1
5.320035,31.831,81.658,32.456,1
5.320583,30.392,81.914,32.571,1
5.321119,31.097,81.213,32.416,1
5.321682,29.644,82.086,32.424,1
5.322220,30.963,81.716,32.011,1
5.322776,29.983,82.023,32.556,1
5.323312,31.078,81.379,32.520,1
5.323898,28.429,83.439,32.683,1
5.324435,31.038,82.785,32.502,1
5.324972,31.055,81.737,32.683,1
5.325682,23.471,91.129,32.436,1
5.326122,37.893,83.814,32.426,1
5.326672,30.281,83.877,31.959,1
5.327246,29.054,82.251,32.038,1
5.327842,27.948,84.819,32.392,1
5.328323,34.646,80.788,33.001,1
5.328898,28.975,81.079,32.952,1
5.329447,30.386,81.624,33.167,1
5.330031,28.521,81.062,33.118,1
5.330582,30.252,81.173,33.050,1
5.331145,29.604,82.194,33.200,1
5.331684,30.920,81.683,32.493,1
5.332268,28.545,84.041,33.025,1
5.332778,32.665,81.596,32.703,1
5.333359,28.688,80.947,32.941,1
5.334020,25.214,87.796,32.010,1
5.334519,33.437,84.739,32.251,1
5.335024,33.009,82.482,31.830,1
5.335559,31.150,80.941,30.955,1
5.336152,28.077,83.783,30.992,1
5.336673,31.993,81.839,30.453,1
5.337259,28.447,84.074,30.208,1
5.337769,32.708,81.631,29.412,1
5.338365,27.947,81.409,29.364,1
5.338916,30.268,81.532,28.954,1
5.339502,28.416,83.644,28.672,1
5.340027,31.771,82.279,28.023,1
5.340568,30.775,81.302,28.024,1
5.341126,29.886,81.683,27.665,1
5.341660,31.238,81.019,27.740,1
5.342380,23.140,90.022,27.603,1
5.342783,41.394,81.456,27.186,1
5.343357,28.990,82.889,27.341,1
5.343916,29.826,83.346,27.259,1
5.344451,31.191,82.541,27.349,1
5.345024,29.083,80.889,27.141,1
5.345599,28.949,82.320,27.428,1
5.346146,30.469,82.248,27.181,1
5.346692,30.569,81.848,27.453,1
5.347241,30.329,81.619,27.207,1
5.347814,29.071,83.125,27.503,1
5.348337,31.903,81.587,27.273,1
5.348903,29.443,82.422,27.641,1
5.349490,28.383,84.673,27.405,1
5.350024,31.205,81.263,27.716,1
5.350675,25.611,87.393,27.549,1
5.351160,34.363,83.645,27.716,1
5.351655,33.693,80.811,27.607,1
5.352207,30.161,80.956,27.866,1
5.352773,29.477,82.388,27.892,1
5.353376,27.612,81.966,27.643,1
5.353917,30.807,81.608,27.946,1
5.354468,30.268,81.739,27.648,1
5.355021,30.128,81.900,27.558,1
5.355572,30.244,81.723,27.905,1
5.356137,29.523,82.850,27.574,1
5.356664,31.635,81.365,27.826,1
5.357218,30.050,81.639,27.426,1
5.357777,29.812,82.299,27.653,1
5.358344,29.392,83.974,27.501,1
5.359021,24.622,88.514,27.548,1
5.359464,37.669,82.249,27.228,1
5.360028,29.526,80.919,27.544,1
5.360589,29.741,81.543,27.195,1
5.361168,28.754,83.479,27.422,1
5.361671,33.117,81.042,27.132,1
5.362232,29.708,81.114,27.311,1
5.362811,28.792,82.696,26.921,1
5.363375,29.584,81.850,27.201,1
5.363917,30.747,81.463,27.234,1
5.364481,29.527,82.234,26.861,1
5.365022,30.790,80.766,27.155,1
5.365579,29.952,81.557,26.957,1
5.366145,29.450,82.353,26.978,1
5.366680,31.157,81.567,27.141,1
5.367350,24.862,88.739,26.823,1
5.367796,37.340,82.614,27.142,1
5.368347,30.263,82.293,26.840,1
5.368902,30.038,82.385,27.110,1
5.369457,30.055,82.643,27.147,1
5.370028,29.188,80.847,26.927,1
5.370580,30.195,80.961,27.220,1
5.371156,28.910,82.711,27.135,1
5.371679,31.899,81.077,27.198,1
5.372231,30.190,81.176,26.914,1
5.372805,29.037,82.496,27.303,1
5.373382,28.863,82.510,27.267,1
5.373906,31.782,81.035,27.454,1
5.374474,29.383,82.476,27.173,1
5.374989,32.345,80.779,27.522,1
5.375648,25.279,86.273,27.280,1
5.376135,34.276,82.098,27.665,1
5.376679,30.612,81.577,27.455,1
5.377231,30.190,81.284,27.650,1
5.377806,28.981,83.333,27.709,1
5.378372,29.459,83.953,27.411,1
5.378961,28.314,86.500,27.690,1
5.379476,32.348,83.809,27.414,1
5.380026,30.299,81.129,27.742,1
5.380575,30.369,81.372,27.477,1
5.381166,28.161,83.425,27.705,1
5.381680,32.456,81.298,27.766,1
5.382233,30.140,81.185,27.342,1
5.382786,30.149,81.414,27.668,1
5.383337,30.212,81.597,27.363,1
5.383975,26.148,86.784,27.649,1
5.384492,32.226,84.839,27.379,1
5.384985,33.783,81.331,27.592,1
5.385527,30.774,81.035,27.324,1
5.386146,26.926,85.283,27.582,1
5.386629,34.527,81.022,27.253,1
5.387198,29.280,81.864,27.594,1
5.387811,27.173,85.432,27.367,1
5.388297,34.330,80.868,27.440,1
5.388854,29.893,80.565,27.225,1
5.389468,27.157,84.793,27.574,1
5.389962,33.766,81.158,27.443,1
5.390512,30.261,80.821,27.516,1
5.391128,27.085,84.363,27.257,1
5.391626,33.436,80.937,27.669,1
5.392295,24.907,87.821,27.380,1
5.392828,31.293,86.389,27.646,1
5.393306,34.880,81.879,27.709,1
5.393843,30.995,80.837,27.328,1
5.394484,26.001,85.927,27.582,1
5.395057,29.120,82.589,27.224,1
5.395589,31.299,81.512,27.561,1
5.396190,27.741,84.309,27.234,1
5.396743,30.114,84.370,27.320,1
5.397235,33.921,80.892,27.278,1
5.397831,27.978,83.858,27.514,1
5.398335,33.021,81.616,27.511,1
5.398912,28.897,83.079,27.200,1
5.399475,29.610,83.774,27.450,1
5.400038,29.624,81.452,27.124,1
5.400691,25.522,87.618,27.397,1
5.401236,30.550,87.081,27.150,1
5.401726,33.993,83.341,27.313,1
5.402249,31.873,81.822,27.030,1
5.402811,29.657,82.917,27.355,1
5.403355,30.626,83.029,27.385,1
5.403884,31.520,82.029,27.168,1
5.404498,27.160,85.155,27.435,1
5.404991,33.809,81.996,27.217,1
5.405537,30.513,82.062,27.427,1
5.406168,26.409,86.833,27.337,1
5.406628,36.212,81.109,27.416,1
5.407186,29.917,81.357,27.068,1
5.407915,22.844,91.803,27.346,1
5.408313,41.926,81.156,27.448,1
5.409002,24.161,89.911,27.096,1
5.409506,33.086,87.094,27.409,1
5.410002,33.648,83.662,27.150,1
5.410566,29.528,81.135,27.306,1
5.411160,28.068,83.252,27.392,1
5.411659,33.366,80.771,27.039,1
5.412230,29.204,81.049,27.249,1
5.412851,26.856,85.576,27.224,1
5.413334,34.450,81.527,26.906,1
5.413893,29.852,81.960,27.148,1
5.414501,27.386,85.520,26.990,1
5.415025,31.800,81.058,26.960,1
5.415576,30.276,81.425,27.252,1
5.416193,26.998,85.651,27.100,1
5.416679,34.292,81.714,27.176,1
5.417305,26.621,85.565,26.968,1
5.417867,29.669,86.428,27.157,1
5.418357,33.985,80.854,27.054,1
5.418924,29.433,81.977,27.256,1
5.419521,27.917,84.731,27.172,1
5.420029,32.772,82.286,27.447,1
5.420596,29.383,83.640,27.317,1
5.421218,26.827,87.709,27.550,1
5.421682,35.904,82.406,27.514,1
5.422232,30.298,82.035,27.698,1
5.422841,27.367,85.283,27.445,1
5.423329,34.126,81.220,27.707,1
5.423879,30.306,81.143,27.600,1
5.424535,25.422,87.455,27.764,1
5.424983,37.181,81.269,27.427,1
5.425567,28.574,83.379,27.726,1
5.426174,27.455,86.881,27.521,1
5.426633,36.238,81.535,27.724,1
5.427186,30.187,81.276,27.596,1
5.427844,25.326,87.423,27.781,1
5.428300,36.566,81.506,27.675,1
5.428884,28.534,83.269,27.788,1
5.429525,25.984,88.409,27.461,1
5.430004,34.776,81.139,27.809,1
5.430564,29.785,82.074,27.585,1
5.431233,24.919,89.542,27.847,1
5.431666,38.449,81.462,27.851,1
5.432229,29.612,80.985,27.972,1
5.432851,26.773,85.732,27.646,1
5.433324,35.288,81.456,27.858,1
5.433980,25.398,87.695,27.700,1
5.434537,29.905,87.500,27.804,1
5.435021,34.439,83.929,27.466,1
5.435584,29.605,82.245,27.710,1
5.436271,24.278,90.488,27.490,1
5.436692,39.574,82.399,27.683,1
5.437225,31.289,81.415,27.726,1
5.437862,26.133,86.605,27.376,1
5.438326,35.950,81.293,27.440,1
5.438869,30.709,80.897,27.619,1
5.439562,24.046,89.981,27.342,1
5.439994,38.552,83.029,27.590,1
5.440595,27.758,85.888,27.344,1
5.441211,27.037,86.160,27.590,1
5.441670,36.286,80.941,27.281,1
5.442240,29.262,82.556,27.599,1
5.442877,26.161,88.053,27.328,1
5.443315,38.052,81.176,27.618,1
5.443868,30.135,81.665,27.492,1
5.444518,25.636,87.517,27.550,1
5.444975,36.468,81.942,27.300,1
5.445524,30.385,81.310,27.555,1
5.446199,24.668,88.524,27.438,1
5.446636,38.146,81.737,27.536,1
5.447233,27.940,84.241,27.255,1
5.447861,26.533,88.158,27.458,1
5.448303,37.735,81.473,27.277,1
5.448846,30.647,80.943,27.529,1
5.449497,25.617,86.691,27.260,1
5.449969,35.295,81.722,27.478,1
5.450594,26.694,85.812,27.180,1
5.451211,26.982,89.462,27.345,1
5.451619,40.901,80.704,27.114,1
5.452216,27.910,83.140,27.340,1
5.452854,26.117,87.818,27.246,1
5.453293,37.958,81.128,27.575,1
5.453850,29.951,81.107,27.431,1
5.454502,25.550,87.044,27.831,1
5.454988,34.301,82.850,27.680,1
5.455545,29.913,82.321,27.865,1
5.456211,25.021,89.322,27.942,1
5.456662,36.985,81.170,28.595,1
5.457223,29.670,82.008,28.547,1
5.457862,26.115,87.263,28.940,1
5.458358,33.572,81.023,29.225,1
5.459027,24.906,88.286,29.710,1
5.459564,31.080,87.342,30.153,1
5.460043,34.746,81.757,30.563,1
5.460600,29.915,82.389,30.952,1
5.461241,26.034,87.930,31.413,1
5.461675,38.327,80.887,31.692,1
5.462249,29.053,82.234,32.068,1
5.462884,26.237,87.749,32.978,1
5.463384,33.361,82.523,32.982,1
5.463924,30.845,82.134,33.561,1
5.464571,25.757,88.398,33.018,1
5.465094,31.896,84.873,33.131,1
5.465582,34.157,81.155,32.907,1
5.466252,24.872,88.640,33.310,1
5.466686,38.356,82.039,32.827,1
5.467380,24.038,90.048,32.855,1
5.467897,32.246,88.406,32.733,1
5.468319,39.442,80.646,32.723,1
5.468878,29.820,81.099,32.761,1
5.469505,26.599,85.713,32.613,1
5.470001,33.551,83.198,32.695,1
5.470526,31.770,81.760,32.621,1
5.471074,30.434,81.226,32.864,1
5.471678,27.558,84.322,32.616,1
5.472236,29.877,84.247,32.559,1
5.472781,30.618,83.370,32.575,1
5.473323,30.735,81.447,32.705,1
5.473870,30.475,81.701,32.428,1
5.474415,30.589,81.586,32.447,1
5.474957,30.721,80.955,32.651,1
5.475641,24.389,88.594,32.686,1
5.476106,35.779,81.661,32.460,1
5.476697,28.203,81.018,32.628,1
5.477254,29.953,81.267,32.648,1
5.477914,25.249,87.793,32.641,1
5.478370,36.549,81.613,32.925,1
5.478909,30.924,81.198,32.791,1
5.479463,30.087,81.853,32.997,1
5.480016,30.140,81.899,32.731,1
5.480567,30.221,81.326,32.892,1
5.481144,28.918,82.834,32.683,1
5.481670,31.659,81.318,33.097,1
5.482218,30.404,81.203,32.695,1
5.482762,30.625,80.901,32.730,1
5.483324,29.652,82.146,32.485,1
5.484022,23.890,88.504,32.760,1
5.484447,39.210,80.915,32.595,1
5.485028,28.674,80.926,32.864,1
5.485580,30.206,81.169,32.508,1
5.486129,30.390,81.250,32.832,1
5.486685,29.982,81.625,32.555,1
5.487241,29.961,81.733,32.885,1
5.487783,30.760,81.648,32.615,1
5.488332,30.333,81.632,32.496,1
5.488902,29.221,82.816,32.455,1
5.489426,31.820,80.896,32.599,1
5.490079,25.549,84.150,32.434,1
5.490575,33.580,80.900,32.748,1
5.491120,30.582,81.167,32.255,1
5.491667,30.477,81.386,32.351,1
5.492341,24.707,88.671,32.526,1
5.492760,39.816,80.798,32.661,1
5.493353,28.117,81.143,32.367,1
5.493914,29.688,81.716,32.505,1
5.494485,29.189,83.598,32.588,1
5.495036,30.245,80.815,32.828,1
5.495583,30.503,81.149,32.615,1
5.496122,30.882,80.864,32.652,1
5.496703,28.714,81.323,32.402,1
5.497252,30.365,81.582,32.344,1
5.497793,30.753,81.128,32.639,1
5.498349,29.989,81.850,32.842,1
5.498878,31.493,80.952,32.548,1
5.499428,30.316,80.998,32.704,1
5.499974,30.541,81.195,32.902,1
5.500667,24.045,87.283,32.854,1
5.501111,37.556,81.347,32.795,1
5.501657,30.514,81.026,32.938,1
5.502206,30.346,80.971,32.491,1
5.502762,29.966,80.922,32.930,1
5.503304,30.785,80.979,32.724,1
5.503850,30.528,80.874,32.899,1
5.504414,29.514,81.790,32.672,1
5.504964,30.330,81.337,32.771,1
5.505536,29.159,82.345,32.513,1
5.506085,30.316,80.447,32.634,1
5.506659,29.064,81.097,32.326,1
5.507259,27.751,82.867,32.334,1
5.507798,30.952,81.154,32.523,1
5.508358,29.775,80.966,32.630,1
5.508995,26.156,86.368,32.379,1
5.509464,35.484,81.374,32.373,1
5.510032,29.391,81.158,32.436,1
5.510576,30.599,81.256,32.455,1
5.511126,30.311,81.075,32.388,1
5.511677,30.261,81.422,32.484,1
5.512225,30.421,,32.884,1
5.512767,30.729,,32.509,1
5.513338,29.193,,32.644,1
5.513907,29.278,,32.934,1
5.514425,32.214,,32.835,1
5.515024,27.806,,32.842,1
5.515567,30.700,,33.182,1
5.516115,30.413,,32.753,1
5.516666,30.271,,32.751,1
5.517313,25.723,,32.825,1
5.517817,33.120,,32.783,1
5.518369,30.180,,32.937,1
5.518924,30.010,,32.659,1
5.519476,30.211,,32.828,1
5.520042,29.460,,32.829,1
5.520581,30.878,81.429,32.697,1
5.521149,29.375,82.266,32.764,1
5.521678,31.525,81.287,32.501,1
5.522228,30.256,81.190,32.785,1
5.522811,28.621,83.359,32.523,1
5.523364,30.133,81.362,32.726,1
5.523909,30.565,81.193,32.598,1
5.524456,30.490,81.278,32.693,1
5.525000,30.641,81.307,32.658,1
5.525659,25.282,86.807,32.726,1
5.526105,37.324,81.063,32.920,1
5.526673,29.368,81.961,32.742,1
5.527237,29.551,81.503,32.983,1
5.527796,29.823,82.163,32.648,1
5.528342,30.487,80.972,32.587,1
5.528894,30.219,81.419,32.737,1
5.529429,31.155,80.484,32.895,1
5.530029,27.770,81.127,32.743,1
5.530583,30.101,81.341,32.853,1
5.531132,30.340,81.353,32.753,1
5.531683,30.282,81.343,32.862,1
5.532233,30.256,81.237,32.918,1
5.532777,30.659,80.779,33.095,1
5.533332,30.017,81.149,32.640,1
5.534001,24.939,87.253,32.774,1
5.534467,35.717,82.158,32.771,1
5.535022,30.046,80.965,32.935,1
5.535571,30.343,81.193,32.639,1
5.536119,30.423,81.292,32.765,1
5.536671,30.182,81.865,32.918,1
5.537210,30.927,81.202,32.807,1
5.537753,30.721,80.762,32.978,1
5.538355,27.669,80.764,32.715,1
5.538901,30.532,80.678,32.617,1
5.539448,30.445,81.031,32.702,1
5.540023,28.983,82.865,32.954,1
5.540557,31.247,80.903,32.575,1
5.541106,30.349,81.081,32.621,1
5.541694,28.335,83.252,32.720,1
5.542305,27.300,87.018,32.453,1
5.542753,37.192,80.731,32.808,1
5.543390,26.170,83.190,32.544,1
5.543930,30.829,82.469,32.717,1
5.544453,31.894,81.240,32.442,1
5.545066,27.154,83.244,32.628,1
5.545575,32.800,81.159,32.594,1
5.546141,29.401,82.063,32.748,1
5.546675,31.238,81.304,32.409,1
5.547229,30.082,81.053,32.746,1
5.547773,30.655,81.027,32.400,1
5.548362,28.299,81.198,32.796,1
5.548911,30.336,81.017,32.572,1
5.549470,29.830,81.737,32.819,1
5.550001,31.362,80.917,32.711,1
5.550634,26.350,85.814,32.811,1
5.551109,35.103,81.226,32.758,1
5.551703,28.024,84.173,32.776,1
5.552215,32.588,82.015,32.770,1
5.552744,31.511,81.202,33.142,1
5.553288,30.612,80.856,32.734,1
5.553891,27.650,83.280,33.060,1
5.554484,28.117,85.962,32.717,1
5.555067,28.579,82.963,32.965,1
5.555643,28.911,84.771,32.950,1
5.556155,32.578,82.782,32.916,1
5.556687,31.320,81.559,32.721,1
5.557258,29.163,82.753,32.653,1
5.557789,31.400,81.675,32.813,1
5.558370,28.706,81.662,32.589,1
5.558924,30.066,82.142,32.876,1
5.559499,29.017,83.541,32.641,1
5.560021,31.913,80.842,32.915,1
5.560578,29.902,81.713,32.595,1
5.561114,31.088,80.983,32.501,1
5.561707,28.113,81.622,32.698,1
5.562257,30.332,81.411,32.892,1
5.562810,30.115,81.555,33.286,1
5.563378,29.348,82.234,33.265,1
5.563918,30.875,81.086,33.861,1
5.564497,28.751,82.824,33.947,1
5.565040,30.700,81.660,34.677,1
5.565585,30.627,80.933,34.770,1
5.566140,29.988,81.345,35.591,1
5.566695,30.073,81.887,35.750,1
5.567334,26.061,87.303,36.393,1
5.567778,37.555,81.133,36.483,1
5.568368,28.260,81.621,36.984,1
5.568917,30.341,81.204,37.867,1
5.569460,30.711,81.165,38.041,1
5.570011,30.215,81.221,38.651,1
5.570567,30.000,81.277,38.999,1
5.571110,30.708,81.288,39.938,1
5.571667,29.907,81.585,40.285,1
5.572214,30.466,81.264,40.982,1
5.572760,30.512,80.949,41.442,1
5.573318,29.875,80.923,42.037,1
5.573866,30.420,80.823,42.135,1
5.574429,29.611,82.208,43.028,1
5.574963,31.173,81.343,42.803,1
5.575636,24.774,55.110,49.105,1
5.576076,37.927,81.477,49.446,1
5.576644,29.304,82.304,58.504,1
5.577220,28.962,,60.254,1
5.577765,30.556,,53.452,1
5.578367,27.719,84.998,43.611,1
5.578890,31.838,81.011,41.563,1
5.579474,28.547,83.121,40.515,1
5.580019,30.586,82.709,38.568,1
5.580541,31.932,81.152,36.330,1
5.581090,30.340,81.398,34.641,1
5.581630,30.869,81.250,33.833,1
5.582195,29.494,81.718,32.657,1
5.582754,29.817,82.195,32.264,1
5.583302,30.424,80.940,31.465,1
5.583942,26.039,86.592,31.181,1
5.584407,35.844,81.226,31.205,1
5.584956,30.373,80.953,31.043,1
5.585537,28.640,82.477,30.999,1
5.586079,30.782,81.270,31.065,1
5.586631,30.194,81.303,30.861,1
5.587179,30.417,80.822,30.976,1
5.587759,28.705,82.455,30.859,1
5.588320,29.727,81.767,30.699,1
5.588872,30.222,81.793,30.788,1
5.589428,29.962,81.021,30.772,1
5.589984,29.954,81.398,30.602,1
5.590560,28.949,80.923,30.495,1
5.591116,29.967,81.139,30.622,1
5.591697,28.675,81.523,30.617,1
5.592369,24.802,88.871,30.351,1
5.592796,39.096,81.307,30.648,1
5.593371,28.967,82.037,30.445,1
5.593901,31.426,81.226,30.508,1
5.594455,30.112,81.351,30.689,1
5.595031,28.918,81.128,30.447,1
5.595577,30.526,81.015,30.355,1
5.596129,30.204,81.306,30.896,1
5.596673,30.655,81.345,30.574,1
5.597228,30.008,81.015,30.912,1
5.597780,30.222,81.530,30.780,1
5.598320,30.855,81.097,30.811,1
5.598883,29.576,81.881,30.827,1
5.599436,30.132,81.555,30.855,1
5.600029,28.147,81.169,30.775,1
5.600680,25.600,87.240,31.081,1
5.601138,36.348,81.680,31.025,1
5.601699,29.735,81.115,31.183,1
5.602247,30.405,81.338,30.980,1
5.602800,30.122,81.498,31.159,1
5.603343,30.707,81.475,31.299,1
5.603899,29.975,81.240,30.991,1
5.604450,30.227,81.790,31.009,1
5.604987,31.038,81.466,31.117,1
5.605601,27.148,85.326,30.998,1
5.606102,33.278,82.874,30.894,1
5.606644,30.730,81.727,30.831,1
5.607210,29.451,82.874,30.831,1
5.607773,29.614,83.368,31.002,1
5.608359,28.453,81.390,30.647,1
5.609009,25.649,87.245,30.887,1
5.609448,37.895,81.067,30.652,1
5.610001,30.159,81.569,30.795,1
5.610594,28.106,82.945,30.847,1
5.611124,31.451,81.604,30.773,1
5.611697,29.086,81.112,30.757,1
5.612244,30.443,81.372,30.776,1
5.612795,30.294,81.204,30.972,1
5.613344,30.352,81.045,30.863,1
5.613899,30.026,81.241,30.922,1
5.614446,30.444,80.951,30.711,1
5.615012,29.459,81.959,30.971,1
5.615574,29.641,82.726,31.068,1
5.616110,31.105,82.261,30.796,1
5.616734,26.727,83.244,30.957,1
5.617402,24.924,90.245,30.969,1
5.617851,37.130,84.031,31.061,1
5.618355,33.096,80.986,30.849,1
5.618908,30.115,81.239,30.841,1
5.619462,30.095,81.352,30.836,1
5.620010,30.396,81.074,30.805,1
5.620565,30.063,81.193,30.722,1
5.621121,29.987,81.427,30.577,1
5.621684,29.563,81.181,30.215,1
5.622233,30.381,81.309,30.485,1
5.622777,30.631,81.388,30.287,1
5.623326,30.350,81.208,30.394,1
5.623908,28.672,81.760,30.358,1
5.624435,31.593,80.862,30.318,1
5.625027,28.139,81.551,30.229,1
5.625680,25.532,87.549,30.399,1
5.626122,37.714,80.966,30.515,1
5.626680,29.853,81.850,30.360,1
5.627261,28.690,82.991,30.393,1
5.627782,31.979,81.119,30.407,1
5.628358,28.958,81.089,30.287,1
5.628906,30.405,81.089,30.456,1
5.629461,30.017,81.321,30.416,1
5.630022,29.742,82.324,30.405,1
5.630597,28.996,83.055,30.706,1
5.631124,31.621,81.588,30.529,1
5.631704,28.720,81.508,30.576,1
5.632243,30.918,81.288,30.553,1
5.632793,30.306,81.126,30.749,1
5.633361,29.328,82.112,30.913,1
5.634032,24.846,89.257,30.655,1
5.634457,39.236,82.194,30.729,1
5.635027,29.235,81.571,30.834,1
5.635567,30.860,81.333,30.650,1
5.636121,30.067,81.518,30.703,1
5.636670,30.351,81.906,30.596,1
5.637243,29.092,81.918,30.460,1
5.637793,30.326,81.763,30.578,1
5.638358,29.514,80.867,30.487,1
5.638910,30.157,81.366,30.542,1
5.639457,30.463,81.559,30.581,1
5.639993,31.092,81.142,30.565,1
5.640576,28.624,81.859,30.521,1
5.641117,30.782,81.814,30.528,1
5.641682,29.492,80.886,30.611,1
5.642308,26.648,85.209,30.647,1
5.642818,32.685,83.205,30.725,1
5.643348,31.422,81.871,30.594,1
5.643929,28.695,83.074,30.779,1
5.644437,32.773,81.028,30.941,1
5.645040,27.667,81.688,30.762,1
5.645578,30.994,81.383,30.835,1
5.646122,30.585,81.052,30.906,1
5.646693,29.205,82.191,30.870,1
5.647234,30.815,81.388,30.963,1
5.647789,30.042,81.999,30.922,1
5.648364,28.995,81.137,31.106,1
5.648923,29.794,82.107,30.796,1
5.649462,30.903,81.756,31.018,1
5.650034,29.157,81.370,30.839,1
5.650734,23.805,90.372,31.061,1
5.651129,42.238,81.208,30.953,1
5.651681,30.173,81.311,31.051,1
5.652227,30.553,81.022,31.100,1
5.652775,30.385,81.006,31.013,1
5.653342,29.388,82.661,30.863,1
5.653902,29.753,81.446,30.694,1
5.654464,29.692,82.611,30.920,1
5.655041,28.861,84.684,30.736,1
5.655598,29.930,83.319,30.673,1
5.656111,32.468,80.860,30.563,1
5.656684,29.128,82.431,30.781,1
5.657241,29.907,83.217,30.496,1
5.657783,30.752,82.633,30.278,1
5.658371,28.357,81.809,30.260,1
5.659034,25.138,88.648,30.348,1
5.659458,39.305,81.080,30.167,1
5.660019,29.664,81.937,30.334,1
5.660557,31.003,81.025,30.311,1
5.661124,29.391,82.093,30.213,1
5.661681,29.929,82.527,30.327,1
5.662226,30.559,82.417,30.176,1
5.662800,29.047,82.865,30.342,1
5.663368,29.323,82.421,30.311,1
5.663894,31.711,81.002,30.335,1
5.664452,29.891,81.808,30.312,1
5.665022,29.247,83.297,30.290,1
5.665564,30.728,81.294,30.352,1
5.666105,30.810,81.100,30.510,1
5.666709,27.604,84.884,30.493,1
5.667222,32.453,83.169,30.589,1
5.667859,26.166,88.196,30.260,1
5.668319,36.233,82.673,30.496,1
5.668843,31.843,80.880,30.483,1
5.669415,29.113,81.918,30.468,1
5.670004,28.298,83.931,30.433,1
5.670564,29.775,84.105,30.584,1
5.671149,28.487,85.808,30.499,1
5.671707,29.835,82.302,30.412,1
5.672253,30.542,80.740,30.346,1
5.672811,29.901,81.375,30.514,1
5.673374,29.571,81.945,30.610,1
5.673915,30.805,81.632,30.387,1
5.674462,30.472,81.346,30.496,1
5.675055,28.126,84.243,30.651,1
5.675572,32.208,82.698,30.470,1
5.676247,24.704,90.196,30.715,1
5.676696,37.124,83.425,30.645,1
5.677207,32.582,81.282,30.615,1
5.677798,28.211,83.468,30.575,1
5.678376,28.848,83.044,30.878,1
5.678900,31.790,81.365,31.039,1
5.679450,30.304,81.344,30.847,1
5.680043,28.124,81.891,31.045,1
5.680571,31.574,80.984,30.851,1
5.681129,29.853,81.288,31.021,1
5.681708,28.765,82.987,30.912,1
5.682265,29.911,83.245,30.797,1
5.682807,30.781,81.531,30.718,1
5.683393,28.438,82.974,30.884,1
5.684029,26.207,88.390,30.537,1
5.684478,37.133,82.275,30.542,1
5.685050,29.145,83.416,30.360,1
5.685563,32.484,81.243,30.588,1
5.686111,30.412,81.183,30.443,1
5.686743,26.358,86.266,30.375,1
5.687232,34.057,81.279,30.539,1
5.687786,30.127,81.641,30.374,1
5.688347,29.685,82.408,30.561,1
5.688893,30.507,80.936,30.277,1
5.689467,29.071,82.202,30.328,1
5.690074,27.443,83.825,30.493,1
5.690581,32.890,81.213,30.482,1
5.691124,30.662,81.093,30.444,1
5.691734,27.355,85.082,30.454,1
5.692234,33.279,81.445,30.526,1
5.692892,25.365,87.987,30.351,1
5.693408,32.262,83.943,30.394,1
5.693957,30.352,84.157,30.342,1
5.694566,27.360,87.596,30.311,1
5.695027,36.198,82.022,30.141,1
5.695560,31.245,80.886,30.311,1
5.696115,30.069,81.659,30.417,1
5.696695,28.721,83.666,30.690,1
5.697230,31.122,81.277,30.988,1
5.697768,31.006,80.918,31.329,1
5.698339,29.157,82.230,31.243,1
5.698897,29.900,83.019,31.325,1
5.699438,30.790,81.698,31.289,1
5.700066,26.545,83.270,31.170,1
5.700579,32.520,81.145,30.909,1
5.701226,25.724,87.229,30.908,1
5.701679,36.866,81.402,30.915,1
5.702227,30.408,80.959,30.849,1
5.702793,29.427,82.089,30.776,1
5.703418,26.652,84.410,31.005,1
5.703973,30.033,84.588,30.925,1
5.704457,34.441,80.874,30.965,1
5.705043,28.438,81.912,30.895,1
5.705589,30.559,81.225,30.793,1
5.706147,29.857,81.852,31.324,1
5.706728,28.662,83.987,31.234,1
5.707231,33.153,81.234,31.683,1
5.707780,30.375,81.263,31.585,1
5.708371,28.186,81.831,32.010,1
5.708929,29.873,82.519,32.360,1
5.709570,26.002,88.428,32.284,1
5.710009,37.977,81.940,32.672,1
5.710557,30.399,82.367,32.626,1
5.711091,31.235,81.651,33.118,1
5.711676,28.471,82.260,33.441,1
5.712233,29.928,81.367,33.879,1
5.712795,29.646,82.240,33.292,1
5.713340,30.614,81.915,33.529,1
5.713898,29.876,81.210,33.299,1
5.714448,30.302,81.209,33.331,1
5.714993,30.553,81.009,32.583,1
5.715545,30.170,81.606,32.760,1
5.716096,30.248,81.197,32.562,1
5.716703,27.465,84.677,32.766,1
5.717227,31.823,83.821,33.349,1
5.717813,28.419,85.824,32.708,1
5.718338,31.795,83.783,32.867,1
5.718875,31.029,82.328,32.444,1
5.719423,30.412,82.268,32.679,1
5.720065,25.935,87.508,32.268,1
5.720645,28.738,83.694,32.576,1
5.721165,32.098,82.394,32.569,1
5.721702,31.026,81.462,32.736,1
5.722266,29.523,82.782,32.562,1
5.722804,31.018,82.320,32.637,1
5.723357,30.112,82.703,32.749,1
5.723885,31.567,81.287,32.469,1
5.724421,31.127,80.825,32.619,1
5.725061,26.008,86.578,32.234,1
5.725613,30.230,83.864,32.637,1
5.726215,27.681,87.296,32.574,1
5.726706,33.950,84.049,32.731,1
5.727242,31.097,81.898,32.957,1
5.727832,28.244,84.585,32.554,1
5.728434,27.699,87.618,32.822,1
5.728879,37.396,81.238,32.170,1
5.729422,30.690,80.739,32.277,1
5.730030,27.440,84.506,32.420,1
5.730570,30.872,81.211,32.603,1
5.731113,30.668,81.035,32.837,1
5.731685,29.134,82.198,32.684,1
5.732232,30.446,81.321,32.789,1
5.732772,30.876,80.927,32.486,1
5.733386,27.178,85.155,32.548,1
5.733915,31.507,82.237,32.289,1
5.734583,24.933,89.541,32.367,1
5.735127,30.642,88.289,32.348,1
5.735556,38.857,81.346,32.899,1
5.736113,29.919,82.129,32.666,1
5.736726,27.169,85.608,32.999,1
5.737214,34.157,82.181,32.538,1
5.737767,30.140,82.538,32.582,1
5.738387,26.875,86.801,32.615,1
5.738864,34.996,81.900,32.630,1
5.739434,29.209,81.456,32.568,1
5.740061,26.573,86.082,32.884,1
5.740574,32.512,81.846,32.642,1
5.741115,30.818,81.682,32.705,1
5.741722,27.429,85.257,32.667,1
5.742209,34.248,81.389,32.670,1
5.742846,26.156,86.640,32.146,1
5.743428,28.640,89.023,32.084,1
5.743859,38.667,81.550,32.467,1
5.744407,30.430,81.261,32.451,1
5.745093,24.281,88.936,32.863,1
5.745557,35.920,81.173,32.558,1
5.746119,29.669,81.623,32.724,1
5.746725,27.524,85.202,32.863,1
5.747268,30.650,83.428,32.576,1
5.747800,31.350,82.585,32.732,1
5.748383,28.599,82.625,32.193,1
5.748927,30.643,82.638,32.753,1
5.749468,30.778,82.355,32.468,1
5.750106,26.125,86.098,32.744,1
5.750588,34.601,82.277,32.447,1
5.751194,27.488,85.922,32.671,1
5.751731,31.038,85.588,32.606,1
5.752269,30.988,83.551,32.009,1
5.752788,32.109,81.877,32.170,1
5.753402,27.171,85.574,32.357,1
5.753897,33.637,82.685,32.715,1
5.754464,29.380,83.196,33.033,1
5.755066,27.703,86.172,32.643,1
5.755597,31.392,83.181,32.626,1
5.756132,31.138,82.178,32.684,1
5.756748,27.065,85.940,32.261,1
5.757230,34.595,81.187,32.326,1
5.757775,30.555,81.329,32.142,1
5.758429,25.473,87.674,32.051,1
5.758873,37.550,81.525,32.281,1
5.759496,26.766,85.883,32.630,1
5.760100,27.586,89.538,32.333,1
5.760518,39.885,81.263,32.526,1
5.761089,29.202,82.001,32.224,1
5.761741,25.530,86.610,32.277,1
5.762246,33.003,82.242,31.979,1
5.762803,29.942,82.875,32.459,1
5.763413,27.327,84.386,32.749,1
5.763973,29.770,84.534,32.577,1
5.764480,32.882,81.856,32.745,1
5.765083,27.616,84.387,32.342,1
5.765587,33.083,81.696,32.632,1
5.766145,29.851,81.775,32.229,1
5.766812,24.991,88.150,32.415,1
5.767243,38.690,81.368,32.236,1
5.767857,27.146,85.371,32.498,1
5.768440,28.570,86.103,32.607,1
5.768932,33.898,82.738,32.633,1
5.769445,32.503,80.922,32.506,1
5.770093,25.705,84.915,32.553,1
5.770573,34.726,80.839,32.229,1
5.771130,29.936,81.481,32.362,1
5.771811,24.481,88.025,32.190,1
5.772252,37.763,81.387,32.755,1
5.772794,30.766,81.315,32.481,1
5.773431,26.151,85.464,32.708,1
5.773913,34.544,81.495,32.262,1
5.774488,29.029,82.969,32.345,1
5.775092,27.592,85.131,32.744,1
5.775584,33.833,81.558,32.093,1
5.776246,25.184,88.308,31.984,1
5.776811,29.494,89.238,32.570,1
5.777228,39.996,81.018,32.417,1
5.777783,30.041,81.774,32.686,1
5.778436,25.512,87.891,32.443,1
5.778923,34.216,82.816,32.299,1
5.779445,31.936,81.576,32.296,1
5.780106,25.194,86.279,32.502,1
5.780562,36.582,80.923,32.171,1
5.781111,30.336,80.933,32.649,1
5.781773,25.174,88.153,32.579,1
5.782241,35.616,81.866,32.462,1
5.782789,30.448,81.886,32.659,1
5.783440,25.600,85.999,32.159,1
5.783941,33.282,83.141,32.350,1
5.784587,25.786,88.788,32.170,1
5.785113,31.678,86.217,32.048,1
5.785576,36.029,81.071,32.375,1
5.786148,29.126,82.524,32.485,1
5.786784,26.191,86.409,32.512,1
5.787253,35.555,81.407,32.624,1
5.787814,29.720,81.952,32.379,1
5.788456,25.952,87.264,32.427,1
5.788898,37.751,81.118,32.614,1
5.789453,29.982,81.256,32.223,1
5.790127,24.743,89.228,32.464,1
5.790560,38.500,81.009,32.433,1
5.791112,30.188,81.028,32.882,1
5.791681,29.276,82.606,32.567,1
5.792214,31.281,81.756,32.823,1
5.792855,26.014,87.585,32.408,1
5.793421,29.444,88.679,32.494,1
5.793868,37.299,80.760,32.148,1
5.794437,29.271,81.929,32.320,1
5.794973,31.124,81.510,32.254,1
5.795512,30.898,80.849,33.034,1
5.796108,27.942,83.641,32.820,1
5.796624,32.357,81.158,32.785,1
5.797200,28.923,82.389,32.904,1
5.797767,29.374,81.762,32.553,1
5.798480,23.396,88.651,32.770,1
5.798914,38.395,81.650,32.491,1
5.799467,30.115,81.727,32.809,1
5.800111,25.867,87.264,32.576,1
5.800564,36.798,81.306,32.616,1
5.801229,25.057,88.629,32.811,1
5.801677,37.244,82.919,32.425,1
5.802237,29.756,83.481,32.723,1
5.802749,32.564,81.665,32.715,1
5.803282,31.271,80.669,32.213,1
5.803848,29.448,81.300,32.552,1
5.804394,30.534,80.710,32.581,1
5.804994,27.775,83.366,32.864,1
5.805590,27.956,85.825,33.458,1
5.806156,29.428,82.094,32.961,1
5.806784,26.564,86.665,33.098,1
5.807250,35.713,81.850,32.751,1
5.807813,29.601,82.283,32.841,1
5.808486,24.775,88.593,32.391,1
5.808907,39.579,81.250,32.903,1
5.809517,27.319,84.898,32.775,1
5.810003,34.327,81.459,32.832,1
5.810564,29.712,81.267,32.749,1
5.811109,30.567,81.436,32.481,1
5.811675,29.454,82.244,32.563,1
5.812258,28.572,82.916,32.289,1
5.812772,32.457,80.902,32.527,1
5.813371,27.799,84.391,32.243,1
5.813899,31.585,81.365,32.596,1
5.814448,30.364,81.180,32.623,1
5.815115,24.969,86.285,32.808,1
5.815573,36.399,81.269,32.645,1
5.816139,29.456,82.645,32.635,1
5.816691,30.220,82.557,32.678,1
5.817239,30.390,81.778,32.093,1
5.817898,25.301,88.442,32.097,1
5.818495,27.918,89.323,32.596,1
5.818919,39.262,81.954,32.375,1
5.819473,30.097,82.069,32.595,1
5.820026,30.157,81.329,32.479,1
5.820594,29.304,82.857,32.614,1
5.821115,32.034,81.166,32.421,1
5.821695,28.740,81.055,32.396,1
5.822246,30.207,81.035,31.995,1
5.822814,29.367,81.935,32.565,1
5.823348,31.180,81.410,32.479,1
5.823894,30.529,81.106,32.674,1
5.824440,30.543,81.302,32.513,1
5.824990,30.291,81.126,32.687,1
5.825572,28.636,82.951,32.470,1
5.826204,26.362,87.740,32.406,1
5.826703,33.443,83.919,31.958,1
5.827196,33.811,80.792,32.000,1
5.827750,30.081,81.013,32.388,1
5.828306,29.978,81.281,33.006,1
5.828883,28.873,83.191,32.949,1
5.829409,31.704,81.587,33.149,1
5.829953,30.642,80.714,33.175,1
5.830551,27.833,83.501,33.034,1
5.831141,28.244,84.735,33.226,1
5.831684,30.730,80.771,32.561,1
5.832240,29.982,81.481,32.997,1
5.832780,30.839,80.855,32.743,1
5.833373,28.137,81.696,32.923,1
5.833925,30.157,81.764,31.919,1
5.834577,25.581,88.026,32.240,1
5.835066,34.030,83.403,31.804,1
5.835589,31.923,81.841,30.933,1
5.836140,30.214,82.097,30.989,1
5.836680,30.859,81.333,30.436,1
5.837226,30.558,80.989,30.209,1
5.837776,30.266,81.481,29.422,1
5.838351,29.029,83.022,29.368,1
5.838884,31.270,82.010,28.935,1
5.839413,31.484,81.018,28.663,1
5.840023,27.329,80.874,28.001,1
5.840578,30.005,81.125,28.025,1
5.841131,30.124,81.444,27.657,1
5.841678,30.511,81.242,27.725,1
5.842230,30.175,81.218,27.576,1
5.842896,25.017,88.194,27.175,1
5.843349,36.780,82.941,27.321,1
5.843875,31.722,81.550,27.260,1
5.844420,30.547,80.719,27.350,1
5.845028,27.449,81.120,27.154,1
5.845578,30.275,81.235,27.427,1
5.846127,30.360,81.301,27.181,1
5.846672,30.581,81.312,27.435,1
5.847225,30.138,80.947,27.209,1
5.847774,30.382,81.223,27.492,1
5.848364,28.223,81.444,27.267,1
5.848916,30.195,81.210,27.628,1
5.849468,30.226,81.300,27.418,1
5.850016,30.364,81.133,27.703,1
5.850591,29.018,82.559,27.545,1
5.851221,26.429,86.980,27.706,1
5.851702,34.657,83.102,27.614,1
5.852213,32.618,81.071,27.865,1
5.852767,30.090,81.188,27.891,1
5.853361,28.048,81.125,27.666,1
5.853905,30.645,80.702,27.955,1
5.854463,29.892,81.043,27.648,1
5.855032,29.282,81.356,27.556,1
5.855577,30.598,81.441,27.888,1
5.856120,30.674,80.945,27.559,1
5.856671,30.225,81.213,27.821,1
5.857224,30.187,81.203,27.405,1
5.857763,30.894,80.708,27.665,1
5.858363,27.778,81.469,27.522,1
5.858908,30.607,81.332,27.552,1
5.859523,27.083,85.430,27.232,1
5.860040,32.207,81.854,27.547,1
5.860572,31.341,80.858,27.198,1
5.861123,30.250,81.108,27.411,1
5.861683,29.748,81.575,27.131,1
5.862242,29.820,81.650,27.302,1
5.862787,30.590,80.909,26.940,1
5.863371,28.556,81.937,27.196,1
5.863903,31.314,81.036,27.233,1
5.864455,30.175,81.096,26.858,1
5.864999,30.690,80.843,27.156,1
5.865630,26.384,85.265,26.961,1
5.866122,33.891,81.875,26.986,1
5.866686,29.539,81.230,27.125,1
5.867247,29.698,82.110,26.839,1
5.867843,27.989,85.033,27.145,1
5.868356,32.450,81.318,26.852,1
5.868911,30.059,81.458,27.104,1
5.869455,30.623,81.503,27.153,1
5.870023,29.357,82.387,26.913,1
5.870561,30.996,81.272,27.220,1
5.871104,30.694,80.963,27.132,1
5.871666,29.630,81.760,27.197,1
5.872253,28.384,82.608,26.924,1
5.872774,31.982,81.103,27.308,1
5.873330,29.993,81.547,27.281,1
5.873866,31.110,81.009,27.460,1
5.874416,30.307,81.522,27.162,1
5.874959,30.680,81.021,27.518,1
5.875524,29.509,81.947,27.267,1
5.876176,25.554,87.743,27.678,1
5.876641,35.837,82.155,27.466,1
5.877184,30.702,81.405,27.649,1
5.877746,29.666,81.928,27.714,1
5.878294,30.423,81.391,27.398,1
5.878864,29.205,81.964,27.693,1
5.879427,29.637,82.555,27.422,1
5.879956,31.488,81.066,27.748,1
5.880521,29.489,81.625,27.473,1
5.881087,29.463,82.246,27.706,1
5.881627,30.862,80.741,27.760,1
5.882221,28.067,83.478,27.349,1
5.882776,29.988,83.630,27.675,1
5.883367,28.220,85.820,27.369,1
5.883923,30.002,81.080,27.647,1
5.884613,24.125,89.933,27.353,1
5.885022,40.831,81.255,27.598,1
5.885572,30.299,81.178,27.349,1
5.886113,30.806,81.098,27.570,1
5.886664,30.211,81.032,27.232,1
5.887232,29.354,81.391,27.558,1
5.887796,29.581,82.346,27.366,1
5.888344,30.387,81.406,27.438,1
5.888893,30.357,81.240,27.207,1
5.889458,29.481,82.452,27.576,1
5.890057,27.832,82.786,27.443,1
5.890593,31.101,82.150,27.510,1
5.891143,30.316,82.329,27.265,1
5.891678,31.165,81.434,27.663,1
5.892244,29.414,82.148,27.351,1
5.892788,30.644,81.839,27.680,1
5.893363,28.979,81.484,27.714,1
5.893903,30.891,81.047,27.328,1
5.894459,29.976,81.871,27.580,1
5.895040,28.677,81.845,27.225,1
5.895583,30.696,81.514,27.552,1
5.896131,30.407,81.610,27.232,1
5.896691,29.745,81.288,27.286,1
5.897245,30.116,81.352,27.294,1
5.897791,30.528,80.989,27.519,1
5.898334,30.703,81.001,27.518,1
5.898902,29.332,82.396,27.184,1
5.899452,30.291,82.657,27.438,1
5.900049,27.904,82.331,27.129,1
5.900583,31.259,81.501,27.377,1
5.901268,24.324,89.827,27.170,1
5.901688,39.670,82.417,27.312,1
5.902215,31.635,81.038,27.031,1
5.902765,30.310,80.996,27.323,1
5.903320,29.992,81.701,27.393,1
5.903877,29.953,82.044,27.149,1
5.904422,30.574,81.687,27.447,1
5.905026,27.601,80.993,27.194,1
5.905570,30.633,81.061,27.440,1
5.906118,30.397,80.844,27.325,1
5.906685,29.420,82.288,27.399,1
5.907232,30.469,81.388,27.092,1
5.907773,30.791,81.272,27.350,1
5.908322,30.337,81.244,27.447,1
5.908884,29.647,81.880,27.102,1
5.909551,25.006,88.577,27.398,1
5.910011,36.220,83.672,27.151,1
5.910579,29.342,84.700,27.303,1
5.911096,32.218,82.772,27.394,1
5.911657,29.738,83.072,27.030,1
5.912222,29.469,81.134,27.253,1
5.912772,30.353,81.166,27.233,1
5.913321,30.313,81.011,26.896,1
5.913902,28.695,81.604,27.139,1
5.914439,31.048,81.249,26.995,1
5.914984,30.560,80.878,26.956,1
5.915564,28.745,81.675,27.253,1
5.916108,30.643,81.387,27.111,1
5.916691,28.611,80.908,27.169,1
5.917248,29.917,81.728,26.928,1
5.917875,26.580,85.165,27.157,1
5.918360,34.362,81.239,27.071,1
5.918916,29.941,81.859,27.283,1
5.919461,30.602,81.399,27.162,1
5.920012,30.275,81.707,27.448,1
5.920565,30.119,81.569,27.305,1
5.921108,30.696,80.927,27.559,1
5.921661,30.153,81.386,27.526,1
5.922232,29.190,82.828,27.679,1
5.922785,30.119,82.851,27.460,1
5.923331,30.524,82.191,27.709,1
5.923936,27.532,83.601,27.598,1
5.924440,33.067,81.351,27.754,1
5.925028,28.373,81.094,27.427,1
5.925580,30.163,81.375,27.704,1
5.926221,26.014,86.982,27.521,1
5.926688,35.714,82.423,27.716,1
5.927264,28.906,83.325,27.596,1
5.927780,32.296,81.707,27.794,1
5.928329,30.394,81.475,27.683,1
5.928899,29.213,81.419,27.781,1
5.929461,29.656,82.015,27.498,1
5.930035,29.047,81.587,27.794,1
5.930591,29.971,82.031,27.589,1
5.931125,31.200,81.124,27.867,1
5.931674,30.358,81.064,27.862,1
5.932222,30.402,81.119,27.953,1
5.932804,28.668,81.067,27.646,1
5.933356,30.209,81.102,27.857,1
5.933934,28.827,82.909,27.697,1
5.934530,27.937,85.854,27.823,1
5.935024,33.745,81.013,27.462,1
5.935602,28.846,82.658,27.717,1
5.936143,30.818,82.189,27.454,1
5.936691,30.427,82.083,27.690,1
5.937273,28.615,83.783,27.711,1
5.937800,31.627,82.042,27.369,1
5.938353,30.156,82.222,27.440,1
5.938928,28.985,83.364,27.591,1
5.939446,32.169,81.765,27.364,1
5.940032,28.435,83.286,27.562,1
5.940576,30.628,83.014,27.340,1
5.941113,31.032,82.326,27.579,1
5.941653,30.891,81.804,27.254,1
5.942242,28.296,84.050,27.584,1
5.942868,26.602,88.675,27.354,1
5.943298,38.806,81.527,27.602,1
5.943863,29.464,81.693,27.467,1
5.944421,29.888,82.283,27.563,1
5.945006,28.471,83.552,27.296,1
5.945559,30.133,83.481,27.560,1
5.946094,31.197,82.616,27.445,1
5.946652,29.835,82.458,27.519,1
5.947274,26.816,83.898,27.257,1
5.947785,32.617,81.704,27.474,1
5.948330,30.549,81.458,27.281,1
5.948889,29.823,82.050,27.510,1
5.949446,29.949,82.265,27.277,1
5.950023,28.866,80.910,27.480,1
5.950585,29.688,81.613,27.189,1
5.951201,27.054,85.683,27.399,1
5.951660,36.311,80.793,27.115,1
5.952241,28.646,82.710,27.357,1
5.952799,29.906,83.004,27.235,1
5.953379,28.695,82.265,27.581,1
5.953964,28.519,84.127,27.420,1
5.954477,32.478,81.820,27.825,1
5.955025,30.392,81.499,27.676,1
5.955606,28.699,83.336,27.848,1
5.956115,32.750,81.268,27.946,1
5.956669,30.114,81.314,28.605,1
5.957242,29.071,82.739,28.542,1
5.957767,31.716,81.129,28.961,1
5.958367,27.812,81.664,29.212,1
5.958917,30.297,81.325,29.691,1
5.959536,26.902,85.938,30.154,1
5.960054,32.203,82.721,30.559,1
5.960581,31.629,81.398,30.943,1
5.961127,30.497,81.395,31.416,1
5.961675,30.443,81.130,31.706,1
5.962300,26.674,85.449,32.079,1
5.962770,35.431,80.879,32.985,1
5.963357,28.383,81.162,32.985,1
5.963914,29.936,81.982,33.576,1
5.964455,30.789,81.681,33.067,1
5.965033,28.853,81.443,33.129,1
5.965589,29.963,81.972,33.008,1
5.966118,31.491,80.889,33.233,1
5.966695,28.906,82.538,32.832,1
5.967267,29.141,83.492,32.853,1
5.967849,28.631,85.646,32.765,1
5.968358,32.751,81.233,32.732,1
5.968938,28.726,82.912,32.758,1
5.969465,31.658,81.667,32.579,1
5.970030,29.487,81.254,32.703,1
5.970591,29.682,82.064,32.625,1
5.971120,31.506,80.998,32.852,1
5.971708,28.337,81.974,32.590,1
5.972238,31.482,81.137,32.560,1
5.972810,29.117,82.371,32.542,1
5.973360,30.331,81.084,32.730,1
5.973918,29.866,81.481,32.420,1
5.974457,30.915,81.215,32.452,1
5.975041,28.509,81.980,32.616,1
5.975587,30.533,81.834,32.703,1
5.976215,26.566,86.671,32.483,1
5.976664,37.067,81.212,32.621,1
5.977254,28.257,82.747,32.637,1
5.977784,31.432,81.429,32.639,1
5.978358,29.082,80.905,32.931,1
5.978926,29.301,82.441,32.790,1
5.979454,31.574,81.028,33.013,1
5.980020,29.472,81.479,32.733,1
5.980621,27.720,84.391,32.880,1
5.981116,33.688,81.311,32.691,1
5.981654,30.949,81.061,33.097,1
5.982271,27.025,83.705,32.707,1
5.982776,32.981,81.121,32.713,1
5.983363,28.394,81.496,32.432,1
5.983926,29.602,82.345,32.730,1
5.984553,26.576,86.949,32.605,1
5.985036,34.551,81.727,32.831,1
5.985601,29.489,82.982,32.544,1
5.986114,32.511,81.195,32.840,1
5.986662,30.411,80.950,32.568,1
5.987217,30.024,81.650,32.864,1
5.987794,28.868,83.486,32.621,1
5.988359,29.509,81.211,32.507,1
5.988920,29.705,82.093,32.458,1
5.989460,30.856,81.404,32.629,1
5.990055,28.020,82.844,32.446,1
5.990589,31.199,82.320,32.754,1
5.991132,30.675,81.795,32.269,1
5.991708,28.968,81.972,32.331,1
5.992242,31.182,81.476,32.514,1
5.992892,25.633,87.293,32.652,1
5.993383,34.012,83.587,32.415,1
5.993904,31.958,82.293,32.485,1
5.994440,31.082,81.391,32.596,1
5.995032,28.180,81.407,32.796,1
5.995587,30.040,81.789,32.611,1
5.996119,31.292,80.955,32.632,1
5.996680,29.699,81.162,32.413,1
5.997263,28.612,83.269,32.302,1
5.997783,32.046,81.658,32.646,1
5.998363,28.709,81.306,32.866,1
5.998912,30.402,81.616,32.566,1
5.999459,30.439,81.367,32.698,1
6.000018,29.849,81.130,32.913,1
6.000612,28.057,83.586,32.850,1
6.001202,28.212,85.906,32.820,1
6.001677,35.146,81.247,32.953,1
6.002231,30.069,81.373,32.521,1
6.002780,30.325,81.744,32.936,1
6.003331,30.250,81.681,32.711,1
6.003909,28.840,83.386,32.871,1
6.004429,32.078,81.311,32.683,1
6.005027,27.872,81.146,32.776,1
6.005632,27.542,84.852,32.510,1
6.006116,34.446,80.763,32.628,1
6.006698,28.629,83.060,32.327,1
6.007259,29.728,83.023,32.319,1
6.007800,30.777,82.708,32.544,1
6.008328,31.564,81.806,32.645,1
6.008929,27.719,83.319,32.390,1
6.009560,26.449,88.514,32.362,1
6.009985,39.224,80.952,32.457,1
6.010607,26.763,84.202,32.420,1
6.011094,34.225,80.570,32.415,1
6.011697,27.660,84.246,32.476,1
6.012302,27.523,84.693,32.860,1
6.012814,32.565,82.634,32.529,1
6.013365,30.257,,32.630,1
6.013942,28.863,,32.920,1
6.014482,30.892,,32.828,1
6.015015,31.259,,32.890,1
6.015607,28.153,,33.185,1
6.016107,33.344,,32.767,1
6.016647,30.876,,32.781,1
6.017290,25.899,,32.831,1
6.017907,27.022,,32.808,1
6.018440,31.271,,32.962,1
6.018915,35.120,,32.663,1
6.019435,32.002,,32.824,1
6.019979,30.683,,32.830,1
6.020582,27.631,,32.719,1
6.021102,32.021,,32.788,1
6.021691,28.288,80.930,32.516,1
6.022291,27.814,84.249,32.799,1
6.022798,32.884,81.603,32.539,1
6.023362,29.531,81.218,32.725,1
6.023908,30.496,81.404,32.571,1
6.024455,30.464,81.065,32.671,1
6.025007,30.194,81.562,32.724,1
6.025620,27.212,85.009,32.735,1
6.026189,29.314,86.316,32.899,1
6.026691,33.190,80.897,32.742,1
6.027289,27.867,84.094,32.982,1
6.027799,32.647,81.738,32.651,1
6.028345,30.518,81.948,32.588,1
6.028912,29.430,82.253,32.732,1
6.029440,31.577,80.812,32.896,1
6.029994,30.079,81.050,32.733,1
6.030627,26.334,86.599,32.854,1
6.031084,36.398,81.032,32.786,1
6.031651,29.426,82.055,32.844,1
6.032274,26.741,86.535,32.847,1
6.032772,33.472,83.524,33.121,1
6.033380,27.409,86.662,32.601,1
6.033945,29.508,82.414,32.770,1
6.034562,27.013,86.742,32.765,1
6.035010,37.195,81.020,32.929,1
6.035619,27.372,84.667,32.616,1
6.036101,34.569,81.050,32.734,1
6.036700,27.810,81.536,32.923,1
6.037264,29.584,82.176,32.804,1
6.037795,31.355,81.534,32.968,1
6.038360,29.531,81.106,32.705,1
6.038949,28.277,83.905,32.598,1
6.039452,33.106,80.957,32.701,1
6.040025,29.089,81.346,32.954,1
6.040617,28.180,83.722,32.576,1
6.041113,33.594,80.571,32.630,1
6.041696,28.561,81.302,32.701,1
6.042261,29.526,82.539,32.457,1
6.042876,27.101,86.347,32.817,1
6.043335,36.303,81.528,32.550,1
6.043940,27.562,84.714,32.734,1
6.044434,33.685,81.278,32.451,1
6.044974,30.880,80.888,32.637,1
6.045626,25.571,85.096,32.585,1
6.046115,34.090,81.373,32.755,1
6.046692,28.855,81.296,32.374,1
6.047280,28.383,83.424,32.742,1
6.047784,33.071,80.816,32.387,1
6.048362,28.821,81.258,32.778,1
6.048933,29.208,82.932,32.570,1
6.049464,31.381,81.787,32.812,1
6.050022,29.873,81.094,32.699,1
6.050646,26.673,85.778,32.796,1
6.051271,26.691,90.642,32.751,1
6.051694,39.433,82.891,32.710,1
6.052272,28.793,83.861,32.759,1
6.052823,30.265,84.111,33.141,1
6.053363,30.850,81.627,32.728,1
6.053962,27.824,84.852,33.055,1
6.054445,34.520,80.719,32.731,1
6.055045,27.799,82.459,32.932,1
6.055629,28.501,84.781,32.928,1
6.056140,32.649,82.728,32.922,1
6.056705,29.513,83.528,32.724,1
6.057294,28.264,85.161,32.677,1
6.057772,34.916,81.017,32.821,1
6.058358,28.446,81.273,32.585,1
6.058956,27.871,84.275,32.894,1
6.059552,27.946,87.518,32.628,1
6.060021,35.543,81.081,32.899,1
6.060677,25.388,87.360,32.598,1
6.061168,33.956,83.886,32.507,1
6.061672,33.055,81.460,32.691,1
6.062291,26.932,84.965,32.903,1
6.062775,34.440,81.216,33.301,1
6.063354,28.810,80.937,33.268,1
6.063972,26.945,85.278,33.889,1
6.064448,35.012,81.299,33.978,1
6.064988,30.906,80.852,34.638,1
6.065642,25.469,86.415,34.745,1
6.066127,34.382,82.522,35.551,1
6.066670,30.652,82.227,35.755,1
6.067305,26.245,87.207,36.432,1
6.067871,29.481,88.010,36.472,1
6.068355,34.401,80.980,36.991,1
6.068969,27.173,85.018,37.867,1
6.069490,31.964,83.237,38.047,1
6.070009,32.123,81.193,38.719,1
6.070639,26.440,86.110,38.991,1
6.071111,35.296,81.659,39.937,1
6.071687,28.946,83.114,40.262,1
6.072304,27.019,86.140,40.896,1
6.072783,34.817,82.260,41.385,1
6.073339,29.974,82.748,42.041,1
6.073996,25.357,89.466,42.232,1
6.074407,40.598,81.564,43.078,1
6.074953,30.477,81.020,42.808,1
6.075638,24.332,88.931,43.866,1
6.076092,36.737,82.294,49.466,1
6.076723,26.437,86.993,58.442,1
6.077313,28.229,,60.350,1
6.077742,38.819,,53.675,1
6.078290,30.454,81.209,43.537,1
6.078870,28.710,81.737,41.622,1
6.079409,30.939,81.459,40.500,1
6.079983,29.048,82.686,38.545,1
6.080563,28.734,84.290,36.354,1
6.081072,32.732,81.111,34.648,1
6.081650,28.843,82.594,33.845,1
6.082189,30.896,81.806,32.640,1
6.082726,31.033,80.704,32.266,1
6.083305,28.779,82.081,31.468,1
6.083857,30.184,81.986,31.211,1
6.084456,27.852,84.616,31.214,1
6.085061,27.552,87.071,31.021,1
6.085521,36.201,81.688,31.002,1
6.086072,30.266,81.111,31.030,1
6.086622,30.279,80.794,30.884,1
6.087179,29.935,80.976,30.986,1
6.087816,26.163,86.132,30.821,1
6.088356,30.854,81.018,30.727,1
6.088926,29.232,81.934,30.779,1
6.089472,30.527,81.458,30.844,1
6.090013,30.821,81.030,30.622,1
6.090566,30.139,81.242,30.541,1
6.091109,30.696,80.870,30.626,1
6.091667,29.855,81.830,30.671,1
6.092234,29.398,81.616,30.378,1
6.092892,25.335,88.227,30.627,1
6.093354,36.108,81.311,30.449,1
6.093913,29.822,81.707,30.494,1
6.094472,29.773,82.177,30.662,1
6.095005,31.270,81.486,30.439,1
6.095550,30.596,80.776,30.428,1
6.096105,30.045,81.282,30.871,1
6.096686,28.696,82.999,30.587,1
6.097229,30.677,81.298,30.848,1
6.097781,30.185,81.863,30.845,1
6.098325,30.658,81.367,30.875,1
6.098893,29.326,81.142,30.748,1
6.099486,28.096,81.802,30.861,1
6.100030,30.628,81.508,30.795,1
6.100571,30.834,81.211,31.081,1
6.101140,29.272,82.298,30.999,1
6.101819,24.548,90.086,31.256,1
6.102225,41.086,81.040,30.985,1
6.102778,30.137,81.077,31.201,1
6.103369,28.208,83.646,31.288,1
6.103877,32.820,81.012,30.971,1
6.104416,30.880,80.765,31.001,1
6.105024,27.439,81.606,31.082,1
6.105571,30.458,81.332,31.010,1
6.106123,30.212,81.334,30.912,1
6.106696,29.087,81.460,30.877,1
6.107245,30.307,81.302,30.816,1
6.107801,29.975,81.540,30.986,1
6.108346,30.618,81.082,30.648,1
6.108907,29.709,81.621,30.845,1
6.109567,25.261,88.412,30.667,1
6.110031,35.897,82.023,30.806,1
6.110599,29.360,82.883,30.811,1
6.111126,31.620,81.343,30.795,1
6.111695,29.287,82.359,30.775,1
6.112227,31.315,81.185,30.776,1
6.112780,30.155,81.758,30.976,1
6.113332,30.162,81.821,30.868,1
6.113885,30.175,81.863,30.895,1
6.114414,31.455,80.518,30.739,1
6.115007,28.132,81.261,30.990,1
6.115551,30.619,81.348,31.069,1
6.116102,30.259,81.338,30.811,1
6.116695,28.091,81.218,30.900,1
6.117251,30.003,81.385,30.973,1
6.117845,28.044,84.234,31.045,1
6.118442,27.898,86.557,30.830,1
6.118902,36.304,80.951,30.849,1
6.119461,29.774,81.371,30.849,1
6.120022,29.741,80.908,30.820,1
6.120573,30.245,81.345,30.724,1
6.121121,30.376,81.149,30.556,1
6.121679,29.896,81.954,30.300,1
6.122229,30.322,81.295,30.456,1
6.122773,30.604,81.414,30.274,1
6.123316,30.734,81.293,30.384,1
6.123864,30.406,80.986,30.390,1
6.124409,30.580,81.227,30.352,1
6.124949,30.833,80.743,30.216,1
6.125507,29.875,81.025,30.388,1
6.126100,28.109,83.226,30.498,1
6.126697,27.923,85.255,30.288,1
6.127186,34.108,81.481,30.392,1
6.127727,30.767,80.860,30.424,1
6.128288,29.708,81.193,30.289,1
6.128903,27.126,82.943,30.425,1
6.129415,32.524,80.705,30.483,1
6.129962,30.468,81.235,30.378,1
6.130556,28.070,83.896,30.709,1
6.131099,30.698,81.550,30.538,1
6.131652,30.104,81.026,30.628,1
6.132230,28.876,81.295,30.594,1
6.132776,30.517,81.038,30.739,1
6.133353,28.851,81.517,30.931,1
6.133892,30.952,81.097,30.651,1
6.134463,29.169,82.275,30.706,1
6.135129,25.040,89.067,30.792,1
6.135600,35.383,83.586,30.629,1
6.136107,32.854,81.463,30.737,1
6.136656,30.387,81.237,30.597,1
6.137251,28.008,82.546,30.478,1
6.137773,31.930,81.116,30.633,1
6.138323,30.272,81.229,30.511,1
6.138893,29.251,81.146,30.508,1
6.139442,30.351,80.992,30.522,1
6.139991,30.390,81.235,30.535,1
6.140549,29.824,82.182,30.494,1
6.141086,31.081,81.301,30.527,1
6.141625,30.912,81.233,30.596,1
6.142172,30.460,80.903,30.619,1
6.142748,28.932,82.150,30.672,1
6.143410,25.183,88.516,30.596,1
6.143877,35.653,83.264,30.774,1
6.144406,31.503,81.699,30.984,1
6.144957,30.251,81.357,30.770,1
6.145512,30.047,81.377,30.844,1
6.146078,29.442,81.950,30.916,1
6.146630,30.220,81.436,30.851,1
6.147169,30.913,80.650,30.963,1
6.147785,27.035,84.392,30.888,1
6.148341,29.979,81.155,31.125,1
6.148887,30.558,81.071,30.809,1
6.149434,30.459,81.311,31.011,1
6.149981,30.461,81.366,30.859,1
6.150538,29.917,82.110,31.068,1
6.151092,30.073,82.420,30.993,1
6.151736,25.898,87.798,31.074,1
6.152204,35.629,82.736,31.123,1
6.152763,29.815,81.506,31.031,1
6.153312,30.351,81.721,30.886,1
6.153858,30.490,81.508,30.689,1
6.154416,29.863,82.087,30.897,1
6.155026,27.340,81.190,30.707,1
6.155575,30.350,81.142,30.648,1
6.156147,29.174,82.519,30.586,1
6.156670,31.857,80.861,30.798,1
6.157227,29.897,81.464,30.460,1
6.157782,30.023,81.692,30.303,1
6.158358,28.970,81.176,30.273,1
6.158913,30.027,81.686,30.295,1
6.159477,29.550,82.475,30.131,1
6.160011,31.215,81.516,30.378,1
6.160560,30.331,81.475,30.311,1
6.161128,29.339,82.699,30.217,1
6.161654,31.720,81.079,30.351,1
6.162206,30.156,81.446,30.151,1
6.162753,30.464,81.246,30.378,1
6.163348,28.025,81.438,30.254,1
6.163915,29.409,81.949,30.392,1
6.164465,30.275,81.846,30.407,1
6.165013,30.413,81.807,30.344,1
6.165555,30.755,81.115,30.420,1
6.166104,30.352,81.175,30.536,1
6.166662,29.908,81.596,30.463,1
6.167199,31.005,81.071,30.608,1
6.167811,27.253,84.539,30.226,1
6.168488,24.590,89.938,30.427,1
6.168927,38.044,83.139,30.455,1
6.169464,30.993,82.467,30.478,1
6.170027,29.617,81.211,30.448,1
6.170580,30.153,81.415,30.573,1
6.171124,30.605,81.246,30.428,1
6.171693,29.299,82.332,30.365,1
6.172225,31.360,81.000,30.316,1
6.172798,29.058,82.500,30.547,1
6.173336,31.017,81.893,30.612,1
6.173894,29.858,81.165,30.440,1
6.174456,29.668,82.212,30.455,1
6.175011,30.013,81.346,30.688,1
6.175562,30.217,81.345,30.504,1
6.176150,28.353,83.536,30.763,1
6.176763,27.203,85.350,30.696,1
6.177270,32.898,83.174,30.628,1
6.177800,31.412,81.604,30.658,1
6.178342,30.743,81.013,30.879,1
6.178889,30.472,80.944,31.002,1
6.179444,30.046,81.123,30.825,1
6.179995,30.225,81.603,31.016,1
6.180546,30.268,81.546,30.879,1
6.181089,30.704,80.951,30.954,1
6.181679,28.225,81.449,30.877,1
6.182229,30.312,81.314,30.805,1
6.182772,30.716,81.318,30.709,1
6.183362,28.261,81.346,30.795,1
6.183912,30.276,81.315,30.466,1
6.184477,29.503,82.059,30.575,1
6.185122,25.853,87.580,30.393,1
6.185558,38.197,81.050,30.533,1
6.186110,30.189,81.012,30.394,1
6.186653,30.720,80.954,30.332,1
6.187214,29.670,82.015,30.565,1
6.187752,30.993,80.754,30.386,1
6.188298,30.536,80.979,30.578,1
6.188841,30.683,81.007,30.172,1
6.189399,29.857,81.013,30.332,1
6.189954,30.043,81.111,30.519,1
6.190537,28.595,82.749,30.433,1
6.191065,31.533,80.896,30.435,1
6.191617,30.200,80.933,30.447,1
6.192177,29.759,81.219,30.541,1
6.192745,29.351,81.949,30.267,1
6.193433,24.239,89.392,30.441,1
6.193862,38.805,82.169,30.360,1
6.194416,30.120,81.980,30.303,1
6.195007,28.169,81.126,30.181,1
6.195562,30.064,81.301,30.290,1
6.196115,30.118,81.929,30.514,1
6.196648,31.250,81.113,30.671,1
6.197239,28.237,82.035,30.977,1
6.197804,29.488,83.246,31.280,1
6.198352,30.419,81.212,31.208,1
6.198899,30.464,80.930,31.289,1
6.199456,29.897,81.216,31.286,1
6.200004,30.432,81.522,31.216,1
6.200551,30.473,81.228,30.942,1
6.201100,30.337,81.590,30.998,1
6.201784,24.378,89.713,30.900,1
6.202203,39.812,81.793,30.890,1
6.202741,30.930,81.604,30.798,1
6.203288,30.466,81.016,31.003,1
6.203902,27.188,82.924,30.981,1
6.204465,29.577,83.694,30.971,1
6.205051,28.435,82.626,30.995,1
6.205600,30.382,82.703,30.832,1
6.206172,29.104,84.189,31.264,1
6.206662,34.053,81.164,31.255,1
6.207245,28.559,83.022,31.679,1
6.207805,29.788,83.938,31.616,1
6.208372,29.401,81.878,31.916,1
6.208923,30.235,82.377,32.374,1
6.209462,30.936,81.555,32.246,1
6.210127,25.053,88.334,32.620,1
6.210574,37.318,82.388,32.546,1
6.211138,29.517,83.325,33.139,1
6.211662,31.849,81.582,33.376,1
6.212241,28.767,82.023,33.820,1
6.212782,30.788,81.693,33.235,1
6.213349,29.428,80.705,33.572,1
6.213919,29.242,81.929,33.303,1
6.214468,30.351,81.918,33.350,1
6.215028,29.751,81.317,32.662,1
6.215595,29.372,82.493,32.783,1
6.216127,31.342,81.489,32.519,1
6.216697,29.264,82.441,32.730,1
6.217244,30.422,82.240,33.329,1
6.217779,31.161,81.859,32.702,1
6.218456,24.631,87.138,32.884,1
6.218915,36.312,81.321,32.451,1
6.219462,30.485,80.975,32.692,1
6.220028,29.405,81.333,32.275,1
6.220580,30.218,81.447,32.583,1
6.221145,29.504,82.446,32.560,1
6.221691,30.548,81.132,32.726,1
6.222253,29.643,82.156,32.562,1
6.222812,29.815,82.530,32.634,1
6.223372,29.736,83.041,32.756,1
6.223904,31.334,81.869,32.428,1
6.224466,29.652,83.014,32.639,1
6.224989,31.913,81.480,32.246,1
6.225543,30.040,81.745,32.666,1
6.226099,30.014,81.646,32.566,1
6.226746,25.763,87.341,32.761,1
6.227217,35.316,82.582,32.930,1
6.227747,31.457,81.561,32.557,1
6.228303,29.983,81.852,32.792,1
6.228875,29.167,82.962,32.136,1
6.229442,29.368,83.684,32.302,1
6.229959,32.245,81.342,32.420,1
6.230532,29.093,82.437,32.642,1
6.231147,27.090,86.001,32.853,1
6.231628,34.648,81.681,32.678,1
6.232178,30.306,81.180,32.813,1
6.232763,28.507,82.910,32.475,1
6.233322,29.779,81.874,32.541,1
6.233887,29.540,83.228,32.317,1
6.234431,30.598,81.527,32.360,1
6.235106,24.703,89.033,32.374,1
6.235564,36.399,81.453,32.958,1
6.236110,30.535,81.629,32.666,1
6.236677,29.402,82.522,33.017,1
6.237252,28.953,82.674,32.551,1
6.237777,31.781,81.369,32.579,1
6.238355,28.819,81.218,32.600,1
6.238906,30.253,81.380,32.635,1
6.239455,30.351,81.171,32.572,1
6.240025,29.231,81.079,32.874,1
6.240579,30.108,81.446,32.634,1
6.241125,30.484,81.343,32.714,1
6.241667,30.790,80.773,32.659,1
6.242226,29.805,81.119,32.711,1
6.242794,29.344,81.031,32.122,1
6.243446,25.559,87.437,32.099,1
6.243891,37.430,81.077,32.472,1
6.244472,28.707,82.736,32.441,1
6.244995,31.864,81.534,32.852,1
6.245559,29.518,81.430,32.536,1
6.246106,30.477,81.425,32.702,1
6.246658,30.197,81.422,32.885,1
6.247204,30.532,81.270,32.590,1
6.247829,26.688,85.611,32.731,1
6.248341,32.529,83.555,32.264,1
6.248900,29.839,81.538,32.763,1
6.249468,29.308,83.268,32.492,1
6.250014,30.547,80.828,32.761,1
6.250571,29.890,81.580,32.469,1
6.251152,28.710,83.596,32.627,1
6.251774,26.796,88.321,32.603,1
6.252251,34.965,84.000,32.018,1
6.252764,32.486,81.762,32.197,1
6.253358,28.037,81.352,32.342,1
6.253909,30.268,81.499,32.701,1
6.254461,30.181,81.513,33.029,1
6.255021,29.773,82.072,32.607,1
6.255592,29.187,83.145,32.629,1
6.256159,29.395,84.605,32.673,1
6.256699,30.879,81.817,32.251,1
6.257241,30.696,81.531,32.334,1
6.257794,30.154,81.575,32.165,1
6.258337,30.730,81.490,32.072,1
6.258913,28.908,82.389,32.305,1
6.259474,29.697,82.941,32.598,1
6.260142,24.969,88.166,32.327,1
6.260579,38.141,81.728,32.526,1
6.261125,30.504,81.391,32.231,1
6.261672,30.483,81.038,32.289,1
6.262248,28.929,82.521,31.978,1
6.262813,29.519,83.808,32.469,1
6.263323,32.679,81.320,32.774,1
6.263869,30.510,81.038,32.573,1
6.264439,29.226,82.029,32.744,1
6.265028,28.290,81.284,32.364,1
6.265581,30.169,81.558,32.637,1
6.266128,30.450,81.536,32.236,1
6.266713,28.473,82.420,32.386,1
6.267238,31.771,81.289,32.230,1
6.267793,30.048,81.991,32.498,1
6.268402,27.335,85.555,32.601,1
6.268913,32.625,82.448,32.646,1
6.269464,30.242,82.935,32.516,1
6.269982,32.221,81.053,32.545,1
6.270534,30.167,81.138,32.246,1
6.271130,27.978,83.416,32.350,1
6.271654,31.811,82.190,32.187,1
6.272260,27.492,83.220,32.759,1
6.272790,31.418,82.408,32.489,1
6.273375,28.498,82.333,32.692,1
6.273927,30.212,81.588,32.255,1
6.274491,29.566,82.745,32.346,1
6.275008,32.193,81.115,32.758,1
6.275559,30.295,81.471,32.107,1
6.276148,28.293,83.931,31.961,1
6.276789,26.002,89.256,32.566,1
6.277227,37.977,81.212,32.423,1
6.277816,28.307,83.788,32.668,1
6.278352,31.097,81.130,32.430,1
6.278985,26.344,85.943,32.361,1
6.279462,34.941,81.508,32.279,1
6.280017,30.037,81.198,32.508,1
6.280568,30.208,81.153,32.175,1
6.281228,25.278,87.590,32.609,1
6.281662,38.348,81.105,32.555,1
6.282240,28.864,82.021,32.465,1
6.282841,27.705,85.540,32.689,1
6.283373,31.334,81.984,32.148,1
6.283908,31.150,81.510,32.339,1
6.284491,28.628,83.416,32.174,1
6.285113,26.785,87.978,32.054,1
6.285574,36.131,82.094,32.403,1
6.286119,30.583,82.201,32.459,1
6.286663,30.663,81.759,32.517,1
6.287203,30.851,81.081,32.642,1
6.287774,29.156,82.321,32.372,1
6.288352,28.854,81.215,32.436,1
6.288917,29.511,81.929,32.618,1
6.289456,30.885,81.251,32.252,1
6.290004,30.419,81.022,32.441,1
6.290551,30.471,80.962,32.428,1
6.291113,29.696,81.696,32.920,1
6.291692,28.750,81.403,32.588,1
6.292229,31.042,81.039,32.841,1
6.292789,29.769,81.824,32.394,1
6.293393,27.615,85.458,32.556,1
6.293895,33.180,82.472,32.225,1
6.294508,27.191,86.118,32.305,1
6.295027,32.095,81.310,32.256,1
6.295574,30.487,81.104,33.036,1
6.296147,29.101,82.608,32.778,1
6.296679,31.289,81.758,32.794,1
6.297214,31.145,81.308,32.875,1
6.297834,26.898,85.408,32.529,1
6.298315,34.641,81.348,32.772,1
6.298859,30.637,81.216,32.503,1
6.299485,26.623,85.896,32.830,1
6.300004,32.120,84.124,32.601,1
6.300565,29.689,81.290,32.603,1
6.301121,29.987,81.734,32.804,1
6.301795,24.736,87.307,32.419,1
6.302230,38.276,80.878,32.729,1
6.302841,27.296,84.341,32.724,1
6.303337,33.607,81.614,32.221,1
6.303883,30.532,81.628,32.547,1
6.304462,28.798,83.515,32.588,1
6.304975,32.433,81.290,32.850,1
6.305531,29.994,81.545,33.455,1
6.306115,28.541,84.042,32.948,1
6.306619,33.065,80.930,33.100,1
6.307198,28.790,82.527,32.721,1
6.307774,28.955,83.752,32.832,1
6.308359,28.450,81.187,32.377,1
6.308910,30.257,81.617,32.905,1
6.309509,27.833,84.427,32.775,1
6.310134,26.666,88.133,32.834,1
6.310575,37.793,81.427,32.761,1
6.311128,30.123,81.496,32.493,1
6.311672,30.637,81.091,32.576,1
6.312234,29.696,81.662,32.284,1
6.312811,28.872,83.229,32.572,1
6.313336,31.732,81.675,32.247,1
6.313889,30.130,81.741,32.573,1
6.314522,26.330,87.026,32.618,1
6.315030,32.852,81.356,32.806,1
6.315600,29.219,82.688,32.638,1
6.316134,31.192,81.964,32.653,1
6.316676,30.752,81.472,32.670,1
6.317237,29.725,82.330,32.072,1
6.317799,29.649,83.326,32.096,1
6.318472,24.778,87.934,32.598,1
6.318901,38.849,81.097,32.378,1
6.319494,28.092,83.548,32.560,1
6.320031,31.066,82.599,32.451,1
6.320562,31.343,81.402,32.602,1
6.321128,29.434,82.797,32.433,1
6.321704,28.951,81.869,32.424,1
6.322273,29.321,83.380,32.032,1
6.322880,27.445,86.706,32.548,1
6.323363,34.507,82.752,32.499,1
6.323902,30.898,81.324,32.708,1
6.324507,27.583,83.115,32.524,1
6.325045,30.952,82.283,32.705,1
6.325584,30.927,81.152,32.448,1
6.326148,29.567,82.172,32.425,1
6.326808,25.225,89.207,31.966,1
6.327219,40.560,81.255,32.056,1
6.327859,26.043,86.934,32.389,1
6.328304,37.496,81.010,33.008,1
6.328846,30.720,80.907,32.938,1
6.329485,26.092,84.757,33.174,1
6.329998,32.510,82.365,33.112,1
6.330524,31.669,81.519,33.059,1
6.331144,26.898,85.727,33.171,1
6.331622,34.861,81.215,32.498,1
6.332194,29.108,82.312,33.012,1
6.332839,25.862,87.683,32.698,1
6.333360,31.982,84.996,32.861,1
6.333844,34.420,81.016,31.969,1
6.334487,25.922,86.394,32.219,1
6.335043,29.980,85.978,31.790,1
6.335557,32.418,81.294,30.920,1
6.336185,26.540,86.164,30.994,1
6.336662,34.976,82.184,30.431,1
6.337199,31.002,81.733,30.199,1
6.337800,27.752,83.647,29.431,1
6.338356,29.951,81.011,29.368,1
6.338909,30.166,81.084,28.935,1
6.339489,28.709,83.291,28.659,1
6.340034,30.592,81.671,28.018,1
6.340575,30.794,81.227,28.003,1
6.341183,27.401,85.122,27.636,1
6.341664,34.656,81.122,27.737,1
6.342227,29.610,81.669,27.593,1
6.342839,27.250,85.407,27.173,1
6.343392,30.121,85.474,27.331,1
6.343866,35.165,80.783,27.255,1
6.344490,26.698,85.293,27.354,1
6.345039,30.371,82.278,27.137,1
6.345574,31.161,81.488,27.419,1
6.346182,27.408,84.831,27.172,1
6.346670,34.147,81.008,27.446,1
6.347223,30.132,81.000,27.205,1
6.347854,26.433,86.170,27.482,1
6.348353,33.379,81.045,27.274,1
6.348921,29.354,82.336,27.637,1
6.349498,28.870,84.379,27.399,1
6.349989,33.950,80.989,27.706,1
6.350558,29.303,81.378,27.541,1
6.351178,26.876,85.644,27.715,1
6.351735,29.909,86.370,27.604,1
6.352238,33.143,81.946,27.859,1
6.352872,26.303,86.834,27.891,1
6.353354,34.573,82.654,27.657,1
6.353886,31.349,81.478,27.958,1
6.354525,26.075,86.736,27.654,1
6.355027,33.175,81.277,27.572,1
6.355571,30.643,80.960,27.890,1
6.356200,26.500,85.892,27.573,1
6.356700,33.349,83.069,27.828,1
6.357217,32.244,81.445,27.415,1
6.357850,26.328,86.259,27.668,1
6.358358,32.795,81.293,27.500,1
6.358906,30.387,81.230,27.577,1
6.359524,27.000,85.302,27.226,1
6.360146,26.760,89.616,27.565,1
6.360555,40.782,80.987,27.184,1
6.361209,25.486,87.497,27.412,1
6.361668,36.286,82.062,27.145,1
6.362228,29.799,81.294,27.310,1
6.362869,25.979,84.571,26.925,1
6.363366,33.561,81.237,27.195,1
6.363917,30.254,81.507,27.221,1
6.364533,27.022,85.961,26.858,1
6.365021,34.206,81.132,27.171,1
6.365562,30.818,80.904,26.963,1
6.366185,26.719,85.663,26.965,1
6.366658,35.263,81.421,27.154,1
6.367221,29.614,80.897,26.836,1
6.367875,25.482,87.285,27.145,1
6.368451,28.914,87.168,26.855,1
6.368909,36.383,82.009,27.103,1
6.369543,26.315,86.864,27.158,1
6.370031,34.158,81.430,26.930,1
6.370577,30.504,81.334,27.213,1
6.371232,25.433,87.840,27.127,1
6.371718,34.347,82.700,27.189,1
6.372245,31.622,81.211,26.930,1
6.372883,26.104,86.933,27.300,1
6.373360,34.912,82.604,27.269,1
6.373905,30.583,81.392,27.457,1
6.374529,26.735,86.073,27.173,1
6.375032,33.110,82.341,27.504,1
6.375562,31.463,81.400,27.274,1
6.376230,24.931,88.923,27.659,1
6.376786,29.983,89.174,27.445,1
6.377242,36.555,82.141,27.651,1
6.377873,26.416,86.874,27.713,1
6.378375,33.237,82.354,27.401,1
6.378913,30.939,81.910,27.698,1
6.379556,25.950,87.609,27.431,1
6.380025,35.501,81.613,27.744,1
6.380570,30.596,81.137,27.481,1
6.381220,25.620,87.770,27.699,1
6.381678,36.387,82.134,27.763,1
6.382225,30.479,81.109,27.365,1
6.382924,23.859,89.940,27.669,1
6.383357,38.482,81.453,27.355,1
6.383910,30.122,81.540,27.643,1
6.384571,25.219,88.607,27.370,1
6.385047,35.024,83.014,27.584,1
6.385598,30.244,82.891,27.340,1
6.386229,26.413,88.217,27.566,1
6.386677,37.163,82.011,27.240,1
6.387223,30.559,81.018,27.564,1
6.387873,25.651,87.392,27.376,1
6.388353,34.730,81.015,27.425,1
6.388904,30.234,81.305,27.206,1
6.389564,25.255,87.777,27.567,1
6.390031,35.695,81.483,27.436,1
6.390573,30.733,81.086,27.491,1
6.391231,25.337,87.785,27.261,1
6.391693,36.088,81.571,27.665,1
6.392235,30.718,81.509,27.367,1
6.392909,24.749,88.792,27.670,1
6.393445,31.080,88.062,27.696,1
6.393922,34.939,84.289,27.332,1
6.394440,32.165,82.090,27.583,1
6.395025,28.483,81.111,27.220,1
6.395578,30.162,81.387,27.576,1
6.396222,25.885,87.243,27.219,1
6.396658,38.220,80.899,27.287,1
6.397226,29.315,81.262,27.307,1
6.397778,30.203,81.765,27.525,1
6.398330,30.174,81.778,27.523,1
6.398906,28.955,82.023,27.201,1
6.399433,31.642,81.089,27.441,1
6.400039,27.487,81.959,27.111,1
6.400616,28.884,83.687,27.368,1
6.401257,26.003,89.354,27.160,1
6.401842,28.510,90.410,27.308,1
6.402234,42.458,81.129,27.010,1
6.402809,29.014,82.859,27.336,1
6.403347,30.942,82.024,27.396,1
6.403916,29.325,82.572,27.147,1
6.404433,32.182,81.134,27.413,1
6.405027,28.063,81.251,27.208,1
6.405578,30.288,81.383,27.450,1
6.406154,28.930,83.171,27.348,1
6.406662,32.811,81.136,27.426,1
6.407221,29.794,80.938,27.082,1
6.407770,30.341,80.995,27.358,1
6.408309,30.974,80.446,27.431,1
6.408903,28.038,81.865,27.136,1
6.409433,31.421,81.108,27.423,1
6.410145,23.430,88.928,27.161,1
6.410564,39.746,81.486,27.308,1
6.411166,27.676,84.473,27.392,1
6.411707,30.827,83.793,27.043,1
6.412228,32.001,81.346,27.256,1
6.412762,31.183,80.539,27.224,1
6.413356,28.051,81.390,26.898,1
6.413928,29.152,82.534,27.137,1
6.414474,30.528,82.273,26.992,1
6.415067,28.124,83.464,26.953,1
6.415593,31.687,82.644,27.256,1
6.416142,30.351,82.391,27.112,1
6.416683,30.777,82.217,27.175,1
6.417222,30.942,80.908,26.968,1
6.417793,29.161,82.701,27.153,1
6.418443,25.639,89.157,27.070,1
6.418908,35.849,82.124,27.279,1
6.419451,30.732,81.562,27.165,1
6.420010,29.777,82.442,27.460,1
6.420586,28.938,83.079,27.306,1
6.421155,29.332,84.235,27.561,1
6.421705,30.297,84.530,27.522,1
6.422249,30.626,82.597,27.682,1
6.422787,30.980,81.738,27.456,1
6.423368,28.691,81.909,27.713,1
6.423908,30.863,81.348,27.596,1
6.424453,30.589,81.330,27.745,1
6.425032,28.747,81.631,27.423,1
6.425599,29.411,82.672,27.714,1
6.426136,31.068,82.016,27.526,1
6.426801,25.059,88.833,27.727,1
6.427241,37.884,82.014,27.579,1
6.427776,31.105,81.293,27.777,1
6.428354,28.851,81.053,27.681,1
6.428903,30.384,81.104,27.776,1
6.429451,30.400,80.970,27.494,1
6.430038,28.382,82.028,27.811,1
6.430584,30.520,81.762,27.578,1
6.431122,30.972,81.257,27.853,1
6.431689,29.388,82.076,27.842,1
6.432252,29.648,82.525,27.945,1
6.432779,31.622,81.461,27.645,1
6.433352,29.064,81.007,27.871,1
6.433902,30.331,81.072,27.688,1
6.434475,29.048,82.360,27.808,1
6.435107,26.403,87.514,27.471,1
6.435569,36.077,82.006,27.691,1
6.436106,31.015,81.453,27.499,1
6.436652,30.550,81.041,27.685,1
6.437212,29.715,81.261,27.717,1
6.437775,29.623,81.866,27.359,1
6.438337,29.662,82.155,27.450,1
6.438879,30.743,81.575,27.584,1
6.439430,30.241,81.355,27.339,1
6.439995,29.516,82.632,27.558,1
6.440522,31.637,81.646,27.313,1
6.441080,29.836,82.062,27.584,1
6.441664,28.573,81.728,27.248,1
6.442236,29.130,81.798,27.579,1
6.442789,30.133,82.338,27.334,1
6.443483,23.995,89.220,27.636,1
6.443939,36.609,83.710,27.496,1
6.444468,31.487,82.851,27.550,1
6.444990,31.905,81.390,27.289,1
6.445547,29.931,80.751,27.555,1
6.446117,29.242,81.962,27.444,1
6.446669,30.181,81.811,27.529,1
6.447232,29.625,82.535,27.263,1
6.447779,30.452,82.086,27.496,1
6.448353,29.025,81.190,27.259,1
6.448903,30.338,81.277,27.515,1
6.449454,30.236,81.769,27.260,1
6.449995,30.788,81.587,27.474,1
6.450557,29.668,81.338,27.197,1
6.451115,29.880,82.033,27.409,1
6.451734,26.919,85.979,27.109,1
6.452229,33.653,81.441,27.369,1
6.452767,30.976,80.820,27.220,1
6.453368,27.748,81.900,27.589,1
6.453919,30.237,81.630,27.401,1
6.454512,28.103,84.112,27.811,1
6.455022,32.728,81.212,27.693,1
6.455567,30.543,81.371,27.833,1
6.456120,30.177,81.552,27.954,1
6.456663,30.660,81.194,28.587,1
6.457230,29.401,81.979,28.535,1
6.457778,30.404,81.499,28.959,1
6.458326,30.420,81.410,29.224,1
6.458874,30.392,81.288,29.691,1
6.459432,29.901,81.724,30.142,1
6.460057,26.651,86.145,30.570,1
6.460521,35.942,80.914,30.939,1
6.461083,29.673,81.917,31.412,1
6.461623,30.819,81.003,31.698,1
6.462202,28.795,81.411,32.074,1
6.462755,30.157,81.335,32.981,1
6.463357,27.698,81.332,33.008,1
6.463909,30.195,81.619,33.554,1
6.464448,30.898,80.888,33.020,1
6.465038,28.268,81.928,33.147,1
6.465570,31.308,80.974,32.957,1
6.466119,30.368,80.883,33.299,1
6.466678,29.813,81.370,32.804,1
6.467223,30.576,81.074,32.794,1
6.467767,30.629,81.158,32.743,1
6.468498,22.808,89.811,32.727,1
6.468917,39.768,82.111,32.758,1
6.469452,31.120,81.615,32.590,1
6.469995,30.710,81.112,32.695,1
6.470558,29.629,81.116,32.619,1
6.471105,30.461,80.842,32.870,1
6.471694,28.279,81.205,32.614,1
6.472244,30.299,81.068,32.569,1
6.472801,29.945,81.307,32.574,1
6.473364,29.607,82.121,32.707,1
6.473893,31.483,81.275,32.397,1
6.474434,30.803,80.610,32.439,1
6.475025,28.227,81.140,32.636,1
6.475586,29.672,81.939,32.694,1
6.476116,31.483,80.898,32.469,1
6.476796,24.502,88.711,32.634,1
6.477216,39.705,81.186,32.649,1
6.477765,30.358,81.177,32.652,1
6.478316,30.218,81.795,32.923,1
6.478856,30.851,81.178,32.779,1
6.479424,29.374,81.143,33.027,1
6.479963,30.931,80.965,32.737,1
6.480555,28.137,81.003,32.910,1
6.481095,30.883,80.812,32.676,1
6.481687,28.145,81.579,33.084,1
6.482221,31.202,80.933,32.704,1
6.482770,30.343,81.317,32.722,1
6.483331,29.715,81.859,32.509,1
6.483892,29.715,81.190,32.738,1
6.484441,30.388,80.957,32.560,1
6.485047,27.477,84.932,32.858,1
6.485534,34.242,81.061,32.530,1
6.486085,30.261,80.999,32.869,1
6.486623,30.966,80.912,32.572,1
6.487194,29.168,80.992,32.881,1
6.487750,30.016,80.950,32.629,1
6.488353,27.636,81.023,32.501,1
6.488905,30.168,81.402,32.456,1
6.489460,30.049,81.559,32.639,1
6.490029,29.280,81.631,32.430,1
6.490576,30.478,81.392,32.762,1
6.491126,30.282,81.384,32.264,1
6.491698,29.142,81.521,32.325,1
6.492245,30.482,81.774,32.516,1
6.492780,31.132,80.974,32.662,1
6.493465,24.350,88.299,32.361,1
6.493951,34.250,84.827,32.504,1
6.494470,32.132,83.344,32.585,1
6.495021,30.260,80.892,32.788,1
6.495570,30.351,81.277,32.606,1
6.496120,30.317,81.678,32.620,1
6.496658,30.971,81.266,32.412,1
6.497221,29.577,80.975,32.350,1
6.497791,29.251,82.590,32.610,1
6.498362,29.189,81.377,32.839,1
6.498919,29.905,81.129,32.555,1
6.499464,30.591,81.459,32.741,1
6.500009,30.613,80.965,32.870,1
6.500553,30.608,80.898,32.842,1
6.501099,30.513,81.094,32.796,1
6.501752,25.521,87.150,32.922,1
6.502223,35.432,82.338,32.562,1
6.502772,30.338,82.138,32.927,1
6.503391,26.940,83.412,32.699,1
6.503910,32.074,81.906,32.884,1
6.504448,30.998,81.574,32.653,1
6.505017,29.272,82.667,32.783,1
6.505589,29.147,83.265,32.507,1
6.506132,30.683,83.098,32.619,1
6.506719,28.411,82.758,32.311,1
6.507259,30.865,82.473,32.333,1
6.507801,30.771,82.001,32.515,1
6.508357,29.935,81.415,32.643,1
6.508902,30.601,81.219,32.378,1
6.509447,30.585,80.765,32.342,1
6.510093,25.799,85.374,32.450,1
6.510570,34.936,80.997,32.453,1
6.511122,30.181,81.153,32.408,1
6.511673,30.281,81.218,32.487,1
6.512232,29.792,81.641,32.860,1
6.512809,28.873,83.394,32.541,1
6.513353,30.644,81.081,32.636,1
6.513921,29.347,82.389,32.924,1
6.514476,30.038,,32.808,1
6.514995,32.143,,22.282,1
6.515581,28.400,,33.145,1
6.516084,33.166,,32.773,1
6.516680,27.962,,32.736,1
6.517184,33.069,,32.828,1
6.517742,29.878,,32.807,1
6.518448,23.609,,32.939,1
6.518851,41.373,,32.702,1
6.519389,30.952,,32.812,1
6.519953,29.548,,32.795,1
6.520500,30.456,,32.722,1
6.521066,29.487,,32.781,1
6.521639,29.072,,32.518,1
6.522170,31.376,,32.786,1
6.522726,29.957,81.037,32.531,1
6.523284,29.892,81.072,32.720,1
6.523881,27.913,80.885,32.576,1
6.524437,29.982,81.361,32.704,1
6.525020,28.591,80.949,32.723,1
6.525572,30.196,81.436,32.736,1
6.526121,30.366,81.219,32.918,1
6.526759,26.098,86.955,32.748,1
6.527236,34.965,82.596,32.991,1
6.527763,31.604,81.251,32.654,1
6.528357,28.073,81.339,32.594,1
6.528900,30.711,80.932,32.735,1
6.529468,29.345,82.053,32.898,1
6.530028,29.739,81.494,32.752,1
6.530636,27.402,84.967,32.836,1
6.531117,34.677,80.868,32.760,1
6.531672,30.054,81.741,32.864,1
6.532205,31.221,80.797,32.912,1
6.532791,28.479,83.467,33.115,1
6.533355,29.557,81.119,32.638,1
6.533905,30.281,81.207,32.776,1
6.534451,30.542,80.983,32.742,1
6.535078,26.559,86.035,32.944,1
6.535546,35.608,81.526,32.635,1
6.536090,30.654,81.145,32.748,1
6.536658,29.363,81.447,32.917,1
6.537204,30.503,81.347,32.785,1
6.537782,28.818,82.959,32.962,1
6.538297,32.366,81.068,32.719,1
6.538846,30.353,81.144,32.600,1
6.539400,30.109,81.063,32.711,1
6.539956,29.959,81.369,32.973,1
6.540516,29.762,81.606,32.584,1
6.541082,29.454,82.227,32.629,1
6.541626,30.630,81.495,32.716,1
6.542213,28.390,80.822,32.422,1
6.542792,28.776,82.925,32.800,1
6.543449,25.370,86.862,32.546,1
6.543973,31.824,85.462,32.753,1
6.544475,33.199,82.477,32.465,1
6.545070,28.018,83.876,32.652,1
6.545619,30.336,82.524,32.595,1
6.546196,28.909,84.585,32.735,1
6.546738,30.759,82.151,32.394,1
6.547283,30.543,81.806,32.740,1
6.547830,30.508,81.974,32.397,1
6.548369,30.919,81.147,32.781,1
6.548911,30.735,80.950,32.571,1
6.549465,30.096,81.279,32.823,1
6.550033,29.353,82.742,32.695,1
6.550568,31.146,82.101,32.785,1
6.551108,30.853,81.606,32.760,1
6.551774,25.026,88.413,32.787,1
6.552227,36.819,81.312,32.779,1
6.552765,30.960,81.042,33.112,1
6.553354,28.299,81.094,32.727,1
6.553903,30.344,81.130,33.022,1
6.554451,30.436,81.024,32.723,1
6.554992,30.762,81.156,32.938,1
6.555540,30.448,81.054,32.961,1
6.556091,30.245,81.386,32.924,1
6.556641,30.319,81.740,32.738,1
6.557179,30.946,81.202,32.676,1
6.557728,30.374,81.000,32.824,1
6.558299,29.192,82.004,32.588,1
6.558851,30.182,81.854,32.895,1
6.559396,30.565,80.911,32.620,1
6.560031,26.253,85.926,32.895,1
6.560581,30.282,85.718,32.572,1
6.561077,33.602,81.980,32.515,1
6.561624,30.522,81.086,32.687,1
6.562192,29.298,82.272,32.894,1
6.562734,30.793,81.190,33.258,1
6.563313,28.783,82.726,33.251,1
6.563894,28.685,81.274,33.873,1
6.564433,30.880,81.083,33.983,1
6.565023,28.263,81.101,34.677,1
6.565572,30.386,81.096,34.785,1
6.566117,30.554,80.995,35.605,1
6.566662,30.577,81.102,35.697,1
6.567221,29.817,80.959,36.424,1
6.567775,30.075,81.072,36.465,1
6.568369,28.062,81.860,36.972,1
6.568986,27.040,86.229,37.847,1
6.569450,35.926,80.950,38.073,1
6.570007,29.918,81.889,38.699,1
6.570551,30.616,81.506,39.041,1
6.571080,31.507,80.549,39.980,1
6.571657,28.908,81.420,40.218,1
6.572210,30.121,82.115,40.965,1
6.572743,31.290,81.550,41.352,1
6.573290,30.469,81.241,42.104,1
6.573846,29.959,81.393,42.148,1
6.574422,28.934,81.487,43.058,1
6.574965,30.670,81.461,42.845,1
6.575506,30.830,80.972,43.818,1
6.576080,29.020,82.171,49.432,1
6.576635,30.055,82.201,58.529,1
6.577271,26.179,,60.375,1
6.577755,34.469,,53.526,1
6.578354,27.802,81.177,43.500,1
6.578923,29.328,81.501,41.610,1
6.579459,31.049,80.971,40.447,1
6.580017,29.881,81.325,38.557,1
6.580581,29.566,82.008,36.342,1
6.581115,31.231,81.470,34.685,1
6.581673,29.828,81.845,33.845,1
6.582212,30.933,81.049,32.644,1
6.582768,29.984,80.733,32.228,1
6.583327,29.827,81.280,31.476,1
6.583882,30.028,80.625,31.218,1
6.584431,30.363,81.046,31.214,1
6.585016,28.494,83.293,31.032,1
6.585656,26.025,87.282,30.853,1
6.586131,35.068,82.470,31.066,1
6.586680,30.381,82.188,30.868,1
6.587205,31.752,80.894,31.004,1
6.587821,27.030,85.319,30.826,1
6.588356,31.177,81.236,30.749,1
6.588905,30.349,81.398,30.790,1
6.589446,30.819,81.111,30.808,1
6.590006,29.738,82.120,30.634,1
6.590543,31.042,81.303,30.490,1
6.591087,30.657,80.941,30.636,1
6.591684,27.927,83.675,30.651,1
6.592203,32.114,82.214,30.389,1
6.592772,29.304,83.578,30.640,1
6.593329,29.916,83.445,30.446,1
6.593975,25.769,88.014,30.445,1
6.594403,38.974,81.375,30.736,1
6.594947,30.627,80.816,30.467,1
6.595515,29.348,81.497,30.398,1
6.596076,29.720,81.996,30.888,1
6.596635,29.807,81.664,30.575,1
6.597172,31.046,81.093,30.897,1
6.597729,29.920,81.134,30.850,1
6.598314,28.488,82.904,30.827,1
6.598869,30.033,82.903,30.815,1
6.599416,30.461,80.738,30.874,1
6.600027,27.286,81.461,30.772,1
6.600574,30.450,81.621,31.040,1
6.601123,30.359,81.927,30.979,1
6.601682,29.831,82.407,31.234,1
6.602333,25.617,87.643,30.952,1
6.602774,37.766,81.313,31.178,1
6.603377,27.624,83.512,31.240,1
6.603888,32.628,80.999,30.898,1
6.604452,29.566,82.279,31.016,1
6.604986,31.187,81.879,31.094,1
6.605571,28.514,81.984,31.062,1
6.606097,31.676,80.988,30.885,1
6.606677,28.739,82.709,30.901,1
6.607222,30.553,82.574,30.861,1
6.607757,31.169,81.116,31.005,1
6.608382,26.668,83.254,30.661,1
6.608907,31.736,81.596,30.857,1
6.609446,30.942,81.364,30.631,1
6.610028,28.645,83.051,30.819,1
6.610673,25.805,88.157,30.816,1
6.611120,37.300,81.827,30.837,1
6.611675,30.045,82.754,30.776,1
6.612248,29.110,84.106,30.788,1
6.612800,30.153,83.758,30.959,1
6.613347,30.495,83.510,30.847,1
6.613844,33.507,80.974,30.875,1
6.614446,27.687,84.069,30.698,1
6.615016,29.236,82.187,30.981,1
6.615546,31.480,81.414,30.997,1
6.616098,30.181,81.655,30.776,1
6.616687,28.286,83.957,30.922,1
6.617199,32.579,81.605,30.908,1
6.617797,27.874,84.811,31.118,1
6.618388,28.178,87.265,30.837,1
6.618929,30.809,85.935,30.844,1
6.619418,34.104,80.847,30.876,1
6.620029,27.246,81.541,30.835,1
6.620578,30.376,81.496,30.715,1
6.621127,30.354,81.671,30.522,1
6.621693,29.455,82.761,30.252,1
6.622249,29.964,82.700,30.454,1
6.622787,31.001,82.089,30.292,1
6.623367,28.748,82.184,30.407,1
6.623904,31.036,81.385,30.352,1
6.624453,30.347,81.281,30.326,1
6.625028,28.964,82.858,30.242,1
6.625554,31.691,81.242,30.397,1
6.626108,30.094,81.533,30.514,1
6.626674,29.430,82.795,30.327,1
6.627224,30.344,81.159,30.419,1
6.627783,29.796,82.082,30.443,1
6.628367,28.555,84.022,30.283,1
6.628870,33.106,81.188,30.450,1
6.629451,28.681,83.127,30.433,1
6.630017,29.442,84.518,30.411,1
6.630514,33.580,81.508,30.755,1
6.631060,30.504,80.943,30.580,1
6.631692,26.370,85.533,30.688,1
6.632183,33.978,81.596,30.562,1
6.632764,28.643,83.340,30.707,1
6.633348,28.571,84.760,30.930,1
6.633874,31.692,83.287,30.631,1
6.634432,29.834,82.994,30.702,1
6.635048,27.049,82.979,30.897,1
6.635704,25.421,89.043,30.673,1
6.636180,34.997,85.067,30.701,1
6.636711,31.387,83.981,30.579,1
6.637241,31.479,82.133,30.499,1
6.637803,29.653,82.983,30.628,1
6.638363,29.742,83.784,30.498,1
6.638887,31.833,80.927,30.512,1
6.639473,28.408,83.163,30.574,1
6.640076,27.644,84.368,30.573,1
6.640570,33.793,80.985,30.472,1
6.641121,30.197,81.300,30.502,1
6.641718,27.938,84.111,30.587,1
6.642220,33.198,80.930,30.638,1
6.642776,29.965,81.624,30.680,1
6.643360,28.531,83.622,30.603,1
6.644029,24.912,89.522,30.725,1
6.644453,39.347,82.266,30.989,1
6.645035,28.617,83.943,30.779,1
6.645606,29.189,85.497,30.803,1
6.646113,32.882,81.404,30.917,1
6.646695,28.646,83.109,30.898,1
6.647237,30.770,82.454,30.930,1
6.647785,30.387,82.233,30.907,1
6.648379,28.056,84.824,31.102,1
6.648903,31.806,83.123,30.792,1
6.649427,31.798,81.417,31.044,1
6.650058,26.440,86.642,30.816,1
6.650519,36.143,81.403,31.044,1
6.651106,28.377,83.688,30.970,1
6.651689,28.584,85.516,31.058,1
6.652311,26.825,86.326,31.147,1
6.652784,35.181,81.928,31.010,1
6.653407,26.775,86.316,30.874,1
6.653893,34.265,81.316,30.652,1
6.654443,30.339,81.156,30.908,1
6.655025,28.625,81.321,30.735,1
6.655592,29.359,82.355,30.649,1
6.656134,30.765,82.077,30.615,1
6.656700,29.461,82.843,30.777,1
6.657224,31.787,81.261,30.524,1
6.657791,29.433,82.209,30.285,1
6.658383,28.108,84.523,30.271,1
6.658886,33.199,81.521,30.368,1
6.659456,29.198,83.106,30.169,1
6.660036,28.766,84.756,30.321,1
6.660642,27.482,88.257,30.265,1
6.661073,38.675,81.449,30.231,1
6.661747,24.736,88.928,30.352,1
6.662172,39.175,81.045,30.158,1
6.662719,30.461,80.552,30.337,1
6.663424,23.664,84.462,30.310,1
6.663905,34.608,80.859,30.352,1
6.664463,29.879,81.218,30.334,1
6.665096,26.329,85.583,30.297,1
6.665562,35.758,80.887,30.438,1
6.666112,30.321,80.771,30.447,1
6.666761,25.694,87.190,30.402,1
6.667210,37.076,81.428,30.565,1
6.667758,30.433,81.527,30.214,1
6.668381,26.744,85.948,30.476,1
6.668924,30.684,85.634,30.489,1
6.669411,34.250,81.968,30.456,1
6.670113,23.744,86.564,30.419,1
6.670594,34.656,82.431,30.564,1
6.671134,30.852,81.941,30.420,1
6.671751,26.999,85.956,30.414,1
6.672228,34.921,81.418,30.344,1
6.672774,30.546,81.273,30.536,1
6.673377,27.621,84.584,30.665,1
6.673893,32.335,81.277,30.416,1
6.674453,29.732,81.846,30.481,1
6.675057,27.609,85.175,30.671,1
6.675576,32.098,83.345,30.483,1
6.676084,32.859,80.810,30.737,1
6.676730,25.786,85.865,30.672,1
6.677269,30.931,85.382,30.715,1
6.677748,34.777,80.954,30.674,1
6.678420,24.810,86.150,30.859,1
6.678906,34.253,82.140,30.993,1
6.679438,31.375,81.081,30.851,1
6.680132,24.012,89.557,30.936,1
6.680574,37.694,82.417,30.888,1
6.681099,31.754,81.123,30.944,1
6.681752,25.492,87.681,30.866,1
6.682251,33.459,84.754,30.774,1
6.682752,33.258,81.178,30.651,1
6.683433,24.472,85.931,30.821,1
6.683915,34.579,81.873,30.564,1
6.684451,31.097,81.071,30.602,1
6.685101,25.623,85.916,30.321,1
6.685665,29.581,87.034,30.590,1
6.686118,36.758,81.706,30.401,1
6.686720,27.703,85.070,30.350,1
6.687200,34.724,81.244,30.528,1
6.687752,30.146,80.979,30.333,1
6.688422,24.904,88.608,30.549,1
6.688901,34.750,84.270,30.248,1
6.689437,31.100,83.568,30.308,1
6.690103,25.042,90.051,30.474,1
6.690509,41.040,81.242,30.418,1
6.691068,29.819,81.410,30.470,1
6.691614,30.510,80.896,30.400,1
6.692193,28.791,82.264,30.548,1
6.692739,30.535,81.767,30.351,1
6.693296,29.903,81.805,30.407,1
6.693980,24.355,89.552,30.334,1
6.694405,39.296,81.364,30.323,1
6.694950,30.578,80.871,30.099,1
6.695534,28.510,82.904,30.301,1
6.696063,31.528,81.258,30.467,1
6.696764,23.756,90.044,30.733,1
6.697223,36.367,81.421,30.964,1
6.697762,30.911,80.983,31.293,1
6.698340,28.818,83.056,31.225,1
6.698923,28.608,83.153,31.337,1
6.699444,31.960,81.839,31.298,1
6.699991,30.484,81.959,31.222,1
6.700553,29.651,83.122,30.902,1
6.701070,32.272,81.511,30.985,1
6.701616,30.522,81.063,30.981,1
6.702335,23.171,90.829,30.870,1
6.702754,39.737,82.812,30.739,1
6.703330,28.946,83.981,30.992,1
6.703907,28.883,82.814,30.910,1
6.704464,29.957,83.156,31.013,1
6.705012,30.405,83.113,30.918,1
6.705554,30.719,81.051,30.900,1
6.706101,30.492,81.250,31.312,1
6.706799,23.889,90.510,31.204,1
6.707199,41.598,81.960,31.700,1
6.707809,27.329,85.686,31.452,1
6.708371,29.649,81.790,31.963,1
6.708928,29.919,82.561,32.318,1
6.709458,31.446,81.697,32.243,1
6.710021,29.629,81.056,32.743,1
6.710670,25.687,87.329,32.578,1
6.711157,34.183,83.886,33.153,1
6.711671,32.432,81.628,33.382,1
6.712230,29.831,81.819,33.753,1
6.712765,31.166,81.409,33.180,1
6.713331,29.422,82.134,33.570,1
6.713878,30.463,81.621,33.351,1
6.714417,30.920,80.834,33.350,1
6.715022,27.555,81.216,32.617,1
6.715570,30.405,80.978,32.808,1
6.716129,29.826,81.609,32.557,1
6.716679,30.289,81.562,32.709,1
6.717237,29.897,81.529,33.357,1
6.717786,30.358,81.915,32.681,1
6.718338,30.200,81.604,32.864,1
6.718994,25.405,87.763,32.425,1
6.719434,37.804,81.460,32.676,1
6.719989,30.074,81.717,32.269,1
6.720559,29.242,82.825,32.595,1
6.721098,30.879,81.644,32.555,1
6.721637,30.919,80.961,32.740,1
6.722224,28.413,81.238,32.578,1
6.722777,30.112,81.521,32.634,1
6.723324,30.518,80.933,32.751,1
6.723886,29.616,80.977,32.460,1
6.724431,30.610,81.058,32.631,1
6.724977,30.530,80.695,32.221,1
6.725577,27.785,82.577,32.642,1
6.726112,31.115,81.813,32.558,1
6.726666,30.074,81.780,32.742,1
6.727361,24.008,90.810,32.948,1
6.727752,42.618,81.154,32.574,1
6.728351,27.818,81.435,32.805,1
6.728923,29.136,82.580,32.167,1
6.729455,31.335,81.340,32.319,1
6.730008,30.150,81.805,32.429,1
6.730579,29.167,82.756,32.615,1
6.731101,31.943,81.279,32.885,1
6.731668,29.406,82.098,32.661,1
6.732257,28.296,83.200,32.816,1
6.732782,31.700,81.719,32.451,1
6.733344,29.688,82.334,32.537,1
6.733889,30.582,81.380,32.318,1
6.734441,30.159,81.638,32.359,1
6.734978,31.043,80.511,32.347,1
6.735678,23.805,89.872,32.972,1
6.736090,40.507,81.639,32.685,1
6.736649,29.829,81.656,33.014,1
6.737298,25.670,87.106,32.539,1
6.737761,35.975,81.730,32.593,1
6.738325,29.541,82.483,32.610,1
6.738865,30.902,82.101,32.632,1
6.739418,30.100,82.356,32.562,1
6.739948,31.486,80.888,32.872,1
6.740511,29.599,81.395,32.654,1
6.741068,29.898,81.501,32.703,1
6.741631,29.590,82.140,32.664,1
6.742186,30.048,81.905,32.688,1
6.742723,31.040,80.788,32.147,1
6.743282,29.804,80.957,32.077,1
6.744002,23.161,90.811,32.487,1
6.744408,41.076,81.864,32.453,1
6.744989,28.668,83.358,32.855,1
6.745513,31.785,81.678,32.567,1
6.746063,30.293,81.185,32.707,1
6.746615,30.241,80.899,32.878,1
6.747174,29.781,81.315,32.576,1
6.747740,29.484,81.919,32.725,1
6.748310,29.195,82.814,32.248,1
6.748857,30.477,81.662,32.722,1
6.749439,28.643,82.176,32.497,1
6.749998,29.844,82.485,32.760,1
6.750553,29.995,81.221,32.472,1
6.751107,30.090,81.678,32.699,1
6.751666,29.809,82.033,32.576,1
6.752328,25.203,87.462,32.024,1
6.752807,34.787,83.316,32.201,1
6.753341,31.164,82.530,32.340,1
6.753884,30.710,81.978,32.717,1
6.754434,30.289,82.129,33.034,1
6.754984,30.306,81.923,32.641,1
6.755542,29.881,82.325,32.615,1
6.756090,30.433,82.360,32.680,1
6.756702,27.241,84.146,32.263,1
6.757208,32.936,81.589,32.374,1
6.757761,30.130,81.485,32.151,1
6.758299,30.982,81.341,32.069,1
6.758854,29.991,81.980,32.308,1
6.759404,30.322,81.331,32.618,1
6.759960,29.969,81.124,32.324,1
6.760587,26.599,85.960,32.508,1
6.761098,32.605,82.843,32.222,1
6.761650,30.195,81.831,32.249,1
6.762222,29.159,81.118,31.971,1
6.762768,30.516,81.305,32.471,1
6.763356,28.311,81.151,32.764,1
6.763903,30.512,80.852,32.574,1
6.764459,29.971,81.118,32.772,1
6.765014,30.032,81.279,32.356,1
6.765557,30.700,81.223,32.639,1
6.766107,30.288,81.155,32.241,1
6.766650,30.681,80.733,32.388,1
6.767220,29.241,81.880,32.226,1
6.767748,31.547,80.739,32.504,1
6.768353,27.565,81.237,32.594,1
6.769008,25.456,87.698,32.672,1
6.769438,38.768,80.899,32.530,1
6.770020,28.604,81.052,32.555,1
6.770569,30.384,81.012,32.226,1
6.771118,30.373,81.135,32.358,1
6.771665,30.466,80.862,32.174,1
6.772242,28.846,82.353,32.757,1
6.772797,30.065,83.008,32.488,1
6.773312,32.368,80.849,32.695,1
6.773881,29.275,81.940,32.249,1
6.774416,31.153,80.829,32.351,1
6.775006,28.237,80.703,32.750,1
6.775567,29.706,81.237,32.115,1
6.776121,30.118,81.426,31.970,1
6.776682,29.712,80.688,32.578,1
6.777348,25.011,87.538,32.427,1
6.777790,37.723,81.424,32.675,1
6.778340,30.290,81.306,32.453,1
6.778901,29.715,81.889,32.352,1
6.779435,31.212,81.334,32.263,1
6.779982,30.447,81.102,32.459,1
6.780550,29.340,82.154,32.179,1
6.781098,30.433,81.736,32.612,1
6.781651,30.165,81.172,32.552,1
6.782222,29.189,81.098,32.484,1
6.782771,30.346,80.968,32.697,1
6.783363,28.123,81.623,32.157,1
6.783903,30.863,81.465,32.363,1
6.784449,30.567,80.983,32.175,1
6.785005,29.942,81.346,32.052,1
6.785616,27.291,84.795,32.412,1
6.786111,33.659,81.933,32.462,1
6.786659,30.431,81.738,32.523,1
6.787211,30.203,81.767,32.637,1
6.787745,31.212,80.544,32.385,1
6.788376,26.412,82.901,32.418,1
6.788915,30.885,81.154,32.607,1
6.789457,30.756,80.914,32.244,1
6.790025,29.374,81.345,32.438,1
6.790567,30.741,80.901,32.428,1
6.791119,30.192,81.208,32.888,1
6.791662,30.669,81.223,32.566,1
6.792232,29.258,81.737,32.846,1
6.792775,30.705,81.727,32.399,1
6.793322,30.469,81.414,32.554,1
6.793974,25.554,88.041,32.154,1
6.794424,36.999,81.320,32.322,1
6.795023,27.857,81.201,32.255,1
6.795575,30.194,81.384,32.999,1
6.796121,30.524,81.325,32.828,1
6.796683,29.633,81.235,32.781,1
6.797241,29.899,81.529,32.898,1
6.797789,30.373,81.155,32.511,1
6.798343,30.092,81.264,32.758,1
6.798888,30.566,81.137,32.488,1
6.799435,30.518,81.356,32.820,1
6.799992,29.873,81.686,32.571,1
6.800533,30.862,81.024,32.604,1
6.801087,30.072,81.063,32.806,1
6.801687,27.770,81.020,32.414,1
6.802333,25.785,87.251,32.703,1
6.802824,33.982,83.492,32.713,1
6.803329,32.959,81.324,32.202,1
6.803868,30.961,81.062,32.530,1
6.804424,29.957,81.339,32.583,1
6.804964,30.861,80.694,32.821,1
6.805553,28.302,81.034,33.435,1
6.806104,30.270,81.473,32.955,1
6.806654,30.276,81.405,33.117,1
6.807194,30.848,81.286,32.737,1
6.807755,29.711,81.184,32.864,1
6.808296,30.848,81.126,32.391,1
6.808874,28.800,82.811,32.880,1
6.809395,32.010,81.072,32.794,1
6.810008,27.202,84.440,32.821,1
6.810687,24.544,88.798,32.763,1
6.811107,39.653,80.969,32.484,1
6.811716,27.387,82.703,32.574,1
6.812258,30.703,82.388,32.273,1
6.812809,30.270,82.334,32.513,1
6.813347,31.012,80.856,32.223,1
6.813918,29.165,82.277,32.570,1
6.814448,31.451,80.992,32.627,1
6.814999,30.219,81.241,32.810,1
6.815558,29.841,81.879,32.645,1
6.816132,29.053,83.184,32.682,1
6.816672,30.864,82.533,32.673,1
6.817265,28.107,83.720,32.079,1
6.817774,32.714,81.267,32.082,1
6.818349,29.013,80.902,32.602,1
6.819007,25.297,87.648,32.363,1
6.819451,37.587,81.176,32.585,1
6.819999,30.374,81.187,32.480,1
6.820554,30.038,81.349,32.595,1
6.821095,30.845,80.806,32.418,1
6.821648,30.107,81.319,32.426,1
6.822212,29.571,81.995,32.015,1
6.822786,29.038,83.028,32.556,1
6.823354,29.358,81.213,32.504,1
6.823901,30.435,81.231,32.692,1
6.824454,30.151,81.355,32.526,1
6.825026,29.145,81.429,32.711,1
6.825577,30.263,81.475,32.472,1
6.826114,30.979,80.839,32.434,1
6.826683,29.323,81.947,31.972,1
6.827339,25.404,88.153,32.055,1
6.827779,37.902,81.591,32.382,1
6.828327,30.416,81.451,33.009,1
6.828868,30.772,81.062,32.950,1
6.829419,30.286,80.988,33.142,1
6.830022,27.608,81.188,33.123,1
6.830583,29.732,81.849,33.084,1
6.831118,31.115,81.101,33.224,1
6.831675,29.955,81.427,32.506,1
6.832223,30.410,81.461,32.987,1
6.832777,30.062,81.657,32.724,1
6.833362,28.497,83.207,32.932,1
6.833926,29.564,83.379,31.981,1
6.834468,30.745,82.767,32.230,1
6.835007,30.930,81.947,31.807,1
6.835662,25.428,88.142,30.926,1
6.836087,39.214,81.064,30.981,1
6.836661,29.030,82.118,30.433,1
6.837226,29.510,82.901,30.201,1
6.837776,30.326,82.627,29.413,1
6.838354,28.804,81.411,29.378,1
6.838907,30.179,81.456,28.956,1
6.839453,30.504,81.238,28.685,1
6.840011,29.860,81.976,28.025,1
6.840554,30.716,81.045,28.054,1
6.841105,30.212,81.021,27.616,1
6.841653,30.456,81.249,27.731,1
6.842222,29.274,82.758,27.591,1
6.842761,30.940,81.882,27.178,1
6.843314,30.115,81.979,27.338,1
6.843943,26.525,86.988,27.256,1
6.844391,37.174,81.018,27.353,1
6.844941,30.311,80.727,27.120,1
6.845510,29.290,81.485,27.419,1
6.846081,29.186,82.452,27.173,1
6.846618,31.031,81.344,27.451,1
6.847217,27.798,83.941,27.208,1
6.847755,30.992,81.177,27.494,1
6.848299,30.661,81.133,27.271,1
6.848923,26.680,83.284,27.624,1
6.849427,33.095,80.927,27.394,1
6.850009,28.629,81.074,27.717,1
6.850564,30.037,81.380,27.545,1
6.851109,30.565,81.130,27.729,1
6.851658,30.371,81.074,27.604,1
6.852386,22.892,91.747,27.869,1
6.852804,39.922,83.787,27.882,1
6.853362,29.840,84.362,27.664,1
6.853893,31.402,81.401,27.960,1
6.854440,30.458,81.280,27.653,1
6.854993,30.145,81.323,27.551,1
6.855547,30.103,81.854,27.890,1
6.856100,30.107,82.116,27.579,1
6.856626,31.697,81.236,27.818,1
6.857208,28.636,83.064,27.422,1
6.857752,30.623,82.653,27.646,1
6.858350,27.893,85.120,27.505,1
6.858925,29.004,83.556,27.576,1
6.859436,32.578,81.614,27.228,1
6.859988,30.176,81.666,27.554,1
6.860670,24.450,88.291,27.194,1
6.861106,38.242,81.514,27.417,1
6.861653,30.446,81.398,27.128,1
6.862236,28.596,83.373,27.308,1
6.862756,32.068,81.537,26.929,1
6.863309,30.153,81.872,27.195,1
6.863853,30.602,81.545,27.222,1
6.864395,30.773,81.121,26.861,1
6.864969,29.048,82.058,27.156,1
6.865561,28.143,81.732,26.940,1
6.866101,30.866,81.364,26.979,1
6.866644,30.687,80.813,27.138,1
6.867235,28.206,81.933,26.827,1
6.867773,30.975,81.380,27.130,1
6.868315,30.776,80.953,26.852,1
6.868902,28.374,83.134,27.107,1
6.869421,32.121,81.155,27.161,1
6.869978,29.921,82.005,26.912,1
6.870536,29.860,82.888,27.208,1
6.871061,31.763,81.194,27.140,1
6.871630,29.270,82.027,27.198,1
6.872219,28.322,84.062,26.928,1
6.872740,31.985,81.723,27.310,1
6.873299,29.776,82.149,27.274,1
6.873913,27.154,85.740,27.460,1
6.874394,34.678,80.852,27.171,1
6.874967,29.063,82.017,27.514,1
6.875575,27.422,85.345,27.268,1
6.876092,32.213,83.158,27.663,1
6.876617,31.776,81.298,27.465,1
6.877219,27.682,84.122,27.642,1
6.877831,27.223,87.495,27.709,1
6.878289,36.403,81.563,27.397,1
6.878874,28.482,83.399,27.690,1
6.879385,32.643,80.726,27.420,1
6.879945,29.738,80.977,27.742,1
6.880552,27.464,84.062,27.475,1
6.881065,32.510,81.508,27.684,1
6.881680,27.072,83.856,27.737,1
6.882227,30.504,81.411,27.361,1
6.882766,30.901,81.163,27.665,1
6.883316,30.314,81.343,27.364,1
6.883899,28.572,81.795,27.628,1
6.884433,31.196,81.298,27.381,1
6.885020,28.433,81.133,27.598,1
6.885664,25.884,87.313,27.336,1
6.886115,36.921,81.626,27.567,1
6.886661,30.547,81.805,27.260,1
6.887256,27.972,83.178,27.583,1
6.887782,31.701,81.591,27.355,1
6.888352,29.259,80.966,27.439,1
6.888954,27.687,84.023,27.212,1
6.889476,31.886,82.736,27.577,1
6.890028,30.208,82.768,27.444,1
6.890589,29.704,83.399,27.522,1
6.891103,32.454,81.497,27.270,1
6.891650,30.460,81.245,27.664,1
6.892236,28.447,83.658,27.354,1
6.892785,30.333,83.262,27.691,1
6.893349,29.555,84.332,27.706,1
6.893994,25.853,87.472,27.312,1
6.894453,36.316,82.007,27.553,1
6.895003,30.276,82.379,27.232,1
6.895573,29.253,82.396,27.576,1
6.896109,31.095,81.273,27.218,1
6.896672,29.630,81.728,27.295,1
6.897293,26.841,85.669,27.327,1
6.897758,35.839,80.688,27.513,1
6.898314,29.927,81.483,27.505,1
6.898904,28.263,83.850,27.192,1
6.899430,31.684,82.645,27.419,1
6.899968,30.996,82.055,27.131,1
6.900544,28.936,83.445,27.354,1
6.901081,31.005,82.344,27.149,1
6.901630,30.361,82.130,27.316,1
6.902224,28.074,84.230,27.012,1
6.902846,26.783,88.309,27.350,1
6.903308,36.143,82.748,27.386,1
6.903958,25.633,88.441,27.167,1
6.904446,34.100,84.423,27.430,1
6.904990,30.636,83.731,27.202,1
6.905604,27.157,84.076,27.440,1
6.906146,30.782,83.469,27.322,1
6.906671,31.708,81.800,27.416,1
6.907273,27.685,84.505,27.079,1
6.907777,33.104,82.195,27.357,1
6.908304,31.586,80.886,27.454,1
6.908932,26.568,86.012,27.118,1
6.909405,35.189,81.572,27.403,1
6.909957,30.234,81.274,27.164,1
6.910555,27.850,84.017,27.321,1
6.911165,27.314,87.568,27.418,1
6.911615,37.071,81.091,27.038,1
6.912206,28.185,83.329,27.254,1
6.912718,32.579,80.723,27.236,1
6.913326,27.379,83.762,26.909,1
6.913956,26.484,82.940,27.137,1
6.914472,32.281,81.100,26.995,1
6.915050,28.839,82.929,26.957,1
6.915651,27.723,85.961,27.264,1
6.916124,35.231,81.223,27.102,1
6.916681,29.960,80.854,27.166,1
6.917249,29.331,81.977,26.960,1
6.917785,31.069,81.217,27.164,1
6.918329,30.667,80.961,27.086,1
6.918922,28.113,83.145,27.277,1
6.919495,29.043,84.610,27.168,1
6.920021,31.704,81.191,27.467,1
6.920563,30.781,81.055,27.310,1
6.921117,30.066,81.146,27.558,1
6.921657,30.836,80.977,27.521,1
6.922261,27.631,83.581,27.699,1
6.922799,30.931,81.649,27.458,1
6.923343,30.659,81.614,27.710,1
6.923891,30.414,81.603,27.597,1
6.924429,31.008,81.239,27.756,1
6.924985,29.943,81.572,27.404,1
6.925566,28.711,83.304,27.719,1
6.926086,32.058,81.033,27.523,1
6.926624,30.936,80.710,27.714,1
6.927221,27.931,81.098,27.596,1
6.927859,26.138,86.801,27.774,1
6.928351,33.830,81.129,27.680,1
6.928926,29.014,82.791,27.774,1
6.929454,31.539,81.407,27.498,1
6.930021,29.404,82.348,27.805,1
6.930580,29.810,82.880,27.590,1
6.931097,32.224,81.117,27.859,1
6.931679,28.652,81.329,27.822,1
6.932246,29.369,82.661,27.958,1
6.932782,31.136,81.828,27.643,1
6.933352,29.206,81.225,27.852,1
6.933930,28.870,83.042,27.672,1
6.934458,31.533,81.586,27.799,1
6.935021,29.599,81.292,27.463,1
6.935584,29.627,82.319,27.694,1
6.936116,31.319,81.686,27.472,1
6.936664,30.402,81.459,27.668,1
6.937302,26.153,85.971,27.711,1
6.937773,35.372,81.215,27.386,1
6.938326,30.122,81.398,27.443,1
6.938956,26.446,85.635,27.594,1
6.939444,34.185,81.940,27.331,1
6.940001,29.929,82.785,27.557,1
6.940616,27.080,86.438,27.319,1
6.941090,35.160,81.334,27.573,1
6.941662,29.158,81.867,27.284,1
6.942253,28.205,83.035,27.570,1
6.942800,30.460,81.663,27.359,1
6.943332,31.314,80.934,27.620,1
6.943982,25.628,86.813,27.487,1
6.944455,35.242,82.639,27.535,1
6.945007,30.227,82.856,27.315,1
6.945619,27.233,86.513,27.545,1
6.946102,34.516,82.020,27.438,1
6.946638,31.094,81.518,27.536,1
6.947254,27.042,85.742,27.284,1
6.947751,33.507,82.606,27.469,1
6.948291,30.872,81.651,27.254,1
6.948924,26.332,85.944,27.501,1
6.949424,33.365,83.006,27.262,1
6.950042,26.965,86.765,27.467,1
6.950613,29.186,84.337,27.178,1
6.951108,33.686,81.211,27.399,1
6.951646,30.954,80.937,27.124,1
6.952289,25.921,85.189,27.353,1
6.952834,30.560,85.120,27.214,1
6.953354,32.094,81.301,27.572,1
6.953977,26.749,85.277,27.416,1
6.954462,34.347,81.468,27.825,1
6.955008,30.544,81.594,27.666,1
6.955634,26.626,86.111,27.838,1
6.956114,34.703,81.583,27.946,1
6.956661,30.440,81.303,28.599,1
6.957278,27.038,85.310,28.553,1
6.957788,32.682,82.907,28.932,1
6.958348,29.762,80.978,29.229,1
6.958967,26.932,85.315,29.716,1
6.959452,34.301,81.320,30.142,1
6.960016,29.593,80.848,30.570,1
6.960699,24.385,89.255,30.950,1
6.961225,31.703,87.640,31.397,1
6.961689,35.927,81.135,31.679,1
6.962316,26.552,85.466,32.067,1
6.962811,33.674,81.997,32.986,1
6.963351,30.873,81.135,33.008,1
6.963944,28.093,83.797,33.556,1
6.964454,32.683,81.447,33.067,1
6.964990,31.098,80.776,33.141,1
6.965619,26.501,85.325,33.004,1
6.966108,34.126,81.811,33.304,1
6.966690,28.645,81.251,32.798,1
6.967295,27.512,85.033,32.850,1
6.967794,33.426,81.745,32.750,1
6.968354,29.760,82.196,32.749,1
6.968972,26.965,86.233,32.716,1
6.969537,29.510,87.567,32.597,1
6.969987,37.053,81.449,32.696,1
6.970614,26.580,85.972,32.622,1
6.971129,32.352,84.512,32.856,1
6.971693,29.534,81.418,32.606,1
6.972322,26.497,86.018,32.575,1
6.972782,36.219,81.047,32.565,1
6.973357,29.015,81.294,32.723,1
6.973958,27.734,84.774,32.380,1
6.974461,33.096,81.832,32.457,1
6.974995,31.255,80.712,32.621,1
6.975617,26.759,84.941,32.647,1
6.976101,34.443,81.423,32.450,1
6.976650,30.355,81.174,32.619,1
6.977309,25.308,87.622,32.641,1
6.977850,30.790,87.642,32.654,1
6.978320,35.455,82.860,32.927,1
6.978965,25.870,88.582,32.786,1
6.979449,34.391,84.500,33.003,1
6.980009,29.757,81.289,32.738,1
6.980626,27.030,85.464,32.932,1
6.981106,34.681,81.192,32.671,1
6.981758,25.583,86.068,33.077,1
6.982270,32.562,84.070,32.688,1
6.982781,32.589,81.616,32.704,1
6.983357,28.926,81.312,32.471,1
6.983976,26.939,85.770,32.720,1
6.984450,35.170,81.084,32.583,1
6.984990,30.854,80.957,32.871,1
6.985641,25.599,86.390,32.538,1
6.986152,32.596,84.517,32.825,1
6.986653,33.297,81.459,32.535,1
6.987335,24.438,89.297,32.877,1
6.987754,39.785,81.156,32.636,1
6.988353,27.813,81.081,32.502,1
6.988974,26.860,85.736,32.473,1
6.989447,35.175,81.039,32.640,1
6.990045,27.907,82.834,32.449,1
6.990667,26.780,87.073,32.741,1
6.991110,37.648,81.041,32.281,1
6.991660,30.269,81.013,32.315,1
6.992374,23.355,90.345,32.518,1
6.992778,41.219,81.466,32.659,1
6.993333,30.074,81.606,32.401,1
6.993992,25.290,88.083,32.509,1
6.994578,28.412,90.648,32.595,1
6.995022,37.564,81.225,32.814,1
6.995650,26.551,85.950,32.604,1
6.996111,36.130,80.836,32.658,1
6.996661,30.319,81.321,32.400,1
6.997311,25.638,86.532,32.342,1
6.997802,33.928,83.178,32.639,1
6.998342,30.870,80.568,32.843,1
6.999006,25.085,87.670,32.557,1
6.999462,36.538,81.932,32.731,1
7.000014,30.224,81.324,32.877,1
7.000664,25.648,86.604,32.849,1
7.001136,35.298,81.982,32.820,1
7.001691,30.023,81.341,32.938,1
7.002347,25.396,88.129,32.539,1
7.002878,31.374,86.890,32.924,1
7.003380,33.196,83.031,32.703,1
7.004025,25.846,88.546,32.897,1
7.004446,39.641,80.947,32.664,1
7.005022,28.902,81.265,32.757,1
7.005663,26.006,86.780,32.537,1
7.006120,36.455,81.414,32.615,1
7.006687,29.399,81.139,32.320,1
7.007332,25.837,86.707,32.319,1
7.007796,35.925,81.956,32.543,1
7.008358,29.697,81.370,32.656,1
7.009027,24.906,88.395,32.368,1
7.009452,39.210,81.280,32.382,1
7.010025,29.101,81.406,32.465,1
7.010665,26.009,86.928,32.439,1
7.011245,28.757,88.862,32.404,1
7.011670,39.237,81.215,32.487,1
7.012335,25.067,88.440,32.842,1
7.012760,39.206,81.277,32.536,1
7.013304,30.645,81.142,32.634,1
7.014003,23.831,88.094,32.921,1
7.014448,37.449,82.254,32.848,1
7.015023,29.006,81.231,32.884,1
7.015671,25.700,,33.168,1
7.016115,37.549,,22.233,1
7.016705,28.248,,32.801,1
7.017363,25.333,,32.835,1
7.017772,40.737,,32.814,1
7.018338,29.468,,32.947,1
7.019001,25.111,,32.686,1
7.019590,28.307,,32.820,1
7.019982,42.535,,32.788,1
7.020628,25.808,,32.716,1
7.021065,38.097,,32.804,1
7.021684,26.918,,32.534,1
7.022342,25.345,,32.798,1
7.022789,37.269,,32.521,1
7.023352,29.589,,32.730,1
7.024016,25.132,88.119,32.567,1
7.024470,36.670,82.385,32.666,1
7.025000,31.462,81.714,32.709,1
7.025664,25.083,87.807,32.707,1
7.026127,36.052,82.428,32.931,1
7.026700,29.044,81.946,32.747,1
7.027353,25.559,88.465,32.983,1
7.027887,31.191,87.401,32.657,1
7.028356,35.543,81.259,32.587,1
7.029018,25.156,88.336,32.731,1
7.029442,39.328,80.723,32.887,1
7.030017,29.005,81.086,32.730,1
7.030677,25.259,87.603,32.861,1
7.031127,36.987,81.831,32.760,1
7.031671,30.632,81.562,32.858,1
7.032318,25.766,86.951,32.879,1
7.032762,37.515,80.816,33.110,1
7.033347,28.516,80.889,32.626,1
7.034032,24.320,89.253,32.763,1
7.034449,39.981,81.125,32.753,1
7.034996,30.473,81.105,32.941,1
7.035640,25.889,86.619,32.630,1
7.036151,32.599,84.692,32.752,1
7.036664,32.515,82.012,32.939,1
7.037231,29.391,83.133,32.806,1
7.037754,31.822,81.461,32.963,1
7.038361,27.474,81.753,32.722,1
7.038930,29.287,82.534,32.590,1
7.039460,31.447,81.208,32.718,1
7.040009,30.366,80.922,32.980,1
7.040579,29.237,82.083,32.561,1
7.041126,30.438,81.763,32.622,1
7.041668,30.763,81.160,32.699,1
7.042217,30.386,81.194,32.466,1
7.042776,29.816,82.070,32.773,1
7.043328,30.161,81.769,32.530,1
7.043889,29.703,81.298,32.735,1
7.044505,27.091,85.606,32.477,1
7.045024,32.080,81.460,32.658,1
7.045574,30.306,81.400,32.600,1
7.046126,30.220,81.150,32.745,1
7.046685,29.817,81.504,32.373,1
7.047232,30.458,81.409,32.752,1
7.047766,31.215,81.023,32.398,1
7.048317,30.233,81.275,32.771,1
7.048859,30.748,81.214,32.570,1
7.049425,29.440,82.184,32.804,1
7.049959,31.226,81.314,32.717,1
7.050528,29.266,82.329,32.827,1
7.051063,31.173,81.235,32.770,1
7.051627,29.569,81.721,32.768,1
7.052175,30.377,81.281,32.766,1
7.052826,25.607,87.140,33.136,1
7.053331,33.017,84.119,32.751,1
7.053874,30.711,83.277,33.037,1
7.054440,29.416,82.825,32.698,1
7.054990,30.325,81.342,32.920,1
7.055541,30.221,81.888,32.950,1
7.056089,30.435,81.729,32.911,1
7.056690,27.730,81.682,32.725,1
7.057236,30.513,81.512,32.673,1
7.057827,28.195,83.795,32.808,1
7.058338,32.641,81.329,32.562,1
7.058905,29.406,82.203,32.888,1
7.059465,29.754,83.462,32.648,1
7.059976,32.620,81.289,32.905,1
7.060527,30.234,81.319,32.604,1
7.061207,24.530,88.349,32.527,1
7.061654,37.237,82.647,32.693,1
7.062224,29.244,83.953,32.905,1
7.062747,31.853,82.357,33.290,1
7.063306,29.828,82.458,33.278,1
7.063880,29.051,83.086,33.850,1
7.064441,29.699,82.406,33.970,1
7.065016,29.010,84.272,34.676,1
7.065566,30.298,81.554,34.751,1
7.066119,30.102,81.792,35.577,1
7.066670,30.242,81.844,35.734,1
7.067214,30.654,80.993,36.409,1
7.067766,30.177,81.541,36.449,1
7.068321,30.025,81.972,36.982,1
7.068872,30.275,81.642,37.866,1
7.069492,26.893,85.682,38.036,1
7.069978,34.280,82.360,38.644,1
7.070534,29.975,82.616,39.066,1
7.071101,29.374,82.017,39.960,1
7.071656,30.045,81.551,40.287,1
7.072217,29.732,81.363,40.990,1
7.072763,30.501,81.376,41.402,1
7.073314,30.260,81.409,42.018,1
7.073864,30.310,81.882,42.110,1
7.074403,30.928,81.223,43.027,1
7.074951,30.372,81.137,42.871,1
7.075525,29.058,82.274,43.885,1
7.076059,31.222,81.059,49.481,1
7.076611,30.182,80.938,58.525,1
7.077169,29.868,,60.269,1
7.077837,24.949,,53.576,1
7.078273,38.180,80.741,43.564,1
7.078837,29.588,81.193,41.632,1
7.079392,30.040,81.144,40.446,1
7.080002,27.319,84.444,38.619,1
7.080557,29.991,84.449,36.357,1
7.081132,28.995,81.267,34.652,1
7.081682,30.313,81.206,33.835,1
7.082238,29.990,81.481,32.632,1
7.082780,30.728,81.250,32.262,1
7.083322,30.775,81.067,31.468,1
7.083865,30.673,81.084,31.201,1
7.084415,30.328,80.591,31.199,1
7.084965,30.288,80.725,31.050,1
7.085552,28.372,81.087,30.952,1
7.086179,26.614,86.090,31.083,1
7.086679,33.281,81.090,30.863,1
7.087231,30.199,81.223,30.968,1
7.087784,30.164,81.257,30.838,1
7.088336,30.189,81.334,30.732,1
7.088895,29.813,81.604,30.789,1
7.089437,30.729,81.048,30.790,1
7.090015,28.856,81.421,30.623,1
7.090564,30.367,81.156,30.504,1
7.091112,30.394,80.920,30.635,1
7.091667,30.038,81.636,30.678,1
7.092217,30.303,81.453,30.435,1
7.092760,30.674,81.402,30.671,1
7.093304,30.625,81.061,30.465,1
7.093891,28.406,81.420,30.484,1
7.094546,25.455,87.612,30.711,1
7.095014,35.619,82.623,30.463,1
7.095552,30.985,81.028,30.384,1
7.096106,30.081,81.155,30.849,1
7.096650,30.633,81.217,30.590,1
7.097220,29.233,81.098,30.907,1
7.097766,30.510,81.044,30.802,1
7.098358,28.156,81.634,30.832,1
7.098914,29.987,82.193,30.814,1
7.099454,30.887,81.425,30.884,1
7.100018,29.547,81.227,30.800,1
7.100564,30.504,81.174,31.083,1
7.101113,30.375,81.501,30.998,1
7.101675,29.623,82.496,31.184,1
7.102218,30.741,80.934,31.042,1
7.102871,25.502,87.347,31.224,1
7.103314,37.676,81.333,31.224,1
7.103876,29.609,81.683,30.980,1
7.104438,29.687,82.275,31.049,1
7.104960,31.898,81.031,31.141,1
7.105554,28.089,81.398,30.978,1
7.106098,30.614,81.129,30.906,1
7.106649,30.245,81.235,30.854,1
7.107218,29.301,80.983,30.846,1
7.107766,30.386,81.052,31.002,1
7.108317,30.252,81.155,30.670,1
7.108873,29.985,81.523,30.851,1
7.109423,30.330,81.356,30.641,1
7.110005,28.606,80.978,30.814,1
7.110564,29.829,81.436,30.844,1
7.111129,29.529,82.372,30.818,1
7.111666,31.019,81.610,30.759,1
7.112204,30.984,81.037,30.790,1
7.112762,29.852,81.395,30.964,1
7.113319,29.935,81.980,30.869,1
7.113894,28.982,81.549,30.912,1
7.114456,29.675,82.097,30.706,1
7.114980,31.789,80.938,30.977,1
7.115592,27.229,84.566,31.067,1
7.116122,31.447,83.800,30.831,1
7.116646,31.797,81.016,30.953,1
7.117202,30.005,81.430,30.985,1
7.117763,29.683,82.028,31.059,1
7.118349,28.423,81.983,30.836,1
7.118884,31.200,80.950,30.867,1
7.119569,24.320,89.151,30.887,1
7.119985,40.060,81.089,30.819,1
7.120560,28.980,81.526,30.690,1
7.121111,30.260,81.446,30.567,1
7.121646,31.133,80.953,30.266,1
7.122203,29.926,81.622,30.445,1
7.122749,30.535,81.126,30.297,1
7.123293,30.607,81.172,30.396,1
7.123836,30.728,80.986,30.355,1
7.124389,30.127,80.792,30.345,1
7.124959,29.247,81.940,30.209,1
7.125516,29.924,81.604,30.420,1
7.126058,30.747,80.819,30.506,1
7.126605,30.439,80.686,30.321,1
7.127162,29.972,80.645,30.439,1
7.127831,24.877,87.642,30.402,1
7.128290,36.346,81.750,30.301,1
7.128853,29.583,81.631,30.437,1
7.129416,29.645,82.460,30.441,1
7.129948,31.278,81.187,30.412,1
7.130510,29.706,81.530,30.721,1
7.131082,29.101,82.552,30.539,1
7.131613,31.424,81.120,30.673,1
7.132185,29.129,82.049,30.506,1
7.132771,28.456,83.779,30.770,1
7.133307,31.055,82.767,30.962,1
7.133858,30.235,81.907,30.702,1
7.134434,28.947,82.812,30.682,1
7.134964,31.445,81.345,30.858,1
7.135551,28.425,80.978,30.619,1
7.136244,24.034,90.064,30.728,1
7.136706,36.061,85.156,30.557,1
7.137226,32.080,81.449,30.498,1
7.137799,29.072,83.060,30.565,1
7.138346,30.451,80.926,30.488,1
7.138912,29.475,82.079,30.506,1
7.139457,30.589,81.643,30.571,1
7.140002,30.586,81.131,30.555,1
7.140562,29.717,81.896,30.477,1
7.141138,28.968,83.246,30.540,1
7.141677,30.882,82.351,30.602,1
7.142250,29.118,82.934,30.657,1
7.142802,30.165,83.212,30.692,1
7.143350,30.412,81.806,30.591,1
7.143937,28.432,84.028,30.765,1
7.144552,27.087,87.925,30.913,1
7.145049,33.551,82.918,30.781,1
7.145573,31.786,81.370,30.803,1
7.146126,30.118,81.182,30.893,1
7.146673,30.514,81.374,30.874,1
7.147234,29.711,81.980,30.969,1
7.147765,31.384,81.231,30.881,1
7.148317,30.181,81.728,31.113,1
7.148857,30.849,80.953,30.795,1
7.149410,30.159,81.333,31.026,1
7.149954,30.613,81.369,30.828,1
7.150496,30.774,80.787,31.077,1
7.151082,28.407,82.703,30.987,1
7.151635,30.149,82.504,31.077,1
7.152208,29.128,83.504,31.108,1
7.152881,24.757,89.237,31.044,1
7.153356,35.055,81.569,30.884,1
7.153903,30.496,81.372,30.735,1
7.154474,29.151,82.687,30.923,1
7.155035,29.749,83.163,30.698,1
7.155555,32.006,81.768,30.685,1
7.156109,30.101,81.866,30.572,1
7.156654,30.574,81.489,30.827,1
7.157222,29.376,81.219,30.505,1
7.157770,30.367,81.012,30.265,1
7.158330,29.769,81.483,30.284,1
7.158883,30.176,81.478,30.330,1
7.159431,30.365,81.299,30.086,1
7.160013,28.680,81.363,30.346,1
7.160583,29.241,82.598,30.287,1
7.161189,27.474,86.141,30.214,1
7.161681,33.888,80.812,30.356,1
7.162289,27.409,83.890,30.162,1
7.162816,31.641,82.342,30.356,1
7.163371,30.037,82.642,30.265,1
7.163898,31.637,81.119,30.376,1
7.164507,27.358,84.538,30.321,1
7.165004,33.524,81.243,30.293,1
7.165545,30.790,80.875,30.367,1
7.166105,29.755,81.726,30.577,1
7.166655,30.332,81.604,30.489,1
7.167201,30.540,81.790,30.597,1
7.167796,28.006,83.935,30.198,1
7.168464,24.934,81.419,30.453,1
7.169021,29.928,82.268,30.442,1
7.169691,24.869,89.366,30.436,1
7.170141,37.068,83.312,30.406,1
7.170653,32.557,81.314,30.595,1
7.171202,30.343,81.732,30.400,1
7.171759,29.934,81.984,30.430,1
7.172286,31.591,81.046,30.382,1
7.172837,30.267,80.994,30.487,1
7.173433,27.945,83.768,30.651,1
7.173953,32.092,81.874,30.444,1
7.174516,29.566,82.924,30.485,1
7.175044,31.571,81.829,30.625,1
7.175584,30.857,80.999,30.466,1
7.176134,30.310,81.403,30.702,1
7.176681,30.471,81.022,30.565,1
7.177234,30.152,81.618,30.659,1
7.177926,24.094,89.981,30.647,1
7.178353,38.979,81.675,30.890,1
7.178894,30.854,80.959,31.007,1
7.179449,30.006,81.157,30.884,1
7.180017,29.320,82.167,31.045,1
7.180549,31.324,81.384,30.884,1
7.181098,30.381,81.281,30.928,1
7.181672,29.041,83.118,30.907,1
7.182222,30.306,81.252,30.831,1
7.182786,29.538,81.974,30.728,1
7.183352,29.474,81.275,30.775,1
7.183896,30.600,81.127,30.525,1
7.184455,29.821,81.472,30.573,1
7.185006,30.267,81.378,30.387,1
7.185549,30.713,81.071,30.474,1
7.186240,24.110,89.799,30.384,1
7.186662,39.436,82.064,30.409,1
7.187207,30.589,81.628,30.564,1
7.187752,30.575,81.358,30.329,1
7.188341,28.327,80.781,30.531,1
7.188941,27.784,83.808,30.237,1
7.189498,29.883,82.983,30.328,1
7.190027,31.508,81.861,30.491,1
7.190597,29.278,83.304,30.410,1
7.191133,31.055,82.773,30.463,1
7.191656,31.872,81.044,30.450,1
7.192220,29.574,81.163,30.550,1
7.192774,30.051,81.800,30.290,1
7.193321,30.512,81.972,30.480,1
7.193889,29.331,81.284,30.352,1
7.194566,24.629,88.886,30.347,1
7.194993,39.011,81.865,30.105,1
7.195556,29.567,83.023,30.325,1
7.196111,30.049,83.599,30.417,1
7.196621,32.672,81.296,30.707,1
7.197200,28.780,82.957,30.950,1
7.197759,29.808,81.868,31.302,1
7.198341,28.652,80.822,31.264,1
7.198899,29.879,81.312,31.322,1
7.199448,30.330,81.120,31.322,1
7.200009,29.714,81.725,31.240,1
7.200549,30.878,81.091,31.022,1
7.201097,30.440,81.208,30.965,1
7.201662,29.486,81.997,30.924,1
7.202222,29.768,81.254,30.871,1
7.202859,26.139,86.459,30.786,1
7.203346,34.262,82.714,30.972,1
7.203910,29.552,83.006,30.963,1
7.204459,30.349,82.464,30.904,1
7.205025,29.450,81.569,30.911,1
7.205566,30.787,81.042,30.887,1
7.206139,29.089,82.590,31.208,1
7.206681,30.756,82.218,31.206,1
7.207224,30.681,81.426,31.679,1
7.207776,30.215,81.557,31.597,1
7.208328,30.211,81.354,31.959,1
7.208868,30.857,81.084,32.282,1
7.209442,29.014,82.543,32.245,1
7.209960,32.157,81.016,32.643,1
7.210520,29.781,82.067,32.611,1
7.211201,24.465,88.659,33.130,1
7.211657,36.559,81.683,33.474,1
7.212198,30.830,81.302,33.805,1
7.212826,26.510,85.566,33.283,1
7.213315,34.134,81.873,33.563,1
7.213874,29.811,82.806,33.332,1
7.214475,27.721,86.050,33.290,1
7.215007,31.345,84.760,32.650,1
7.215561,30.054,81.321,32.689,1
7.216174,27.213,85.134,32.515,1
7.216671,33.522,81.964,32.744,1
7.217232,29.727,81.858,33.340,1
7.217799,29.374,81.747,32.701,1
7.218356,29.949,82.462,32.886,1
7.218884,31.508,81.261,32.432,1
7.219456,29.150,83.010,32.698,1
7.220080,26.740,87.723,32.258,1
7.220551,35.376,81.210,32.604,1
7.221107,29.979,81.675,32.547,1
7.221680,29.070,83.058,32.738,1
7.222213,31.257,80.760,32.534,1
7.222778,29.511,81.718,32.634,1
7.223314,31.063,81.005,32.733,1
7.223889,29.002,81.314,32.477,1
7.224443,30.064,81.432,32.610,1
7.225015,29.159,81.013,32.256,1
7.225570,30.041,81.213,32.651,1
7.226146,28.943,82.995,32.570,1
7.226667,31.951,81.158,32.770,1
7.227219,30.199,81.152,32.945,1
7.227784,29.523,82.069,32.574,1
7.228352,29.309,81.442,32.817,1
7.228900,30.424,81.405,32.171,1
7.229476,28.960,82.773,32.308,1
7.229999,31.874,81.522,32.431,1
7.230538,30.900,81.169,32.608,1
7.231084,30.528,81.067,32.859,1
7.231634,30.291,81.154,32.664,1
7.232239,27.565,82.332,32.817,1
7.232768,31.466,81.450,32.469,1
7.233351,28.632,81.209,32.559,1
7.233904,30.101,81.622,32.331,1
7.234473,29.288,82.654,32.340,1
7.235070,27.944,85.339,32.340,1
7.235572,33.208,82.453,32.944,1
7.236149,28.879,84.336,32.662,1
7.236658,32.699,81.817,32.986,1
7.237225,29.444,81.387,32.526,1
7.237837,27.229,85.212,32.619,1
7.238329,33.824,81.330,32.596,1
7.238885,29.969,81.317,32.624,1
7.239476,28.212,83.422,32.572,1
7.239995,32.141,81.604,32.856,1
7.240546,30.241,81.748,32.647,1
7.241094,30.437,81.625,32.687,1
7.241661,29.343,81.991,32.672,1
7.242217,30.029,82.428,32.699,1
7.242760,30.648,81.911,32.168,1
7.243295,31.175,81.174,32.091,1
7.243850,30.040,81.548,32.470,1
7.244488,26.116,85.550,32.455,1
7.245134,25.799,88.461,32.852,1
7.245571,38.137,81.663,32.570,1
7.246109,31.001,81.303,32.719,1
7.246690,28.644,81.406,32.897,1
7.247234,30.668,81.399,32.563,1
7.247789,30.004,81.616,32.736,1
7.248329,30.880,81.441,32.265,1
7.248890,29.696,81.356,32.732,1
7.249438,30.437,81.114,32.489,1
7.250028,28.246,82.110,32.768,1
7.250561,31.296,80.975,32.462,1
7.251135,29.024,82.356,32.676,1
7.251666,31.385,81.298,32.586,1
7.252230,29.524,82.049,32.001,1
7.252812,28.647,84.167,32.217,1
7.253475,25.143,88.954,32.327,1
7.253891,40.064,80.870,32.713,1
7.254487,27.960,84.059,33.029,1
7.255022,31.138,81.366,32.647,1
7.255568,30.556,81.152,32.627,1
7.256141,29.097,82.694,32.643,1
7.256665,31.780,81.711,32.246,1
7.257225,29.769,82.741,32.361,1
7.257752,31.633,81.314,32.152,1
7.258353,27.713,81.181,32.049,1
7.258897,30.643,81.213,32.304,1
7.259515,26.983,85.355,32.635,1
7.260017,33.189,81.158,32.325,1
7.260560,30.692,80.983,32.444,1
7.261150,28.231,83.827,32.214,1
7.261792,25.993,89.170,32.268,1
7.262214,39.457,80.806,31.990,1
7.262837,26.768,85.253,32.480,1
7.263353,32.290,81.369,32.743,1
7.263895,30.746,81.177,32.554,1
7.264463,29.341,82.708,32.748,1
7.265018,30.014,81.130,32.339,1
7.265565,30.488,81.228,32.649,1
7.266149,28.549,83.077,32.231,1
7.266688,30.901,82.278,32.397,1
7.267219,31.402,81.076,32.224,1
7.267822,27.635,84.614,32.487,1
7.268326,33.040,81.870,32.602,1
7.268868,30.779,81.685,32.634,1
7.269591,23.028,92.039,32.521,1
7.270113,31.977,90.497,32.558,1
7.270508,42.147,81.177,32.216,1
7.271144,26.218,86.375,32.354,1
7.271631,34.215,82.255,32.164,1
7.272202,29.180,82.399,32.754,1
7.272777,29.003,84.055,32.489,1
7.273340,29.575,84.836,32.690,1
7.273893,30.149,81.311,32.257,1
7.274452,29.799,82.003,32.314,1
7.275012,29.805,81.223,32.757,1
7.275560,30.365,81.344,32.105,1
7.276135,29.026,82.791,31.974,1
7.276666,31.341,82.305,32.590,1
7.277218,30.196,81.016,32.429,1
7.277840,26.831,85.503,32.687,1
7.278456,27.045,87.769,32.444,1
7.278899,37.646,81.153,32.344,1
7.279476,28.878,82.785,32.285,1
7.280004,31.562,81.731,32.488,1
7.280561,29.913,82.104,32.186,1
7.281157,27.948,84.816,32.621,1
7.281685,31.564,80.968,32.566,1
7.282272,28.425,83.051,32.485,1
7.282818,30.508,83.076,32.676,1
7.283353,31.141,81.154,32.121,1
7.283905,30.176,81.633,32.344,1
7.284509,27.607,85.238,32.157,1
7.285017,32.834,81.047,32.041,1
7.285574,29.901,81.552,32.400,1
7.286167,28.100,84.269,32.459,1
7.286723,30.013,84.408,32.518,1
7.287214,33.921,80.940,32.619,1
7.287837,26.755,85.663,32.395,1
7.288348,32.586,81.440,32.422,1
7.288894,30.542,81.062,32.600,1
7.289495,27.747,84.529,32.253,1
7.290013,32.181,82.741,32.432,1
7.290564,30.249,82.008,32.428,1
7.291144,28.733,84.342,32.855,1
7.291649,32.964,81.247,32.548,1
7.292214,29.490,80.833,32.845,1
7.292828,27.163,84.822,32.397,1
7.293360,31.309,81.817,32.568,1
7.293942,28.657,83.911,32.194,1
7.294518,28.914,85.607,32.332,1
7.295103,28.496,86.338,32.216,1
7.295603,33.340,83.137,33.003,1
7.296222,26.947,87.001,32.796,1
7.296707,34.362,83.528,32.810,1
7.297233,31.641,82.024,32.917,1
7.297815,28.669,83.915,32.559,1
7.298355,30.854,81.664,32.770,1
7.298905,30.292,81.562,32.503,1
7.299505,27.780,84.536,32.831,1
7.300009,33.050,80.902,32.573,1
7.300578,29.315,82.381,32.603,1
7.301195,27.001,86.430,32.788,1
7.301655,36.223,81.058,32.426,1
7.302221,29.438,81.302,32.705,1
7.302899,24.607,89.334,32.711,1
7.303450,30.254,89.280,32.216,1
7.303875,39.192,81.666,32.550,1
7.304506,26.418,87.130,32.575,1
7.305013,32.880,80.982,32.862,1
7.305557,30.617,81.039,33.429,1
7.306148,28.190,83.710,32.974,1
7.306685,31.065,82.870,33.106,1
7.307218,31.255,81.043,32.729,1
7.307829,27.262,85.146,32.855,1
7.308360,31.430,81.740,32.373,1
7.308903,30.646,81.000,32.920,1
7.309517,27.156,84.727,32.804,1
7.310028,32.608,82.258,32.787,1
7.310576,30.414,82.520,32.764,1
7.311204,26.569,86.973,32.492,1
7.311830,26.602,91.836,32.569,1
7.312223,42.468,81.380,32.284,1
7.312842,26.911,85.862,32.520,1
7.313322,34.693,82.036,32.211,1
7.313864,30.792,81.924,32.595,1
7.314549,24.308,89.947,32.604,1
7.314955,41.070,81.266,32.791,1
7.315504,30.334,81.232,32.641,1
7.316160,25.441,87.197,32.664,1
7.316616,36.540,81.405,32.656,1
7.317186,29.228,82.287,32.076,1
7.317868,24.432,86.068,32.082,1
7.318369,33.286,83.582,32.599,1
7.318883,32.394,81.478,32.376,1
7.319552,24.938,88.686,32.587,1
7.320092,30.823,88.654,32.463,1
7.320566,35.209,82.166,32.568,1
7.321220,25.488,88.645,32.403,1
7.321672,36.833,82.649,32.387,1
7.322228,29.998,81.650,32.037,1
7.322856,26.534,86.781,32.555,1
7.323337,34.620,82.407,32.476,1
7.323867,31.490,81.204,32.687,1
7.324536,24.905,88.210,32.514,1
7.324963,39.033,80.734,32.701,1
7.325551,28.344,81.228,32.447,1
7.326201,25.641,87.393,32.437,1
7.326652,36.954,81.424,31.961,1
7.327215,29.589,80.909,32.034,1
7.327909,24.021,89.656,32.406,1
7.328422,32.461,87.554,33.010,1
7.328933,32.606,84.019,32.932,1
7.329550,27.028,87.873,33.160,1
7.330025,35.123,81.535,33.179,1
7.330563,30.956,80.828,33.027,1
7.331197,26.309,86.087,33.183,1
7.331669,35.240,81.357,32.517,1
7.332223,30.127,81.365,33.019,1
7.332870,25.758,87.230,32.744,1
7.333347,34.917,81.048,32.909,1
7.333895,30.424,81.100,32.016,1
7.334546,25.585,87.059,32.228,1
7.335014,35.652,82.457,31.820,1
7.335535,31.978,81.061,30.918,1
7.336203,24.961,87.646,30.981,1
7.336759,29.948,88.100,30.436,1
7.337195,38.275,81.611,30.205,1
7.337876,24.447,89.333,29.417,1
7.338294,39.876,81.836,29.371,1
7.338838,30.671,81.210,28.959,1
7.339514,24.640,88.523,28.666,1
7.339939,39.264,80.628,27.986,1
7.340571,26.351,81.322,28.014,1
7.341254,24.412,89.426,27.655,1
7.341667,40.353,81.141,27.736,1
7.342246,28.779,82.756,27.583,1
7.342926,24.520,89.375,27.190,1
7.343338,40.383,81.496,27.330,1
7.343886,30.438,81.546,27.271,1
7.344530,25.872,87.537,27.343,1
7.345116,28.473,87.347,27.133,1
7.345559,37.544,81.352,27.423,1
7.346223,25.104,88.260,27.161,1
7.346658,38.356,81.185,27.442,1
7.347217,29.820,80.969,27.204,1
7.347852,26.233,86.184,27.495,1
7.348331,34.787,82.060,27.274,1
7.348881,30.306,81.939,27.632,1
7.349412,31.377,81.222,27.424,1
7.350007,28.038,81.138,27.698,1
7.350563,29.992,81.433,27.553,1
7.351108,30.533,81.370,27.709,1
7.351656,30.454,81.101,27.601,1
7.352222,29.450,81.331,27.864,1
7.352770,30.385,81.226,27.890,1
7.353470,23.798,88.508,27.659,1
7.353898,39.014,81.247,27.949,1
7.354466,29.314,82.269,27.648,1
7.354996,31.448,81.407,27.573,1
7.355556,29.770,81.830,27.889,1
7.356093,31.059,81.293,27.570,1
7.356643,30.281,81.238,27.836,1
7.357200,29.927,82.084,27.423,1
7.357748,30.440,82.308,27.645,1
7.358281,31.226,81.176,27.499,1
7.358852,29.183,82.117,27.573,1
7.359392,30.868,81.155,27.226,1
7.360012,26.902,83.515,27.544,1
7.360559,30.441,80.970,27.193,1
7.361113,30.097,81.047,27.437,1
7.361760,25.768,86.766,27.131,1
7.362213,36.781,80.753,27.308,1
7.362808,28.000,82.344,26.929,1
7.363333,31.778,81.131,27.189,1
7.363885,30.178,81.275,27.235,1
7.364433,30.395,81.063,26.856,1
7.364975,30.790,80.853,27.161,1
7.365529,30.040,81.100,26.961,1
7.366085,29.994,81.207,26.989,1
7.366635,30.302,81.153,27.148,1
7.367223,28.347,81.428,26.836,1
7.367764,30.836,80.973,27.150,1
7.368315,30.215,81.216,26.844,1
7.368890,29.005,81.386,27.102,1
7.369460,29.250,82.472,27.151,1
7.370076,27.049,84.610,26.923,1
7.370598,31.935,82.941,27.209,1
7.371140,30.732,82.681,27.138,1
7.371664,31.784,81.112,27.202,1
7.372217,30.154,81.034,26.915,1
7.372767,30.330,81.098,27.296,1
7.373345,28.821,81.061,27.275,1
7.373898,30.146,81.297,27.447,1
7.374444,30.517,80.909,27.168,1
7.374991,30.447,81.337,27.519,1
7.375555,29.554,81.348,27.273,1
7.376099,30.639,81.419,27.674,1
7.376656,29.930,81.690,27.458,1
7.377190,31.203,81.304,27.641,1
7.377768,28.829,82.992,27.704,1
7.378429,25.236,85.989,27.399,1
7.378908,34.786,81.577,27.684,1
7.379450,30.752,80.950,27.414,1
7.380012,29.656,81.732,27.742,1
7.380556,30.639,81.374,27.479,1
7.381101,30.543,81.430,27.693,1
7.381656,30.074,81.697,27.774,1
7.382224,29.352,81.421,27.346,1
7.382792,29.296,82.992,27.673,1
7.383324,31.369,81.765,27.366,1
7.383886,29.637,81.196,27.644,1
7.384435,30.349,80.951,27.378,1
7.384982,30.494,81.264,27.595,1
7.385555,29.082,82.619,27.338,1
7.386093,30.968,81.672,27.574,1
7.386807,23.339,88.411,27.233,1
7.387231,39.316,81.216,27.591,1
7.387784,30.167,81.261,27.356,1
7.388356,29.134,82.533,27.434,1
7.388904,30.403,81.688,27.203,1
7.389453,30.327,81.545,27.563,1
7.390032,28.809,81.977,27.440,1
7.390576,30.625,81.661,27.520,1
7.391119,30.698,81.455,27.256,1
7.391685,29.457,81.561,27.670,1
7.392231,30.510,81.192,27.385,1
7.392819,28.368,83.241,27.641,1
7.393337,32.187,81.190,27.704,1
7.393918,28.655,83.129,27.323,1
7.394458,30.876,82.956,27.590,1
7.395144,24.299,88.641,27.206,1
7.395568,39.282,81.174,27.557,1
7.396107,30.955,80.689,27.231,1
7.396683,28.932,81.420,27.308,1
7.397231,30.371,81.344,27.291,1
7.397779,30.459,81.529,27.525,1
7.398314,31.131,80.822,27.506,1
7.398883,29.287,80.985,27.192,1
7.399437,30.106,81.098,27.417,1
7.400027,28.217,81.660,27.125,1
7.400568,30.849,81.147,27.374,1
7.401109,30.790,80.842,27.156,1
7.401660,30.228,81.473,27.318,1
7.402208,30.430,81.218,27.023,1
7.402766,29.854,82.008,27.348,1
7.403434,24.958,89.385,27.397,1
7.403833,41.804,80.724,27.166,1
7.404391,29.869,81.091,27.421,1
7.404977,28.421,83.040,27.214,1
7.405523,30.538,82.390,27.427,1
7.406083,29.757,82.390,27.332,1
7.406617,31.191,81.473,27.420,1
7.407230,27.194,82.133,27.072,1
7.407794,29.560,83.035,27.348,1
7.408354,29.740,82.058,27.436,1
7.408884,31.499,81.114,27.120,1
7.409425,30.752,80.991,27.410,1
7.409999,29.035,80.675,27.149,1
7.410560,29.755,81.131,27.277,1
7.411105,30.535,81.200,27.391,1
7.411803,23.900,90.450,27.042,1
7.412190,43.066,80.727,27.266,1
7.412739,30.359,80.375,27.230,1
7.413306,29.360,81.939,26.885,1
7.413840,31.249,81.355,27.143,1
7.414401,29.699,81.745,26.979,1
7.415006,27.567,81.010,26.944,1
7.415553,30.437,80.921,27.273,1
7.416129,28.957,82.587,27.101,1
7.416644,32.334,80.970,27.193,1
7.417190,30.560,80.738,26.973,1
7.417742,30.155,80.824,27.159,1
7.418379,26.189,82.914,27.056,1
7.418901,31.917,81.460,27.279,1
7.419450,30.374,80.709,27.161,1
7.420155,23.639,89.288,27.441,1
7.420574,39.756,81.038,27.301,1
7.421150,28.937,82.669,27.558,1
7.421689,30.897,82.469,27.516,1
7.422243,30.091,82.628,27.691,1
7.422787,30.621,82.402,27.450,1
7.423348,29.749,81.110,27.706,1
7.423907,29.774,80.811,27.604,1
7.424459,30.227,81.259,27.757,1
7.425004,30.591,81.326,27.422,1
7.425555,30.244,81.281,27.715,1
7.426108,30.119,81.354,27.525,1
7.426657,30.365,81.188,27.723,1
7.427226,29.270,81.547,27.585,1
7.427768,30.758,81.164,27.796,1
7.428442,24.742,88.742,27.688,1
7.428891,37.102,83.118,27.782,1
7.429423,31.323,81.474,27.492,1
7.430013,28.232,80.940,27.799,1
7.430575,29.703,81.477,27.564,1
7.431125,30.266,81.698,27.864,1
7.431671,30.558,81.342,27.812,1
7.432241,29.216,82.628,27.951,1
7.432786,30.562,82.796,27.629,1
7.433325,30.956,81.699,27.864,1
7.433897,29.148,82.906,27.689,1
7.434446,30.315,82.779,27.802,1
7.435019,29.096,81.313,27.451,1
7.435572,30.169,81.387,27.727,1
7.436126,30.073,81.687,27.493,1
7.436776,25.638,87.684,27.682,1
7.437256,34.731,83.248,27.712,1
7.437821,29.492,83.518,27.369,1
7.438363,30.727,83.030,27.466,1
7.438888,31.772,81.337,27.600,1
7.439436,30.392,81.634,27.364,1
7.440015,28.781,81.067,27.580,1
7.440570,30.072,81.127,27.336,1
7.441126,29.975,81.251,27.577,1
7.441693,29.380,81.768,27.243,1
7.442237,30.641,81.223,27.585,1
7.442790,30.108,81.306,27.387,1
7.443360,29.256,82.259,27.612,1
7.443921,29.738,82.678,27.476,1
7.444457,31.044,81.747,27.548,1
7.445103,25.832,86.688,27.303,1
7.445557,36.669,81.339,27.556,1
7.446105,30.425,81.075,27.462,1
7.446673,29.326,82.065,27.534,1
7.447217,30.651,81.781,27.255,1
7.447764,30.476,81.481,27.466,1
7.448314,30.303,81.249,27.280,1
7.448865,30.266,81.611,27.500,1
7.449408,30.693,81.303,27.246,1
7.449954,30.506,81.371,27.477,1
7.450513,29.791,81.903,27.209,1
7.451088,29.004,81.372,27.398,1
7.451645,29.932,81.705,27.106,1
7.452188,30.694,81.582,27.345,1
7.452745,29.898,80.936,27.222,1
7.453354,27.399,84.821,27.580,1
7.453866,32.524,82.685,27.346,1
7.454382,32.297,80.739,27.805,1
7.454949,29.371,81.455,27.697,1
7.455512,29.648,81.854,27.838,1
7.456059,30.474,81.091,27.971,1
7.456642,28.561,82.913,28.598,1
7.457157,32.375,80.589,28.535,1
7.457753,27.962,83.006,28.954,1
7.458292,30.940,81.089,29.235,1
7.458852,29.737,82.103,29.723,1
7.459413,29.734,81.129,30.150,1
7.459959,30.516,81.211,30.562,1
7.460548,28.274,81.049,30.944,1
7.461111,29.615,81.537,31.414,1
7.461736,26.650,85.888,31.705,1
7.462292,30.003,85.823,32.074,1
7.462773,34.648,82.152,32.974,1
7.463313,30.840,81.589,32.989,1
7.463857,30.676,81.120,33.583,1
7.464416,29.810,81.042,33.082,1
7.465014,27.878,80.984,33.090,1
7.465564,30.303,80.965,32.965,1
7.466117,30.093,81.232,33.296,1
7.466666,30.401,81.014,32.797,1
7.467209,30.691,80.859,32.815,1
7.467774,29.505,81.849,32.757,1
7.468332,29.837,82.128,32.710,1
7.468893,29.722,81.654,32.749,1
7.469428,31.138,81.100,32.544,1
7.470111,24.420,86.781,32.645,1
7.470591,34.689,82.680,32.645,1
7.471114,31.902,81.129,32.863,1
7.471659,30.581,81.172,32.626,1
7.472223,29.517,81.402,32.547,1
7.472766,30.692,80.858,32.578,1
7.473339,29.121,82.780,32.712,1
7.473855,32.262,80.730,32.405,1
7.474408,30.161,80.581,32.449,1
7.475023,27.079,81.511,32.622,1
7.475581,29.881,81.977,32.690,1
7.476106,31.774,80.668,32.453,1
7.476661,30.031,81.060,32.653,1
7.477210,30.324,81.385,32.641,1
7.477751,30.823,80.845,32.657,1
7.478412,25.215,84.975,32.936,1
7.478899,34.188,81.066,32.809,1
7.479456,29.968,81.645,33.036,1
7.480016,29.722,82.777,32.734,1
7.480550,31.256,81.359,32.917,1
7.481108,29.853,81.951,32.681,1
7.481674,29.461,81.157,33.056,1
7.482229,30.031,81.234,32.738,1
7.482772,30.697,80.670,32.707,1
7.483322,30.299,81.153,32.468,1
7.483888,29.423,81.317,32.772,1
7.484428,30.880,81.141,32.561,1
7.485022,28.050,81.404,32.873,1
7.485567,30.599,81.163,32.559,1
7.486114,30.432,80.969,32.818,1
7.486784,24.905,88.457,32.550,1
7.487217,38.484,81.026,32.872,1
7.487764,30.435,81.371,32.626,1
7.488350,28.441,81.279,32.510,1
7.488900,30.309,81.131,32.456,1
7.489439,30.933,80.666,32.635,1
7.490013,29.025,82.008,32.453,1
7.490553,30.866,81.291,32.748,1
7.491104,30.234,81.295,32.281,1
7.491657,30.136,81.933,32.347,1
7.492194,31.043,81.122,32.550,1
7.492734,30.901,81.059,32.659,1
7.493288,30.066,81.666,32.396,1
7.493835,30.473,81.232,32.484,1
7.494408,29.086,82.277,32.592,1
7.495126,23.211,91.485,32.796,1
7.495536,40.691,83.254,32.603,1
7.496129,28.091,85.190,32.675,1
7.496727,27.886,81.179,32.411,1
7.497276,30.328,81.317,32.347,1
7.497833,29.913,81.638,32.638,1
7.498378,30.571,81.258,32.832,1
7.498926,30.465,80.947,32.567,1
7.499477,30.248,81.185,32.717,1
7.500031,30.073,81.364,32.889,1
7.500578,30.464,81.146,32.861,1
7.501128,30.270,81.115,32.815,1
7.501680,30.202,81.154,32.930,1
7.502232,30.226,81.349,32.553,1
7.502763,31.350,80.698,32.923,1
7.503584,20.297,87.353,32.702,1
7.504020,38.263,80.951,32.871,1
7.504572,30.176,80.998,32.677,1
7.505124,30.210,81.263,32.785,1
7.505668,30.666,81.147,32.501,1
7.506213,30.571,81.324,32.592,1
7.506758,30.565,81.241,32.317,1
7.507315,29.925,81.377,32.319,1
7.507868,30.108,81.977,32.529,1
7.508410,30.769,81.772,32.621,1
7.508942,31.325,81.064,32.372,1
7.509495,30.141,81.070,32.359,1
7.510061,29.441,81.983,32.459,1
7.510598,31.063,81.516,32.437,1
7.511136,30.995,80.708,32.409,1
7.511815,24.518,88.361,32.496,1
7.512241,39.147,80.846,32.862,1
7.512791,30.281,80.955,32.547,1
7.513357,29.480,81.778,32.634,1
7.513922,29.503,82.780,32.930,1
7.514467,30.567,81.206,32.840,1
7.515022,30.045,81.486,32.901,1
7.515573,30.209,81.507,33.164,1
7.516126,30.141,81.323,32.758,1
7.516680,30.123,,32.752,1
7.517248,29.307,,32.838,1
7.517810,29.675,,32.824,1
7.518342,31.340,,32.960,1
7.518910,29.354,,32.698,1
7.519460,30.269,,32.820,1
7.520043,28.592,,32.818,1
7.520713,24.877,,32.714,1
7.521113,41.721,,32.784,1
7.521681,29.324,,32.524,1
7.522227,30.497,,32.790,1
7.522764,31.066,,32.536,1
7.523349,28.471,,32.710,1
7.523894,30.612,,32.569,1
7.524442,30.394,,32.652,1
7.525013,29.185,80.941,32.708,1
7.525563,30.290,80.946,32.704,1
7.526114,30.278,81.027,32.905,1
7.526669,29.996,81.391,32.761,1
7.527217,30.452,81.063,32.983,1
7.527756,30.913,81.031,32.653,1
7.528478,23.076,91.292,32.570,1
7.528882,41.313,82.097,32.744,1
7.529417,31.108,81.163,32.904,1
7.530003,28.458,83.616,32.757,1
7.530504,33.234,81.215,32.842,1
7.531055,30.298,80.971,32.775,1
7.531642,28.375,82.919,32.845,1
7.532162,32.058,80.832,32.874,1
7.532789,26.558,85.192,33.122,1
7.533352,29.622,81.520,32.631,1
7.533895,30.714,81.185,32.780,1
7.534434,30.902,80.956,32.765,1
7.535030,27.951,82.369,32.949,1
7.535554,31.830,81.088,32.642,1
7.536097,30.671,81.036,32.755,1
7.536725,26.574,85.632,32.924,1
7.537219,33.687,81.228,32.807,1
7.537768,30.385,81.092,32.979,1
7.538351,28.588,81.328,32.701,1
7.538888,31.006,80.905,32.580,1
7.539442,30.093,81.299,32.695,1
7.539991,30.393,81.448,32.974,1
7.540545,30.034,81.070,32.584,1
7.541091,30.553,80.964,32.613,1
7.541679,28.348,83.771,32.732,1
7.542230,30.228,81.878,32.439,1
7.542768,30.974,81.077,32.788,1
7.543349,28.696,82.016,32.559,1
7.543887,30.987,81.039,32.729,1
7.544436,30.343,81.090,32.477,1
7.545153,23.269,89.281,32.642,1
7.545601,37.127,83.235,32.594,1
7.546119,32.231,81.473,32.746,1
7.546695,28.937,83.594,32.399,1
7.547195,33.316,80.630,32.752,1
7.547769,29.007,82.373,32.392,1
7.548303,31.229,81.883,32.782,1
7.548885,28.644,81.192,32.574,1
7.549419,31.221,80.664,32.819,1
7.550099,24.506,86.361,32.706,1
7.550558,36.273,80.858,32.818,1
7.551111,30.167,80.985,32.734,1
7.551708,27.924,83.703,32.784,1
7.552212,33.020,81.381,32.776,1
7.552752,30.861,80.637,33.121,1
7.553534,21.329,92.301,32.750,1
7.553911,44.147,82.151,33.015,1
7.554469,29.898,81.260,32.714,1
7.555038,29.273,82.379,32.922,1
7.555595,29.945,82.809,32.961,1
7.556122,31.581,81.705,32.915,1
7.556678,29.990,82.137,32.731,1
7.557200,31.927,80.823,32.668,1
7.557762,29.658,81.514,32.816,1
7.558312,30.295,81.963,32.579,1
7.558842,31.455,81.027,32.902,1
7.559390,30.427,81.087,32.634,1
7.559984,28.067,82.957,32.910,1
7.560555,29.155,84.347,32.589,1
7.561092,31.049,81.655,32.513,1
7.561799,23.580,87.964,32.704,1
7.562235,38.196,81.059,32.905,1
7.562782,30.494,81.277,33.284,1
7.563355,29.099,81.637,33.281,1
7.563898,30.701,81.321,33.890,1
7.564451,30.125,81.390,33.963,1
7.565045,28.046,82.857,34.646,1
7.565566,32.013,81.126,34.766,1
7.566109,30.655,80.903,35.578,1
7.566737,26.561,85.238,35.742,1
7.567211,35.171,80.953,36.435,1
7.567759,30.394,80.818,36.503,1
7.568343,28.531,83.511,36.969,1
7.568849,32.952,80.882,37.825,1
7.569410,29.697,80.743,38.041,1
7.570015,27.543,82.162,38.639,1
7.570655,26.067,87.600,39.031,1
7.571098,37.621,81.378,40.013,1
7.571655,29.895,81.846,40.232,1
7.572214,29.841,81.389,41.001,1
7.572763,30.334,81.228,41.400,1
7.573343,28.753,83.014,42.073,1
7.573860,32.212,81.042,42.139,1
7.574414,30.092,81.303,43.026,1
7.574997,28.598,83.441,42.957,1
7.575538,30.825,83.324,43.911,1
7.576067,31.491,81.780,49.492,1
7.576666,27.818,84.514,58.595,1
7.577164,33.498,,60.274,1
7.577750,28.406,,53.466,1
7.578426,24.663,90.073,43.569,1
7.578985,29.840,90.203,41.637,1
7.579419,38.338,81.293,40.439,1
7.580012,28.110,81.545,38.583,1
7.580553,30.804,81.185,36.391,1
7.581112,29.808,81.632,34.636,1
7.581680,29.360,82.719,33.828,1
7.582214,31.224,80.944,32.623,1
7.582752,30.947,80.637,32.253,1
7.583376,26.746,83.337,31.459,1
7.583884,32.791,81.118,31.213,1
7.584437,30.111,81.188,31.159,1
7.585036,27.865,84.396,31.016,1
7.585540,33.067,80.660,30.932,1
7.586106,29.406,81.910,31.017,1
7.586740,26.297,87.146,30.864,1
7.587337,27.928,89.349,30.988,1
7.587749,40.484,81.286,30.831,1
7.588382,26.315,85.879,30.722,1
7.588854,35.320,81.353,30.785,1
7.589407,30.153,81.717,30.808,1
7.590036,26.469,85.956,30.608,1
7.590528,33.918,82.712,30.484,1
7.591092,29.536,83.380,30.670,1
7.591691,27.805,85.601,30.605,1
7.592192,33.295,82.621,30.395,1
7.592748,29.976,81.249,30.636,1
7.593377,26.509,83.325,30.437,1
7.593915,30.967,82.357,30.507,1
7.594448,31.233,81.252,30.701,1
7.595110,25.190,86.811,30.414,1
7.595651,30.834,86.166,30.347,1
7.596128,34.871,81.957,30.947,1
7.596718,28.267,84.264,30.554,1
7.597213,33.662,81.102,30.879,1
7.597768,30.022,81.682,30.762,1
7.598365,27.935,82.273,30.859,1
7.598902,31.020,81.369,30.727,1
7.599452,30.295,81.418,30.844,1
7.600057,27.573,83.818,30.769,1
7.600564,32.888,81.145,31.056,1
7.601113,30.318,81.150,30.996,1
7.601691,28.853,82.664,31.201,1
7.602235,30.665,81.805,30.972,1
7.602779,30.604,81.277,31.178,1
7.603410,26.439,85.883,31.305,1
7.603973,29.576,86.966,31.007,1
7.604427,36.731,81.154,31.006,1
7.605053,26.602,84.020,31.112,1
7.605554,33.254,81.295,31.050,1
7.606116,29.688,81.877,30.909,1
7.606704,28.349,84.006,30.890,1
7.607205,33.282,81.112,30.848,1
7.607743,30.942,80.748,30.987,1
7.608401,25.325,84.832,30.668,1
7.608894,33.828,81.216,30.878,1
7.609439,30.577,81.299,30.665,1
7.610073,26.291,85.237,30.783,1
7.610560,34.250,81.594,30.852,1
7.611104,30.617,81.177,30.794,1
7.611798,24.024,89.657,30.774,1
7.612344,30.535,89.456,30.769,1
7.612768,39.294,81.807,30.991,1
7.613415,25.742,87.780,30.878,1
7.613873,36.435,82.259,30.877,1
7.614412,30.908,81.593,30.723,1
7.615068,25.418,87.990,30.995,1
7.615502,38.342,80.968,31.086,1
7.616068,29.467,81.995,30.801,1
7.616752,24.353,89.611,30.928,1
7.617170,39.930,81.267,30.984,1
7.617714,30.591,80.647,31.060,1
7.618405,24.133,88.892,30.816,1
7.618853,37.247,81.832,30.896,1
7.619423,29.225,81.475,30.869,1
7.620106,24.403,86.569,30.804,1
7.620689,28.588,88.587,30.750,1
7.621126,38.161,81.900,30.592,1
7.621775,25.654,87.702,30.293,1
7.622211,38.202,81.041,30.433,1
7.622755,30.677,80.806,30.278,1
7.623436,24.472,86.753,30.403,1
7.623903,35.658,81.725,30.352,1
7.624437,31.228,81.107,30.352,1
7.625089,25.551,86.187,30.214,1
7.625560,35.392,81.284,30.392,1
7.626099,30.918,80.913,30.535,1
7.626772,24.760,88.667,30.336,1
7.627242,35.462,82.642,30.413,1
7.627765,31.910,81.413,30.404,1
7.628476,23.440,88.941,30.307,1
7.629018,30.732,88.854,30.407,1
7.629434,40.095,81.013,30.467,1
7.630127,24.050,90.091,30.400,1
7.630522,42.197,81.016,30.722,1
7.631076,30.076,80.722,30.549,1
7.631775,23.819,90.122,30.668,1
7.632246,35.420,82.819,30.559,1
7.632761,32.347,80.852,30.720,1
7.633436,24.699,86.823,30.955,1
7.633901,35.867,81.827,30.683,1
7.634439,30.977,81.315,30.765,1
7.635089,25.644,87.474,30.837,1
7.635571,34.555,82.386,30.634,1
7.636112,30.834,82.166,30.707,1
7.636800,24.201,90.455,30.579,1
7.637307,32.898,87.846,30.502,1
7.637781,35.158,83.257,30.603,1
7.638481,23.817,90.690,30.514,1
7.638932,36.963,85.024,30.485,1
7.639442,32.683,82.564,30.570,1
7.640151,23.484,89.301,30.564,1
7.640570,39.843,81.437,30.527,1
7.641117,30.434,81.425,30.530,1
7.641788,24.834,88.793,30.573,1
7.642231,37.633,82.261,30.616,1
7.642783,30.178,82.561,30.680,1
7.643448,25.068,87.616,30.599,1
7.643892,37.593,81.053,30.780,1
7.644440,30.378,81.408,30.952,1
7.645137,23.908,90.417,30.764,1
7.645684,30.498,89.122,30.822,1
7.646110,39.073,81.787,30.903,1
7.646659,30.369,82.147,30.866,1
7.647227,29.337,81.787,30.955,1
7.647765,31.014,81.394,30.899,1
7.648460,23.988,87.904,31.094,1
7.648900,37.883,81.485,30.760,1
7.649458,29.854,81.282,31.003,1
7.650092,26.290,85.762,30.861,1
7.650566,35.121,81.183,31.073,1
7.651115,30.386,81.302,30.979,1
7.651694,28.764,82.875,31.061,1
7.652218,31.801,81.170,31.154,1
7.652765,30.488,81.069,31.052,1
7.653482,23.254,89.242,30.913,1
7.654008,31.691,87.907,30.676,1
7.654440,38.530,80.832,30.927,1
7.655020,28.771,82.689,30.772,1
7.655548,31.517,81.797,30.696,1
7.656089,30.814,81.391,30.606,1
7.656649,29.790,81.375,30.821,1
7.657191,30.754,81.032,30.522,1
7.657753,29.622,81.618,30.241,1
7.658291,31.017,80.948,30.279,1
7.658888,27.877,83.906,30.322,1
7.659428,30.914,81.249,30.158,1
7.660034,27.485,82.864,30.378,1
7.660553,32.114,81.052,30.287,1
7.661109,29.954,81.537,30.235,1
7.661665,29.993,82.422,30.352,1
7.662280,27.079,86.655,30.122,1
7.662762,34.592,82.101,30.312,1
7.663337,29.005,81.419,30.284,1
7.663885,30.412,81.119,30.408,1
7.664429,30.657,80.703,30.316,1
7.664988,29.801,81.455,30.326,1
7.665549,29.686,81.068,30.416,1
7.666094,30.624,81.230,30.534,1
7.666641,30.433,81.338,30.515,1
7.667193,30.205,81.721,30.484,1
7.667775,28.617,82.926,30.239,1
7.668380,27.581,84.170,30.486,1
7.668890,32.626,82.239,30.486,1
7.669428,30.997,81.273,30.437,1
7.669977,30.367,81.514,30.429,1
7.670647,24.865,86.626,30.534,1
7.671120,35.284,82.193,30.491,1
7.671655,31.154,81.424,30.367,1
7.672219,29.544,81.235,30.340,1
7.672757,30.993,81.046,30.510,1
7.673305,30.399,81.367,30.620,1
7.673858,30.137,81.615,30.401,1
7.674415,29.922,81.098,30.472,1
7.674980,29.479,82.216,30.685,1
7.675559,28.793,81.658,30.429,1
7.676100,30.789,81.000,30.729,1
7.676645,30.622,80.917,30.655,1
7.677198,30.133,81.357,30.649,1
7.677782,28.508,83.400,30.585,1
7.678342,29.761,81.960,30.874,1
7.679028,24.307,90.505,30.985,1
7.679414,43.180,81.028,30.847,1
7.679966,30.175,81.012,30.984,1
7.680550,28.544,81.360,30.844,1
7.681093,30.725,81.133,30.888,1
7.681646,30.125,81.294,30.907,1
7.682193,30.463,81.429,30.823,1
7.682735,30.749,80.923,30.743,1
7.683345,27.325,81.030,30.815,1
7.683916,29.175,82.407,30.537,1
7.684462,30.557,82.110,30.610,1
7.685015,30.118,82.635,30.341,1
7.685572,29.942,82.623,30.510,1
7.686126,30.080,82.476,30.369,1
7.686676,30.307,82.077,30.331,1
7.687304,26.523,86.360,30.510,1
7.687761,36.498,81.145,30.362,1
7.688338,28.862,81.042,30.567,1
7.688907,29.320,82.452,30.248,1
7.689439,31.329,81.444,30.381,1
7.689993,30.053,81.795,30.490,1
7.690538,30.619,81.444,30.491,1
7.691092,30.065,81.712,30.451,1
7.691641,30.373,82.260,30.498,1
7.692175,31.172,81.277,30.472,1
7.692799,26.714,85.757,30.331,1
7.693288,34.113,81.805,30.417,1
7.693833,30.560,81.278,30.353,1
7.694397,29.575,81.786,30.363,1
7.694960,29.608,82.058,30.172,1
7.695624,25.075,88.711,30.325,1
7.696055,38.717,81.128,30.490,1
7.696614,29.774,81.366,30.690,1
7.697161,30.487,80.839,31.008,1
7.697728,29.380,81.565,31.354,1
7.698276,30.427,81.208,31.217,1
7.698830,30.081,81.102,31.361,1
7.699396,29.467,81.553,31.240,1
7.699940,30.623,81.034,31.173,1
7.700490,30.306,80.668,30.928,1
7.701051,29.728,81.052,30.945,1
7.701610,29.806,81.032,30.912,1
7.702160,30.321,80.727,30.867,1
7.702716,29.973,80.891,30.795,1
7.703309,28.108,83.149,30.936,1
7.703970,25.214,89.480,30.882,1
7.704378,40.838,80.624,30.883,1
7.704952,28.999,81.230,30.986,1
7.705530,28.871,82.891,30.882,1
7.706063,31.236,81.800,31.262,1
7.706604,30.799,80.739,31.151,1
7.707191,28.413,81.044,31.619,1
7.707741,30.279,80.922,31.602,1
7.708296,30.050,81.516,31.971,1
7.708843,30.452,81.328,32.352,1
7.709410,29.415,82.345,32.393,1
7.709940,31.415,80.917,32.628,1
7.710491,30.265,80.544,32.650,1
7.711054,29.630,81.017,33.150,1
7.711624,29.237,81.955,33.390,1
7.712268,25.869,87.388,33.823,1
7.712755,34.193,82.060,33.335,1
7.713355,27.794,81.609,33.583,1
7.713932,28.908,83.529,33.361,1
7.714430,33.442,80.786,33.309,1
7.715035,27.527,82.432,32.590,1
7.715562,31.638,81.280,32.808,1
7.716114,30.209,81.255,32.471,1
7.716680,29.419,82.052,32.709,1
7.717247,29.424,83.070,33.344,1
7.717760,32.464,80.769,32.691,1
7.718347,28.397,81.174,32.875,1
7.718896,30.358,81.225,32.446,1
7.719446,30.305,81.235,32.693,1
7.720015,29.298,81.172,32.257,1
7.720852,19.914,98.410,32.575,1
7.721134,59.063,82.380,32.556,1
7.721675,30.823,82.381,32.768,1
7.722217,30.752,81.175,32.567,1
7.722767,30.304,81.267,32.665,1
7.723313,30.506,81.500,32.738,1
7.723853,30.875,80.984,32.468,1
7.724416,29.582,81.796,32.625,1
7.724953,31.077,81.218,32.220,1
7.725496,30.672,80.881,32.613,1
7.726060,29.546,81.411,32.572,1
7.726599,30.941,80.547,32.763,1
7.727175,28.912,81.264,32.942,1
7.727739,29.541,82.293,32.550,1
7.728277,31.028,81.109,32.789,1
7.728945,24.947,87.847,32.169,1
7.729391,37.324,81.463,32.295,1
7.729942,30.265,81.141,32.436,1
7.730496,30.106,80.886,32.631,1
7.731130,26.261,80.578,32.892,1
7.731690,29.785,81.416,32.660,1
7.732228,30.943,80.848,32.810,1
7.732780,30.204,80.958,32.471,1
7.733349,29.289,81.343,32.531,1
7.733901,30.220,81.473,32.322,1
7.734440,30.912,80.813,32.361,1
7.734990,30.312,80.995,32.339,1
7.735544,30.090,80.773,32.935,1
7.736104,29.727,81.262,32.669,1
7.736656,30.199,81.232,33.001,1
7.737513,19.451,99.650,32.539,1
7.737800,58.108,82.044,32.592,1
7.738344,30.617,81.454,32.604,1
7.738896,30.215,81.898,32.618,1
7.739443,30.479,81.560,32.568,1
7.740015,29.140,81.139,32.864,1
7.740570,29.986,81.470,32.665,1
7.741122,30.220,81.727,32.696,1
7.741673,30.260,81.654,32.676,1
7.742243,29.219,82.977,32.678,1
7.742780,31.044,82.071,32.175,1
7.743310,31.452,80.939,32.076,1
7.743879,29.287,80.909,32.479,1
7.744429,30.279,81.156,32.467,1
7.745008,28.790,81.192,32.854,1
7.745803,20.966,96.234,32.586,1
7.746103,55.593,81.197,32.697,1
7.746663,29.780,81.653,32.873,1
7.747217,30.079,81.627,32.582,1
7.747765,30.397,81.184,32.723,1
7.748322,29.938,81.411,32.258,1
7.748881,29.792,81.271,32.757,1
7.749432,30.244,81.564,32.479,1
7.749969,31.042,80.755,32.778,1
7.750540,29.190,80.828,32.456,1
7.751091,30.263,81.203,32.707,1
7.751653,29.664,81.607,32.582,1
7.752227,29.049,81.784,32.001,1
7.752773,30.482,81.650,32.182,1
7.753323,30.338,81.459,32.359,1
7.753872,30.317,81.118,32.716,1
7.754580,23.547,81.264,33.037,1
7.755129,30.379,81.684,32.640,1
7.755667,30.992,81.328,32.620,1
7.756219,30.168,81.248,32.679,1
7.756776,29.927,81.886,32.268,1
7.757318,30.757,81.459,32.382,1
7.757887,29.293,82.534,32.140,1
7.758412,31.744,81.143,32.062,1
7.758975,29.576,81.853,32.299,1
7.759516,30.813,81.430,32.618,1
7.760072,30.008,81.616,32.326,1
7.760647,28.973,83.127,32.487,1
7.761166,32.091,81.304,32.227,1
7.761717,30.295,81.423,32.284,1
7.762519,20.778,96.436,32.009,1
7.762834,52.772,82.454,32.461,1
7.763361,31.655,80.984,32.748,1
7.763911,30.300,81.120,32.564,1
7.764459,30.410,80.882,32.718,1
7.765009,30.290,80.952,32.358,1
7.765560,30.286,80.901,32.650,1
7.766114,30.089,81.137,32.221,1
7.766665,30.248,81.226,32.394,1
7.767217,30.168,81.926,32.236,1
7.767759,30.730,81.510,32.510,1
7.768294,31.151,81.017,32.616,1
7.768855,29.711,81.899,32.653,1
7.769409,30.085,80.766,32.521,1
7.770011,27.680,81.013,32.560,1
7.770841,20.096,97.676,32.237,1
7.771122,59.193,81.177,32.365,1
7.771680,29.907,81.500,32.186,1
7.772241,29.714,82.195,32.750,1
7.772770,31.504,80.847,32.493,1
7.773321,30.231,81.049,32.718,1
7.773874,30.129,81.778,32.263,1
7.774425,30.267,81.380,32.337,1
7.775005,28.730,81.055,32.767,1
7.775556,30.230,81.467,32.090,1
7.776103,30.489,81.218,31.952,1
7.776661,29.885,81.516,32.567,1
7.777219,29.867,81.283,32.436,1
7.777768,30.325,81.382,32.676,1
7.778323,30.062,81.464,32.433,1
7.778995,24.802,88.327,32.334,1
7.779426,38.631,81.192,32.276,1
7.780021,27.998,82.101,32.486,1
7.780554,31.287,81.364,32.196,1
7.781117,29.592,82.002,32.627,1
7.781674,29.918,82.389,32.561,1
7.782211,31.026,81.563,32.479,1
7.782758,30.496,81.304,32.658,1
7.783348,28.232,81.284,32.124,1
7.783907,29.815,81.434,32.365,1
7.784452,30.619,81.325,32.173,1
7.785010,29.839,80.960,32.048,1
7.785575,29.499,81.776,32.409,1
7.786116,30.811,80.840,32.467,1
7.786673,29.914,81.665,32.520,1
7.787321,25.733,87.552,32.623,1
7.787782,36.166,82.255,32.399,1
7.788335,30.136,82.212,32.438,1
7.788878,30.707,81.424,32.617,1
7.789420,30.749,80.791,32.237,1
7.790010,28.233,80.908,32.451,1
7.790581,29.171,82.092,32.452,1
7.791134,30.143,81.929,32.901,1
7.791676,30.752,81.313,32.589,1
7.792232,29.998,81.536,32.824,1
7.792773,30.815,80.990,32.409,1
7.793361,28.318,81.867,32.571,1
7.793905,30.621,81.854,32.146,1
7.794447,30.802,81.525,32.332,1
7.794982,31.141,80.954,32.282,1
7.795638,25.400,86.479,33.002,1
7.796108,35.438,81.622,32.785,1
7.796656,30.409,81.435,32.817,1
7.797209,30.133,82.059,32.924,1
7.797757,30.428,81.899,32.552,1
7.798287,31.460,81.417,32.777,1
7.798834,30.462,81.194,32.488,1
7.799405,29.168,82.328,32.824,1
7.799945,30.910,81.165,32.610,1
7.800545,27.782,83.985,32.592,1
7.801068,31.852,82.073,32.807,1
7.801685,27.013,81.300,32.428,1
7.802239,30.088,81.401,32.717,1
7.802779,30.860,81.191,32.723,1
7.803343,29.554,82.000,32.189,1
7.804119,21.460,94.724,32.562,1
7.804558,37.992,88.294,32.588,1
7.804986,38.935,81.403,32.837,1
7.805560,29.069,82.704,33.464,1
7.806080,31.998,81.334,32.957,1
7.806626,30.520,81.463,33.127,1
7.807229,27.650,81.981,32.729,1
7.807761,31.368,80.813,32.853,1
7.808378,27.006,82.829,32.372,1
7.808930,30.178,83.375,32.900,1
7.809439,32.763,80.816,32.782,1
7.809991,30.189,81.367,32.835,1
7.810567,28.903,82.508,32.743,1
7.811096,31.509,81.438,32.497,1
7.811688,28.193,81.366,32.558,1
7.812490,20.769,96.926,32.311,1
7.812784,56.693,81.532,32.571,1
7.813348,29.550,82.899,32.219,1
7.813879,31.384,81.666,32.593,1
7.814419,30.864,80.954,32.629,1
7.814966,30.473,81.086,32.790,1
7.815547,28.709,81.212,32.632,1
7.816088,30.776,80.954,32.654,1
7.816646,29.883,81.264,32.657,1
7.817245,27.829,82.879,32.074,1
7.817757,32.562,80.755,32.075,1
7.818346,28.288,81.255,32.596,1
7.818914,29.340,81.509,32.373,1
7.819452,30.971,81.092,32.580,1
7.820005,30.134,81.002,32.485,1
7.820815,20.576,96.433,32.588,1
7.821139,51.469,82.833,32.415,1
7.821686,30.440,81.404,32.411,1
7.822242,30.024,81.650,32.017,1
7.822773,31.341,80.914,32.569,1
7.823344,29.221,82.209,32.494,1
7.823892,30.388,81.491,32.715,1
7.824452,29.764,82.488,32.503,1
7.825005,30.128,81.571,32.716,1
7.825554,30.401,81.281,32.444,1
7.826092,30.928,80.922,32.435,1
7.826644,30.233,81.326,31.936,1
7.827224,28.700,81.708,32.053,1
7.827769,30.590,81.286,32.381,1
7.828370,27.723,82.423,32.996,1
7.829135,21.785,95.740,32.941,1
7.829466,50.384,82.461,33.149,1
7.830014,30.430,82.806,33.171,1
7.830576,29.677,83.842,33.016,1
7.831077,33.237,80.887,33.168,1
7.831678,27.745,83.184,32.516,1
7.832227,30.320,81.813,32.969,1
7.832764,31.044,81.298,32.782,1
7.833420,25.423,85.607,32.927,1
7.833922,33.176,82.933,31.921,1
7.834446,31.848,81.169,32.243,1
7.835011,29.469,81.042,31.812,1
7.835575,29.570,81.758,30.908,1
7.836145,29.221,82.580,30.989,1
7.836717,29.138,84.304,30.427,1
7.837333,27.082,88.177,30.213,1
7.837838,32.988,85.541,29.435,1
7.838331,33.767,81.335,29.375,1
7.838993,25.204,88.635,28.981,1
7.839465,35.315,84.074,28.698,1
7.839973,32.800,81.043,27.985,1
7.840619,25.793,87.097,28.018,1
7.841080,36.112,81.084,27.674,1
7.841626,30.571,81.443,27.749,1
7.842236,27.323,85.242,27.595,1
7.842728,33.876,81.692,27.170,1
7.843346,26.955,81.181,27.321,1
7.843902,29.996,81.697,27.280,1
7.844444,30.751,81.127,27.341,1
7.845007,29.581,81.078,27.134,1
7.845817,20.566,96.495,27.432,1
7.846150,50.148,83.339,27.186,1
7.846691,30.805,82.800,27.461,1
7.847221,31.450,81.425,27.190,1
7.847765,30.629,81.182,27.490,1
7.848314,30.339,81.015,27.249,1
7.848873,29.815,81.658,27.629,1
7.849420,30.480,81.388,27.402,1
7.849965,30.587,81.451,27.704,1
7.850558,28.119,81.915,27.549,1
7.851089,31.374,80.956,27.707,1
7.851642,30.118,81.107,27.603,1
7.852211,29.282,82.390,27.873,1
7.852755,30.661,82.592,27.893,1
7.853342,28.391,80.988,27.662,1
7.854161,20.360,97.248,27.963,1
7.854455,56.628,81.851,27.637,1
7.855004,30.367,81.900,27.557,1
7.855548,30.613,81.354,27.877,1
7.856098,30.313,81.431,27.566,1
7.856646,30.441,81.183,27.812,1
7.857218,29.096,81.282,27.430,1
7.857766,30.444,81.279,27.664,1
7.858328,29.654,81.894,27.519,1
7.858906,28.809,83.430,27.561,1
7.859430,31.829,81.995,27.228,1
7.860015,28.494,81.251,27.545,1
7.860601,28.444,83.299,27.202,1
7.861120,32.109,81.904,27.430,1
7.861664,30.617,81.479,27.132,1
7.862465,20.816,96.386,27.304,1
7.862781,52.761,82.521,26.916,1
7.863313,31.345,81.508,27.184,1
7.863957,25.855,87.255,27.223,1
7.864410,36.820,81.146,26.861,1
7.864960,30.298,80.963,27.171,1
7.865553,28.116,83.650,26.952,1
7.866066,32.480,81.480,26.976,1
7.866607,30.783,81.009,27.153,1
7.867237,26.473,85.454,26.832,1
7.867715,34.822,80.887,27.142,1
7.868286,29.208,81.907,26.859,1
7.868920,26.301,85.794,27.114,1
7.869414,33.749,82.195,27.161,1
7.869946,31.281,81.248,26.912,1
7.870788,19.803,98.672,27.213,1
7.871110,51.846,82.843,27.120,1
7.871633,31.864,81.155,27.185,1
7.872239,27.472,84.824,26.923,1
7.872747,32.831,81.308,27.300,1
7.873329,28.615,82.854,27.284,1
7.873910,28.726,82.829,27.456,1
7.874433,31.854,81.583,27.170,1
7.874987,30.058,81.490,27.509,1
7.875579,28.189,83.198,27.270,1
7.876088,32.692,81.073,27.659,1
7.876650,29.655,82.171,27.464,1
7.877238,28.372,82.493,27.652,1
7.877761,31.876,81.285,27.703,1
7.878316,29.999,81.493,27.396,1
7.879114,20.899,96.586,27.690,1
7.879428,52.999,81.909,27.413,1
7.879978,30.333,81.306,27.741,1
7.880639,25.211,88.049,27.488,1
7.881075,38.196,81.689,27.697,1
7.881610,31.139,81.160,27.744,1
7.882266,25.419,86.814,27.352,1
7.882735,35.505,81.886,27.677,1
7.883271,31.124,80.860,27.365,1
7.883930,25.293,87.197,27.638,1
7.884417,34.205,81.324,27.391,1
7.884960,30.712,81.032,27.595,1
7.885597,26.155,86.418,27.332,1
7.886082,34.396,81.206,27.578,1
7.886634,30.182,81.475,27.241,1
7.887407,21.555,94.984,27.590,1
7.887724,52.630,81.310,27.370,1
7.888268,30.636,80.780,27.426,1
7.888928,25.242,86.514,27.211,1
7.889394,35.776,81.548,27.575,1
7.889934,30.836,80.796,27.440,1
7.890590,25.402,86.849,27.518,1
7.891062,35.376,81.568,27.265,1
7.891610,30.412,81.337,27.661,1
7.892259,25.645,86.791,27.367,1
7.892720,36.194,81.106,27.679,1
7.893303,28.608,82.911,27.712,1
7.893944,26.000,87.454,27.320,1
7.894383,37.935,81.022,27.572,1
7.894945,29.628,81.473,27.231,1
7.895745,20.847,95.878,27.569,1
7.896051,54.534,80.997,27.239,1
7.896603,30.191,80.877,27.319,1
7.897300,23.903,89.293,27.305,1
7.897740,37.849,80.728,27.523,1
7.898339,27.847,80.819,27.494,1
7.898955,27.047,84.915,27.200,1
7.899436,34.657,80.713,27.438,1
7.900020,28.508,81.584,27.116,1
7.900634,27.178,85.662,27.357,1
7.901116,34.588,81.490,27.137,1
7.901656,30.842,81.145,27.307,1
7.902275,26.903,85.672,27.022,1
7.902749,35.191,80.924,27.347,1
7.903310,29.696,81.541,27.381,1
7.903961,25.619,87.999,27.141,1
7.904467,32.923,85.244,27.412,1
7.905014,30.481,81.181,27.188,1
7.905612,27.847,84.019,27.429,1
7.906116,33.115,81.351,27.339,1
7.906666,30.308,81.302,27.433,1
7.907290,26.696,85.632,27.092,1
7.907768,34.834,81.400,27.381,1
7.908318,30.300,81.517,27.438,1
7.908973,25.468,86.634,27.128,1
7.909438,35.848,81.438,27.393,1
7.910005,29.385,81.282,27.159,1
7.910632,26.577,85.871,27.287,1
7.911118,34.311,82.161,27.396,1
7.911648,31.410,81.397,27.036,1
7.912492,19.762,97.793,27.255,1
7.912764,61.205,81.177,27.226,1
7.913340,28.919,80.934,26.907,1
7.913971,26.430,85.873,27.148,1
7.914469,33.471,83.043,26.999,1
7.914987,32.199,80.970,26.953,1
7.915660,24.757,88.595,27.262,1
7.916082,39.460,81.375,27.110,1
7.916637,30.052,82.154,27.163,1
7.917309,24.774,89.869,26.951,1
7.917720,40.566,81.040,27.161,1
7.918280,29.803,81.531,27.067,1
7.918964,24.357,88.695,27.271,1
7.919439,35.059,84.286,27.158,1
7.919938,33.381,81.048,27.456,1
7.920797,19.419,99.237,27.322,1
7.921046,66.859,80.855,27.563,1
7.921598,30.207,80.628,27.510,1
7.922274,24.638,87.825,27.700,1
7.922739,35.843,82.437,27.455,1
7.923316,28.900,83.721,27.715,1
7.923937,26.849,87.627,27.589,1
7.924392,36.566,81.604,27.779,1
7.924952,29.770,81.753,27.417,1
7.925598,25.802,87.161,27.706,1
7.926047,37.148,80.772,27.530,1
7.926604,29.890,81.055,27.733,1
7.927285,24.500,88.380,27.596,1
7.927758,35.236,83.429,27.793,1
7.928275,32.197,81.189,27.689,1
7.929079,20.737,96.034,27.795,1
7.929426,48.046,81.851,27.507,1
7.929965,30.895,81.114,27.821,1
7.930648,24.412,89.474,27.574,1
7.931062,40.242,81.584,27.865,1
7.931608,30.549,81.217,27.840,1
7.932288,24.521,88.684,27.962,1
7.932721,38.421,81.388,27.636,1
7.933287,29.484,82.008,27.852,1
7.933909,26.771,85.636,27.687,1
7.934392,34.549,81.617,27.805,1
7.934938,30.494,81.039,27.460,1
7.935530,28.161,83.242,27.704,1
7.936059,31.534,81.100,27.495,1
7.936622,29.556,82.097,27.680,1
7.937380,22.009,94.225,27.718,1
7.937727,47.988,81.728,27.364,1
7.938338,27.273,84.819,27.460,1
7.939047,23.521,91.083,27.601,1
7.939447,41.607,82.545,27.332,1
7.940026,28.805,81.899,27.564,1
7.940595,29.264,83.090,27.306,1
7.941125,31.448,82.083,27.573,1
7.941678,30.147,82.088,27.227,1
7.942308,26.481,86.866,27.612,1
7.942790,34.561,81.125,27.347,1
7.943339,30.334,81.074,27.622,1
7.943900,29.715,81.708,27.491,1
7.944446,30.543,81.341,27.549,1
7.945025,28.780,82.260,27.312,1
7.945652,26.578,86.811,27.520,1
7.946116,35.938,81.414,27.461,1
7.946657,30.804,80.853,27.527,1
7.947216,29.787,81.495,27.283,1
7.947777,29.726,82.044,27.496,1
7.948324,30.493,81.431,27.240,1
7.948881,29.918,81.789,27.496,1
7.949423,30.723,81.124,27.245,1
7.950016,28.103,81.375,27.467,1
7.950571,30.042,81.600,27.194,1
7.951114,30.678,81.301,27.385,1
7.951667,30.149,81.427,27.137,1
7.952212,30.586,80.985,27.357,1
7.952767,30.060,81.406,27.220,1
7.953308,30.766,81.101,27.574,1
7.954082,21.543,93.154,27.399,1
7.954459,44.207,82.725,27.835,1
7.955085,26.606,85.536,27.685,1
7.955601,32.334,83.460,27.849,1
7.956108,32.868,81.038,27.953,1
7.956659,30.252,81.248,28.601,1
7.957211,30.173,81.775,28.537,1
7.957770,29.833,82.321,28.958,1
7.958342,29.108,80.979,29.227,1
7.958895,30.162,81.380,29.705,1
7.959442,30.457,81.457,30.148,1
7.959985,30.722,81.037,30.580,1
7.960546,29.698,81.025,30.955,1
7.961156,27.333,84.466,31.409,1
7.961643,34.226,80.972,31.685,1
7.962426,21.278,93.859,32.091,1
7.962765,49.121,81.336,32.962,1
7.963312,30.473,81.591,33.006,1
7.963860,30.413,81.346,33.539,1
7.964429,29.295,82.086,33.044,1
7.965011,28.665,84.426,33.096,1
7.965544,31.234,80.895,32.971,1
7.966093,30.343,80.763,33.315,1
7.966652,29.848,81.106,32.826,1
7.967198,30.519,81.034,32.823,1
7.967746,30.420,81.304,32.713,1
7.968329,28.567,83.542,32.723,1
7.968858,31.488,82.231,32.730,1
7.969416,29.881,82.861,32.581,1
7.969964,30.426,82.455,32.682,1
7.970537,29.101,83.573,32.642,1
7.971323,21.210,97.473,32.831,1
7.971638,52.882,82.847,32.623,1
7.972219,28.663,81.019,32.554,1
7.972790,29.189,82.202,32.587,1
7.973344,30.110,81.899,32.718,1
7.973917,29.073,83.318,32.404,1
7.974421,33.070,81.011,32.436,1
7.974982,29.703,81.521,32.631,1
7.975544,29.635,82.354,32.695,1
7.976078,31.218,81.050,32.453,1
7.976640,29.664,80.972,32.634,1
7.977218,28.822,81.375,32.656,1
7.977764,30.573,81.270,32.649,1
7.978300,31.055,80.807,32.937,1
7.978943,25.933,86.657,32.782,1
7.979411,35.639,80.964,33.021,1
7.980001,28.235,81.314,32.741,1
7.980546,30.552,81.395,32.919,1
7.981093,30.468,81.344,32.679,1
7.981640,30.485,81.010,33.094,1
7.982192,30.183,81.393,32.690,1
7.982740,30.436,80.750,32.744,1
7.983343,27.615,81.151,32.456,1
7.983887,30.650,80.873,32.751,1
7.984433,30.562,81.097,32.564,1
7.985010,28.868,80.965,32.864,1
7.985561,30.254,81.048,32.526,1
7.986128,29.364,82.307,32.838,1
7.986663,31.194,81.192,32.556,1
7.987313,25.645,87.050,32.881,1
7.987758,37.435,80.824,32.630,1
7.988341,28.560,81.069,32.491,1
7.988889,30.412,80.961,32.469,1
7.989445,29.995,81.285,32.619,1
7.990006,29.736,80.972,32.456,1
7.990564,29.844,81.397,32.753,1
7.991106,30.780,80.917,32.282,1
7.991659,30.123,81.288,32.341,1
7.992227,29.320,82.328,32.535,1
7.992750,31.883,81.005,32.664,1
7.993319,29.300,81.968,32.400,1
7.993876,29.936,80.837,32.484,1
7.994426,30.257,81.350,32.601,1
7.994972,30.545,80.938,32.809,1
7.995563,28.201,83.731,32.596,1
7.996224,25.221,89.794,32.643,1
7.996626,41.489,81.530,32.394,1
7.997168,30.743,81.084,32.341,1
7.997711,30.690,80.597,32.644,1
7.998272,29.690,81.007,32.861,1
7.998828,30.003,81.074,32.557,1
7.999400,29.127,82.066,32.754,1
8.000010,27.327,81.475,32.897,1
8.000553,30.682,81.180,32.865,1
8.001115,29.634,81.663,32.818,1
8.001659,30.652,81.572,32.936,1
8.002210,30.251,81.468,32.553,1
8.002759,30.339,81.517,32.930,1
8.003346,28.420,81.397,32.691,1
8.003897,30.249,81.676,32.904,1
8.004724,20.148,98.348,32.682,1
8.004992,62.103,81.296,32.780,1
8.005558,29.448,81.171,32.526,1
8.006113,30.027,81.946,32.627,1
8.006663,30.321,81.767,32.337,1
8.007209,30.529,80.862,32.337,1
8.007761,30.208,81.010,32.536,1
8.008319,29.840,81.383,32.628,1
8.008878,29.845,82.137,32.373,1
8.009413,31.125,81.124,32.374,1
8.010019,27.508,81.597,32.449,1
8.010559,30.887,80.859,32.458,1
8.011123,29.514,81.950,32.404,1
8.011693,29.235,82.053,32.487,1
8.012279,28.458,84.468,32.863,1
8.013017,22.583,95.803,32.521,1
8.013383,45.557,84.617,32.632,1
8.013914,31.404,83.111,32.910,1
8.014453,30.905,82.113,32.738,1
8.015012,29.838,82.415,32.895,1
8.015542,31.398,81.064,33.184,1
8.016107,29.521,82.187,32.784,1
8.016678,29.208,83.291,32.774,1
8.017225,30.425,82.868,32.834,1
8.017762,31.076,,32.804,1
8.018344,28.623,,21.673,1
8.018921,28.874,,32.675,1
8.019440,32.143,,32.825,1
8.019995,30.012,,32.796,1
8.020590,28.034,,32.721,1
8.021359,21.646,,32.779,1
8.021670,53.737,,32.518,1
8.022217,30.440,,32.807,1
8.022766,30.346,,32.524,1
8.023307,30.806,,32.747,1
8.023853,30.544,,32.557,1
8.024405,30.188,,32.662,1
8.025009,27.580,,32.720,1
8.025569,29.807,,32.744,1
8.026115,30.517,81.313,32.931,1
8.026684,29.278,82.497,32.735,1
8.027249,29.516,83.266,32.973,1
8.027787,30.933,82.975,32.650,1
8.028364,28.931,82.257,32.584,1
8.028924,29.716,83.251,32.733,1
8.029596,24.811,90.947,32.895,1
8.030042,37.417,83.107,32.742,1
8.030555,32.449,81.293,32.856,1
8.031109,30.092,81.730,32.767,1
8.031659,30.282,81.580,32.862,1
8.032216,29.972,81.235,32.883,1
8.032774,29.867,81.801,33.130,1
8.033317,30.692,81.116,32.618,1
8.033880,29.560,82.275,32.765,1
8.034427,30.491,81.966,32.740,1
8.035010,28.602,81.569,32.944,1
8.035549,30.932,81.184,32.643,1
8.036110,29.712,81.702,32.771,1
8.036650,30.845,81.197,32.938,1
8.037223,29.089,82.565,32.815,1
8.037986,21.829,95.718,32.958,1
8.038299,53.333,81.638,32.712,1
8.038859,29.767,82.068,32.601,1
8.039431,29.099,82.992,32.724,1
8.040008,28.908,81.201,32.961,1
8.040557,30.384,81.467,32.567,1
8.041106,30.361,81.498,32.611,1
8.041655,30.343,81.284,32.713,1
8.042221,29.452,81.799,32.457,1
8.042765,30.618,81.555,32.785,1
8.043333,29.362,81.318,32.522,1
8.043892,29.778,82.361,32.721,1
8.044443,30.243,82.348,32.478,1
8.045021,28.870,81.706,32.663,1
8.045593,29.139,82.903,32.588,1
8.046344,22.195,94.847,32.736,1
8.046671,50.970,81.209,32.385,1
8.047241,29.244,82.779,32.744,1
8.047761,32.003,80.825,32.403,1
8.048340,28.788,80.865,32.783,1
8.048896,29.981,81.525,32.578,1
8.049437,30.826,80.832,32.820,1
8.050005,29.347,82.042,32.717,1
8.050563,29.852,82.718,32.830,1
8.051093,31.461,81.324,32.701,1
8.051653,29.732,82.140,32.765,1
8.052219,29.469,82.912,32.760,1
8.052747,31.552,81.445,33.123,1
8.053300,30.138,81.359,32.754,1
8.053877,28.893,83.306,33.053,1
8.054646,21.683,96.516,32.726,1
8.054967,51.791,82.486,32.935,1
8.055525,29.902,82.849,32.956,1
8.056051,31.664,81.111,32.904,1
8.056638,28.395,83.119,32.722,1
8.057184,30.518,81.978,32.673,1
8.057773,28.334,83.811,32.820,1
8.058302,31.477,82.482,32.589,1
8.058868,29.423,83.393,32.882,1
8.059403,31.200,81.981,32.635,1
8.059940,31.039,81.048,32.905,1
8.060534,28.025,83.556,32.596,1
8.061153,26.946,82.451,32.514,1
8.061678,31.717,81.100,32.704,1
8.062251,29.081,82.814,32.897,1
8.062997,22.361,94.796,33.284,1
8.063326,50.550,81.813,33.284,1
8.063874,30.463,81.849,33.887,1
8.064420,30.487,81.536,33.983,1
8.065016,27.973,81.413,34.622,1
8.065554,31.009,81.016,34.792,1
8.066098,30.635,81.039,35.573,1
8.066662,29.547,81.686,35.724,1
8.067204,30.745,81.290,36.357,1
8.067770,29.435,82.205,36.487,1
8.068344,29.025,81.150,36.964,1
8.068906,29.664,82.046,37.850,1
8.069447,30.781,81.474,38.062,1
8.069999,30.198,81.522,38.728,1
8.070544,30.601,81.237,39.020,1
8.071277,22.745,92.376,39.980,1
8.071635,46.525,81.395,40.265,1
8.072189,30.082,81.639,40.959,1
8.072734,30.593,81.492,41.481,1
8.073284,30.279,81.573,42.063,1
8.073853,29.317,82.508,42.158,1
8.074395,30.746,81.762,43.011,1
8.074937,30.739,81.087,42.815,1
8.075510,29.096,82.122,43.917,1
8.076057,30.464,81.600,49.483,1
8.076609,30.171,81.388,58.514,1
8.077184,28.989,,60.306,1
8.077725,30.823,,53.348,1
8.078284,29.806,81.700,43.545,1
8.078851,29.393,81.405,41.616,1
8.079634,21.291,95.730,40.478,1
8.079944,53.780,81.273,38.550,1
8.080511,29.393,82.119,36.393,1
8.081065,30.095,81.479,34.651,1
8.081622,29.888,82.021,33.829,1
8.082188,29.469,82.774,32.653,1
8.082755,29.377,81.953,32.269,1
8.083350,28.041,84.816,31.469,1
8.083840,33.988,81.293,31.228,1
8.084397,29.944,81.727,31.234,1
8.084964,29.386,82.513,31.047,1
8.085510,30.539,81.535,30.950,1
8.086077,29.359,82.076,30.982,1
8.086619,30.745,81.135,30.890,1
8.087167,30.419,81.185,30.972,1
8.087930,21.848,93.858,30.842,1
8.088289,46.422,82.177,30.777,1
8.088848,29.827,81.643,30.770,1
8.089413,29.469,81.322,30.807,1
8.089973,29.807,82.562,30.626,1
8.090509,31.081,81.236,30.526,1
8.091075,29.453,81.942,30.679,1
8.091624,30.351,81.419,30.679,1
8.092176,30.195,81.253,30.361,1
8.092745,29.279,82.173,30.676,1
8.093297,30.211,82.160,30.472,1
8.093848,30.231,81.594,30.479,1
8.094452,27.613,84.354,30.723,1
8.094951,33.358,81.537,30.449,1
8.095492,30.832,80.954,30.403,1
8.096329,19.909,97.965,30.947,1
8.096630,55.451,82.464,30.592,1
8.097171,30.761,81.471,30.852,1
8.097759,28.362,83.575,30.805,1
8.098274,32.335,80.970,30.841,1
8.098820,30.535,80.541,30.803,1
8.099412,28.180,82.854,30.903,1
8.099956,30.651,81.737,30.780,1
8.100512,29.964,82.072,31.062,1
8.101074,29.656,81.963,30.998,1
8.101622,30.384,82.039,31.150,1
8.102159,31.044,81.006,31.010,1
8.102766,27.482,83.919,31.189,1
8.103267,33.243,80.690,31.279,1
8.103854,28.409,81.448,30.995,1
8.104644,21.098,96.254,31.028,1
8.104956,53.272,82.039,31.124,1
8.105540,28.579,80.948,31.052,1
8.106104,29.542,81.862,30.929,1
8.106646,30.719,81.319,30.883,1
8.107193,30.476,81.186,30.831,1
8.107752,29.823,81.713,30.994,1
8.108341,28.293,81.516,30.677,1
8.108900,29.827,82.305,30.855,1
8.109443,30.691,81.760,30.659,1
8.110002,29.820,81.206,30.795,1
8.110568,29.449,82.048,30.846,1
8.111114,30.525,81.862,30.822,1
8.111657,30.697,81.419,30.768,1
8.112207,30.292,81.575,30.779,1
8.112922,23.297,91.720,30.954,1
8.113294,44.845,80.948,30.872,1
8.113881,28.393,81.202,30.896,1
8.114430,30.347,81.533,30.712,1
8.114970,30.850,81.209,31.007,1
8.115522,30.243,81.082,31.084,1
8.116080,29.854,81.177,30.820,1
8.116661,28.657,82.312,30.947,1
8.117213,30.212,81.115,30.960,1
8.117769,29.967,81.570,31.065,1
8.118332,29.628,81.433,30.835,1
8.118883,30.253,81.135,30.882,1
8.119445,29.617,82.187,30.834,1
8.119983,30.978,81.677,30.823,1
8.120557,29.070,81.973,30.711,1
8.121369,20.529,98.119,30.570,1
8.121668,55.652,82.677,30.315,1
8.122242,29.065,82.847,30.456,1
8.122814,29.102,84.280,30.312,1
8.123328,32.469,82.138,30.410,1
8.123950,26.781,86.391,30.392,1
8.124475,31.760,84.880,30.358,1
8.125099,26.711,87.000,30.244,1
8.125545,37.307,81.028,30.373,1
8.126123,28.840,82.581,30.529,1
8.126655,31.317,81.843,30.331,1
8.127214,29.820,81.230,30.417,1
8.127812,27.883,84.436,30.403,1
8.128302,34.027,81.131,30.311,1
8.128851,30.343,81.483,30.428,1
8.129646,20.974,96.633,30.469,1
8.129940,56.672,81.137,30.420,1
8.130530,28.238,83.331,30.749,1
8.131110,28.724,84.222,30.522,1
8.131713,27.653,87.514,30.667,1
8.132223,32.687,81.435,30.565,1
8.132784,29.690,81.964,30.769,1
8.133338,30.078,82.218,30.961,1
8.133879,30.832,81.086,30.635,1
8.134465,28.461,81.704,30.694,1
8.135014,30.352,81.916,30.851,1
8.135552,30.950,81.270,30.669,1
8.136147,28.002,84.068,30.711,1
8.136663,32.304,81.856,30.564,1
8.137250,28.430,84.063,30.469,1
8.137879,26.460,88.964,30.572,1
8.138340,36.194,81.010,30.459,1
8.138894,30.080,81.390,30.519,1
8.139497,27.656,84.442,30.576,1
8.139992,33.668,81.292,30.583,1
8.140548,29.940,81.502,30.520,1
8.141154,27.538,84.892,30.540,1
8.141645,33.946,81.469,30.592,1
8.142208,29.582,82.329,30.601,1
8.142816,27.390,85.389,30.692,1
8.143358,30.777,82.766,30.597,1
8.143886,31.585,81.477,30.753,1
8.144456,29.227,82.792,30.943,1
8.145008,30.215,80.950,30.769,1
8.145568,29.746,81.492,30.777,1
8.146372,20.715,96.849,30.901,1
8.146703,50.361,83.719,30.877,1
8.147244,30.818,82.980,30.955,1
8.147807,29.587,83.838,30.926,1
8.148319,32.549,81.711,31.154,1
8.148892,29.123,83.030,30.808,1
8.149473,28.683,84.757,31.026,1
8.150007,31.180,80.955,30.848,1
8.150559,30.229,80.964,31.089,1
8.151191,26.339,85.994,30.971,1
8.151702,32.658,83.571,31.067,1
8.152205,33.095,80.919,31.124,1
8.152811,27.542,84.087,31.018,1
8.153315,33.021,81.495,30.891,1
8.153878,29.608,81.033,30.705,1
8.154694,20.437,97.111,30.926,1
8.154987,56.816,81.611,30.703,1
8.155533,30.520,81.359,30.695,1
8.156111,28.852,83.017,30.569,1
8.156640,31.488,81.770,30.832,1
8.157192,30.224,81.954,30.532,1
8.157765,29.069,83.524,30.323,1
8.158280,32.384,81.237,30.286,1
8.158844,29.513,81.279,30.324,1
8.159436,28.169,84.262,30.149,1
8.159962,31.691,82.406,30.361,1
8.160524,29.659,82.970,30.301,1
8.161092,29.329,81.914,30.286,1
8.161653,29.722,82.862,30.309,1
8.162185,31.302,81.491,30.104,1
8.162980,20.984,96.650,30.312,1
8.163313,49.989,83.010,30.308,1
8.163836,31.864,81.435,30.288,1
8.164489,25.515,87.393,30.347,1
8.164965,35.066,82.779,30.262,1
8.165501,31.085,80.942,30.338,1
8.166150,25.673,87.044,30.591,1
8.166601,36.928,80.799,30.412,1
8.167157,30.011,80.951,30.546,1
8.167833,24.636,88.162,30.197,1
8.168320,34.212,80.890,30.458,1
8.168872,30.190,80.686,30.494,1
8.169519,25.762,86.946,30.446,1
8.169966,37.278,81.282,30.417,1
8.170544,28.834,81.033,30.578,1
8.171341,20.915,95.713,30.437,1
8.171671,50.497,82.987,30.417,1
8.172204,31.259,82.161,30.327,1
8.172818,27.163,85.835,30.494,1
8.173352,31.209,84.437,30.636,1
8.173902,30.296,82.478,30.434,1
8.174459,29.917,83.326,30.457,1
8.174978,32.109,81.401,30.670,1
8.175532,30.112,82.028,30.488,1
8.176127,28.004,84.021,30.728,1
8.176690,29.605,82.056,30.663,1
8.177225,31.137,81.303,30.643,1
8.177809,28.553,83.729,30.689,1
8.178331,31.906,81.577,30.853,1
8.178881,30.340,81.211,30.995,1
8.179677,20.930,96.407,30.930,1
8.180011,49.860,81.133,30.992,1
8.180563,30.215,81.212,30.844,1
8.181149,28.442,83.553,30.954,1
8.181654,33.022,80.793,30.910,1
8.182201,30.444,80.972,30.821,1
8.182812,27.258,84.531,30.690,1
8.183344,31.376,81.198,30.771,1
8.183900,29.948,82.011,30.491,1
8.184479,28.807,83.920,30.586,1
8.184979,33.335,80.839,30.312,1
8.185542,29.604,81.075,30.586,1
8.186229,24.238,89.569,30.445,1
8.186723,33.762,86.064,30.366,1
8.187213,33.985,82.623,30.568,1
8.187984,21.636,96.514,30.401,1
8.188363,43.968,82.427,30.522,1
8.188901,30.935,81.739,30.288,1
8.189526,26.673,86.182,30.317,1
8.190007,34.668,80.979,30.552,1
8.190587,28.723,82.614,30.415,1
8.191195,27.408,86.366,30.499,1
8.191674,34.846,81.871,30.419,1
8.192213,30.889,81.245,30.550,1
8.192849,26.223,85.180,30.376,1
8.193346,33.490,81.412,30.410,1
8.193898,30.207,81.389,30.332,1
8.194523,26.671,86.027,30.368,1
8.195020,33.573,82.220,30.129,1
8.195555,31.114,81.745,30.301,1
8.196389,19.988,98.549,30.426,1
8.196687,55.986,82.552,30.768,1
8.197249,29.653,83.649,30.975,1
8.197803,30.091,83.995,31.325,1
8.198301,33.415,81.381,31.221,1
8.198858,29.948,81.818,31.283,1
8.199498,26.023,87.235,31.282,1
8.199944,37.405,80.893,31.152,1
8.200499,30.036,81.234,30.941,1
8.201117,26.948,85.227,30.909,1
8.201639,31.973,83.192,30.937,1
8.202183,30.643,80.780,30.801,1
8.202827,25.848,86.950,30.760,1
8.203279,36.892,81.388,31.016,1
8.203853,29.040,80.903,30.902,1
8.204642,21.135,95.451,30.858,1
8.204974,50.137,82.617,30.951,1
8.205514,30.878,82.283,30.890,1
8.206170,25.383,86.952,31.242,1
8.206617,37.351,81.044,31.262,1
8.207160,30.648,81.036,31.683,1
8.207811,25.604,86.876,31.574,1
8.208291,34.738,82.326,31.979,1
8.208881,28.233,81.241,32.308,1
8.209527,25.812,87.457,32.333,1
8.209967,37.893,81.198,32.653,1
8.210545,28.857,81.075,32.612,1
8.211167,26.770,85.836,33.153,1
8.211640,35.256,81.073,33.284,1
8.212202,29.634,82.036,33.816,1
8.212896,24.039,90.164,33.196,1
8.213343,37.245,81.245,33.663,1
8.213898,30.051,81.671,33.313,1
8.214539,26.000,87.552,33.338,1
8.215043,33.036,83.095,32.666,1
8.215562,32.102,81.220,32.773,1
8.216158,27.972,84.147,32.532,1
8.216667,32.752,80.945,32.762,1
8.217224,29.927,81.216,33.362,1
8.217904,24.525,89.148,32.704,1
8.218339,38.307,80.887,32.877,1
8.218897,29.871,81.480,32.441,1
8.219509,27.221,85.220,32.690,1
8.219989,34.731,81.171,32.281,1
8.220536,30.473,81.511,32.581,1
8.221381,19.721,99.235,32.572,1
8.221663,59.036,83.622,32.723,1
8.222169,32.980,81.480,32.536,1
8.222833,25.080,88.154,32.632,1
8.223305,35.286,83.223,32.762,1
8.223871,29.469,82.996,32.479,1
8.224569,23.892,90.517,32.613,1
8.225013,37.474,81.362,32.249,1
8.225566,30.144,81.383,32.663,1
8.226221,25.452,87.791,32.563,1
8.226676,36.599,82.064,32.774,1
8.227228,30.191,82.345,32.923,1
8.227838,27.341,86.185,32.569,1
8.228352,32.427,82.229,32.799,1
8.228905,30.162,82.186,32.176,1
8.229611,23.605,91.850,32.314,1
8.230036,39.177,82.647,32.409,1
8.230574,30.973,81.858,32.645,1
8.231243,24.908,88.658,32.871,1
8.231696,36.832,82.540,32.667,1
8.232224,31.545,80.926,32.783,1
8.232878,25.483,87.299,32.458,1
8.233332,36.749,81.444,32.542,1
8.233884,30.156,81.406,32.337,1
8.234495,27.280,84.713,32.367,1
8.234995,33.369,81.810,32.355,1
8.235548,30.150,81.266,32.959,1
8.236239,24.119,90.164,32.664,1
8.236726,34.196,83.969,33.018,1
8.237233,32.907,81.214,32.533,1
8.238011,21.403,95.336,32.587,1
8.238341,50.559,82.066,32.601,1
8.238902,29.696,82.248,32.626,1
8.239461,29.847,82.983,32.589,1
8.240023,29.630,81.846,32.881,1
8.240563,30.844,81.294,32.662,1
8.241140,28.916,83.031,32.723,1
8.241654,32.414,81.456,32.665,1
8.242194,30.845,80.834,32.690,1
8.242748,30.118,81.093,32.152,1
8.243293,30.534,81.409,32.092,1
8.243878,28.522,83.946,32.461,1
8.244382,33.037,81.166,32.459,1
8.244937,30.028,81.048,32.864,1
8.245495,29.888,81.239,32.572,1
8.246308,20.490,96.739,32.715,1
8.246687,44.013,81.603,32.883,1
8.247231,30.648,81.600,32.569,1
8.247774,30.669,81.084,32.721,1
8.248310,31.135,80.778,32.267,1
8.248873,29.571,81.440,32.752,1
8.249417,30.644,81.010,32.481,1
8.249957,30.886,80.714,32.779,1
8.250502,30.587,81.012,32.469,1
8.251054,30.180,81.179,32.704,1
8.251600,30.532,80.847,32.593,1
8.252167,29.358,81.576,32.000,1
8.252721,30.135,81.426,32.205,1
8.253282,29.705,81.774,32.320,1
8.253878,27.951,84.196,32.701,1
8.254512,26.291,88.935,33.035,1
8.255016,33.084,81.399,32.636,1
8.255571,30.029,81.728,32.621,1
8.256114,30.650,81.526,32.688,1
8.256674,29.760,80.717,32.258,1
8.257235,29.716,81.448,32.386,1
8.257779,30.680,81.345,32.156,1
8.258349,29.192,81.333,32.028,1
8.258894,30.613,81.415,32.286,1
8.259435,30.790,80.785,32.624,1
8.259984,30.381,81.325,32.328,1
8.260550,29.445,82.199,32.466,1
8.261103,30.141,82.265,32.240,1
8.261634,31.367,80.743,32.292,1
8.262213,28.793,81.147,31.993,1
8.262940,22.930,91.938,32.462,1
8.263348,40.876,81.541,32.761,1
8.263888,30.860,81.045,32.577,1
8.264439,30.214,81.027,32.770,1
8.264979,30.904,80.957,32.362,1
8.265525,30.480,80.689,32.631,1
8.266074,30.351,81.208,32.253,1
8.266638,29.551,82.107,32.395,1
8.267216,28.874,81.347,32.244,1
8.267783,29.379,82.297,32.498,1
8.268346,29.616,81.473,32.612,1
8.268910,29.562,82.175,32.636,1
8.269455,30.546,81.969,32.510,1
8.270015,29.775,81.386,32.563,1
8.270564,30.357,81.395,32.225,1
8.271247,24.405,89.524,32.364,1
8.271678,38.704,82.217,32.169,1
8.272208,31.440,80.842,32.760,1
8.272757,30.359,81.182,32.474,1
8.273314,29.902,82.029,32.700,1
8.273858,30.612,81.540,32.269,1
8.274407,30.372,80.896,32.316,1
8.274957,30.294,81.522,32.763,1
8.275512,30.046,82.012,32.111,1
8.276055,30.720,81.340,31.971,1
8.276622,29.368,82.093,32.577,1
8.277166,30.624,81.592,32.420,1
8.277719,30.156,81.256,32.675,1
8.278291,29.163,82.132,32.437,1
8.278850,29.788,82.481,32.351,1
8.279537,24.263,90.364,32.272,1
8.279949,40.410,81.828,32.491,1
8.280528,28.824,83.217,32.188,1
8.281075,30.436,82.444,32.634,1
8.281598,31.881,80.631,32.557,1
8.282176,28.841,82.015,32.458,1
8.282734,29.838,82.167,32.674,1
8.283304,29.279,83.151,32.155,1
8.283856,30.155,82.212,32.340,1
8.284407,30.295,82.231,32.180,1
8.284961,30.044,82.224,32.052,1
8.285524,29.637,83.031,32.405,1
8.286098,29.032,82.299,32.471,1
8.286663,29.511,82.418,32.551,1
8.287220,29.878,81.602,32.632,1
8.287916,23.945,90.460,32.415,1
8.288358,37.713,83.876,32.417,1
8.288892,31.210,82.515,32.618,1
8.289413,32.001,80.926,32.253,1
8.290038,26.683,82.788,32.449,1
8.290573,31.118,81.851,32.443,1
8.291127,30.080,81.734,32.879,1
8.291684,29.945,81.696,32.559,1
8.292226,30.747,81.662,32.839,1
8.292784,29.869,81.944,32.397,1
8.293339,30.023,82.335,32.551,1
8.293874,31.169,80.851,32.171,1
8.294446,29.114,82.535,32.354,1
8.294990,30.662,81.620,32.268,1
8.295562,29.117,82.785,33.025,1
8.296188,26.646,87.269,32.842,1
8.296666,34.850,82.644,32.800,1
8.297215,30.349,81.343,32.917,1
8.297766,30.238,81.490,32.564,1
8.298350,28.539,82.069,32.780,1
8.298879,31.559,80.887,32.494,1
8.299446,29.376,81.736,32.830,1
8.300020,29.049,82.633,32.588,1
8.300564,30.598,81.988,32.586,1
8.301118,30.108,81.726,32.796,1
8.301684,29.444,82.568,32.424,1
8.302218,31.219,81.171,32.724,1
8.302797,28.787,82.688,32.724,1
8.303360,29.607,83.226,32.213,1
8.303893,31.279,81.917,32.544,1
8.304509,27.016,85.971,32.578,1
8.304992,34.510,81.989,32.862,1
8.305542,30.326,81.158,33.452,1
8.306091,30.340,81.460,32.950,1
8.306647,30.009,81.516,33.111,1
8.307236,28.271,82.612,32.736,1
8.307767,31.388,81.540,32.844,1
8.308322,30.040,81.748,32.379,1
8.308866,30.659,81.072,32.900,1
8.309404,30.972,80.690,32.791,1
8.310021,27.001,82.285,32.824,1
8.310540,32.143,80.661,32.757,1
8.311099,29.774,81.239,32.493,1
8.311654,30.037,81.357,32.565,1
8.312203,30.364,81.313,32.298,1
8.312828,26.670,85.595,32.547,1
8.313361,31.294,82.186,32.215,1
8.313899,30.978,81.396,32.580,1
8.314445,30.520,81.310,32.621,1
8.315009,29.527,81.079,32.794,1
8.315568,29.838,81.514,32.653,1
8.316117,30.337,81.573,32.651,1
8.316672,30.057,81.758,32.669,1
8.317222,30.289,81.435,32.090,1
8.317795,29.093,82.595,32.093,1
8.318353,29.861,83.161,32.576,1
8.318873,32.071,80.826,32.366,1
8.319427,30.077,81.469,32.581,1
8.319975,30.390,81.586,32.455,1
8.320549,29.060,81.553,32.584,1
8.321218,24.905,88.801,32.429,1
8.321706,34.150,85.018,32.420,1
8.322211,32.969,81.089,32.009,1
8.322757,30.568,81.216,32.566,1
8.323343,28.415,81.418,32.493,1
8.323884,30.825,81.289,32.696,1
8.324431,30.473,81.122,32.507,1
8.325007,28.915,81.012,32.702,1
8.325565,29.898,81.324,32.447,1
8.326118,30.101,81.436,32.429,1
8.326667,30.394,81.222,31.961,1
8.327250,28.576,83.117,32.025,1
8.327774,31.803,81.066,32.382,1
8.328340,29.440,80.984,32.992,1
8.328903,29.618,81.433,32.975,1
8.329600,23.904,90.017,33.178,1
8.330013,40.354,81.605,33.173,1
8.330558,30.606,81.507,33.054,1
8.331107,30.345,81.105,33.196,1
8.331678,29.175,82.204,32.524,1
8.332227,30.394,81.954,32.976,1
8.332766,30.901,81.502,32.694,1
8.333318,30.213,81.611,32.937,1
8.333866,30.376,81.518,31.985,1
8.334449,28.583,83.081,32.242,1
8.335006,29.926,83.423,31.806,1
8.335548,30.777,82.859,30.943,1
8.336078,31.455,81.087,30.973,1
8.336674,27.945,83.127,30.458,1
8.337197,31.887,81.404,30.191,1
8.337863,25.011,88.455,29.434,1
8.338290,39.056,81.224,29.385,1
8.338848,29.866,81.686,28.955,1
8.339393,30.588,81.644,28.676,1
8.339958,29.499,81.854,28.025,1
8.340508,30.279,81.509,27.999,1
8.341046,31.004,80.753,27.664,1
8.341661,27.105,84.587,27.751,1
8.342204,30.701,80.904,27.565,1
8.342753,30.349,81.297,27.174,1
8.343306,30.132,81.537,27.334,1
8.343847,30.806,80.734,27.270,1
8.344400,30.110,81.213,27.352,1
8.344949,30.389,81.168,27.127,1
8.345520,29.173,81.208,27.427,1
8.346224,23.676,91.024,27.181,1
8.346646,39.504,81.446,27.446,1
8.347199,30.157,81.641,27.210,1
8.347744,30.545,81.262,27.496,1
8.348296,30.192,81.249,27.253,1
8.348839,30.701,81.295,27.633,1
8.349409,29.226,82.574,27.410,1
8.349977,29.359,82.753,27.693,1
8.350497,32.084,81.216,27.557,1
8.351053,29.962,81.205,27.714,1
8.351633,28.736,82.940,27.593,1
8.352170,31.006,81.160,27.870,1
8.352716,30.570,80.804,27.887,1
8.353336,26.844,85.109,27.668,1
8.353880,30.650,81.243,27.963,1
8.354555,24.693,88.634,27.667,1
8.354984,38.891,81.295,27.557,1
8.355529,30.575,80.992,27.895,1
8.356072,30.709,80.770,27.565,1
8.356680,27.414,81.210,27.845,1
8.357224,30.639,81.229,27.414,1
8.357773,30.336,81.388,27.648,1
8.358420,25.775,85.958,27.520,1
8.358894,35.126,81.289,27.568,1
8.359439,30.585,81.329,27.217,1
8.359987,30.407,81.602,27.540,1
8.360537,30.315,80.858,27.192,1
8.361088,30.249,81.145,27.397,1
8.361689,27.706,81.819,27.137,1
8.362235,30.556,81.915,27.318,1
8.362837,27.686,84.976,26.925,1
8.363330,33.818,82.058,27.204,1
8.363874,30.602,80.889,27.229,1
8.364427,30.146,81.470,26.868,1
8.365044,27.004,83.386,27.164,1
8.365567,31.868,81.710,26.968,1
8.366099,31.333,80.533,26.973,1
8.366671,29.152,81.443,27.138,1
8.367226,30.036,82.013,26.839,1
8.367759,31.246,81.371,27.155,1
8.368362,27.638,82.746,26.851,1
8.368883,32.006,80.822,27.106,1
8.369561,24.598,88.381,27.159,1
8.369993,38.529,81.931,26.912,1
8.370541,30.413,81.113,27.209,1
8.371180,26.108,86.638,27.138,1
8.371750,29.193,87.805,27.189,1
8.372189,38.018,81.123,26.909,1
8.372743,30.087,81.947,27.305,1
8.373278,31.123,81.413,27.268,1
8.373868,28.250,83.580,27.455,1
8.374411,30.716,80.855,27.171,1
8.374972,29.677,81.857,27.519,1
8.375542,29.242,81.015,27.271,1
8.376090,30.433,81.262,27.670,1
8.376673,28.571,83.251,27.463,1
8.377187,32.420,81.593,27.646,1
8.377728,30.826,81.173,27.713,1
8.378345,27.024,81.465,27.402,1
8.378898,30.159,81.555,27.692,1
8.379515,26.994,86.004,27.404,1
8.380014,33.377,81.837,27.739,1
8.380555,30.798,81.195,27.478,1
8.381108,30.180,81.633,27.699,1
8.381702,28.049,84.491,27.758,1
8.382213,32.610,81.179,27.362,1
8.382757,30.642,81.337,27.670,1
8.383340,28.558,83.272,27.362,1
8.383900,29.797,82.455,27.632,1
8.384418,32.156,80.983,27.382,1
8.384994,28.962,82.337,27.576,1
8.385544,30.260,82.558,27.333,1
8.386081,31.082,82.200,27.570,1
8.386637,29.967,82.966,27.249,1
8.387175,30.949,82.120,27.594,1
8.387774,27.841,84.754,27.365,1
8.388289,32.387,82.299,27.427,1
8.388822,31.236,80.976,27.194,1
8.389481,25.296,81.661,27.582,1
8.390036,30.042,82.021,27.447,1
8.390563,31.635,80.956,27.526,1
8.391121,29.865,81.362,27.257,1
8.391709,28.343,84.045,27.662,1
8.392238,31.510,82.737,27.375,1
8.392771,31.236,82.099,27.683,1
8.393334,29.623,82.726,27.696,1
8.393871,31.013,82.270,27.316,1
8.394430,29.842,82.268,27.570,1
8.394963,31.271,81.574,27.229,1
8.395502,30.916,81.104,27.575,1
8.396141,26.065,86.740,27.226,1
8.396633,33.895,82.927,27.315,1
8.397166,31.250,81.628,27.312,1
8.397719,30.156,81.259,27.530,1
8.398356,26.161,86.245,27.515,1
8.398875,32.100,81.178,27.197,1
8.399416,30.798,80.906,27.442,1
8.399987,29.230,82.060,27.105,1
8.400517,31.447,81.203,27.338,1
8.401075,29.859,82.119,27.139,1
8.401656,28.669,84.056,27.318,1
8.402159,33.148,81.005,27.009,1
8.402715,29.949,81.101,27.349,1
8.403358,25.929,86.459,27.394,1
8.403867,32.759,83.692,27.160,1
8.404504,26.183,86.405,27.429,1
8.405040,31.062,82.941,27.178,1
8.405561,31.967,81.162,27.451,1
8.406114,30.190,80.951,27.339,1
8.406671,29.898,81.264,27.395,1
8.407221,30.309,81.101,27.087,1
8.407782,29.697,81.331,27.366,1
8.408358,28.946,82.529,27.459,1
8.408885,31.591,81.252,27.132,1
8.409423,31.006,80.892,27.409,1
8.410012,28.287,81.354,27.147,1
8.410603,28.219,83.983,27.308,1
8.411139,31.093,81.292,27.409,1
8.411701,29.651,81.847,27.028,1
8.412241,30.887,81.151,27.260,1
8.412890,25.649,86.963,27.221,1
8.413386,33.643,83.526,26.901,1
8.413897,32.622,81.347,27.141,1
8.414434,31.010,80.945,26.978,1
8.415009,28.976,82.704,26.945,1
8.415549,30.865,81.652,27.261,1
8.416094,30.598,81.473,27.088,1
8.416656,29.635,82.056,27.158,1
8.417212,30.006,81.120,26.977,1
8.417767,30.009,81.328,27.152,1
8.418362,28.005,84.332,27.061,1
8.418871,32.738,81.831,27.276,1
8.419403,31.376,80.971,27.164,1
8.420058,25.411,84.082,27.444,1
8.420559,33.311,81.023,27.307,1
8.421232,24.763,88.513,27.560,1
8.421724,33.867,84.990,27.512,1
8.422219,33.640,81.750,27.686,1
8.422755,31.104,80.904,27.459,1
8.423349,28.091,83.845,27.709,1
8.423882,31.253,80.770,27.588,1
8.424457,28.981,82.492,27.755,1
8.425009,30.171,82.668,27.429,1
8.425542,31.318,81.188,27.712,1
8.426087,30.546,81.110,27.523,1
8.426688,27.759,84.032,27.724,1
8.427181,33.758,80.752,27.592,1
8.427736,30.037,80.922,27.783,1
8.428397,25.237,84.508,27.693,1
8.428897,33.326,81.540,27.783,1
8.429543,25.769,87.201,27.501,1
8.430144,27.740,89.289,27.805,1
8.430552,40.836,81.002,27.578,1
8.431109,29.922,81.273,27.861,1
8.431687,28.838,82.769,27.853,1
8.432221,31.211,81.750,27.938,1
8.432774,30.167,82.314,27.642,1
8.433349,28.982,83.716,27.851,1
8.433885,31.064,83.326,27.687,1
8.434427,30.789,82.819,27.814,1
8.435016,28.262,85.663,27.458,1
8.435499,34.506,81.625,27.718,1
8.436060,29.721,81.663,27.486,1
8.436744,24.387,89.459,27.684,1
8.437243,33.389,83.323,27.716,1
8.437838,28.000,86.461,27.367,1
8.438347,32.778,81.563,27.461,1
8.438934,28.386,83.885,27.608,1
8.439476,30.710,81.017,27.362,1
8.440039,29.610,81.726,27.563,1
8.440576,31.051,81.276,27.320,1
8.441126,30.330,81.649,27.591,1
8.441684,29.850,81.981,27.265,1
8.442214,31.416,81.176,27.589,1
8.442763,30.356,81.409,27.342,1
8.443357,28.056,84.266,27.631,1
8.443852,33.730,80.977,27.507,1
8.444392,30.828,81.038,27.561,1
8.445037,25.851,86.578,27.319,1
8.445550,32.494,84.510,27.527,1
8.446173,26.750,86.602,27.430,1
8.446690,32.238,85.209,27.521,1
8.447213,31.845,81.210,27.287,1
8.447767,30.109,81.364,27.480,1
8.448371,27.567,84.603,27.279,1
8.448868,33.537,81.735,27.516,1
8.449412,30.640,81.269,27.258,1
8.450076,25.119,88.403,27.492,1
8.450500,39.277,81.068,27.202,1
8.451054,30.107,81.188,27.386,1
8.451728,24.730,87.505,27.102,1
8.452167,37.960,81.201,27.332,1
8.452715,30.390,81.060,27.235,1
8.453430,23.315,90.605,27.587,1
8.453842,40.489,81.978,27.410,1
8.454411,29.265,82.419,27.832,1
8.455097,24.307,90.605,27.675,1
8.455528,38.623,82.216,27.848,1
8.456081,30.166,82.772,27.956,1
8.456706,26.656,87.365,28.587,1
8.457209,33.126,83.955,28.543,1
8.457758,30.379,82.194,28.955,1
8.458378,26.896,86.760,29.210,1
8.458881,33.103,83.678,29.706,1
8.459402,32.005,82.013,30.145,1
8.460041,26.056,87.254,30.555,1
8.460518,34.967,82.452,30.951,1
8.461055,31.013,81.060,31.418,1
8.461720,25.067,88.125,31.713,1
8.462183,36.027,82.624,32.063,1
8.462821,26.125,85.660,32.978,1
8.463405,28.513,85.281,33.005,1
8.463891,34.325,81.786,33.563,1
8.464429,30.979,81.019,33.063,1
8.465135,23.595,88.714,33.146,1
8.465592,36.466,83.130,32.987,1
8.466117,31.756,81.779,33.253,1
8.466739,26.821,84.810,32.841,1
8.467225,34.303,81.327,32.813,1
8.467797,29.116,82.535,32.752,1
8.468402,27.562,86.114,32.775,1
8.468880,34.812,81.911,32.744,1
8.469448,29.384,81.628,32.579,1
8.470082,26.269,86.833,32.685,1
8.470539,36.475,80.999,32.616,1
8.471177,26.139,86.738,32.862,1
8.471731,30.056,86.593,32.626,1
8.472228,33.573,82.119,32.571,1
8.472771,30.692,81.763,32.554,1
8.473419,25.686,87.517,32.723,1
8.473913,33.777,83.711,32.416,1
8.474414,33.259,81.124,32.446,1
8.475138,23.010,88.934,32.635,1
8.475574,38.292,81.936,32.716,1
8.476115,30.793,81.548,32.471,1
8.476742,26.571,86.057,32.642,1
8.477229,34.200,82.222,32.638,1
8.477778,30.367,82.552,32.651,1
8.478403,26.675,84.817,32.938,1
8.478898,33.661,81.312,32.794,1
8.479521,26.781,85.957,33.024,1
8.480066,30.552,85.416,32.704,1
8.480541,35.058,81.204,32.910,1
8.481099,29.870,81.825,32.671,1
8.481739,26.073,87.099,33.084,1
8.482280,30.814,86.104,32.705,1
8.482771,33.888,82.426,32.696,1
8.483433,25.202,86.595,32.482,1
8.483905,35.268,81.498,32.779,1
8.484463,29.870,81.945,32.572,1
8.485089,26.640,86.629,32.885,1
8.485556,35.654,82.010,32.545,1
8.486111,30.073,82.310,32.821,1
8.486763,25.538,88.615,32.569,1
8.487237,35.140,82.741,32.881,1
8.487815,28.848,84.474,32.635,1
8.488570,22.086,96.351,32.501,1
8.488892,51.667,82.492,32.461,1
8.489418,31.718,81.145,32.617,1
8.490077,25.271,88.309,32.448,1
8.490522,37.475,82.108,32.752,1
8.491075,30.132,81.873,32.257,1
8.491744,24.913,88.519,32.323,1
8.492206,36.129,83.395,32.534,1
8.492737,31.378,82.252,32.679,1
8.493415,24.556,89.399,32.385,1
8.493860,37.461,83.189,32.514,1
8.494401,30.840,82.123,32.584,1
8.495056,25.435,88.238,32.803,1
8.495518,36.044,82.745,32.592,1
8.496086,29.370,83.486,32.627,1
8.496867,21.337,96.848,32.409,1
8.497183,52.692,82.504,32.365,1
8.497741,29.864,82.651,32.648,1
8.498335,28.061,85.093,32.840,1
8.498865,31.438,82.846,32.523,1
8.499405,30.866,81.791,32.691,1
8.499962,29.955,82.066,32.869,1
8.500511,30.337,82.070,32.843,1
8.501059,30.429,81.886,32.810,1
8.501709,25.635,87.374,32.930,1
8.502154,37.498,80.759,32.579,1
8.502705,30.225,80.483,32.942,1
8.503471,21.762,89.046,32.710,1
8.503899,38.971,81.828,32.911,1
8.504459,29.731,82.332,32.645,1
8.505281,20.272,97.509,32.772,1
8.505551,61.842,80.906,32.522,1
8.506123,29.118,82.165,32.611,1
8.506761,26.141,87.205,32.327,1
8.507208,37.285,81.105,32.313,1
8.507785,28.862,80.935,32.523,1
8.508447,25.166,87.528,32.640,1
8.508893,37.435,81.477,32.374,1
8.509459,29.417,82.302,32.366,1
8.510045,28.447,83.373,32.464,1
8.510588,30.697,82.760,32.443,1
8.511111,31.883,81.575,32.403,1
8.511652,30.822,81.347,32.482,1
8.512199,30.431,81.040,32.875,1
8.512771,29.152,82.458,32.542,1
8.513553,21.306,96.442,32.628,1
8.513912,46.397,83.224,32.915,1
8.514428,32.325,81.062,32.831,1
8.514972,30.636,81.092,32.890,1
8.515523,30.230,81.563,33.073,1
8.516072,30.368,81.218,32.789,1
8.516616,30.644,80.829,32.788,1
8.517211,28.033,81.127,32.825,1
8.517785,28.996,82.467,32.770,1
8.518329,30.660,82.488,32.969,1
8.518878,30.355,,32.670,1
8.519425,30.498,,22.211,1
8.520045,26.866,,32.810,1
8.520564,32.114,,32.730,1
8.521125,29.696,,32.777,1
8.521902,21.440,,32.515,1
8.522231,50.798,,32.804,1
8.522742,32.610,,32.537,1
8.523365,26.735,,32.724,1
8.523891,31.698,,32.578,1
8.524447,29.962,,32.669,1
8.525011,29.537,,32.723,1
8.525560,30.369,,32.741,1
8.526112,30.204,,32.892,1
8.526658,30.506,,32.747,1
8.527198,30.867,80.925,32.960,1
8.527745,30.479,80.909,32.656,1
8.528299,30.087,81.329,32.573,1
8.528850,30.262,81.437,32.730,1
8.529386,31.082,81.038,32.892,1
8.530189,20.759,95.940,32.748,1
8.530489,55.560,81.026,32.864,1
8.531060,29.179,81.934,32.773,1
8.531642,28.655,81.306,32.875,1
8.532277,26.252,85.061,32.881,1
8.532759,34.520,81.151,33.122,1
8.533315,30.014,81.294,32.638,1
8.533866,30.240,81.580,32.761,1
8.534407,30.818,80.904,32.737,1
8.535014,27.460,81.960,32.936,1
8.535548,31.177,81.343,32.619,1
8.536101,30.127,81.435,32.779,1
8.536666,29.526,82.108,32.937,1
8.537202,31.084,81.327,32.818,1
8.537788,28.429,83.499,32.991,1
8.538457,24.902,90.703,32.717,1
8.538870,40.421,82.090,32.601,1
8.539420,30.293,81.983,32.703,1
8.539961,30.813,81.821,32.974,1
8.540532,29.194,82.603,32.582,1
8.541078,30.502,81.219,32.622,1
8.541648,29.227,81.666,32.699,1
8.542194,30.552,81.433,32.455,1
8.542741,30.441,81.155,32.785,1
8.543305,29.587,81.665,32.545,1
8.543852,30.439,81.385,32.741,1
8.544409,29.925,81.064,32.475,1
8.545007,27.895,81.070,32.621,1
8.545565,29.843,81.427,32.574,1
8.546124,29.839,82.050,32.754,1
8.546772,25.693,87.915,32.395,1
8.547214,37.766,81.018,32.754,1
8.547755,30.766,80.964,32.399,1
8.548351,27.999,81.735,32.766,1
8.548902,30.218,81.664,32.564,1
8.549449,30.508,81.187,32.814,1
8.549995,30.511,80.935,32.721,1
8.550547,30.183,80.973,32.807,1
8.551105,29.876,81.232,32.758,1
8.551658,30.154,81.655,32.766,1
8.552197,30.913,81.038,32.746,1
8.552759,29.662,81.729,33.119,1
8.553303,30.622,81.130,32.728,1
8.553872,29.304,82.489,33.034,1
8.554407,31.130,80.970,32.724,1
8.555176,21.662,91.463,32.934,1
8.555640,35.982,86.367,32.935,1
8.556138,33.453,83.611,32.909,1
8.556662,31.828,81.847,32.742,1
8.557210,30.375,81.363,32.673,1
8.557755,30.619,81.433,32.822,1
8.558296,30.766,81.057,32.583,1
8.558849,30.150,81.838,32.885,1
8.559389,30.845,81.465,32.623,1
8.559971,28.679,83.057,32.914,1
8.560544,29.078,83.044,32.603,1
8.561076,31.339,81.066,32.524,1
8.561668,28.109,82.904,32.694,1
8.562247,28.798,84.569,32.896,1
8.562743,33.638,81.183,33.283,1
8.563421,24.563,85.929,33.267,1
8.563910,34.102,81.927,33.869,1
8.564459,30.363,81.687,33.948,1
8.565013,30.083,81.519,34.629,1
8.565561,30.383,81.599,34.756,1
8.566124,29.605,82.441,35.564,1
8.566682,29.873,82.460,35.745,1
8.567237,30.029,82.657,36.407,1
8.567785,30.431,81.826,36.476,1
8.568351,29.439,81.671,36.986,1
8.568912,29.735,82.231,37.841,1
8.569466,30.079,82.111,38.026,1
8.570016,30.298,81.922,38.649,1
8.570569,30.147,81.638,39.053,1
8.571150,28.667,83.160,39.977,1
8.571875,22.987,93.558,40.310,1
8.572232,46.724,82.114,40.989,1
8.572777,30.553,81.368,41.401,1
8.573333,29.998,81.681,42.080,1
8.573887,30.059,82.266,42.108,1
8.574428,30.842,81.511,43.064,1
8.574975,30.472,81.178,42.812,1
8.575518,30.652,81.256,43.861,1
8.576081,29.633,81.956,49.463,1
8.576612,31.371,81.249,58.522,1
8.577196,28.561,,60.599,1
8.577746,30.316,,53.626,1
8.578348,27.675,81.589,43.541,1
8.578888,30.878,81.231,41.636,1
8.579446,29.844,81.742,40.467,1
8.580138,24.067,89.610,38.578,1
8.580606,35.652,84.539,36.293,1
8.581100,33.722,81.382,34.648,1
8.581674,29.041,81.225,33.829,1
8.582213,30.910,80.982,32.629,1
8.582764,30.246,80.877,32.265,1
8.583336,29.147,81.431,31.463,1
8.583877,30.823,81.223,31.226,1
8.584426,30.345,81.539,31.202,1
8.584968,30.765,81.434,31.079,1
8.585546,28.851,81.237,30.964,1
8.586090,30.634,81.344,31.037,1
8.586642,30.185,81.294,30.813,1
8.587215,29.086,81.352,30.977,1
8.587783,29.325,82.654,30.833,1
8.588409,26.617,85.341,30.689,1
8.588893,34.459,81.213,30.741,1
8.589442,30.373,81.023,30.808,1
8.590004,29.634,81.709,30.600,1
8.590553,30.357,81.720,30.481,1
8.591094,30.822,81.043,30.624,1
8.591656,29.639,81.774,30.653,1
8.592210,30.082,81.133,30.372,1
8.592758,30.399,80.934,30.640,1
8.593333,29.013,81.124,30.449,1
8.593878,30.596,81.154,30.491,1
8.594425,30.437,80.862,30.695,1
8.595013,28.376,81.391,30.483,1
8.595564,30.222,81.420,30.378,1
8.596104,30.877,81.007,30.903,1
8.596733,26.477,85.279,30.566,1
8.597242,32.755,82.624,30.844,1
8.597782,30.891,82.242,30.796,1
8.598339,29.878,83.008,30.878,1
8.598871,31.375,81.886,30.806,1
8.599430,29.780,82.412,30.871,1
8.599975,30.582,82.220,30.773,1
8.600550,28.980,81.709,31.070,1
8.601100,30.308,81.668,30.938,1
8.601649,30.362,81.163,31.255,1
8.602209,29.752,82.066,31.034,1
8.602748,30.946,81.417,31.201,1
8.603319,29.186,80.933,31.298,1
8.603870,30.265,80.889,30.996,1
8.604420,30.270,81.177,31.060,1
8.605129,23.523,91.336,31.075,1
8.605559,38.750,82.086,31.002,1
8.606109,30.326,81.999,30.907,1
8.606675,29.410,81.275,30.885,1
8.607229,30.103,81.386,30.857,1
8.607772,30.673,81.116,31.011,1
8.608321,30.388,81.370,30.684,1
8.608873,30.187,81.644,30.850,1
8.609410,31.007,81.096,30.652,1
8.609963,30.134,81.398,30.765,1
8.610538,28.996,83.420,30.807,1
8.611051,32.489,81.208,30.813,1
8.611637,28.468,82.991,30.741,1
8.612177,30.819,82.325,30.804,1
8.612739,29.700,81.148,30.962,1
8.613379,26.032,86.764,30.875,1
8.613832,36.775,81.349,30.901,1
8.614438,27.516,84.385,30.722,1
8.614982,30.650,80.935,30.986,1
8.615539,29.899,80.887,31.106,1
8.616084,30.563,81.024,30.802,1
8.616682,27.883,81.454,30.951,1
8.617225,30.698,81.371,30.994,1
8.617801,28.930,82.807,31.102,1
8.618323,31.964,81.081,30.877,1
8.618878,30.002,81.820,30.886,1
8.619414,31.115,80.852,30.869,1
8.619959,30.542,81.022,30.793,1
8.620561,27.696,84.580,30.712,1
8.621077,32.283,82.875,30.584,1
8.621760,24.399,90.555,30.263,1
8.622190,38.794,81.513,30.423,1
8.622771,28.702,82.803,30.281,1
8.623336,29.477,84.302,30.380,1
8.623834,33.476,81.162,30.367,1
8.624385,30.267,81.441,30.358,1
8.624937,30.161,81.303,30.195,1
8.625509,29.142,82.259,30.414,1
8.626077,29.366,82.991,30.496,1
8.626666,28.288,84.990,30.317,1
8.627242,28.927,82.788,30.381,1
8.627752,32.716,80.856,30.417,1
8.628334,28.638,80.723,30.283,1
8.628893,29.810,81.496,30.426,1
8.629438,30.562,81.154,30.440,1
8.630101,25.143,88.030,30.346,1
8.630545,37.506,81.501,30.721,1
8.631094,30.363,81.368,30.520,1
8.631638,30.623,81.057,30.689,1
8.632217,28.798,82.998,30.544,1
8.632760,30.726,82.397,30.774,1
8.633341,28.651,81.880,30.964,1
8.633889,30.425,82.046,30.667,1
8.634431,30.725,81.861,30.731,1
8.634988,29.940,82.564,30.880,1
8.635547,29.808,83.597,30.639,1
8.636085,30.996,81.682,30.739,1
8.636627,30.774,80.999,30.581,1
8.637178,30.230,81.430,30.479,1
8.637734,29.949,82.056,30.595,1
8.638434,23.813,91.118,30.427,1
8.638893,36.365,84.516,30.470,1
8.639394,33.249,81.690,30.564,1
8.639946,30.190,81.665,30.556,1
8.640502,29.948,81.749,30.525,1
8.641044,30.758,80.891,30.550,1
8.641604,29.766,81.351,30.585,1
8.642179,28.990,82.438,30.642,1
8.642730,30.256,82.188,30.697,1
8.643305,28.983,83.004,30.598,1
8.643828,31.859,81.299,30.769,1
8.644413,28.521,83.107,30.968,1
8.645002,28.275,85.176,30.759,1
8.645579,28.870,82.917,30.818,1
8.646113,31.251,81.565,30.898,1
8.646719,27.498,85.108,30.894,1
8.647218,33.362,81.615,30.902,1
8.647787,29.333,82.787,30.904,1
8.648350,29.575,83.268,31.139,1
8.648888,30.981,82.845,30.809,1
8.649431,30.686,82.429,31.014,1
8.650031,27.806,82.502,30.822,1
8.650602,29.151,83.732,31.080,1
8.651133,31.379,82.805,30.993,1
8.651706,29.106,83.946,31.061,1
8.652258,30.198,83.898,31.150,1
8.652778,32.063,81.681,31.016,1
8.653327,30.349,81.235,30.891,1
8.653893,29.427,82.119,30.727,1
8.654431,30.977,81.435,30.924,1
8.655083,25.586,87.348,30.708,1
8.655576,33.816,84.092,30.643,1
8.656074,33.446,80.847,30.588,1
8.656619,30.553,81.228,30.757,1
8.657169,30.330,81.565,30.515,1
8.657714,30.580,81.058,30.249,1
8.658290,28.927,82.445,30.311,1
8.658872,28.623,82.633,30.303,1
8.659403,31.388,82.130,30.159,1
8.659949,30.536,81.768,30.364,1
8.660552,27.640,84.874,30.278,1
8.661057,33.028,81.700,30.235,1
8.661609,30.158,81.445,30.361,1
8.662167,29.909,81.756,30.155,1
8.662731,29.531,82.267,30.364,1
8.663361,26.448,86.487,30.278,1
8.663853,33.908,82.820,30.398,1
8.664381,31.561,81.268,30.379,1
8.664932,30.252,80.998,30.333,1
8.665509,28.872,82.145,30.374,1
8.666086,28.904,83.527,30.569,1
8.666607,31.948,81.525,30.471,1
8.667195,28.345,83.470,30.539,1
8.667727,31.369,81.833,30.196,1
8.668281,30.087,81.732,30.456,1
8.668868,28.394,83.794,30.517,1
8.669417,30.315,83.462,30.441,1
8.669994,28.923,84.230,30.398,1
8.670567,29.068,82.242,30.564,1
8.671106,30.942,81.752,30.438,1
8.671785,24.542,89.844,30.349,1
8.672259,35.106,84.049,30.339,1
8.672776,32.290,82.122,30.541,1
8.673349,29.079,81.596,30.614,1
8.673908,29.800,81.842,30.437,1
8.674451,30.694,81.291,30.511,1
8.675011,29.775,80.846,30.646,1
8.675608,27.890,84.181,30.512,1
8.676113,33.036,81.781,30.735,1
8.676653,30.847,81.601,30.602,1
8.677237,28.539,82.762,30.682,1
8.677754,32.241,81.054,30.700,1
8.678333,28.770,81.960,30.907,1
8.678987,25.505,88.555,30.974,1
8.679442,36.634,82.658,30.839,1
8.680120,24.581,87.883,30.987,1
8.680566,37.391,81.511,30.894,1
8.681108,30.721,81.305,31.027,1
8.681657,30.393,81.455,30.879,1
8.682231,28.992,83.346,30.906,1
8.682763,31.378,82.491,30.744,1
8.683341,28.790,81.304,30.838,1
8.683932,28.211,83.825,30.517,1
8.684472,30.861,82.859,30.582,1
8.685004,31.320,82.132,30.292,1
8.685578,29.070,83.410,30.513,1
8.686094,32.265,81.061,30.412,1
8.686674,28.770,83.102,30.409,1
8.687231,29.902,82.456,30.506,1
8.687748,32.249,81.069,30.434,1
8.688471,23.041,91.339,30.591,1
8.688910,38.008,83.163,30.206,1
8.689422,32.506,81.326,30.333,1
8.690026,27.623,82.274,30.490,1
8.690569,30.667,81.800,30.436,1
8.691115,30.560,81.698,30.480,1
8.691684,29.292,82.736,30.394,1
8.692221,31.038,81.802,30.517,1
8.692765,30.622,81.890,30.334,1
8.693339,29.013,81.202,30.426,1
8.693908,29.289,82.448,30.336,1
8.694452,30.671,81.946,30.301,1
8.694992,30.870,81.271,30.131,1
8.695551,29.785,81.645,30.277,1
8.696112,29.694,82.706,30.462,1
8.696699,28.396,85.291,30.681,1
8.697289,28.258,87.543,31.039,1
8.697777,34.159,83.218,31.373,1
8.698342,29.518,81.750,31.284,1
8.698880,30.972,81.411,31.358,1
8.699436,29.948,81.707,31.316,1
8.700021,28.517,81.928,31.219,1
8.700583,29.668,82.570,30.919,1
8.701105,31.892,81.136,30.934,1
8.701645,30.854,81.118,30.905,1
8.702278,26.328,85.998,30.846,1
8.702796,32.226,84.010,30.774,1
8.703340,30.597,81.218,30.957,1
8.703916,28.935,82.961,31.025,1
8.704461,30.587,83.011,30.864,1
8.705189,22.886,92.073,30.881,1
8.705576,43.070,82.319,30.927,1
8.706106,31.468,81.168,31.212,1
8.706696,28.267,82.534,31.166,1
8.707229,31.233,81.436,31.710,1
8.707778,30.365,81.482,31.558,1
8.708323,30.594,81.453,31.989,1
8.708958,26.258,85.999,32.332,1
8.709418,36.187,81.096,32.396,1
8.710007,28.282,81.136,32.620,1
8.710577,29.270,82.267,32.583,1
8.711101,31.788,80.896,33.104,1
8.711645,30.630,81.108,33.390,1
8.712222,28.891,81.919,33.915,1
8.712758,31.124,81.496,33.250,1
8.713456,23.869,88.202,33.545,1
8.713904,37.239,82.449,33.344,1
8.714430,31.673,81.337,33.355,1
8.714980,30.303,81.599,32.658,1
8.715573,28.073,83.310,32.774,1
8.716098,31.797,81.856,32.534,1
8.716648,30.270,81.712,32.682,1
8.717239,28.189,82.950,33.369,1
8.717757,32.192,81.216,32.691,1
8.718312,30.032,81.492,32.865,1
8.718907,28.004,84.157,32.449,1
8.719432,31.766,82.521,32.710,1
8.719972,30.861,81.832,32.270,1
8.720576,27.579,83.331,32.603,1
8.721083,32.894,81.002,32.556,1
8.721726,25.938,86.411,32.759,1
8.722239,32.470,82.884,32.534,1
8.722757,32.151,81.113,32.635,1
8.723353,27.969,81.922,32.774,1
8.723934,28.709,83.647,32.460,1
8.724456,31.898,82.189,32.617,1
8.725013,29.937,81.537,32.249,1
8.725584,29.187,82.626,32.655,1
8.726117,31.291,81.664,32.571,1
8.726656,30.902,81.055,32.762,1
8.727301,25.845,86.763,32.927,1
8.727750,37.072,81.237,32.556,1
8.728306,30.009,81.214,32.808,1
8.728963,25.354,87.911,32.174,1
8.729461,33.456,84.219,32.306,1
8.730144,24.412,92.287,32.440,1
8.730592,37.241,84.210,32.620,1
8.731097,32.959,81.200,32.893,1
8.731652,30.036,81.371,32.659,1
8.732273,26.859,85.694,32.805,1
8.732777,33.067,83.440,32.452,1
8.733333,29.972,80.741,32.539,1
8.733920,28.359,83.108,32.320,1
8.734456,31.100,82.228,32.354,1
8.734979,31.860,80.765,32.337,1
8.735618,26.118,85.885,32.912,1
8.736081,35.992,80.834,32.686,1
8.736674,28.072,81.201,32.993,1
8.737291,27.040,85.371,32.532,1
8.737778,34.195,81.815,32.610,1
8.738435,25.356,88.266,32.603,1
8.738956,32.023,85.925,32.609,1
8.739442,34.272,82.520,32.555,1
8.739977,31.177,81.796,32.876,1
8.740655,24.592,89.437,32.651,1
8.741099,37.477,82.550,32.702,1
8.741640,30.844,81.979,32.677,1
8.742290,25.610,85.944,32.706,1
8.742751,36.187,80.861,32.163,1
8.743312,29.704,81.809,32.088,1
8.743969,25.380,88.404,32.468,1
8.744428,36.302,82.277,32.456,1
8.744951,31.828,81.111,32.849,1
8.745628,24.650,89.137,32.573,1
8.746066,38.032,82.139,32.724,1
8.746750,24.358,90.092,32.894,1
8.747302,30.215,88.614,32.559,1
8.747804,33.163,86.134,32.732,1
8.748355,30.250,81.467,32.277,1
8.748951,27.955,84.143,32.724,1
8.749456,33.018,81.327,32.490,1
8.750015,29.812,81.639,32.748,1
8.750625,27.343,85.203,32.461,1
8.751125,33.331,82.212,32.652,1
8.751659,31.196,81.275,32.586,1
8.752280,26.859,85.899,32.004,1
8.752764,34.389,81.835,32.207,1
8.753300,31.125,80.870,32.347,1
8.753949,25.674,85.530,32.717,1
8.754441,33.851,81.952,33.037,1
8.755085,25.871,87.481,32.630,1
8.755614,31.557,85.418,32.620,1
8.756085,35.386,81.100,32.670,1
8.756645,29.719,81.980,32.257,1
8.757283,26.127,87.271,32.392,1
8.757777,33.788,83.197,32.173,1
8.758359,28.629,82.044,32.075,1
8.758939,28.708,83.250,32.294,1
8.759453,32.448,81.452,32.624,1
8.759999,30.531,81.456,32.316,1
8.760619,26.867,85.487,32.417,1
8.761096,34.943,80.982,32.230,1
8.761648,30.224,80.927,32.274,1
8.762286,26.115,86.612,32.000,1
8.762758,35.267,81.830,32.444,1
8.763384,26.643,86.740,32.784,1
8.763971,28.401,88.910,32.584,1
8.764408,38.084,81.135,32.729,1
8.764966,29.884,81.587,32.350,1
8.765603,26.186,84.754,32.635,1
8.766090,34.174,81.444,32.235,1
8.766632,30.780,80.833,32.385,1
8.767300,24.929,86.546,32.227,1
8.767774,35.157,82.207,32.506,1
8.768371,27.950,83.214,32.618,1
8.768988,26.990,87.136,32.659,1
8.769432,37.575,81.116,32.517,1
8.770015,28.586,81.612,32.548,1
8.770641,26.609,86.131,32.219,1
8.771128,34.231,82.545,32.356,1
8.771744,27.058,87.097,32.190,1
8.772328,28.556,89.058,32.765,1
8.772750,39.497,81.876,32.495,1
8.773341,28.192,81.243,32.702,1
8.773992,25.583,87.415,32.258,1
8.774472,34.752,83.185,32.328,1
8.775034,29.635,81.979,32.765,1
8.775646,27.267,85.716,32.114,1
8.776120,35.117,81.604,31.977,1
8.776675,30.015,81.747,32.579,1
8.777298,26.776,86.439,32.448,1
8.777801,33.137,83.909,32.682,1
8.778339,30.985,83.365,32.446,1
8.779023,24.342,89.994,32.352,1
8.779450,39.090,83.007,32.288,1
8.780106,25.384,87.668,32.476,1
8.780642,31.096,86.784,32.182,1
8.781116,35.222,82.193,32.633,1
8.781675,29.813,83.158,32.564,1
8.782334,25.286,88.610,32.483,1
8.782786,36.859,82.801,32.658,1
8.783345,29.833,81.448,32.160,1
8.783990,25.827,87.351,32.331,1
8.784513,31.830,85.665,32.175,1
8.784979,35.782,80.799,32.047,1
8.785643,25.091,87.476,32.391,1
8.786084,37.800,81.304,32.478,1
8.786640,29.978,81.256,32.547,1
8.787352,23.430,90.549,32.637,1
8.787751,41.762,81.028,32.401,1
8.788455,23.678,90.174,32.421,1
8.788865,40.614,81.897,32.613,1
8.789398,31.280,80.809,32.252,1
8.790000,27.685,84.199,32.424,1
8.790668,24.934,88.460,32.420,1
8.791094,39.172,80.949,32.873,1
8.791655,29.687,81.595,32.551,1
8.792285,26.469,85.663,32.836,1
8.792759,35.129,81.094,32.394,1
8.793337,28.836,81.022,32.547,1
8.794007,24.888,87.838,32.176,1
8.794459,36.854,81.821,32.359,1
8.795016,29.927,81.734,32.266,1
8.795563,30.463,81.391,33.018,1
8.796124,29.732,81.928,32.794,1
8.796760,26.194,86.699,32.775,1
8.797226,35.738,81.778,32.916,1
8.797763,31.091,80.890,32.571,1
8.798309,30.484,80.858,32.787,1
8.798857,30.422,81.114,32.484,1
8.799404,30.475,80.980,32.842,1
8.799953,30.371,80.942,32.601,1
8.800508,30.013,81.482,32.628,1
8.801068,29.757,81.536,32.809,1
8.801626,29.861,81.824,32.411,1
8.802174,30.459,81.318,32.730,1
8.802722,30.393,81.587,32.719,1
8.803292,29.227,82.605,32.211,1
8.803852,29.748,82.144,32.559,1
8.804382,31.451,81.215,32.573,1
8.805105,23.064,86.047,32.854,1
8.805605,33.310,83.176,33.455,1
8.806121,32.289,81.484,32.970,1
8.806670,30.387,81.742,33.106,1
8.807218,30.413,81.981,32.726,1
8.807751,31.253,81.072,32.845,1
8.808299,30.416,80.909,32.388,1
8.808878,28.818,81.197,32.905,1
8.809433,30.023,81.376,32.787,1
8.809982,30.344,81.153,32.824,1
8.810553,29.190,82.253,32.728,1
8.811106,30.144,82.399,32.479,1
8.811636,31.422,81.071,32.565,1
8.812179,30.727,81.033,32.290,1
8.812752,29.060,82.374,32.501,1
8.813441,24.180,87.231,32.219,1
8.813884,37.621,81.030,32.600,1
8.814449,29.499,81.847,32.622,1
8.814984,31.205,81.208,32.787,1
8.815544,29.746,81.758,32.644,1
8.816087,30.689,81.643,32.650,1
8.816640,30.119,81.932,32.659,1
8.817168,31.554,81.100,32.082,1
8.817714,30.539,81.170,32.077,1
8.818271,29.922,81.423,32.585,1
8.818830,29.809,81.617,32.351,1
8.819411,28.701,82.937,32.565,1
8.819992,28.690,84.668,32.464,1
8.820542,30.315,81.358,32.598,1
8.821106,29.513,82.474,32.417,1
8.821764,25.351,88.898,32.449,1
8.822206,37.716,80.898,32.014,1
8.822784,28.825,81.599,32.570,1
8.823340,30.002,81.441,32.496,1
8.823893,30.133,81.580,32.712,1
8.824436,30.692,81.542,32.512,1
8.824981,30.572,81.239,32.712,1
8.825546,29.506,81.541,32.432,1
8.826100,30.047,81.956,32.435,1
8.826649,30.366,81.911,31.945,1
8.827216,29.384,81.567,32.038,1
8.827760,30.684,81.300,32.385,1
8.828310,30.286,81.397,33.017,1
8.828890,28.744,82.000,32.981,1
8.829418,31.567,81.106,33.171,1
8.830073,25.433,85.124,33.174,1
8.830571,33.491,81.878,33.053,1
8.831111,30.822,81.573,33.163,1
8.831663,30.200,81.540,32.534,1
8.832207,30.628,81.396,32.921,1
8.832750,30.744,80.978,32.678,1
8.833342,28.115,81.408,32.978,1
8.833898,30.001,81.863,32.008,1
8.834434,31.093,80.910,32.228,1
8.834987,30.138,81.433,31.810,1
8.835548,29.716,81.910,30.929,1
8.836098,30.276,82.309,30.983,1
8.836631,31.307,81.508,30.423,1
8.837210,28.791,83.293,30.183,1
8.837750,30.844,81.899,29.387,1
8.838460,23.471,88.425,29.379,1
8.838931,35.363,83.779,28.954,1
8.839440,32.785,81.264,28.677,1
8.840006,29.417,81.190,28.015,1
8.840551,30.571,81.099,28.032,1
8.841093,30.751,81.046,27.659,1
8.841639,30.573,81.112,27.731,1
8.842200,29.698,82.181,27.589,1
8.842746,30.526,81.185,27.164,1
8.843290,30.614,81.036,27.340,1
8.843838,30.395,81.435,27.272,1
8.844405,29.433,82.658,27.351,1
8.844990,28.475,84.472,27.133,1
8.845599,27.353,87.807,27.432,1
8.846064,35.897,82.248,27.186,1
8.846660,27.943,84.767,27.449,1
8.847170,32.689,81.228,27.137,1
8.847743,29.086,82.974,27.485,1
8.848296,30.132,82.898,27.263,1
8.848841,30.610,81.860,27.633,1
8.849382,30.804,81.099,27.406,1
8.849944,29.615,81.812,27.700,1
8.850490,30.534,81.201,27.532,1
8.851040,30.333,80.824,27.721,1
8.851601,29.699,81.182,27.594,1
8.852176,28.992,82.337,27.855,1
8.852704,31.540,80.728,27.904,1
8.853350,25.816,86.121,27.656,1
8.853882,31.303,81.263,27.947,1
8.854433,30.260,81.153,27.635,1
8.855082,25.669,87.014,27.551,1
8.855544,36.123,81.502,27.890,1
8.856101,29.910,82.102,27.563,1
8.856636,31.138,81.209,27.836,1
8.857210,29.034,81.161,27.423,1
8.857752,30.758,81.143,27.657,1
8.858338,28.465,81.148,27.495,1
8.858918,28.693,83.078,27.573,1
8.859481,29.612,83.764,27.230,1
8.859991,32.686,81.744,27.540,1
8.860534,30.712,81.628,27.198,1
8.861096,29.630,82.424,27.424,1
8.861666,29.279,83.862,27.135,1
8.862214,30.401,81.404,27.305,1
8.862751,31.034,80.965,26.939,1
8.863415,25.099,85.713,27.206,1
8.863898,34.493,81.865,27.222,1
8.864443,30.581,81.441,26.856,1
8.864984,30.798,81.250,27.164,1
8.865569,28.519,83.030,26.950,1
8.866089,32.055,81.374,26.984,1
8.866650,29.712,82.213,27.126,1
8.867220,29.221,81.842,26.836,1
8.867776,29.999,82.276,27.139,1
8.868336,29.734,81.213,26.850,1
8.868898,29.670,81.881,27.112,1
8.869438,30.826,81.217,27.145,1
8.870002,29.589,82.080,26.917,1
8.870533,31.380,81.292,27.215,1
8.871082,30.370,81.047,27.128,1
8.871716,26.256,86.294,27.200,1
8.872219,33.147,81.753,26.929,1
8.872751,31.368,81.088,27.314,1
8.873343,28.153,81.836,27.274,1
8.873884,30.759,81.710,27.461,1
8.874431,30.500,81.308,27.174,1
8.874985,30.083,81.889,27.528,1
8.875523,30.952,81.523,27.279,1
8.876103,28.757,83.738,27.683,1
8.876637,31.188,80.967,27.463,1
8.877197,29.787,81.499,27.637,1
8.877743,30.526,81.671,27.699,1
8.878302,29.823,82.422,27.406,1
8.878824,31.909,81.070,27.695,1
8.879372,30.428,80.793,27.415,1
8.880080,23.537,89.965,27.737,1
8.880497,39.920,81.655,27.452,1
8.881080,28.613,83.316,27.696,1
8.881600,32.065,81.151,27.770,1
8.882157,29.890,81.254,27.349,1
8.882722,29.530,81.804,27.658,1
8.883261,30.924,80.807,27.362,1
8.883826,29.494,81.362,27.638,1
8.884382,29.964,81.417,27.370,1
8.884936,30.099,81.323,27.602,1
8.885512,28.917,82.555,27.331,1
8.886058,30.538,81.971,27.569,1
8.886596,30.936,80.980,27.247,1
8.887153,29.942,81.028,27.590,1
8.887716,29.616,81.432,27.365,1
8.888342,26.611,85.678,27.438,1
8.888815,35.252,80.711,27.195,1
8.889382,29.409,81.411,27.584,1
8.889932,30.299,81.058,27.432,1
8.890484,30.195,80.865,27.521,1
8.891082,27.846,83.441,27.269,1
8.891612,31.474,81.884,27.662,1
8.892153,30.787,81.031,27.370,1
8.892738,28.504,82.765,27.688,1
8.893266,31.539,81.149,27.675,1
8.893817,30.284,80.824,27.315,1
8.894421,27.565,83.788,27.558,1
8.894928,32.878,80.853,27.214,1
8.895488,29.791,81.103,27.573,1
8.896045,29.904,81.211,27.241,1
8.896614,29.301,82.008,27.306,1
8.897223,27.356,85.241,27.302,1
8.897786,29.593,85.660,27.515,1
8.898276,34.047,81.725,27.495,1
8.898819,30.691,80.994,27.199,1
8.899400,28.673,82.495,27.453,1
8.899933,31.268,81.147,27.112,1
8.900488,30.054,81.111,27.378,1
8.901076,28.345,83.054,27.145,1
8.901643,29.356,83.762,27.309,1
8.902179,31.107,82.580,27.022,1
8.902740,29.720,82.914,27.335,1
8.903265,31.744,81.054,27.414,1
8.903816,30.274,80.795,27.149,1
8.904398,28.597,82.419,27.423,1
8.905059,25.220,88.705,27.214,1
8.905486,39.064,81.000,27.441,1
8.906067,28.667,82.549,27.334,1
8.906600,31.255,81.209,27.432,1
8.907151,30.295,80.867,27.069,1
8.907735,28.533,82.615,27.364,1
8.908277,30.721,81.792,27.435,1
8.908821,30.662,81.101,27.116,1
8.909414,28.099,83.358,27.411,1
8.909937,31.878,81.390,27.171,1
8.910484,30.431,80.930,27.311,1
8.911074,28.274,82.926,27.387,1
8.911607,31.246,81.621,27.034,1
8.912155,30.423,81.136,27.229,1
8.912714,29.810,81.353,27.233,1
8.913267,30.171,81.185,26.905,1
8.913902,26.237,85.982,27.137,1
8.914410,32.774,83.146,26.997,1
8.914926,32.319,80.768,26.962,1
8.915485,29.835,80.942,27.266,1
8.916081,27.937,83.402,27.110,1
8.916598,32.264,81.059,27.170,1
8.917161,29.583,81.547,26.979,1
8.917726,29.528,82.079,27.176,1
8.918265,30.889,81.106,27.066,1
8.918823,29.873,81.248,27.272,1
8.919404,28.708,82.731,27.160,1
8.919926,31.896,80.764,27.445,1
8.920488,29.673,81.137,27.305,1
8.921050,29.679,81.496,27.551,1
8.921608,29.819,81.694,27.488,1
8.922217,27.369,84.903,27.695,1
8.922774,29.926,84.965,27.448,1
8.923263,34.077,80.971,27.709,1
8.923814,30.268,80.723,27.587,1
8.924422,27.425,83.835,27.769,1
8.924942,32.038,81.715,27.421,1
8.925491,30.387,81.292,27.686,1
8.926079,28.342,83.238,27.523,1
8.926595,32.263,80.828,27.727,1
8.927158,29.617,81.331,27.594,1
8.927718,29.732,81.638,27.797,1
8.928315,27.949,84.081,27.688,1
8.928873,29.845,84.253,27.783,1
8.929384,32.610,81.563,27.494,1
8.929942,29.897,81.681,27.816,1
8.930577,26.255,86.454,27.584,1
8.931097,32.041,84.336,27.855,1
8.931594,33.545,80.810,27.842,1
8.932148,30.040,80.772,27.941,1
8.932723,29.009,81.920,27.645,1
8.933266,30.672,81.157,27.861,1
8.933819,30.180,80.954,27.664,1
8.934382,29.606,81.421,27.803,1
8.934935,30.104,81.314,27.443,1
8.935487,30.219,81.064,27.708,1
8.936051,29.539,81.588,27.493,1
8.936598,30.478,81.062,27.678,1
8.937172,29.026,82.183,27.720,1
8.937739,29.383,82.881,27.379,1
8.938279,30.854,81.943,27.449,1
8.938903,26.726,86.021,27.580,1
8.939382,34.799,81.422,27.353,1
8.939944,29.659,81.808,27.570,1
8.940489,30.594,81.189,27.303,1
8.941073,28.537,82.907,27.590,1
8.941603,31.430,81.380,27.278,1
8.942149,30.537,80.788,27.582,1
8.942733,28.542,82.469,27.365,1
8.943268,31.140,81.275,27.642,1
8.943825,29.917,81.365,27.487,1
8.944428,27.636,84.219,27.530,1
8.944930,33.193,81.014,27.304,1
8.945490,29.781,81.255,27.555,1
8.946070,28.708,82.758,27.426,1
8.946688,26.978,86.473,27.537,1
8.947257,29.296,87.294,27.299,1
8.947711,36.699,81.211,27.486,1
8.948282,29.182,82.118,27.290,1
8.948816,31.243,80.795,27.524,1
8.949414,27.847,83.380,27.271,1
8.949943,31.538,81.767,27.496,1
8.950496,30.136,81.597,27.197,1
8.951049,30.147,81.468,27.403,1
8.951625,28.939,82.654,27.099,1
8.952153,31.517,81.076,27.337,1
8.952733,28.756,82.490,27.222,1
8.953278,30.586,81.891,27.574,1
8.953822,30.631,81.194,27.412,1
8.954432,27.306,84.476,27.802,1
8.954967,31.167,83.229,27.677,1
8.955654,24.268,91.087,27.833,1
8.956097,37.586,84.380,27.960,1
8.956605,32.798,81.529,28.587,1
8.957149,30.661,80.815,28.538,1
8.957743,28.052,83.111,28.955,1
8.958283,30.889,82.150,29.239,1
8.958818,31.133,80.974,29.707,1
8.959438,26.880,84.830,30.146,1
8.959942,33.047,81.732,30.566,1
8.960480,30.997,80.665,30.952,1
8.961076,27.988,83.060,31.405,1
8.961598,31.881,81.114,31.707,1
8.962159,29.712,81.452,32.068,1
8.962836,24.626,88.686,32.988,1
8.963287,36.987,82.416,33.006,1
8.963904,27.014,86.071,33.573,1
8.964392,34.112,82.063,33.049,1
8.964933,30.828,81.187,33.088,1
8.965490,29.901,81.298,32.990,1
8.966088,27.876,83.832,33.256,1
8.966610,31.948,81.803,32.828,1
8.967159,30.368,81.379,32.841,1
8.967741,28.618,83.030,32.729,1
8.968303,29.672,83.392,32.735,1
8.968824,31.989,81.294,32.718,1
8.969432,27.383,84.490,32.568,1
8.969957,31.769,82.636,32.706,1
8.970486,31.519,81.015,32.633,1
8.971110,26.717,85.137,32.859,1
8.971618,32.784,82.295,32.613,1
8.972305,24.275,90.170,32.557,1
8.972777,35.292,85.130,32.576,1
8.973268,33.933,81.313,32.722,1
8.973818,30.295,80.952,32.417,1
8.974445,26.610,85.234,32.453,1
8.974941,33.558,81.676,32.609,1
8.975491,30.319,81.316,32.694,1
8.976087,27.939,83.796,32.447,1
8.976631,30.687,83.020,32.628,1
8.977157,31.633,81.313,32.635,1
8.977773,27.076,84.905,32.654,1
8.978266,33.829,81.155,32.932,1
8.978823,29.917,81.245,32.796,1
8.979429,27.501,84.255,32.985,1
8.979960,31.364,82.805,32.728,1
8.980641,24.465,90.368,32.905,1
8.981097,36.586,84.368,32.670,1
8.981697,27.800,87.005,33.059,1
8.982164,35.631,81.755,32.701,1
8.982790,26.626,85.961,32.692,1
8.983275,34.348,81.721,32.494,1
8.983824,30.367,81.334,32.805,1
8.984421,27.921,83.823,32.559,1
8.984954,31.305,82.434,32.886,1
8.985497,30.668,81.710,32.534,1
8.986124,26.569,86.011,32.824,1
8.986604,34.777,81.433,32.557,1
8.987153,30.361,81.036,32.869,1
8.987800,25.738,82.480,32.635,1
8.988344,30.624,82.223,32.499,1
8.988975,26.438,87.106,32.436,1
8.989449,35.141,82.803,32.636,1
8.989990,30.792,82.179,32.440,1
8.990573,28.604,84.066,32.742,1
8.991114,30.808,83.930,32.265,1
8.991623,32.725,81.421,32.337,1
8.992175,30.182,81.454,32.534,1
8.992808,26.348,86.349,32.662,1
8.993275,35.676,81.479,32.403,1
8.993814,30.957,80.598,32.509,1
8.994472,25.320,85.742,32.596,1
8.994965,33.819,82.649,32.854,1
8.995489,31.763,81.105,32.601,1
8.996111,26.818,85.045,32.624,1
8.996637,31.649,83.472,32.411,1
8.997277,26.057,88.514,32.334,1
8.997786,32.767,85.697,32.636,1
8.998265,34.806,81.097,32.841,1
8.998815,30.254,80.813,32.544,1
8.999462,25.778,86.289,32.766,1
8.999953,33.933,82.399,32.906,1
9.000485,31.308,80.971,32.848,1
9.001109,26.731,85.069,32.818,1
9.001599,34.042,80.904,32.961,1
9.002180,28.685,82.682,32.553,1
9.002810,26.449,86.962,32.920,1
9.003274,35.881,81.656,32.695,1
9.003821,30.496,81.067,32.921,1
9.004449,26.517,85.439,32.675,1
9.004953,33.104,82.384,32.777,1
9.005553,27.749,85.045,32.531,1
9.006154,27.755,87.769,32.624,1
9.006630,35.029,82.188,32.311,1
9.007222,28.126,82.011,32.320,1
9.007838,27.049,86.403,32.528,1
9.008338,33.377,80.916,32.633,1
9.008883,30.563,81.070,32.379,1
9.009477,28.061,83.910,32.367,1
9.009986,32.720,80.938,32.441,1
9.010559,29.112,82.219,32.427,1
9.011133,29.039,84.065,32.390,1
9.011632,33.404,80.890,32.480,1
9.012208,28.915,81.142,32.866,1
9.012861,25.511,87.769,32.530,1
9.013329,35.676,82.740,32.637,1
9.013996,24.973,88.446,32.931,1
9.014480,34.407,84.959,32.841,1
9.015005,31.784,80.992,32.900,1
9.015564,29.783,81.590,33.184,1
9.016132,29.375,82.850,32.779,1
9.016654,31.919,81.710,32.777,1
9.017208,30.093,81.086,32.810,1
9.017834,26.620,85.838,32.802,1
9.018322,34.128,80.899,32.952,1
9.018868,30.544,80.753,32.672,1
9.019490,26.795,85.475,32.823,1
9.019977,34.196,,32.799,1
9.020539,29.669,,32.725,1
9.021168,26.492,,32.781,1
9.021662,33.743,,32.521,1
9.022307,25.831,,32.798,1
9.022795,34.177,,32.512,1
9.023335,30.865,,32.718,1
9.023910,28.963,,32.534,1
9.024504,28.100,,32.664,1
9.025002,33.421,,32.688,1
9.025544,30.781,,32.732,1
9.026159,27.091,,32.901,1
9.026634,35.047,,32.744,1
9.027207,29.093,,32.983,1
9.027849,25.969,,32.650,1
9.028345,33.591,81.583,32.581,1
9.028891,30.560,81.422,32.724,1
9.029502,27.252,85.103,32.896,1
9.030001,33.445,82.144,32.747,1
9.030601,27.767,85.350,32.849,1
9.031156,29.999,85.525,32.778,1
9.031634,34.900,81.043,32.867,1
9.032203,29.287,82.284,32.905,1
9.032847,25.875,87.891,33.102,1
9.033280,38.497,81.317,32.618,1
9.033837,29.908,81.318,32.771,1
9.034485,25.743,86.825,32.758,1
9.034949,35.920,81.945,32.948,1
9.035499,30.288,81.833,32.652,1
9.036185,24.301,89.454,32.761,1
9.036610,39.211,81.846,32.925,1
9.037155,30.573,81.205,32.820,1
9.037832,24.605,88.485,32.974,1
9.038273,37.863,81.568,32.715,1
9.038987,23.344,90.935,32.609,1
9.039504,32.212,86.957,32.714,1
9.039960,36.577,81.448,32.962,1
9.040502,30.751,81.153,32.580,1
9.041147,25.805,87.144,32.618,1
9.041599,36.945,80.897,32.721,1
9.042156,29.913,81.097,32.450,1
9.042816,25.239,87.574,32.803,1
9.043266,37.006,81.226,32.529,1
9.043829,29.619,81.030,32.720,1
9.044553,23.039,91.497,32.485,1
9.044947,42.283,82.048,32.628,1
9.045486,30.885,81.106,32.590,1
9.046064,28.837,82.436,32.732,1
9.046591,31.665,80.638,32.402,1
9.047248,25.359,86.779,32.754,1
9.047798,30.294,86.479,32.402,1
9.048276,34.897,81.787,32.782,1
9.048837,29.695,81.809,32.567,1
9.049399,29.649,82.212,32.800,1
9.049954,30.058,81.954,32.705,1
9.050483,31.469,80.845,32.825,1
9.051042,29.833,80.929,32.737,1
9.051606,29.569,81.575,32.802,1
9.052161,30.015,81.539,32.766,1
9.052729,29.312,82.140,33.117,1
9.053279,30.337,81.998,32.735,1
9.053832,30.130,81.684,33.039,1
9.054386,30.069,81.312,32.699,1
9.054934,30.435,81.162,32.951,1
9.055580,25.788,86.708,32.952,1
9.056048,35.640,81.285,32.904,1
9.056589,30.798,80.568,32.711,1
9.057161,29.123,81.565,32.658,1
9.057715,30.103,81.347,32.793,1
9.058257,30.744,80.696,32.579,1
9.058921,25.083,84.265,32.895,1
9.059426,33.055,81.664,32.626,1
9.060007,28.658,81.585,32.900,1
9.060548,30.801,81.249,32.601,1
9.061107,29.825,81.935,32.526,1
9.061680,29.109,83.155,32.692,1
9.062202,31.889,81.314,32.893,1
9.062768,29.448,81.872,33.290,1
9.063314,30.562,81.659,33.267,1
9.063947,26.332,86.620,33.885,1
9.064428,34.585,82.094,33.965,1
9.064975,30.510,81.612,34.663,1
9.065534,29.788,80.956,34.756,1
9.066093,29.824,81.907,35.588,1
9.066662,29.275,82.655,35.731,1
9.067207,30.615,81.159,36.429,1
9.067766,29.801,81.749,36.478,1
9.068346,28.718,81.637,36.990,1
9.068894,30.457,81.339,37.837,1
9.069446,30.195,81.598,38.048,1
9.069986,30.870,81.125,38.696,1
9.070552,29.422,82.150,39.045,1
9.071091,30.936,81.546,40.001,1
9.071631,30.851,80.853,40.273,1
9.072273,25.967,86.535,40.928,1
9.072733,36.240,81.316,41.365,1
9.073277,30.597,80.824,41.982,1
9.073824,30.485,81.226,42.106,1
9.074390,29.469,80.672,43.051,1
9.074998,27.407,80.999,42.862,1
9.075546,30.398,81.279,43.853,1
9.076090,30.650,81.023,49.499,1
9.076636,30.494,80.995,58.518,1
9.077213,28.904,,60.260,1
9.077754,30.782,,53.445,1
9.078303,30.384,81.142,43.533,1
9.078842,30.925,81.122,41.673,1
9.079391,30.357,80.973,40.398,1
9.079945,30.092,81.414,38.558,1
9.080602,25.377,87.794,36.378,1
9.081041,37.953,80.823,34.682,1
9.081610,29.274,81.839,33.854,1
9.082171,29.737,82.046,32.639,1
9.082728,29.911,82.065,32.257,1
9.083293,29.497,82.403,31.448,1
9.083898,27.518,84.423,31.188,1
9.084412,32.447,81.468,31.273,1
9.084954,30.739,80.991,31.027,1
9.085526,29.129,82.304,30.980,1
9.086072,30.557,81.020,31.033,1
9.086675,27.645,81.712,30.884,1
9.087221,30.513,81.367,30.987,1
9.087771,30.299,81.219,30.820,1
9.088312,30.799,81.012,30.764,1
9.088982,24.879,88.618,30.783,1
9.089404,39.541,80.972,30.803,1
9.089993,28.297,80.954,30.617,1
9.090563,29.244,81.990,30.482,1
9.091094,31.360,81.187,30.631,1
9.091651,29.935,81.452,30.642,1
9.092193,30.714,81.428,30.388,1
9.092735,30.757,81.136,30.672,1
9.093378,25.948,86.614,30.461,1
9.093858,34.712,81.755,30.489,1
9.094407,30.340,81.842,30.707,1
9.095016,27.353,81.808,30.478,1
9.095593,28.904,83.398,30.370,1
9.096136,30.719,82.857,30.876,1
9.096651,32.322,81.120,30.594,1
9.097305,25.496,87.001,30.888,1
9.097743,38.016,80.673,30.807,1
9.098305,29.695,81.278,30.884,1
9.098864,29.811,81.720,30.779,1
9.099404,30.819,81.001,30.800,1
9.100004,27.779,81.294,30.840,1
9.100562,29.872,81.838,31.066,1
9.101117,30.052,82.534,30.992,1
9.101670,30.115,80.923,31.286,1
9.102216,30.570,81.065,31.037,1
9.102800,28.521,83.016,31.226,1
9.103332,31.304,81.938,31.289,1
9.103874,30.748,81.370,30.965,1
9.104417,30.725,81.158,31.041,1
9.105007,28.237,83.541,31.125,1
9.105628,26.846,87.745,31.035,1
9.106082,36.711,81.639,30.884,1
9.106687,27.548,82.263,30.913,1
9.107220,31.273,81.305,30.830,1
9.107767,30.445,80.998,30.973,1
9.108331,29.541,82.334,30.648,1
9.108857,31.724,81.229,30.871,1
9.109408,30.221,81.267,30.649,1
9.110016,27.433,84.667,30.790,1
9.110561,30.593,82.324,30.827,1
9.111095,31.211,81.212,30.790,1
9.111646,30.226,81.157,30.779,1
9.112201,30.031,81.439,30.760,1
9.112768,29.384,81.389,30.959,1
9.113310,30.741,81.244,30.863,1
9.113970,25.254,87.849,30.913,1
9.114411,37.863,81.151,30.748,1
9.114976,29.469,80.750,30.988,1
9.115535,29.840,81.144,31.050,1
9.116089,30.066,81.352,30.828,1
9.116633,30.663,80.987,30.937,1
9.117206,29.044,81.073,30.985,1
9.117780,29.066,82.428,31.044,1
9.118306,31.659,81.038,30.837,1
9.118867,29.711,81.630,30.845,1
9.119420,30.135,81.940,30.859,1
9.120002,28.627,81.083,30.805,1
9.120550,30.446,81.104,30.769,1
9.121114,29.538,81.826,30.542,1
9.121683,29.273,82.705,30.327,1
9.122311,26.557,87.692,30.468,1
9.122756,37.485,81.247,30.319,1
9.123310,30.070,81.457,30.410,1
9.123872,29.629,81.032,30.348,1
9.124429,29.934,81.360,30.339,1
9.124982,30.170,81.438,30.223,1
9.125524,30.712,81.347,30.404,1
9.126067,30.720,80.742,30.471,1
9.126636,29.290,82.486,30.296,1
9.127179,30.660,82.062,30.363,1
9.127765,28.474,84.216,30.460,1
9.128351,28.409,86.300,30.298,1
9.128874,31.893,80.843,30.413,1
9.129441,29.387,82.412,30.475,1
9.130008,29.417,82.422,30.413,1
9.130646,26.110,88.224,30.712,1
9.131068,39.468,80.851,30.501,1
9.131715,25.763,83.580,30.697,1
9.132236,32.021,81.410,30.562,1
9.132788,30.159,81.422,30.748,1
9.133336,30.410,81.145,30.964,1
9.133881,30.623,80.951,30.626,1
9.134440,29.806,81.383,30.757,1
9.134988,30.410,81.257,30.811,1
9.135544,29.955,81.643,30.662,1
9.136087,30.730,81.359,30.688,1
9.136640,30.141,81.485,30.582,1
9.137196,29.970,81.906,30.504,1
9.137778,28.606,84.080,30.615,1
9.138275,33.572,81.336,30.479,1
9.138854,28.797,83.103,30.478,1
9.139379,31.714,81.365,30.533,1
9.139941,29.648,81.725,30.589,1
9.140481,30.887,80.800,30.494,1
9.141037,29.982,80.849,30.491,1
9.141619,28.629,82.418,30.587,1
9.142156,31.061,81.280,30.598,1
9.142726,29.207,80.784,30.678,1
9.143274,30.396,81.299,30.584,1
9.143814,30.868,80.612,30.744,1
9.144365,30.263,80.517,30.967,1
9.145020,25.449,81.215,30.777,1
9.145568,30.439,81.255,30.799,1
9.146110,30.713,81.108,30.890,1
9.146659,30.375,81.369,30.859,1
9.147295,26.210,86.850,30.950,1
9.147758,36.020,81.520,30.906,1
9.148293,31.130,81.069,31.116,1
9.148877,28.544,83.366,30.791,1
9.149415,30.984,81.330,31.003,1
9.149974,29.799,81.788,30.864,1
9.150518,30.645,81.528,31.092,1
9.151072,30.060,81.102,30.986,1
9.151621,30.376,80.978,31.091,1
9.152208,28.380,81.160,31.130,1
9.152756,30.459,81.327,31.050,1
9.153303,30.451,81.041,30.867,1
9.153873,29.251,81.063,30.706,1
9.154423,30.285,80.942,30.899,1
9.154976,30.152,81.465,30.759,1
9.155610,26.258,86.896,30.733,1
9.156074,35.983,81.503,30.595,1
9.156630,29.972,81.844,30.806,1
9.157173,30.677,81.689,30.525,1
9.157715,30.776,81.151,30.314,1
9.158331,27.029,83.812,30.316,1
9.158873,30.755,81.071,30.283,1
9.159427,30.063,81.371,30.154,1
9.159993,29.485,81.065,30.347,1
9.160566,29.076,82.370,30.243,1
9.161096,31.466,81.288,30.221,1
9.161651,29.990,81.515,30.309,1
9.162206,30.055,81.037,30.161,1
9.162781,28.980,81.535,30.367,1
9.163341,29.774,82.294,30.303,1
9.164001,25.246,89.097,30.334,1
9.164418,39.962,81.501,30.393,1
9.165008,28.271,81.348,30.261,1
9.165557,30.313,81.174,30.434,1
9.166113,29.983,81.700,30.542,1
9.166667,30.098,81.819,30.457,1
9.167208,30.821,81.155,30.597,1
9.167760,30.179,81.357,30.225,1
9.168308,30.436,81.333,30.485,1
9.168876,29.344,81.249,30.509,1
9.169423,30.445,80.930,30.491,1
9.170003,28.746,81.083,30.387,1
9.170556,30.154,81.044,30.510,1
9.171101,30.528,81.048,30.469,1
9.171655,30.127,81.083,30.404,1
9.172286,26.389,86.455,30.345,1
9.172777,33.969,83.177,30.513,1
9.173307,31.427,82.296,30.598,1
9.173876,29.295,81.218,30.419,1
9.174465,28.314,83.463,30.417,1
9.174972,32.828,81.311,30.659,1
9.175513,30.812,81.139,30.462,1
9.176062,30.387,80.998,30.751,1
9.176613,30.230,81.075,30.642,1
9.177163,30.318,81.493,30.569,1
9.177716,30.115,81.165,30.670,1
9.178312,27.999,83.708,30.868,1
9.178865,30.143,81.269,31.014,1
9.179409,30.590,80.879,30.860,1
9.180009,27.796,81.446,31.000,1
9.180661,25.545,87.802,30.877,1
9.181093,38.648,81.123,30.950,1
9.181659,29.408,82.034,30.846,1
9.182209,30.301,82.331,30.841,1
9.182742,31.294,81.552,30.673,1
9.183295,30.134,81.286,30.752,1
9.183907,27.245,83.164,30.525,1
9.184429,31.939,81.331,30.541,1
9.184973,30.599,81.023,30.362,1
9.185537,29.548,81.117,30.533,1
9.186085,30.428,81.055,30.464,1
9.186633,30.401,81.029,30.331,1
9.187215,28.659,81.558,30.557,1
9.187755,30.843,81.164,30.401,1
9.188303,30.444,81.052,30.563,1
9.188946,25.903,85.519,30.311,1
9.189424,34.868,81.209,30.332,1
9.190002,28.839,81.058,30.537,1
9.190553,30.240,80.976,30.441,1
9.191104,30.242,81.260,30.516,1
9.191652,30.441,81.090,30.406,1
9.192209,29.933,81.228,30.567,1
9.192753,30.632,81.195,30.310,1
9.193299,30.487,81.251,30.426,1
9.193878,28.815,81.364,30.314,1
9.194433,30.023,81.535,30.301,1
9.194996,29.605,82.137,30.081,1
9.195524,31.548,81.232,30.312,1
9.196076,30.178,81.507,30.523,1
9.196613,31.071,81.343,30.700,1
9.197240,26.566,85.862,30.945,1
9.197733,33.811,82.503,31.332,1
9.198280,30.452,81.151,31.195,1
9.198838,29.886,81.384,31.373,1
9.199374,31.103,80.742,31.268,1
9.200026,25.566,86.356,31.194,1
9.200564,30.954,81.072,30.900,1
9.201130,29.488,82.020,30.968,1
9.201673,30.696,81.659,30.880,1
9.202228,30.023,81.736,30.860,1
9.202782,30.068,82.162,30.810,1
9.203340,29.859,81.402,30.946,1
9.203881,30.837,80.945,31.024,1
9.204432,30.208,80.975,30.954,1
9.205002,29.233,82.152,30.953,1
9.205633,26.444,86.949,30.877,1
9.206086,36.784,81.314,31.246,1
9.206662,28.913,82.810,31.172,1
9.207219,29.911,81.856,31.660,1
9.207753,31.240,80.985,31.560,1
9.208319,29.445,82.170,31.957,1
9.208879,29.775,81.450,32.354,1
9.209444,29.480,82.216,32.259,1
9.210011,29.418,81.566,32.691,1
9.210555,30.622,81.065,32.636,1
9.211150,28.021,83.973,33.176,1
9.211659,32.729,81.412,33.393,1
9.212211,30.200,81.400,33.862,1
9.212754,30.683,81.118,33.171,1
9.213301,30.489,81.067,33.787,1
9.213991,24.128,88.188,33.302,1
9.214417,39.146,80.758,33.333,1
9.214984,29.393,82.313,32.643,1
9.215541,29.954,81.464,32.702,1
9.216105,29.527,82.700,32.561,1
9.216639,31.236,81.252,32.689,1
9.217212,29.087,81.457,33.340,1
9.217752,30.860,81.282,32.676,1
9.218398,25.780,86.904,32.895,1
9.218852,36.693,81.028,32.436,1
9.219407,30.032,81.466,32.696,1
9.219967,29.760,81.971,32.265,1
9.220553,28.478,82.187,32.589,1
9.221083,31.449,81.132,32.572,1
9.221662,28.767,82.674,32.771,1
9.222303,26.013,86.930,32.541,1
9.222774,35.348,82.498,32.641,1
9.223305,31.413,81.542,32.769,1
9.223842,31.044,81.132,32.454,1
9.224410,29.345,81.336,32.609,1
9.225007,27.904,81.355,32.248,1
9.225547,30.841,81.086,32.659,1
9.226108,29.705,81.490,32.584,1
9.226675,29.397,82.269,32.744,1
9.227235,29.766,82.419,32.964,1
9.227777,30.765,81.243,32.568,1
9.228324,30.454,81.189,32.809,1
9.228899,29.008,82.662,32.175,1
9.229421,31.932,81.109,32.297,1
9.229985,29.552,81.852,32.405,1
9.230614,26.486,86.963,32.635,1
9.231076,36.107,81.329,32.858,1
9.231684,27.380,82.337,32.660,1
9.232219,31.188,81.310,32.837,1
9.232755,31.105,80.839,32.460,1
9.233354,27.797,82.008,32.545,1
9.233882,31.602,81.048,32.293,1
9.234434,30.156,81.100,32.354,1
9.235013,28.822,81.623,32.375,1
9.235580,29.372,82.618,32.979,1
9.236105,31.750,81.277,32.644,1
9.236685,28.727,81.816,33.001,1
9.237234,30.344,81.362,32.546,1
9.237778,30.645,81.103,32.602,1
9.238367,28.327,83.112,32.614,1
9.239016,25.643,89.098,32.630,1
9.239450,38.444,82.006,32.576,1
9.240006,29.993,82.433,32.867,1
9.240546,30.827,81.808,32.627,1
9.241093,30.479,81.751,32.709,1
9.241673,28.750,83.442,32.691,1
9.242199,31.694,81.974,32.683,1
9.242763,29.518,82.831,32.155,1
9.243311,30.436,82.461,32.094,1
9.243873,29.643,82.806,32.469,1
9.244418,30.582,82.323,32.446,1
9.245008,28.238,81.821,32.848,1
9.245578,29.280,83.234,32.558,1
9.246108,31.432,82.053,32.701,1
9.246667,29.795,82.464,32.872,1
9.247336,24.932,89.400,32.583,1
9.247796,36.244,83.884,32.697,1
9.248313,32.189,81.832,32.259,1
9.248880,29.403,82.701,32.744,1
9.249422,30.743,82.108,32.522,1
9.250010,28.358,81.875,32.775,1
9.250577,29.418,83.189,32.459,1
9.251102,31.692,81.758,32.649,1
9.251703,27.742,84.584,32.592,1
9.252226,31.863,83.048,32.005,1
9.252759,31.304,81.880,32.207,1
9.253348,28.276,82.217,32.363,1
9.253889,30.810,82.040,32.708,1
9.254436,30.496,81.721,33.028,1
9.255032,27.958,82.855,32.634,1
9.255717,24.329,91.318,32.637,1
9.256106,42.782,81.974,32.683,1
9.256691,28.509,83.685,32.268,1
9.257210,32.137,81.349,32.382,1
9.257770,29.764,82.296,32.155,1
9.258348,28.789,81.832,32.073,1
9.258894,30.574,81.183,32.307,1
9.259452,29.869,81.540,32.622,1
9.260014,29.622,82.251,32.327,1
9.260573,29.818,82.756,32.488,1
9.261095,31.931,80.757,32.228,1
9.261653,29.859,81.561,32.257,1
9.262189,31.099,80.998,31.971,1
9.262750,29.719,82.056,32.469,1
9.263283,31.260,81.195,32.771,1
9.263918,26.238,86.222,32.572,1
9.264419,33.294,81.942,32.749,1
9.265041,26.781,83.426,32.360,1
9.265551,32.699,81.363,32.629,1
9.266113,29.640,81.799,32.224,1
9.266660,30.474,81.580,32.398,1
9.267211,30.280,81.703,32.228,1
9.267753,30.713,81.576,32.502,1
9.268333,28.755,82.996,32.615,1
9.268849,32.268,81.358,32.628,1
9.269405,30.012,81.070,32.509,1
9.270012,27.453,81.645,32.566,1
9.270569,29.941,81.867,32.236,1
9.271119,30.293,81.553,32.370,1
9.271695,28.924,83.150,32.189,1
9.272284,28.312,85.457,32.746,1
9.272765,34.637,81.490,32.488,1
9.273351,28.447,83.749,32.713,1
9.273851,33.280,80.933,32.241,1
9.274407,30.018,81.496,32.326,1
9.274982,28.975,83.113,32.759,1
9.275496,32.431,81.544,32.107,1
9.276053,29.892,81.668,31.963,1
9.276659,27.510,84.686,32.580,1
9.277154,33.654,80.996,32.429,1
9.277712,29.870,81.260,32.676,1
9.278415,23.714,90.246,32.429,1
9.278856,37.849,83.308,32.347,1
9.279372,32.274,80.879,32.273,1
9.280012,26.036,85.883,32.488,1
9.280588,28.925,87.113,32.183,1
9.281053,35.896,81.283,32.635,1
9.281653,27.749,84.326,32.571,1
9.282147,33.746,80.842,32.480,1
9.282709,29.669,81.203,32.683,1
9.283351,25.969,86.381,32.124,1
9.283824,35.208,81.424,32.363,1
9.284402,28.832,82.665,32.162,1
9.285050,25.722,88.180,32.048,1
9.285507,36.494,82.294,32.405,1
9.286049,30.762,80.963,32.472,1
9.286652,27.599,84.235,32.538,1
9.287208,29.981,81.209,32.620,1
9.287756,30.454,81.153,32.393,1
9.288336,28.702,81.297,32.433,1
9.288979,25.950,86.902,32.603,1
9.289432,36.773,80.929,32.262,1
9.290035,27.638,83.068,32.426,1
9.290551,32.290,81.203,32.419,1
9.291105,30.110,81.306,32.865,1
9.291681,28.901,83.308,32.585,1
9.292200,32.116,81.815,32.861,1
9.292753,30.120,81.821,32.414,1
9.293322,29.335,82.830,32.553,1
9.293890,29.312,82.189,32.190,1
9.294431,30.809,81.614,32.334,1
9.295039,27.432,83.352,32.291,1
9.295553,32.384,81.491,33.031,1
9.296099,30.572,81.413,32.823,1
9.296734,26.242,86.954,32.801,1
9.297300,29.429,86.747,32.885,1
9.297752,36.852,80.958,32.562,1
9.298361,27.363,82.980,32.770,1
9.298894,31.316,81.746,32.494,1
9.299431,31.014,80.878,32.810,1
9.300031,27.789,84.423,32.596,1
9.300546,32.372,82.716,32.614,1
9.301088,30.712,82.122,32.799,1
9.301713,26.676,87.014,32.416,1
9.302160,37.291,81.203,32.713,1
9.302709,30.372,80.972,32.724,1
9.303364,25.444,87.098,32.187,1
9.303832,35.619,81.612,32.554,1
9.304410,28.809,83.133,32.569,1
9.305063,25.550,88.637,32.848,1
9.305600,31.033,87.780,33.448,1
9.306080,34.674,83.415,32.955,1
9.306756,24.651,90.755,33.093,1
9.307205,37.171,81.028,32.727,1
9.307763,29.872,81.597,32.858,1
9.308383,26.879,85.927,32.381,1
9.308877,33.708,81.355,32.891,1
9.309421,30.622,80.935,32.768,1
9.310088,25.023,88.034,32.833,1
9.310517,38.777,80.982,32.741,1
9.311067,30.300,81.172,32.496,1
9.311742,24.715,88.560,32.552,1
9.312202,36.212,83.111,32.308,1
9.312753,30.237,83.699,32.498,1
9.313392,26.088,88.662,32.228,1
9.313922,31.474,86.515,32.610,1
9.314422,33.312,82.304,32.638,1
9.315083,25.196,89.484,32.803,1
9.315514,38.710,82.208,32.641,1
9.316039,31.733,80.861,32.653,1
9.316709,24.886,87.863,32.654,1
9.317156,37.253,81.324,32.082,1
9.317730,29.043,82.479,32.102,1
9.318312,28.618,83.843,32.580,1
9.318904,28.197,85.951,32.396,1
9.319405,33.215,80.866,32.599,1
9.320090,24.337,86.780,32.461,1
9.320573,34.510,82.906,32.607,1
9.321084,32.594,81.036,32.416,1
9.321790,23.619,90.470,32.434,1
9.322300,32.689,88.088,32.055,1
9.322763,35.965,82.589,32.565,1
9.323494,22.823,90.870,32.508,1
9.323881,42.992,81.470,32.707,1
9.324438,29.965,81.735,32.540,1
9.325191,22.125,92.381,32.708,1
9.325557,45.512,81.327,32.456,1
9.326117,29.787,81.766,32.425,1
9.326761,25.860,87.749,31.955,1
9.327211,37.026,82.206,32.019,1
9.327744,31.288,81.148,32.377,1
9.328460,23.287,88.540,33.009,1
9.328891,38.641,81.530,32.984,1
9.329438,30.458,81.357,33.122,1
9.330100,25.173,87.922,33.202,1
9.330618,32.204,85.825,33.050,1
9.331127,32.711,83.277,33.192,1
9.331722,28.009,86.416,32.492,1
9.332220,33.483,82.174,33.009,1
9.332768,30.396,82.037,32.701,1
9.333446,24.601,87.707,32.968,1
9.333886,37.896,81.442,31.972,1
9.334440,30.088,81.510,32.211,1
9.335121,24.439,89.408,31.817,1
9.335551,38.763,82.136,30.909,1
9.336082,31.396,81.163,30.989,1
9.336632,30.312,81.532,30.433,1
9.337168,31.121,81.075,30.206,1
9.337734,29.415,82.527,29.409,1
9.338294,29.768,82.186,29.371,1
9.339021,22.920,90.027,28.927,1
9.339420,41.764,80.852,28.689,1
9.340002,28.656,82.863,28.023,1
9.340563,29.720,83.421,28.040,1
9.341088,31.746,81.777,27.685,1
9.341677,28.283,82.401,27.728,1
9.342209,31.312,81.181,27.594,1
9.342762,30.176,81.203,27.183,1
9.343348,28.405,81.669,27.341,1
9.343907,29.830,82.617,27.254,1
9.344437,31.448,80.764,27.350,1
9.345022,28.486,82.983,27.133,1
9.345537,32.380,81.042,27.420,1
9.346087,30.325,81.418,27.169,1
9.346668,28.670,83.184,27.442,1
9.347323,25.446,89.326,27.210,1
9.347736,40.295,80.984,27.500,1
9.348315,28.785,82.684,27.258,1
9.348872,29.939,81.108,27.639,1
9.349416,30.642,81.200,27.393,1
9.349972,29.982,81.512,27.701,1
9.350526,30.080,82.170,27.533,1
9.351074,30.433,81.247,27.711,1
9.351673,27.811,81.200,27.602,1
9.352209,31.114,80.772,27.880,1
9.352760,30.230,80.657,27.894,1
9.353338,28.820,81.305,27.665,1
9.353883,30.614,81.143,27.950,1
9.354438,30.040,81.371,27.649,1
9.354979,30.781,81.265,27.562,1
9.355666,24.251,89.062,27.870,1
9.356084,39.862,81.324,27.562,1
9.356628,30.655,81.392,27.812,1
9.357178,30.318,81.859,27.427,1
9.357738,29.766,81.083,27.672,1
9.358286,30.410,80.941,27.517,1
9.358875,28.283,81.289,27.578,1
9.359409,31.196,80.791,27.238,1
9.360001,28.160,81.014,27.540,1
9.360568,29.391,81.942,27.188,1
9.361107,30.913,81.323,27.430,1
9.361680,29.129,82.718,27.139,1
9.362211,31.340,81.431,27.307,1
9.362772,29.738,81.066,26.932,1
9.363332,29.747,80.932,27.199,1
9.364013,24.486,88.840,27.228,1
9.364441,38.917,81.536,26.876,1
9.364981,30.890,81.280,27.174,1
9.365542,29.673,81.933,26.947,1
9.366086,30.646,81.395,26.984,1
9.366629,30.679,80.848,27.151,1
9.367219,28.275,81.907,26.837,1
9.367764,30.562,81.680,27.142,1
9.368303,30.939,81.116,26.861,1
9.368872,29.273,81.122,27.115,1
9.369431,29.829,81.944,27.154,1
9.369977,30.523,81.122,26.911,1
9.370539,29.678,82.157,27.209,1
9.371072,31.270,81.174,27.144,1
9.371632,29.737,81.040,27.199,1
9.372271,26.069,86.556,26.913,1
9.372780,32.746,84.095,27.303,1
9.373366,28.467,83.208,27.279,1
9.373952,28.412,85.361,27.454,1
9.374488,31.090,82.070,27.172,1
9.375039,30.275,82.405,27.530,1
9.375589,30.307,82.400,27.271,1
9.376126,31.010,82.073,27.671,1
9.376666,30.885,81.263,27.441,1
9.377242,28.933,83.131,27.647,1
9.377757,32.340,81.106,27.711,1
9.378330,29.089,80.905,27.400,1
9.378885,30.031,81.303,27.683,1
9.379444,29.815,81.751,27.419,1
9.379999,30.025,82.178,27.747,1
9.380693,24.022,90.742,27.480,1
9.381101,40.889,82.272,27.682,1
9.381655,30.048,82.297,27.766,1
9.382213,29.892,81.569,27.349,1
9.382755,30.771,81.136,27.680,1
9.383327,29.138,82.049,27.362,1
9.383892,29.504,82.884,27.638,1
9.384422,31.449,81.774,27.379,1
9.385009,28.377,82.022,27.594,1
9.385543,31.218,81.332,27.329,1
9.386095,30.166,81.915,27.563,1
9.386642,30.475,81.573,27.245,1
9.387206,29.575,81.104,27.592,1
9.387763,29.890,81.818,27.359,1
9.388332,29.295,83.324,27.442,1
9.388962,26.455,86.502,27.206,1
9.389431,35.586,81.510,27.580,1
9.389975,30.635,81.596,27.429,1
9.390529,30.050,82.265,27.506,1
9.391091,29.654,82.332,27.270,1
9.391645,30.123,81.653,27.662,1
9.392216,29.159,82.969,27.379,1
9.392760,30.629,82.784,27.657,1
9.393352,28.181,82.029,27.694,1
9.393910,29.862,82.223,27.334,1
9.394434,31.811,80.969,27.584,1
9.394988,30.044,81.081,27.221,1
9.395543,30.069,81.439,27.580,1
9.396100,29.920,81.644,27.207,1
9.396657,29.887,81.833,27.294,1
9.397334,24.623,89.349,27.328,1
9.397779,37.488,83.128,27.493,1
9.398312,31.246,81.859,27.500,1
9.398859,30.464,81.484,27.187,1
9.399429,29.272,82.530,27.434,1
9.399978,30.373,82.458,27.102,1
9.400550,29.104,81.903,27.356,1
9.401108,29.871,82.148,27.145,1
9.401660,30.219,81.982,27.314,1
9.402219,29.800,82.050,27.035,1
9.402758,30.944,81.271,27.338,1
9.403321,29.556,81.991,27.400,1
9.403868,30.481,81.413,27.165,1
9.404413,30.587,81.216,27.422,1
9.404964,30.271,81.650,27.202,1
9.405672,23.521,91.031,27.443,1
9.406093,39.639,83.484,27.333,1
9.406666,29.056,85.333,27.428,1
9.407222,30.009,82.471,27.064,1
9.407743,31.964,81.074,27.367,1
9.408309,29.454,82.375,27.430,1
9.408854,30.559,82.376,27.127,1
9.409413,29.837,82.488,27.432,1
9.409973,29.759,83.011,27.149,1
9.410520,30.473,82.413,27.295,1
9.411083,29.625,82.810,27.391,1
9.411645,29.649,83.105,27.024,1
9.412209,29.554,83.404,27.251,1
9.412738,31.480,82.183,27.228,1
9.413304,29.473,83.427,26.886,1
9.413851,30.442,82.253,27.144,1
9.414491,26.051,87.685,26.985,1
9.414938,37.282,81.449,26.959,1
9.415507,29.302,82.463,27.249,1
9.416052,30.581,81.439,27.122,1
9.416603,30.215,81.309,27.184,1
9.417169,29.441,82.170,26.966,1
9.417733,29.548,82.689,27.171,1
9.418284,30.291,81.971,27.052,1
9.418832,30.402,81.657,27.255,1
9.419382,30.291,81.335,27.173,1
9.419946,29.563,81.851,27.449,1
9.420513,29.403,82.827,27.311,1
9.421051,30.954,81.112,27.556,1
9.421601,30.320,81.178,27.514,1
9.422190,28.290,83.448,27.687,1
9.422850,25.266,89.405,27.457,1
9.423293,37.585,82.402,27.710,1
9.423822,31.498,81.195,27.596,1
9.424380,29.888,81.405,27.758,1
9.424945,29.498,82.041,27.418,1
9.425527,28.609,83.647,27.709,1
9.426056,31.545,81.372,27.522,1
9.426610,30.048,81.808,27.730,1
9.427167,29.930,80.947,27.595,1
9.427723,30.004,81.691,27.789,1
9.428294,29.191,82.032,27.700,1
9.428865,29.157,83.785,27.789,1
9.429404,30.918,81.119,27.498,1
9.429964,29.804,81.859,27.804,1
9.430522,29.858,82.517,27.591,1
9.431151,26.497,85.857,27.863,1
9.431638,34.214,82.494,27.860,1
9.432220,28.645,82.019,27.947,1
9.432765,30.577,81.739,27.638,1
9.433336,29.160,81.203,27.851,1
9.433881,30.577,81.093,27.707,1
9.434428,30.485,81.277,27.827,1
9.434979,30.232,81.220,27.479,1
9.435556,28.926,82.665,27.718,1
9.436088,31.327,81.384,27.498,1
9.436657,29.265,82.452,27.688,1
9.437179,31.958,81.130,27.717,1
9.437735,29.976,81.352,27.372,1
9.438301,29.428,82.233,27.462,1
9.438930,26.511,86.959,27.597,1
9.439453,31.856,85.272,27.364,1
9.439923,35.469,80.503,27.558,1
9.440589,25.006,86.303,27.333,1
9.441065,35.025,81.925,27.579,1
9.441592,31.634,80.854,27.254,1
9.442235,25.912,86.122,27.589,1
9.442791,30.004,84.320,27.351,1
9.443291,33.320,81.170,27.603,1
9.443838,30.471,81.514,27.468,1
9.444379,30.775,81.185,27.531,1
9.444927,30.441,80.810,27.281,1
9.445495,29.364,81.618,27.553,1
9.446040,30.568,80.972,27.446,1
9.446620,28.733,82.539,27.527,1
9.447237,27.023,85.424,27.280,1
9.447868,26.379,88.818,27.491,1
9.448293,39.293,81.466,27.274,1
9.448845,30.151,81.838,27.532,1
9.449401,30.024,82.273,27.283,1
9.449931,31.393,81.108,27.502,1
9.450487,30.011,81.134,27.204,1
9.451044,29.918,81.186,27.359,1
9.451602,29.858,81.503,27.122,1
9.452166,29.548,81.974,27.349,1
9.452720,30.087,81.230,27.234,1
9.453341,26.840,81.491,27.537,1
9.453894,30.148,81.228,27.411,1
9.454455,29.702,81.516,27.821,1
9.455002,30.481,81.190,27.688,1
9.455562,29.724,82.041,27.834,1
9.456228,25.040,89.324,27.971,1
9.456647,39.764,81.268,28.576,1
9.457197,30.338,80.871,28.541,1
9.457764,29.370,82.326,28.946,1
9.458348,28.530,81.906,29.235,1
9.458886,30.968,81.387,29.723,1
9.459435,30.404,81.181,30.143,1
9.460002,29.399,81.102,30.565,1
9.460570,29.334,82.369,30.960,1
9.461099,31.516,81.002,31.422,1
9.461657,29.854,81.400,31.720,1
9.462212,30.004,81.844,32.077,1
9.462753,30.828,81.506,32.972,1
9.463330,28.898,81.077,32.997,1
9.463884,30.080,81.543,33.542,1
9.464567,24.378,89.401,33.017,1
9.464991,39.341,81.739,33.106,1
9.465533,30.765,81.293,33.009,1
9.466072,30.922,80.988,33.328,1
9.466641,29.257,81.514,32.820,1
9.467200,29.859,81.389,32.837,1
9.467756,29.933,81.714,32.754,1
9.468299,30.733,81.614,32.712,1
9.468876,28.865,81.851,32.714,1
9.469415,30.915,81.196,32.606,1
9.470006,28.197,81.388,32.644,1
9.470550,30.665,80.959,32.627,1
9.471111,29.713,81.741,32.864,1
9.471640,31.501,80.724,32.633,1
9.472232,28.162,82.704,32.567,1
9.472862,26.438,87.768,32.577,1
9.473333,35.369,81.028,32.714,1
9.473889,29.977,81.549,32.417,1
9.474441,30.232,81.561,32.452,1
9.474975,31.192,81.013,32.629,1
9.475547,29.119,81.883,32.700,1
9.476097,30.300,80.946,32.453,1
9.476659,29.683,81.422,32.654,1
9.477207,30.378,81.317,32.630,1
9.477758,30.263,81.571,32.636,1
9.478335,28.901,81.115,32.935,1
9.478889,30.095,81.555,32.785,1
9.479446,29.922,81.859,33.003,1
9.480001,29.999,81.882,32.736,1
9.480606,27.545,85.473,32.914,1
9.481202,27.962,88.239,32.675,1
9.481637,38.374,81.348,33.074,1
9.482208,29.160,81.270,32.719,1
9.482800,28.163,83.951,32.733,1
9.483334,31.235,81.028,32.490,1
9.483887,30.103,81.375,32.760,1
9.484437,30.316,81.310,32.564,1
9.484975,30.978,80.948,32.828,1
9.485554,28.809,82.501,32.555,1
9.486069,32.311,80.854,32.821,1
9.486654,28.530,82.714,32.553,1
9.487207,30.096,81.330,32.876,1
9.487755,30.421,81.276,32.648,1
9.488300,30.595,81.304,32.500,1
9.488880,28.730,81.671,32.455,1
9.489498,26.977,86.178,32.622,1
9.490067,29.297,85.278,32.426,1
9.490553,34.281,81.475,32.747,1
9.491095,30.729,81.434,32.272,1
9.491638,30.721,80.866,32.362,1
9.492213,28.988,81.613,32.523,1
9.492753,30.834,81.455,32.662,1
9.493324,29.196,81.258,32.372,1
9.493873,30.356,81.253,32.510,1
9.494422,30.396,81.540,32.601,1
9.494971,30.319,81.395,32.804,1
9.495559,28.348,82.703,32.606,1
9.496078,32.124,80.978,32.623,1
9.496670,28.155,81.052,32.412,1
9.497232,29.671,82.173,32.339,1
9.497890,25.320,88.826,32.625,1
9.498336,37.380,81.131,32.847,1
9.498904,29.350,81.613,32.537,1
9.499444,30.861,81.161,32.713,1
9.499991,30.479,81.029,32.856,1
9.500549,29.868,81.458,32.846,1
9.501081,31.297,80.550,32.806,1
9.501682,27.760,81.789,32.928,1
9.502269,28.354,84.420,32.565,1
9.502778,32.742,81.881,32.932,1
9.503320,30.774,81.245,32.716,1
9.503900,28.727,82.863,32.904,1
9.504421,32.021,81.000,32.671,1
9.504977,29.938,81.744,32.782,1
9.505588,27.272,85.340,32.509,1
9.506127,30.975,84.490,32.595,1
9.506622,33.619,81.450,32.312,1
9.507173,30.269,82.043,32.305,1
9.507727,30.063,82.263,32.544,1
9.508280,30.174,81.382,32.640,1
9.508882,27.685,81.753,32.381,1
9.509414,31.319,81.111,32.348,1
9.510008,28.071,81.450,32.461,1
9.510558,30.287,81.497,32.445,1
9.511112,30.099,81.597,32.381,1
9.511668,29.976,81.278,32.449,1
9.512222,30.071,81.579,32.872,1
9.512786,29.538,81.595,32.534,1
9.513356,29.238,82.497,32.632,1
9.513915,29.842,83.096,32.927,1
9.514568,25.516,89.190,32.843,1
9.514984,40.078,81.007,32.889,1
9.515566,28.608,83.039,33.171,1
9.516084,32.216,81.288,32.757,1
9.516638,30.079,81.422,32.770,1
9.517237,27.824,82.996,32.812,1
9.517765,31.570,81.759,32.796,1
9.518300,31.146,80.997,32.950,1
9.518897,27.925,82.655,32.680,1
9.519440,30.652,82.689,32.823,1
9.520005,29.499,81.393,32.800,1
9.520573,29.367,82.769,32.733,1
9.521097,31.789,,32.778,1
9.521659,29.648,,22.062,1
9.522229,29.241,,32.795,1
9.522843,27.146,,32.518,1
9.523357,32.461,,32.736,1
9.523908,30.224,,32.571,1
9.524449,30.800,,32.687,1
9.524987,31.019,,32.675,1
9.525559,29.129,,32.708,1
9.526108,30.321,,32.907,1
9.526654,30.527,,32.758,1
9.527233,28.820,,32.968,1
9.527792,29.790,,32.652,1
9.528370,28.837,,32.573,1
9.528897,31.659,,32.732,1
9.529445,30.404,81.837,32.902,1
9.529981,31.060,81.146,32.747,1
9.530573,28.185,83.477,32.848,1
9.531207,26.286,88.483,32.775,1
9.531629,39.450,80.951,32.873,1
9.532193,29.578,81.889,32.873,1
9.532736,30.673,81.342,33.102,1
9.533279,30.705,81.127,32.605,1
9.533853,29.040,82.441,32.765,1
9.534388,31.149,81.648,32.768,1
9.534954,29.462,82.516,32.948,1
9.535540,28.430,84.328,32.640,1
9.536066,31.686,82.535,32.747,1
9.536617,30.254,82.440,32.942,1
9.537212,28.018,84.120,32.816,1
9.537728,32.274,81.766,32.987,1
9.538293,29.485,82.485,32.718,1
9.538921,26.540,87.155,32.608,1
9.539487,29.436,88.020,32.704,1
9.539981,33.758,84.235,32.942,1
9.540573,28.147,86.473,32.584,1
9.541060,34.251,82.365,32.621,1
9.541643,28.599,81.711,32.739,1
9.542203,29.761,82.361,32.444,1
9.542738,31.132,81.442,32.809,1
9.543322,28.552,81.239,32.522,1
9.543908,28.443,83.304,32.719,1
9.544443,31.138,82.426,32.446,1
9.544984,30.798,81.614,32.625,1
9.545572,28.343,83.395,32.575,1
9.546081,32.727,81.031,32.727,1
9.546636,30.031,81.363,32.404,1
9.547216,28.731,83.323,32.756,1
9.547782,29.471,84.073,32.391,1
9.548278,33.622,81.042,32.782,1
9.548888,27.299,84.597,32.535,1
9.549383,33.679,81.268,32.827,1
9.549950,29.420,82.241,32.709,1
9.550559,27.338,85.578,32.817,1
9.551033,35.153,80.809,32.718,1
9.551630,27.944,83.213,32.787,1
9.552277,25.741,88.765,32.755,1
9.552711,38.426,81.442,33.120,1
9.553260,30.346,81.071,32.747,1
9.553899,26.096,86.046,33.052,1
9.554373,35.116,81.068,32.730,1
9.554943,29.241,82.051,32.934,1
9.555561,27.001,85.716,32.921,1
9.556123,29.620,86.202,32.909,1
9.556599,35.057,81.387,32.726,1
9.557217,26.950,85.169,32.664,1
9.557722,33.039,82.086,32.821,1
9.558268,30.488,81.552,32.593,1
9.558904,26.239,86.366,32.890,1
9.559396,33.847,82.416,32.639,1
9.559932,31.067,81.391,32.905,1
9.560570,26.131,86.305,32.592,1
9.561043,35.253,81.365,32.498,1
9.561596,30.144,81.216,32.692,1
9.562233,26.145,86.092,32.899,1
9.562724,33.971,82.204,33.276,1
9.563263,30.949,81.218,33.258,1
9.563896,26.310,85.887,33.884,1
9.564467,29.191,86.675,33.978,1
9.564939,35.300,81.812,34.648,1
9.565600,25.216,88.154,34.802,1
9.566054,36.747,81.970,35.541,1
9.566607,30.089,81.898,35.735,1
9.567239,26.401,86.450,36.391,1
9.567697,36.352,80.625,36.447,1
9.568263,29.448,81.230,36.966,1
9.568907,25.886,86.515,37.868,1
9.569376,35.535,81.225,38.008,1
9.569946,29.270,82.170,38.648,1
9.570565,26.887,86.072,39.021,1
9.571071,32.948,83.061,39.960,1
9.571612,30.844,82.162,40.270,1
9.572228,27.017,85.814,41.006,1
9.572833,27.580,88.751,41.428,1
9.573258,39.170,80.956,41.977,1
9.573921,25.155,87.351,42.116,1
9.574383,36.043,81.679,42.983,1
9.574941,29.882,81.952,42.889,1
9.575578,26.145,86.809,43.847,1
9.576081,33.194,83.629,49.457,1
9.576596,32.343,81.194,58.489,1
9.577255,25.278,,60.525,1
9.577743,34.165,,53.523,1
9.578335,28.167,84.837,43.602,1
9.578897,29.629,82.587,41.575,1
9.579439,30.736,81.805,40.419,1
9.579992,30.169,81.169,38.602,1
9.580630,26.107,86.388,36.361,1
9.581201,29.195,87.824,34.695,1
9.581648,37.279,82.109,33.861,1
9.582282,26.316,85.789,32.652,1
9.582777,33.624,82.946,32.251,1
9.583333,29.973,81.690,31.482,1
9.583926,28.100,84.641,31.187,1
9.584414,34.192,81.029,31.220,1
9.584988,29.006,82.600,31.015,1
9.585588,27.797,85.971,30.910,1
9.586050,36.045,80.777,31.085,1
9.586602,30.203,81.239,30.854,1
9.587272,24.899,88.366,30.969,1
9.587759,34.213,82.734,30.873,1
9.588330,29.159,81.040,30.707,1
9.588996,25.048,87.800,30.795,1
9.589528,31.312,86.821,30.842,1
9.590025,33.515,83.133,30.556,1
9.590601,28.975,84.921,30.489,1
9.591098,33.513,81.697,30.659,1
9.591672,29.050,81.793,30.658,1
9.592273,27.733,85.217,30.364,1
9.592763,34.003,81.483,30.653,1
9.593340,28.864,81.998,30.461,1
9.593935,28.012,84.989,30.507,1
9.594428,33.817,81.434,30.716,1
9.594991,29.587,82.097,30.435,1
9.595643,25.558,86.942,30.415,1
9.596114,35.400,82.269,30.823,1
9.596642,31.562,81.385,30.599,1
9.597268,26.641,84.947,30.881,1
9.597814,30.512,84.603,30.827,1
9.598336,31.932,81.031,30.868,1
9.598954,26.956,84.989,30.810,1
9.599439,34.381,81.477,30.817,1
9.600003,29.530,82.161,30.784,1
9.600657,25.519,88.211,31.116,1
9.601111,36.655,82.378,30.971,1
9.601678,29.435,81.535,31.309,1
9.602309,26.407,86.730,31.007,1
9.602773,35.930,81.192,31.161,1
9.603319,30.512,81.316,31.273,1
9.603938,26.899,85.462,31.047,1
9.604421,34.549,81.369,31.030,1
9.604962,30.782,80.904,31.125,1
9.605612,25.668,86.781,31.038,1
9.606181,29.286,88.158,30.921,1
9.606619,37.991,81.384,30.922,1
9.607338,23.197,92.025,30.850,1
9.607705,45.398,81.080,30.982,1
9.608293,28.362,82.993,30.660,1
9.608966,24.743,90.063,30.840,1
9.609449,34.512,81.157,30.632,1
9.610003,30.096,81.244,30.787,1
9.610653,25.638,87.228,30.821,1
9.611108,36.634,81.617,30.786,1
9.611650,30.755,81.596,30.781,1
9.612356,23.618,90.203,30.796,1
9.612800,37.508,83.767,30.965,1
9.613336,31.083,81.222,30.849,1
9.613990,25.503,87.633,30.867,1
9.614548,29.821,88.497,30.696,1
9.614978,38.787,81.077,30.984,1
9.615625,25.756,87.344,31.067,1
9.616069,37.547,81.104,30.861,1
9.616614,30.569,81.118,30.901,1
9.617320,23.606,88.087,30.991,1
9.617757,38.139,81.220,31.070,1
9.618312,30.044,80.882,30.859,1
9.618955,25.910,86.313,30.828,1
9.619415,36.284,81.185,30.876,1
9.620022,27.456,82.369,30.790,1
9.620644,26.782,87.145,30.709,1
9.621098,36.682,81.644,30.557,1
9.621651,30.148,80.988,30.277,1
9.622320,24.915,87.981,30.458,1
9.622865,30.599,87.537,30.298,1
9.623340,35.054,82.131,30.389,1
9.623964,26.737,86.376,30.374,1
9.624435,35.386,81.834,30.374,1
9.624994,29.817,81.282,30.224,1
9.625646,25.542,87.313,30.383,1
9.626100,36.735,81.709,30.485,1
9.626684,28.541,82.056,30.291,1
9.627323,26.076,87.331,30.422,1
9.627769,37.389,81.257,30.434,1
9.628315,30.513,81.578,30.278,1
9.628908,28.105,83.345,30.399,1
9.629445,31.016,82.453,30.500,1
9.629995,30.342,80.691,30.413,1
9.630658,25.138,87.400,30.724,1
9.631107,37.129,81.545,30.566,1
9.631653,30.522,81.216,30.695,1
9.632306,25.523,87.782,30.552,1
9.632764,36.383,82.102,30.672,1
9.633332,29.311,81.728,30.953,1
9.633960,26.548,86.627,30.636,1
9.634428,35.656,81.985,30.708,1
9.634958,31.419,80.791,30.828,1
9.635640,24.437,87.291,30.664,1
9.636112,35.276,82.710,30.686,1
9.636628,32.315,81.105,30.554,1
9.637307,24.548,87.299,30.460,1
9.637773,35.811,82.638,30.599,1
9.638340,29.378,81.588,30.501,1
9.638984,25.892,87.572,30.510,1
9.639524,30.867,87.163,30.593,1
9.640022,33.464,82.409,30.595,1
9.640650,26.539,87.516,30.514,1
9.641089,37.959,81.076,30.513,1
9.641631,30.758,81.007,30.600,1
9.642322,24.088,88.199,30.628,1
9.642834,32.593,85.774,30.719,1
9.643307,35.260,81.756,30.597,1
9.643998,24.114,88.753,30.771,1
9.644418,39.685,81.379,30.932,1
9.645000,28.628,81.008,30.763,1
9.645658,25.339,87.409,30.833,1
9.646123,35.841,82.512,30.896,1
9.646666,30.649,82.196,30.864,1
9.647360,24.035,90.645,30.966,1
9.647921,29.676,91.903,30.881,1
9.648371,37.048,83.433,31.114,1
9.648991,26.908,87.747,30.830,1
9.649434,37.557,81.373,31.000,1
9.650002,29.378,81.223,30.831,1
9.650669,24.978,88.086,31.063,1
9.651103,38.388,81.376,30.993,1
9.651659,29.976,81.827,31.058,1
9.652267,27.414,85.670,31.097,1
9.652773,32.961,82.527,31.042,1
9.653302,31.520,81.575,30.889,1
9.653902,27.763,84.712,30.692,1
9.654407,32.992,81.371,30.923,1
9.654953,30.521,81.270,30.779,1
9.655555,27.692,82.411,30.691,1
9.656227,24.813,89.738,30.598,1
9.656632,41.077,81.152,30.826,1
9.657196,29.588,82.082,30.492,1
9.657738,30.750,81.487,30.265,1
9.658276,30.956,80.827,30.297,1
9.658885,27.384,84.436,30.341,1
9.659432,30.465,82.423,30.145,1
9.660007,28.957,82.126,30.356,1
9.660546,30.966,81.345,30.269,1
9.661086,30.820,80.915,30.269,1
9.661634,30.447,81.372,30.318,1
9.662180,30.527,81.310,30.136,1
9.662717,30.997,80.817,30.354,1
9.663316,27.853,81.010,30.309,1
9.663892,28.949,82.333,30.403,1
9.664512,26.877,86.425,30.325,1
9.665000,34.154,83.238,30.360,1
9.665514,32.398,81.459,30.398,1
9.666058,30.625,81.032,30.454,1
9.666672,27.168,81.822,30.452,1
9.667227,29.994,82.253,30.568,1
9.667783,29.986,82.426,30.270,1
9.668334,30.238,81.201,30.410,1
9.668883,30.393,81.275,30.493,1
9.669432,30.370,81.072,30.460,1
9.670003,29.149,81.320,30.387,1
9.670542,30.971,81.019,30.568,1
9.671085,30.693,80.842,30.491,1
9.671631,30.495,80.986,30.352,1
9.672212,28.696,81.516,30.372,1
9.672886,24.731,88.868,30.533,1
9.673360,35.131,82.811,30.630,1
9.673881,32.010,81.116,30.438,1
9.674437,29.985,81.362,30.475,1
9.674982,30.545,80.976,30.682,1
9.675574,28.187,83.679,30.548,1
9.676106,31.293,82.480,30.743,1
9.676624,32.205,80.901,30.611,1
9.677201,28.864,80.960,30.632,1
9.677758,29.924,81.508,30.651,1
9.678316,29.890,81.523,30.936,1
9.678890,29.017,82.310,30.972,1
9.679449,29.824,82.075,30.856,1
9.679976,31.606,81.193,31.061,1
9.680533,29.951,81.072,30.840,1
9.681198,25.051,88.206,30.940,1
9.681634,38.206,81.203,30.906,1
9.682201,29.431,80.901,30.785,1
9.682751,30.252,81.026,30.734,1
9.683339,28.384,81.422,30.810,1
9.683880,30.762,81.020,30.543,1
9.684425,30.597,81.070,30.594,1
9.685004,28.797,81.388,30.342,1
9.685562,29.842,82.260,30.507,1
9.686096,31.223,81.275,30.401,1
9.686647,30.282,81.393,30.364,1
9.687199,30.185,81.546,30.479,1
9.687744,30.581,81.291,30.364,1
9.688296,30.173,81.605,30.516,1
9.688842,30.508,81.220,30.252,1
9.689496,25.515,86.656,30.386,1
9.690014,32.183,81.958,30.591,1
9.690543,31.485,81.090,30.471,1
9.691107,29.543,82.302,30.491,1
9.691640,31.271,81.560,30.386,1
9.692220,28.742,82.106,30.543,1
9.692747,31.628,80.942,30.275,1
9.693292,30.553,80.955,30.420,1
9.693863,29.184,82.440,30.382,1
9.694405,30.751,82.152,30.292,1
9.694944,30.966,81.606,30.114,1
9.695485,30.810,81.062,30.330,1
9.696032,30.425,80.761,30.508,1
9.696594,29.678,81.119,30.707,1
9.697145,30.219,80.914,30.982,1
9.697853,23.543,90.032,31.380,1
9.698282,38.876,81.299,31.212,1
9.698825,30.727,81.458,31.315,1
9.699386,29.693,81.813,31.280,1
9.700018,26.363,82.177,31.201,1
9.700570,30.205,82.483,30.920,1
9.701132,29.654,83.074,30.936,1
9.701654,31.904,81.264,30.942,1
9.702233,28.787,82.833,30.849,1
9.702771,30.998,82.475,30.790,1
9.703294,31.837,81.302,30.959,1
9.703847,30.143,81.512,30.903,1
9.704414,29.391,81.814,30.989,1
9.704953,30.921,81.583,31.026,1
9.705495,30.775,81.055,30.948,1
9.706172,24.626,89.040,31.199,1
9.706619,37.290,81.757,31.217,1
9.707214,28.007,81.675,31.634,1
9.707754,30.861,81.587,31.623,1
9.708341,28.389,84.267,31.931,1
9.708850,32.742,81.554,32.342,1
9.709465,27.119,82.102,32.307,1
9.710032,29.373,83.004,32.636,1
9.710557,31.734,81.425,32.481,1
9.711107,30.290,81.597,33.076,1
9.711652,30.602,81.143,33.298,1
9.712212,29.745,82.161,33.786,1
9.712779,29.397,83.079,33.298,1
9.713341,29.678,81.576,33.627,1
9.713892,30.226,81.742,33.326,1
9.714538,25.795,87.478,33.263,1
9.714999,36.179,81.110,32.620,1
9.715612,27.188,83.947,32.813,1
9.716132,32.058,81.963,32.564,1
9.716700,29.354,83.192,32.743,1
9.717235,31.115,82.225,33.386,1
9.717781,30.535,82.043,32.694,1
9.718322,30.812,81.388,32.875,1
9.718902,28.733,83.057,32.420,1
9.719437,31.168,81.991,32.712,1
9.720006,29.285,81.452,32.271,1
9.720557,30.278,81.362,32.564,1
9.721125,29.318,82.676,32.565,1
9.721643,32.176,81.236,32.750,1
9.722204,29.699,81.194,32.564,1
9.722790,28.450,83.280,32.653,1
9.723303,32.489,80.983,32.750,1
9.723848,30.556,81.154,32.456,1
9.724402,30.120,81.336,32.618,1
9.724947,30.589,81.702,32.254,1
9.725538,28.202,81.460,32.645,1
9.726074,31.087,80.796,32.545,1
9.726634,29.721,81.900,32.760,1
9.727196,29.681,82.539,32.943,1
9.727757,29.724,82.352,32.562,1
9.728285,31.569,81.010,32.802,1
9.728871,28.402,81.223,32.158,1
9.729410,30.955,80.905,32.291,1
9.730021,27.277,82.325,32.428,1
9.730551,31.436,81.057,32.626,1
9.731181,26.453,86.061,32.880,1
9.731645,35.928,80.939,32.684,1
9.732202,29.949,81.161,32.805,1
9.732785,28.588,83.143,32.483,1
9.733347,29.611,81.953,32.546,1
9.733886,30.915,81.380,32.309,1
9.734430,30.681,81.003,32.360,1
9.734975,30.558,80.867,32.331,1
9.735526,30.261,81.487,32.937,1
9.736090,29.563,82.340,32.668,1
9.736622,31.279,81.321,33.012,1
9.737225,27.659,82.394,32.545,1
9.737760,31.171,81.775,32.574,1
9.738304,30.620,81.664,32.609,1
9.738883,28.785,81.934,32.639,1
9.739459,28.932,83.907,32.584,1
9.740007,30.395,81.547,32.860,1
9.740564,29.937,81.804,32.660,1
9.741126,29.652,82.083,32.694,1
9.741673,30.473,81.300,32.645,1
9.742219,30.541,81.061,32.692,1
9.742779,29.765,81.634,32.162,1
9.743333,30.083,81.867,32.066,1
9.743892,29.788,81.027,32.450,1
9.744444,30.201,81.236,32.469,1
9.745007,29.592,81.874,32.848,1
9.745548,30.835,81.229,32.535,1
9.746110,29.675,81.757,32.694,1
9.746641,31.337,81.181,32.885,1
9.747185,30.648,81.235,32.572,1
9.747846,25.240,87.750,32.722,1
9.748301,36.623,82.443,32.268,1
9.748875,29.037,81.383,32.727,1
9.749442,29.360,82.301,32.494,1
9.749996,30.110,81.264,32.739,1
9.750546,30.288,81.120,32.454,1
9.751099,30.144,81.204,32.676,1
9.751644,30.590,80.759,32.579,1
9.752213,29.300,81.707,31.983,1
9.752748,31.158,81.253,32.190,1
9.753329,28.681,81.275,32.328,1
9.753881,30.164,81.204,32.721,1
9.754436,30.060,81.335,33.021,1
9.754981,30.562,80.976,32.647,1
9.755537,29.992,81.150,32.619,1
9.756237,23.797,90.626,32.685,1
9.756644,40.920,81.901,32.277,1
9.757203,29.840,81.123,32.361,1
9.757762,29.827,81.523,32.168,1
9.758317,30.036,81.817,32.061,1
9.758885,29.336,82.007,32.294,1
9.759425,30.837,81.312,32.607,1
9.760004,28.806,81.375,32.319,1
9.760571,29.395,82.572,32.470,1
9.761112,30.800,81.928,32.234,1
9.761652,30.847,81.724,32.280,1
9.762219,29.431,82.073,31.991,1
9.762767,30.404,82.352,32.478,1
9.763357,28.234,82.043,32.779,1
9.763904,30.492,82.203,32.576,1
9.764577,24.738,89.834,32.764,1
9.764979,41.447,81.329,32.363,1
9.765549,29.266,82.105,32.647,1
9.766084,31.174,81.479,32.228,1
9.766635,30.234,81.301,32.387,1
9.767185,30.312,81.254,32.235,1
9.767735,30.274,81.297,32.505,1
9.768339,27.618,84.973,32.618,1
9.768838,33.366,81.612,32.638,1
9.769384,30.511,81.577,32.512,1
9.769937,30.188,81.619,32.546,1
9.770488,30.205,81.371,32.235,1
9.771093,27.559,84.267,32.377,1
9.771610,32.259,82.136,32.189,1
9.772167,29.897,82.172,32.764,1
9.772753,28.470,83.556,32.475,1
9.773268,32.334,81.332,32.691,1
9.773906,26.111,81.170,32.266,1
9.774531,26.663,85.782,32.340,1
9.775006,35.153,81.126,32.753,1
9.775554,30.391,81.282,32.109,1
9.776107,30.123,81.407,31.964,1
9.776664,29.913,81.716,32.578,1
9.777204,30.886,81.385,32.441,1
9.777752,30.416,81.413,32.683,1
9.778318,29.423,82.345,32.450,1
9.778840,31.931,81.146,32.354,1
9.779396,29.997,81.594,32.281,1
9.779998,27.668,81.511,32.483,1
9.780540,30.798,80.989,32.164,1
9.781114,29.015,82.596,32.604,1
9.781831,23.245,93.059,32.567,1
9.782231,41.658,81.414,32.462,1
9.782778,30.495,81.568,32.659,1
9.783329,30.227,80.892,32.136,1
9.783905,28.931,82.651,32.354,1
9.784448,30.700,81.458,32.175,1
9.784996,30.420,81.282,32.049,1
9.785551,29.995,82.042,32.405,1
9.786088,31.073,81.044,32.478,1
9.786675,28.379,81.412,32.541,1
9.787230,30.052,81.679,32.642,1
9.787768,30.955,81.021,32.404,1
9.788331,29.589,81.539,32.440,1
9.788885,30.125,82.087,32.603,1
9.789577,24.078,90.623,32.250,1
9.790005,38.958,81.420,32.432,1
9.790548,30.663,80.910,32.436,1
9.791119,29.180,82.371,32.872,1
9.791654,31.167,81.392,32.566,1
9.792207,30.130,81.398,32.843,1
9.792775,29.361,82.857,32.400,1
9.793345,29.213,81.641,32.576,1
9.793893,30.456,81.061,32.159,1
9.794444,30.231,81.251,32.317,1
9.794989,30.583,81.389,32.253,1
9.795546,29.931,81.692,33.009,1
9.796149,27.639,83.391,32.799,1
9.796668,32.120,81.524,32.763,1
9.797210,30.710,81.121,32.916,1
9.797851,26.038,86.768,32.556,1
9.798323,35.244,82.488,32.785,1
9.798865,30.749,82.026,32.487,1
9.799413,30.442,81.742,32.820,1
9.799945,31.333,81.020,32.577,1
9.800496,30.218,81.287,32.597,1
9.801060,29.582,82.036,32.832,1
9.801591,31.378,80.919,32.411,1
9.802153,29.645,81.206,32.721,1
9.802739,28.451,83.199,32.729,1
9.803315,28.953,84.427,32.189,1
9.803858,30.645,80.987,32.529,1
9.804433,29.006,81.188,32.574,1
9.804973,30.839,81.101,32.845,1
9.805516,30.727,80.990,33.445,1
9.806174,25.311,87.421,32.966,1
9.806648,35.177,82.104,33.116,1
9.807182,31.198,81.012,32.730,1
9.807758,28.937,82.959,32.856,1
9.808346,28.345,81.981,32.389,1
9.808877,31.419,80.923,32.904,1
9.809444,29.385,81.888,32.794,1
9.809998,30.059,81.440,32.824,1
9.810537,30.929,80.793,32.742,1
9.811098,29.715,81.606,32.494,1
9.811629,31.428,80.989,32.566,1
9.812202,29.051,81.098,32.283,1
9.812760,29.872,82.197,32.545,1
9.813352,28.157,82.258,32.226,1
9.813904,30.185,82.496,32.605,1
9.814540,26.194,87.663,32.620,1
9.815034,33.783,83.163,32.792,1
9.815573,30.909,82.311,32.663,1
9.816114,30.825,81.425,32.648,1
9.816657,30.705,81.246,32.670,1
9.817214,29.888,81.809,32.075,1
9.817782,29.366,83.106,32.085,1
9.818297,32.338,81.484,32.587,1
9.818834,31.053,81.013,32.379,1
9.819432,27.861,84.300,32.595,1
9.819935,33.125,81.462,32.472,1
9.820493,29.857,81.670,32.588,1
9.821055,29.676,82.202,32.414,1
9.821660,27.549,84.799,32.411,1
9.822200,30.850,84.052,32.013,1
9.822753,30.171,83.906,32.545,1
9.823341,28.345,85.782,32.512,1
9.823835,33.729,82.175,32.692,1
9.824415,28.710,83.277,32.527,1
9.824963,30.431,82.891,32.707,1
9.825499,31.076,81.761,32.443,1
9.826087,28.369,83.777,32.437,1
9.826614,31.630,82.164,31.950,1
9.827159,30.567,81.450,32.062,1
9.827718,29.810,81.972,32.398,1
9.828277,29.808,82.181,33.002,1
9.828844,29.387,82.735,32.939,1
9.829437,28.124,85.033,33.156,1
9.829944,32.858,82.094,33.164,1
9.830500,30.009,82.151,33.053,1
9.831104,27.567,85.024,33.147,1
9.831677,29.089,85.908,32.464,1
9.832173,33.576,82.657,32.998,1
9.832752,28.785,83.922,32.715,1
9.833274,31.940,81.815,32.936,1
9.833825,30.242,81.618,32.045,1
9.834445,26.907,84.147,32.241,1
9.835020,28.973,82.367,31.808,1
9.835556,31.106,81.387,30.885,1
9.836105,30.363,81.432,30.981,1
9.836656,30.258,81.412,30.430,1
9.837202,30.495,81.305,30.196,1
9.837798,27.994,82.381,29.415,1
9.838337,30.887,81.460,29.372,1
9.838882,30.587,81.211,28.931,1
9.839471,28.305,83.430,28.666,1
9.840096,26.676,87.947,28.006,1
9.840558,36.060,82.650,28.020,1
9.841168,27.332,86.282,27.664,1
9.841655,34.211,82.427,27.731,1
9.842204,30.325,81.240,27.600,1
9.842820,27.058,85.256,27.159,1
9.843345,31.748,83.333,27.321,1
9.843869,31.833,81.734,27.262,1
9.844427,29.868,82.613,27.342,1
9.844948,31.988,80.992,27.142,1
9.845509,29.728,82.082,27.421,1
9.846081,29.113,83.355,27.179,1
9.846601,32.075,81.487,27.438,1
9.847151,30.266,81.266,27.205,1
9.847766,27.120,84.694,27.476,1
9.848378,27.218,88.222,27.272,1
9.848885,32.913,84.154,27.632,1
9.849398,32.481,82.041,27.413,1
9.849960,29.655,83.071,27.712,1
9.850484,31.816,81.229,27.521,1
9.851093,27.339,83.264,27.724,1
9.851596,33.173,80.975,27.603,1
9.852171,28.960,82.188,27.879,1
9.852742,29.173,83.458,27.886,1
9.853322,28.763,84.595,27.665,1
9.853895,29.067,82.664,27.956,1
9.854461,29.457,83.729,27.654,1
9.855029,29.351,82.896,27.574,1
9.855564,31.152,82.184,27.880,1
9.856115,30.232,82.703,27.571,1
9.856730,27.107,86.457,27.844,1
9.857191,36.134,81.508,27.420,1
9.857748,29.949,82.147,27.663,1
9.858290,30.729,81.695,27.520,1
9.858842,30.181,81.948,27.563,1
9.859406,29.551,82.924,27.248,1
9.859957,30.275,82.633,27.549,1
9.860506,30.350,82.402,27.192,1
9.861112,27.480,85.480,27.417,1
9.861638,31.738,83.839,27.130,1
9.862232,28.024,82.838,27.311,1
9.862780,30.442,82.793,26.923,1
9.863328,30.401,82.422,27.193,1
9.863893,29.500,82.535,27.229,1
9.864471,28.813,84.134,26.869,1
9.865061,28.292,85.051,27.165,1
9.865545,34.391,81.336,26.948,1
9.866130,28.507,83.590,26.986,1
9.866657,31.635,82.067,27.136,1
9.867276,26.917,85.546,26.838,1
9.867795,32.089,83.780,27.148,1
9.868306,32.606,81.268,26.858,1
9.868848,30.766,81.048,27.098,1
9.869444,27.983,83.633,27.146,1
9.869943,33.353,80.971,26.923,1
9.870539,27.996,84.186,27.222,1
9.871109,29.254,85.134,27.117,1
9.871604,33.617,81.847,27.180,1
9.872150,30.561,81.052,26.931,1
9.872785,26.222,85.909,27.292,1
9.873333,30.413,84.991,27.278,1
9.873845,32.548,82.888,27.454,1
9.874481,26.236,87.565,27.171,1
9.874986,32.948,84.736,27.522,1
9.875546,29.787,82.005,27.285,1
9.876185,26.096,87.488,27.659,1
9.876649,35.919,82.234,27.448,1
9.877208,29.810,81.395,27.633,1
9.877801,28.111,84.364,27.705,1
9.878288,34.207,81.007,27.399,1
9.878860,29.147,82.588,27.700,1
9.879497,26.140,88.308,27.428,1
9.879924,39.075,80.856,27.737,1
9.880500,28.947,82.173,27.487,1
9.881099,27.817,84.833,27.704,1
9.881716,27.019,88.509,27.737,1
9.882166,36.997,82.054,27.353,1
9.882790,26.720,86.115,27.670,1
9.883284,33.717,82.612,27.365,1
9.883844,29.762,82.907,27.618,1
9.884458,27.164,84.390,27.376,1
9.884983,31.730,82.779,27.593,1
9.885532,30.343,82.469,27.329,1
9.886115,28.594,83.862,27.567,1
9.886618,33.161,81.049,27.248,1
9.887209,28.179,83.576,27.582,1
9.887804,28.010,86.300,27.365,1
9.888287,34.555,82.172,27.434,1
9.888830,30.685,81.752,27.215,1
9.889470,26.031,86.914,27.573,1
9.890014,30.626,86.414,27.435,1
9.890548,31.236,85.091,27.516,1
9.891154,27.485,85.450,27.262,1
9.891645,33.946,82.179,27.671,1
9.892195,30.296,82.127,27.372,1
9.892826,26.409,86.779,27.679,1
9.893286,36.250,81.867,27.714,1
9.893836,30.329,82.025,27.326,1
9.894457,26.823,86.138,27.573,1
9.894956,33.412,82.713,27.232,1
9.895494,30.972,81.729,27.579,1
9.896144,25.630,87.396,27.240,1
9.896613,35.519,82.407,27.315,1
9.897198,28.514,84.111,27.286,1
9.897802,27.608,85.326,27.521,1
9.898460,25.298,88.805,27.518,1
9.898891,38.693,81.794,27.193,1
9.899484,28.113,84.256,27.452,1
9.900012,31.572,82.833,27.102,1
9.900544,31.333,82.077,27.375,1
9.901158,27.128,85.773,27.141,1
9.901672,32.453,83.524,27.320,1
9.902219,30.451,82.147,27.023,1
9.902824,27.558,85.506,27.337,1
9.903328,33.049,81.635,27.396,1
9.903874,30.562,81.159,27.158,1
9.904500,26.614,85.822,27.420,1
9.904964,35.922,81.017,27.196,1
9.905506,30.752,80.931,27.429,1
9.906172,25.019,87.336,27.315,1
9.906760,28.346,88.809,27.419,1
9.907250,34.033,83.972,27.074,1
9.907857,27.439,87.486,27.337,1
9.908309,36.901,81.415,27.458,1
9.908866,29.904,82.104,27.111,1
9.909496,26.456,86.758,27.413,1
9.909949,36.793,80.838,27.159,1
9.910528,28.760,80.905,27.304,1
9.911185,25.399,87.475,27.412,1
9.911635,37.037,81.405,27.050,1
9.912194,29.773,82.433,27.245,1
9.912812,26.995,85.942,27.239,1
9.913300,34.133,82.317,26.880,1
9.913835,31.184,81.417,27.137,1
9.914520,24.319,89.626,26.978,1
9.914962,37.738,82.982,26.956,1
9.915503,30.779,81.088,27.261,1
9.916171,24.941,88.564,27.100,1
9.916600,38.916,81.439,27.189,1
9.917158,29.872,81.509,26.959,1
9.917826,24.945,88.436,27.148,1
9.918274,37.172,81.760,27.060,1
9.918852,28.847,83.361,27.267,1
9.919518,25.033,89.834,27.145,1
9.920001,34.486,81.239,27.458,1
9.920557,29.962,81.440,27.306,1
9.921230,24.775,88.992,27.556,1
9.921654,39.279,81.322,27.517,1
9.922229,28.980,82.951,27.686,1
9.922851,26.790,87.187,27.446,1
9.923394,30.687,87.078,27.714,1
9.923850,36.594,81.771,27.587,1
9.924502,25.564,87.950,27.756,1
9.924941,37.926,81.187,27.429,1
9.925515,29.042,83.052,27.710,1
9.926150,26.235,87.821,27.528,1
9.926674,31.823,81.464,27.733,1
9.927215,30.821,81.226,27.599,1
9.927889,24.717,88.618,27.795,1
9.928337,37.213,81.264,27.692,1
9.928887,30.297,81.698,27.784,1
9.929580,24.053,90.195,27.492,1
9.929995,40.207,80.873,27.802,1
9.930558,29.576,81.030,27.572,1
9.931169,27.305,84.770,27.863,1
9.931788,26.896,88.871,27.838,1
9.932202,40.252,81.071,27.966,1
9.932795,28.123,83.505,27.640,1
9.933342,30.473,81.500,27.861,1
9.933885,30.678,80.912,27.691,1
9.934577,24.077,89.300,27.815,1
9.935002,39.230,81.378,27.469,1
9.935548,30.530,80.947,27.710,1
9.936128,28.743,82.921,27.468,1
9.936668,30.842,82.334,27.678,1
9.937210,30.796,81.559,27.714,1
9.937751,30.757,80.943,27.361,1
9.938348,27.918,83.701,27.449,1
9.938855,32.908,80.979,27.603,1
9.939413,29.866,81.786,27.335,1
9.940128,23.313,88.797,27.544,1
9.940552,39.290,81.172,27.323,1
9.941103,30.262,81.405,27.582,1
9.941652,30.371,81.258,27.274,1
9.942197,30.565,81.381,27.587,1
9.942751,30.077,81.436,27.344,1
9.943290,30.904,80.776,27.621,1
9.943870,28.731,81.180,27.485,1
9.944423,30.168,81.243,27.573,1
9.944973,30.273,81.246,27.290,1
9.945522,30.367,81.139,27.552,1
9.946089,29.427,82.031,27.432,1
9.946644,30.016,82.328,27.534,1
9.947203,29.825,82.874,27.248,1
9.947766,29.582,83.678,27.437,1
9.948339,29.114,84.887,27.286,1
9.948828,34.038,81.747,27.481,1
9.949376,30.401,81.349,27.268,1
9.949924,30.438,80.982,27.487,1
9.950516,28.174,83.067,27.212,1
9.951081,29.469,81.885,27.405,1
9.951633,30.180,81.288,27.130,1
9.952207,29.069,81.375,27.327,1
9.952757,30.310,81.547,27.237,1
9.953344,28.368,81.841,27.570,1
9.953918,29.046,82.609,27.400,1
9.954439,32.009,81.005,27.823,1
9.954999,29.768,81.088,27.677,1
9.955549,30.276,81.038,27.859,1
9.956100,30.262,81.254,27.951,1
9.956681,28.650,83.017,28.586,1
9.957206,31.793,81.342,28.556,1
9.957768,29.644,81.992,28.963,1
9.958307,30.931,81.227,29.219,1
9.958848,30.819,81.113,29.715,1
9.959412,29.519,81.864,30.144,1
9.959956,30.655,81.452,30.563,1
9.960498,30.736,80.978,30.942,1
9.961049,30.243,81.052,31.408,1
9.961612,29.620,81.775,31.690,1
9.962166,30.083,82.020,32.088,1
9.962710,30.651,81.334,32.964,1
9.963278,29.318,82.285,33.012,1
9.963818,30.880,81.314,33.565,1
9.964372,30.075,81.238,33.054,1
9.965048,24.669,88.358,33.143,1
9.965497,37.098,82.085,32.957,1
9.966039,30.746,81.223,33.232,1
9.966590,30.260,80.953,32.831,1
9.967159,29.268,81.783,32.829,1
9.967707,30.416,81.331,32.752,1
9.968252,30.574,80.681,32.725,1
9.968817,29.526,81.208,32.696,1
9.969365,30.390,80.844,32.610,1
9.969944,28.772,82.100,32.668,1
9.970485,30.823,81.119,32.658,1
9.971059,29.037,80.586,32.854,1
9.971629,29.230,81.101,32.617,1
9.972204,28.990,81.200,32.549,1
9.972751,30.458,81.216,32.573,1
9.973366,27.141,85.421,32.723,1
9.973878,32.531,82.881,32.410,1
9.974409,31.367,81.700,32.449,1
9.974963,30.071,81.939,32.636,1
9.975507,30.685,81.599,32.706,1
9.976052,30.572,81.417,32.473,1
9.976591,30.926,80.844,32.647,1
9.977142,30.231,80.631,32.653,1
9.977701,29.815,80.844,32.657,1
9.978261,29.772,81.206,32.928,1
9.978812,30.236,80.987,32.793,1
9.979362,30.292,80.682,33.026,1
9.979925,29.615,81.076,32.721,1
9.980481,29.999,81.090,32.896,1
9.981034,30.102,80.972,32.672,1
9.981684,25.634,86.622,33.074,1
9.982144,36.262,80.907,32.705,1
9.982706,29.669,81.314,32.726,1
9.983262,29.957,81.358,32.472,1
9.983815,30.158,81.186,32.710,1
9.984373,29.883,81.251,32.581,1
9.984924,30.248,80.940,32.843,1
9.985482,29.850,81.133,32.569,1
9.986036,30.056,81.134,32.844,1
9.986595,29.846,81.275,32.570,1
9.987140,30.587,80.615,32.862,1
9.987697,29.919,80.759,32.631,1
9.988259,29.642,81.110,32.503,1
9.988814,30.007,81.133,32.459,1
9.989367,30.135,80.893,32.644,1
9.990003,26.235,85.783,32.436,1
9.990479,34.984,81.024,32.730,1
9.991035,29.988,81.027,32.275,1
9.991604,29.269,81.884,32.349,1
9.992144,30.911,80.902,32.531,1
9.992699,30.000,80.838,32.656,1
9.993259,29.781,81.156,32.399,1
9.993812,30.136,80.951,32.509,1
9.994371,29.810,81.118,32.564,1
9.994930,29.833,81.341,32.822,1
9.995481,30.249,81.110,32.602,1
9.996037,29.967,81.146,32.656,1
9.996608,29.159,82.095,32.398,1
9.997183,28.994,83.253,32.359,1
9.997725,30.762,82.450,32.643,1
9.998376,25.590,88.195,32.849,1
9.998840,35.955,82.500,32.556,1
9.999379,30.896,81.329,32.731,1
