Copyright 1986-2022 Xilinx, Inc. All Rights Reserved. Copyright 2022-2025 Advanced Micro Devices, Inc. All Rights Reserved.
--------------------------------------------------------------------------------------------------------------------------------------------------
| Tool Version      : Vivado v.2025.2 (win64) Build 6299465 Fri Nov 14 19:35:11 GMT 2025
| Date              : Tue Oct  6 16:12:24 2026
| Host              : DESKTOP-MCAH50K running 64-bit major release  (build 9200)
| Command           : report_timing_summary -file D:/ClaudePrj/AD9361/OFDM_JSCC_PS_RX/deploy/timing.rpt
| Design            : jscc_rx_ps_top
| Device            : xczu5eg-sfvc784
| Speed File        : -2  PRODUCTION 1.30 05-15-2022
| Design State      : Routed
| Temperature Grade : E
--------------------------------------------------------------------------------------------------------------------------------------------------

Timing Summary Report

------------------------------------------------------------------------------------------------
| Timer Settings
| --------------
------------------------------------------------------------------------------------------------

  Enable Multi Corner Analysis               :  Yes
  Enable Pessimism Removal                   :  Yes
  Pessimism Removal Resolution               :  Nearest Common Node
  Enable Input Delay Default Clock           :  No
  Enable Preset / Clear Arcs                 :  No
  Disable Flight Delays                      :  No
  Ignore I/O Paths                           :  No
  Timing Early Launch at Borrowing Latches   :  No
  Borrow Time for Max Delay Exceptions       :  Yes
  Merge Timing Exceptions                    :  Yes
  Inter-SLR Compensation                     :  Conservative

  Corner  Analyze    Analyze    
  Name    Max Paths  Min Paths  
  ------  ---------  ---------  
  Slow    Yes        Yes        
  Fast    Yes        Yes        


------------------------------------------------------------------------------------------------
| Report Methodology
| ------------------
------------------------------------------------------------------------------------------------

Rule       Severity  Description                                           Violations  
---------  --------  ----------------------------------------------------  ----------  
DPIR-2     Warning   Asynchronous driver check                             96          
LUTAR-1    Warning   LUT drives async reset alert                          8           
SYNTH-6    Warning   Timing of a RAM block might be sub-optimal            17          
TIMING-18  Warning   Missing input or output delay                         23          
TIMING-24  Warning   Overridden Max delay datapath only                    4           
TIMING-28  Warning   Auto-derived clock referenced by a timing constraint  2           
ULMTCS-1   Warning   Control Sets use limits recommend reduction           1           
CLKC-56    Advisory  MMCME4 with global clock driver has no LOC            1           

Note: This report is based on the most recent report_methodology run and may not be up-to-date. Run report_methodology on the current design for the latest report.



check_timing report

Table of Contents
-----------------
1. checking no_clock (0)
2. checking constant_clock (0)
3. checking pulse_width_clock (0)
4. checking unconstrained_internal_endpoints (0)
5. checking no_input_delay (17)
6. checking no_output_delay (15)
7. checking multiple_clock (0)
8. checking generated_clocks (0)
9. checking loops (0)
10. checking partial_input_delay (0)
11. checking partial_output_delay (0)
12. checking latch_loops (0)

1. checking no_clock (0)
------------------------
 There are 0 register/latch pins with no clock.


2. checking constant_clock (0)
------------------------------
 There are 0 register/latch pins with constant_clock.


3. checking pulse_width_clock (0)
---------------------------------
 There are 0 register/latch pins which need pulse_width check


4. checking unconstrained_internal_endpoints (0)
------------------------------------------------
 There are 0 pins that are not constrained for maximum delay.

 There are 0 pins that are not constrained for maximum delay due to constant clock.


5. checking no_input_delay (17)
-------------------------------
 There are 17 input ports with no input delay specified. (HIGH)

 There are 0 input ports with no input delay but user has a false path constraint.


6. checking no_output_delay (15)
--------------------------------
 There are 14 ports with no output delay specified. (HIGH)

 There are 0 ports with no output delay but user has a false path constraint

 There is 1 port with no output delay but with a timing clock defined on it or propagating through it (LOW)


7. checking multiple_clock (0)
------------------------------
 There are 0 register/latch pins with multiple clocks.


8. checking generated_clocks (0)
--------------------------------
 There are 0 generated clocks that are not connected to a clock source.


9. checking loops (0)
---------------------
 There are 0 combinational loops in the design.


10. checking partial_input_delay (0)
------------------------------------
 There are 0 input ports with partial input delay specified.


11. checking partial_output_delay (0)
-------------------------------------
 There are 0 ports with partial output delay specified.


12. checking latch_loops (0)
----------------------------
 There are 0 combinational latch loops in the design through latch input



------------------------------------------------------------------------------------------------
| Design Timing Summary
| ---------------------
------------------------------------------------------------------------------------------------

    WNS(ns)      TNS(ns)  TNS Failing Endpoints  TNS Total Endpoints      WHS(ns)      THS(ns)  THS Failing Endpoints  THS Total Endpoints     WPWS(ns)     TPWS(ns)  TPWS Failing Endpoints  TPWS Total Endpoints  
    -------      -------  ---------------------  -------------------      -------      -------  ---------------------  -------------------     --------     --------  ----------------------  --------------------  
      0.234        0.000                      0               302822        0.010        0.000                      0               302786        1.300        0.000                       0                 87509  


All user specified timing constraints are met.


------------------------------------------------------------------------------------------------
| Clock Summary
| -------------
------------------------------------------------------------------------------------------------

Clock                                                                                                Waveform(ns)         Period(ns)      Frequency(MHz)
-----                                                                                                ------------         ----------      --------------
clk_pl_0                                                                                             {0.000 5.000}        10.000          100.000         
dbg_hub/inst/BSCANID.u_xsdbm_id/SWITCH_N_EXT_BSCAN.bscan_inst/SERIES7_BSCAN.bscan_inst/INTERNAL_TCK  {0.000 25.000}       50.000          20.000          
rx_clk                                                                                               {0.000 12.500}       25.000          40.000          
sysclk_p                                                                                             {0.000 4.000}        8.000           125.000         
  clk_100M_clk_gen                                                                                   {0.000 5.000}        10.000          100.000         
  clk_20M_clk_gen                                                                                    {0.000 25.000}       50.000          20.000          
  clk_250M_clk_gen                                                                                   {0.000 2.000}        4.000           250.000         


------------------------------------------------------------------------------------------------
| Intra Clock Table
| -----------------
------------------------------------------------------------------------------------------------

Clock                                                                                                    WNS(ns)      TNS(ns)  TNS Failing Endpoints  TNS Total Endpoints      WHS(ns)      THS(ns)  THS Failing Endpoints  THS Total Endpoints     WPWS(ns)     TPWS(ns)  TPWS Failing Endpoints  TPWS Total Endpoints  
-----                                                                                                    -------      -------  ---------------------  -------------------      -------      -------  ---------------------  -------------------     --------     --------  ----------------------  --------------------  
dbg_hub/inst/BSCANID.u_xsdbm_id/SWITCH_N_EXT_BSCAN.bscan_inst/SERIES7_BSCAN.bscan_inst/INTERNAL_TCK       16.179        0.000                      0                  992        0.021        0.000                      0                  992       24.468        0.000                       0                   479  
rx_clk                                                                                                    22.531        0.000                      0                  487        0.023        0.000                      0                  487       11.720        0.000                       0                   320  
sysclk_p                                                                                                                                                                                                                                               1.600        0.000                       0                     2  
  clk_100M_clk_gen                                                                                         3.164        0.000                      0                93487        0.010        0.000                      0                93487        3.500        0.000                       0                 29835  
  clk_20M_clk_gen                                                                                         45.326        0.000                      0                 1611        0.030        0.000                      0                 1611       24.458        0.000                       0                  1101  
  clk_250M_clk_gen                                                                                         0.234        0.000                      0               177844        0.011        0.000                      0               177844        1.300        0.000                       0                 55772  


------------------------------------------------------------------------------------------------
| Inter Clock Table
| -----------------
------------------------------------------------------------------------------------------------

From Clock                                                                                           To Clock                                                                                                 WNS(ns)      TNS(ns)  TNS Failing Endpoints  TNS Total Endpoints      WHS(ns)      THS(ns)  THS Failing Endpoints  THS Total Endpoints  
----------                                                                                           --------                                                                                                 -------      -------  ---------------------  -------------------      -------      -------  ---------------------  -------------------  
clk_20M_clk_gen                                                                                      dbg_hub/inst/BSCANID.u_xsdbm_id/SWITCH_N_EXT_BSCAN.bscan_inst/SERIES7_BSCAN.bscan_inst/INTERNAL_TCK       49.559        0.000                      0                    8                                                                        
clk_20M_clk_gen                                                                                      clk_100M_clk_gen                                                                                           7.428        0.000                      0                   17        0.081        0.000                      0                   17  
clk_250M_clk_gen                                                                                     clk_100M_clk_gen                                                                                           0.403        0.000                      0                   57        0.190        0.000                      0                    3  
dbg_hub/inst/BSCANID.u_xsdbm_id/SWITCH_N_EXT_BSCAN.bscan_inst/SERIES7_BSCAN.bscan_inst/INTERNAL_TCK  clk_20M_clk_gen                                                                                           49.524        0.000                      0                    8                                                                        
clk_100M_clk_gen                                                                                     clk_20M_clk_gen                                                                                            6.732        0.000                      0                   64        0.091        0.000                      0                   64  
clk_100M_clk_gen                                                                                     clk_250M_clk_gen                                                                                           0.616        0.000                      0                   46        0.114        0.000                      0                    2  


------------------------------------------------------------------------------------------------
| Other Path Groups Table
| -----------------------
------------------------------------------------------------------------------------------------

Path Group                                                                                           From Clock                                                                                           To Clock                                                                                                 WNS(ns)      TNS(ns)  TNS Failing Endpoints  TNS Total Endpoints      WHS(ns)      THS(ns)  THS Failing Endpoints  THS Total Endpoints  
----------                                                                                           ----------                                                                                           --------                                                                                                 -------      -------  ---------------------  -------------------      -------      -------  ---------------------  -------------------  
**async_default**                                                                                    clk_100M_clk_gen                                                                                     clk_100M_clk_gen                                                                                           4.946        0.000                      0                 2245        0.292        0.000                      0                 2245  
**async_default**                                                                                    clk_100M_clk_gen                                                                                     clk_20M_clk_gen                                                                                            6.159        0.000                      0                  231        0.261        0.000                      0                  231  
**async_default**                                                                                    clk_20M_clk_gen                                                                                      clk_20M_clk_gen                                                                                           47.487        0.000                      0                  174        0.114        0.000                      0                  174  
**async_default**                                                                                    clk_250M_clk_gen                                                                                     clk_250M_clk_gen                                                                                           2.013        0.000                      0                25657        0.757        0.000                      0                25657  
**async_default**                                                                                    dbg_hub/inst/BSCANID.u_xsdbm_id/SWITCH_N_EXT_BSCAN.bscan_inst/SERIES7_BSCAN.bscan_inst/INTERNAL_TCK  dbg_hub/inst/BSCANID.u_xsdbm_id/SWITCH_N_EXT_BSCAN.bscan_inst/SERIES7_BSCAN.bscan_inst/INTERNAL_TCK       48.000        0.000                      0                  100        0.125        0.000                      0                  100  


------------------------------------------------------------------------------------------------
| Timing Details
| --------------
------------------------------------------------------------------------------------------------


---------------------------------------------------------------------------------------------------
From Clock:  dbg_hub/inst/BSCANID.u_xsdbm_id/SWITCH_N_EXT_BSCAN.bscan_inst/SERIES7_BSCAN.bscan_inst/INTERNAL_TCK
  To Clock:  dbg_hub/inst/BSCANID.u_xsdbm_id/SWITCH_N_EXT_BSCAN.bscan_inst/SERIES7_BSCAN.bscan_inst/INTERNAL_TCK

Setup :            0  Failing Endpoints,  Worst Slack       16.179ns,  Total Violation        0.000ns
Hold  :            0  Failing Endpoints,  Worst Slack        0.021ns,  Total Violation        0.000ns
PW    :            0  Failing Endpoints,  Worst Slack       24.468ns,  Total Violation        0.000ns
---------------------------------------------------------------------------------------------------


Max Delay Paths
--------------------------------------------------------------------------------------
Slack (MET) :             16.179ns  (required time - arrival time)
  Source:                 dbg_hub/inst/BSCANID.u_xsdbm_id/CORE_XSDB.U_ICON/iTDO_reg/C
                            (rising edge-triggered cell FDRE clocked by dbg_hub/inst/BSCANID.u_xsdbm_id/SWITCH_N_EXT_BSCAN.bscan_inst/SERIES7_BSCAN.bscan_inst/INTERNAL_TCK  {rise@0.000ns fall@25.000ns period=50.000ns})
  Destination:            dbg_hub/inst/BSCANID.u_xsdbm_id/SWITCH_N_EXT_BSCAN.bscan_inst/SERIES7_BSCAN.bscan_inst/TDO
                            (falling edge-triggered cell BSCANE2 clocked by dbg_hub/inst/BSCANID.u_xsdbm_id/SWITCH_N_EXT_BSCAN.bscan_inst/SERIES7_BSCAN.bscan_inst/INTERNAL_TCK  {rise@0.000ns fall@25.000ns period=50.000ns})
  Path Group:             dbg_hub/inst/BSCANID.u_xsdbm_id/SWITCH_N_EXT_BSCAN.bscan_inst/SERIES7_BSCAN.bscan_inst/INTERNAL_TCK
  Path Type:              Setup (Max at Slow Process Corner)
  Requirement:            25.000ns  (dbg_hub/inst/BSCANID.u_xsdbm_id/SWITCH_N_EXT_BSCAN.bscan_inst/SERIES7_BSCAN.bscan_inst/INTERNAL_TCK fall@25.000ns - dbg_hub/inst/BSCANID.u_xsdbm_id/SWITCH_N_EXT_BSCAN.bscan_inst/SERIES7_BSCAN.bscan_inst/INTERNAL_TCK rise@0.000ns)
  Data Path Delay:        1.608ns  (logic 0.266ns (16.544%)  route 1.342ns (83.456%))
  Logic Levels:           2  (LUT3=1 LUT6=1)
  Clock Path Skew:        -6.978ns (DCD - SCD + CPR)
    Destination Clock Delay (DCD):    0.000ns = ( 25.000 - 25.000 ) 
    Source Clock Delay      (SCD):    6.978ns
    Clock Pessimism Removal (CPR):    0.000ns
  Clock Uncertainty:      0.235ns  ((TSJ^2 + TIJ^2)^1/2 + DJ) / 2 + PE + DCD
    Total System Jitter     (TSJ):    0.071ns
    Total Input Jitter      (TIJ):    0.000ns
    Discrete Jitter          (DJ):    0.000ns
    Phase Error              (PE):    0.000ns
    Duty Cycle Distortion   (DCD):    0.200ns
  Clock Net Delay (Source):      1.265ns (routing 0.170ns, distribution 1.095ns)

    Location             Delay type                Incr(ns)  Path(ns)    Netlist Resource(s)
  -------------------------------------------------------------------    -------------------
                         (clock dbg_hub/inst/BSCANID.u_xsdbm_id/SWITCH_N_EXT_BSCAN.bscan_inst/SERIES7_BSCAN.bscan_inst/INTERNAL_TCK rise edge)
                                                      0.000     0.000 r  
    CONFIG_SITE_X0Y0     BSCANE2                      0.000     0.000 r  dbg_hub/inst/BSCANID.u_xsdbm_id/SWITCH_N_EXT_BSCAN.bscan_inst/SERIES7_BSCAN.bscan_inst/INTERNAL_TCK
    CONFIG_SITE_X0Y0     BSCANE2 (Prop_BSCAN1_CONFIG_SITE_INTERNAL_TCK_TCK)
                                                      4.300     4.300 r  dbg_hub/inst/BSCANID.u_xsdbm_id/SWITCH_N_EXT_BSCAN.bscan_inst/SERIES7_BSCAN.bscan_inst/TCK
                         net (fo=1, routed)           1.385     5.685    dbg_hub/inst/BSCANID.u_xsdbm_id/tck_bs
    BUFGCE_X0Y76         BUFGCE (Prop_BUFCE_BUFGCE_I_O)
                                                      0.028     5.713 r  dbg_hub/inst/BSCANID.u_xsdbm_id/SWITCH_N_EXT_BSCAN.u_bufg_icon_tck/O
    X1Y3 (CLOCK_ROOT)    net (fo=478, routed)         1.265     6.978    dbg_hub/inst/BSCANID.u_xsdbm_id/CORE_XSDB.U_ICON/m_bscan_tck[0]
    SLICE_X21Y161        FDRE                                         r  dbg_hub/inst/BSCANID.u_xsdbm_id/CORE_XSDB.U_ICON/iTDO_reg/C
  -------------------------------------------------------------------    -------------------
    SLICE_X21Y161        FDRE (Prop_HFF2_SLICEM_C_Q)
                                                      0.078     7.056 r  dbg_hub/inst/BSCANID.u_xsdbm_id/CORE_XSDB.U_ICON/iTDO_reg/Q
                         net (fo=1, routed)           0.593     7.649    dbg_hub/inst/BSCANID.u_xsdbm_id/TDO
    SLICE_X33Y161        LUT3 (Prop_H6LUT_SLICEL_I2_O)
                                                      0.090     7.739 r  dbg_hub/inst/BSCANID.u_xsdbm_id/SWITCH_N_EXT_BSCAN.bscan_switch_i_1/O
                         net (fo=2, routed)           0.099     7.838    dbg_hub/inst/BSCANID.u_xsdbm_id/SWITCH_N_EXT_BSCAN.bscan_switch/m_bscan_tdo[0]
    SLICE_X34Y161        LUT6 (Prop_F6LUT_SLICEM_I5_O)
                                                      0.098     7.936 r  dbg_hub/inst/BSCANID.u_xsdbm_id/SWITCH_N_EXT_BSCAN.bscan_switch/s_bscan_tdo_INST_0/O
                         net (fo=1, routed)           0.650     8.586    dbg_hub/inst/BSCANID.u_xsdbm_id/SWITCH_N_EXT_BSCAN.bscan_inst/TDO
    CONFIG_SITE_X0Y0     BSCANE2                                      r  dbg_hub/inst/BSCANID.u_xsdbm_id/SWITCH_N_EXT_BSCAN.bscan_inst/SERIES7_BSCAN.bscan_inst/TDO
  -------------------------------------------------------------------    -------------------

                         (clock dbg_hub/inst/BSCANID.u_xsdbm_id/SWITCH_N_EXT_BSCAN.bscan_inst/SERIES7_BSCAN.bscan_inst/INTERNAL_TCK fall edge)
                                                     25.000    25.000 f  
    CONFIG_SITE_X0Y0     BSCANE2                      0.000    25.000 f  dbg_hub/inst/BSCANID.u_xsdbm_id/SWITCH_N_EXT_BSCAN.bscan_inst/SERIES7_BSCAN.bscan_inst/INTERNAL_TCK
                         clock pessimism              0.000    25.000    
                         clock uncertainty           -0.235    24.765    
    CONFIG_SITE_X0Y0     BSCANE2 (Setup_BSCAN1_CONFIG_SITE_INTERNAL_TCK_TDO)
                                                      0.000    24.765    dbg_hub/inst/BSCANID.u_xsdbm_id/SWITCH_N_EXT_BSCAN.bscan_inst/SERIES7_BSCAN.bscan_inst
  -------------------------------------------------------------------
                         required time                         24.765    
                         arrival time                          -8.586    
  -------------------------------------------------------------------
                         slack                                 16.179    





Min Delay Paths
--------------------------------------------------------------------------------------
Slack (MET) :             0.021ns  (arrival time - required time)
  Source:                 dbg_hub/inst/BSCANID.u_xsdbm_id/CORE_XSDB.UUT_MASTER/U_ICON_INTERFACE/U_CMD6_WR/shift_reg_in_reg[4]/C
                            (rising edge-triggered cell FDCE clocked by dbg_hub/inst/BSCANID.u_xsdbm_id/SWITCH_N_EXT_BSCAN.bscan_inst/SERIES7_BSCAN.bscan_inst/INTERNAL_TCK  {rise@0.000ns fall@25.000ns period=50.000ns})
  Destination:            dbg_hub/inst/BSCANID.u_xsdbm_id/CORE_XSDB.UUT_MASTER/U_ICON_INTERFACE/U_CMD6_WR/U_WR_FIFO/SUBCORE_FIFO.xsdbm_v3_0_5_wrfifo_inst/inst_fifo_gen/gconvfifo.rf/grf.rf/gntv_or_sync_fifo.mem/gdm.dm_gen.dm/RAM_reg_0_15_0_13/RAMB_D1/I
                            (rising edge-triggered cell RAMD32 clocked by dbg_hub/inst/BSCANID.u_xsdbm_id/SWITCH_N_EXT_BSCAN.bscan_inst/SERIES7_BSCAN.bscan_inst/INTERNAL_TCK  {rise@0.000ns fall@25.000ns period=50.000ns})
  Path Group:             dbg_hub/inst/BSCANID.u_xsdbm_id/SWITCH_N_EXT_BSCAN.bscan_inst/SERIES7_BSCAN.bscan_inst/INTERNAL_TCK
  Path Type:              Hold (Min at Slow Process Corner)
  Requirement:            0.000ns  (dbg_hub/inst/BSCANID.u_xsdbm_id/SWITCH_N_EXT_BSCAN.bscan_inst/SERIES7_BSCAN.bscan_inst/INTERNAL_TCK rise@0.000ns - dbg_hub/inst/BSCANID.u_xsdbm_id/SWITCH_N_EXT_BSCAN.bscan_inst/SERIES7_BSCAN.bscan_inst/INTERNAL_TCK rise@0.000ns)
  Data Path Delay:        0.142ns  (logic 0.060ns (42.134%)  route 0.082ns (57.866%))
  Logic Levels:           0  
  Clock Path Skew:        0.061ns (DCD - SCD - CPR)
    Destination Clock Delay (DCD):    6.887ns
    Source Clock Delay      (SCD):    2.425ns
    Clock Pessimism Removal (CPR):    4.401ns
  Clock Net Delay (Source):      0.996ns (routing 0.155ns, distribution 0.841ns)
  Clock Net Delay (Destination): 1.174ns (routing 0.170ns, distribution 1.004ns)

    Location             Delay type                Incr(ns)  Path(ns)    Netlist Resource(s)
  -------------------------------------------------------------------    -------------------
                         (clock dbg_hub/inst/BSCANID.u_xsdbm_id/SWITCH_N_EXT_BSCAN.bscan_inst/SERIES7_BSCAN.bscan_inst/INTERNAL_TCK rise edge)
                                                      0.000     0.000 r  
    CONFIG_SITE_X0Y0     BSCANE2                      0.000     0.000 r  dbg_hub/inst/BSCANID.u_xsdbm_id/SWITCH_N_EXT_BSCAN.bscan_inst/SERIES7_BSCAN.bscan_inst/INTERNAL_TCK
    CONFIG_SITE_X0Y0     BSCANE2 (Prop_BSCAN1_CONFIG_SITE_INTERNAL_TCK_TCK)
                                                      0.465     0.465 r  dbg_hub/inst/BSCANID.u_xsdbm_id/SWITCH_N_EXT_BSCAN.bscan_inst/SERIES7_BSCAN.bscan_inst/TCK
                         net (fo=1, routed)           0.940     1.405    dbg_hub/inst/BSCANID.u_xsdbm_id/tck_bs
    BUFGCE_X0Y76         BUFGCE (Prop_BUFCE_BUFGCE_I_O)
                                                      0.024     1.429 r  dbg_hub/inst/BSCANID.u_xsdbm_id/SWITCH_N_EXT_BSCAN.u_bufg_icon_tck/O
    X1Y3 (CLOCK_ROOT)    net (fo=478, routed)         0.996     2.425    dbg_hub/inst/BSCANID.u_xsdbm_id/CORE_XSDB.UUT_MASTER/U_ICON_INTERFACE/U_CMD6_WR/m_bscan_tck[0]
    SLICE_X28Y152        FDCE                                         r  dbg_hub/inst/BSCANID.u_xsdbm_id/CORE_XSDB.UUT_MASTER/U_ICON_INTERFACE/U_CMD6_WR/shift_reg_in_reg[4]/C
  -------------------------------------------------------------------    -------------------
    SLICE_X28Y152        FDCE (Prop_FFF2_SLICEM_C_Q)
                                                      0.060     2.485 r  dbg_hub/inst/BSCANID.u_xsdbm_id/CORE_XSDB.UUT_MASTER/U_ICON_INTERFACE/U_CMD6_WR/shift_reg_in_reg[4]/Q
                         net (fo=2, routed)           0.082     2.567    dbg_hub/inst/BSCANID.u_xsdbm_id/CORE_XSDB.UUT_MASTER/U_ICON_INTERFACE/U_CMD6_WR/U_WR_FIFO/SUBCORE_FIFO.xsdbm_v3_0_5_wrfifo_inst/inst_fifo_gen/gconvfifo.rf/grf.rf/gntv_or_sync_fifo.mem/gdm.dm_gen.dm/RAM_reg_0_15_0_13/DIB1
    SLICE_X28Y153        RAMD32                                       r  dbg_hub/inst/BSCANID.u_xsdbm_id/CORE_XSDB.UUT_MASTER/U_ICON_INTERFACE/U_CMD6_WR/U_WR_FIFO/SUBCORE_FIFO.xsdbm_v3_0_5_wrfifo_inst/inst_fifo_gen/gconvfifo.rf/grf.rf/gntv_or_sync_fifo.mem/gdm.dm_gen.dm/RAM_reg_0_15_0_13/RAMB_D1/I
  -------------------------------------------------------------------    -------------------

                         (clock dbg_hub/inst/BSCANID.u_xsdbm_id/SWITCH_N_EXT_BSCAN.bscan_inst/SERIES7_BSCAN.bscan_inst/INTERNAL_TCK rise edge)
                                                      0.000     0.000 r  
    CONFIG_SITE_X0Y0     BSCANE2                      0.000     0.000 r  dbg_hub/inst/BSCANID.u_xsdbm_id/SWITCH_N_EXT_BSCAN.bscan_inst/SERIES7_BSCAN.bscan_inst/INTERNAL_TCK
    CONFIG_SITE_X0Y0     BSCANE2 (Prop_BSCAN1_CONFIG_SITE_INTERNAL_TCK_TCK)
                                                      4.300     4.300 r  dbg_hub/inst/BSCANID.u_xsdbm_id/SWITCH_N_EXT_BSCAN.bscan_inst/SERIES7_BSCAN.bscan_inst/TCK
                         net (fo=1, routed)           1.385     5.685    dbg_hub/inst/BSCANID.u_xsdbm_id/tck_bs
    BUFGCE_X0Y76         BUFGCE (Prop_BUFCE_BUFGCE_I_O)
                                                      0.028     5.713 r  dbg_hub/inst/BSCANID.u_xsdbm_id/SWITCH_N_EXT_BSCAN.u_bufg_icon_tck/O
    X1Y3 (CLOCK_ROOT)    net (fo=478, routed)         1.174     6.887    dbg_hub/inst/BSCANID.u_xsdbm_id/CORE_XSDB.UUT_MASTER/U_ICON_INTERFACE/U_CMD6_WR/U_WR_FIFO/SUBCORE_FIFO.xsdbm_v3_0_5_wrfifo_inst/inst_fifo_gen/gconvfifo.rf/grf.rf/gntv_or_sync_fifo.mem/gdm.dm_gen.dm/RAM_reg_0_15_0_13/WCLK
    SLICE_X28Y153        RAMD32                                       r  dbg_hub/inst/BSCANID.u_xsdbm_id/CORE_XSDB.UUT_MASTER/U_ICON_INTERFACE/U_CMD6_WR/U_WR_FIFO/SUBCORE_FIFO.xsdbm_v3_0_5_wrfifo_inst/inst_fifo_gen/gconvfifo.rf/grf.rf/gntv_or_sync_fifo.mem/gdm.dm_gen.dm/RAM_reg_0_15_0_13/RAMB_D1/CLK
                         clock pessimism             -4.401     2.486    
    SLICE_X28Y153        RAMD32 (Hold_B6LUT_SLICEM_CLK_I)
                                                      0.060     2.546    dbg_hub/inst/BSCANID.u_xsdbm_id/CORE_XSDB.UUT_MASTER/U_ICON_INTERFACE/U_CMD6_WR/U_WR_FIFO/SUBCORE_FIFO.xsdbm_v3_0_5_wrfifo_inst/inst_fifo_gen/gconvfifo.rf/grf.rf/gntv_or_sync_fifo.mem/gdm.dm_gen.dm/RAM_reg_0_15_0_13/RAMB_D1
  -------------------------------------------------------------------
                         required time                         -2.546    
                         arrival time                           2.567    
  -------------------------------------------------------------------
                         slack                                  0.021    





Pulse Width Checks
--------------------------------------------------------------------------------------
Clock Name:         dbg_hub/inst/BSCANID.u_xsdbm_id/SWITCH_N_EXT_BSCAN.bscan_inst/SERIES7_BSCAN.bscan_inst/INTERNAL_TCK
Waveform(ns):       { 0.000 25.000 }
Period(ns):         50.000
Sources:            { dbg_hub/inst/BSCANID.u_xsdbm_id/SWITCH_N_EXT_BSCAN.bscan_inst/SERIES7_BSCAN.bscan_inst/INTERNAL_TCK }

Check Type        Corner  Lib Pin     Reference Pin  Required(ns)  Actual(ns)  Slack(ns)  Location       Pin
Min Period        n/a     BUFGCE/I    n/a            1.290         50.000      48.710     BUFGCE_X0Y76   dbg_hub/inst/BSCANID.u_xsdbm_id/SWITCH_N_EXT_BSCAN.u_bufg_icon_tck/I
Low Pulse Width   Slow    RAMD32/CLK  n/a            0.532         25.000      24.468     SLICE_X28Y153  dbg_hub/inst/BSCANID.u_xsdbm_id/CORE_XSDB.UUT_MASTER/U_ICON_INTERFACE/U_CMD6_WR/U_WR_FIFO/SUBCORE_FIFO.xsdbm_v3_0_5_wrfifo_inst/inst_fifo_gen/gconvfifo.rf/grf.rf/gntv_or_sync_fifo.mem/gdm.dm_gen.dm/RAM_reg_0_15_0_13/RAMA/CLK
High Pulse Width  Slow    RAMD32/CLK  n/a            0.532         25.000      24.468     SLICE_X28Y153  dbg_hub/inst/BSCANID.u_xsdbm_id/CORE_XSDB.UUT_MASTER/U_ICON_INTERFACE/U_CMD6_WR/U_WR_FIFO/SUBCORE_FIFO.xsdbm_v3_0_5_wrfifo_inst/inst_fifo_gen/gconvfifo.rf/grf.rf/gntv_or_sync_fifo.mem/gdm.dm_gen.dm/RAM_reg_0_15_0_13/RAMA/CLK



---------------------------------------------------------------------------------------------------
From Clock:  rx_clk
  To Clock:  rx_clk

Setup :            0  Failing Endpoints,  Worst Slack       22.531ns,  Total Violation        0.000ns
Hold  :            0  Failing Endpoints,  Worst Slack        0.023ns,  Total Violation        0.000ns
PW    :            0  Failing Endpoints,  Worst Slack       11.720ns,  Total Violation        0.000ns
---------------------------------------------------------------------------------------------------


Max Delay Paths
--------------------------------------------------------------------------------------
Slack (MET) :             22.531ns  (required time - arrival time)
  Source:                 jscc_rx_ps_top/ad9361_top/fifo_async/<hidden>/<hidden>/<hidden>/<hidden>/<hidden>/<hidden>
                            (rising edge-triggered cell FDRE clocked by rx_clk  {rise@0.000ns fall@12.500ns period=25.000ns})
  Destination:            jscc_rx_ps_top/ad9361_top/fifo_async/<hidden>/<hidden>/<hidden>/<hidden>/<hidden>/<hidden>
                            (rising edge-triggered cell FDSE clocked by rx_clk  {rise@0.000ns fall@12.500ns period=25.000ns})
  Path Group:             rx_clk
  Path Type:              Setup (Max at Slow Process Corner)
  Requirement:            25.000ns  (rx_clk rise@25.000ns - rx_clk rise@0.000ns)
  Data Path Delay:        2.411ns  (logic 0.495ns (20.527%)  route 1.916ns (79.473%))
  Logic Levels:           3  (CARRY8=1 LUT4=1 LUT5=1)
  Clock Path Skew:        -0.048ns (DCD - SCD + CPR)
    Destination Clock Delay (DCD):    1.702ns = ( 26.702 - 25.000 ) 
    Source Clock Delay      (SCD):    2.002ns
    Clock Pessimism Removal (CPR):    0.252ns
  Clock Uncertainty:      0.035ns  ((TSJ^2 + TIJ^2)^1/2 + DJ) / 2 + PE
    Total System Jitter     (TSJ):    0.071ns
    Total Input Jitter      (TIJ):    0.000ns
    Discrete Jitter          (DJ):    0.000ns
    Phase Error              (PE):    0.000ns
  Clock Net Delay (Source):      0.874ns (routing 0.001ns, distribution 0.873ns)
  Clock Net Delay (Destination): 0.750ns (routing 0.001ns, distribution 0.749ns)

    Location             Delay type                Incr(ns)  Path(ns)    Netlist Resource(s)
  -------------------------------------------------------------------    -------------------
                         (clock rx_clk rise edge)     0.000     0.000 r  
    L7                                                0.000     0.000 r  rx_clk_in_p (IN)
                         net (fo=0)                   0.100     0.100    u_rf/u_ad9361_lvds_mode/IBUFGDS_data_clk/I
    HPIOBDIFFINBUF_X0Y60 DIFFINBUF (Prop_DIFFINBUF_HPIOBDIFFINBUF_DIFF_IN_P_O)
                                                      0.618     0.718 r  u_rf/u_ad9361_lvds_mode/IBUFGDS_data_clk/DIFFINBUF_INST/O
                         net (fo=1, routed)           0.050     0.768    u_rf/u_ad9361_lvds_mode/IBUFGDS_data_clk/OUT
    L7                   IBUFCTRL (Prop_IBUFCTRL_HPIOB_M_I_O)
                                                      0.000     0.768 r  u_rf/u_ad9361_lvds_mode/IBUFGDS_data_clk/IBUFCTRL_INST/O
                         net (fo=1, routed)           0.332     1.100    u_rf/u_ad9361_lvds_mode/data_clk_ibuff
    BUFGCE_X0Y50         BUFGCE (Prop_BUFCE_BUFGCE_I_O)
                                                      0.028     1.128 r  u_rf/u_ad9361_lvds_mode/BUFG_data_clk/O
    X1Y2 (CLOCK_ROOT)    net (fo=319, routed)         0.874     2.002    jscc_rx_ps_top/ad9361_top/fifo_async/<hidden>/<hidden>/<hidden>/<hidden>/<hidden>/<hidden>
    SLICE_X45Y130        FDRE                                         r  jscc_rx_ps_top/ad9361_top/fifo_async/<hidden>/<hidden>/<hidden>/<hidden>/<hidden>/<hidden>
  -------------------------------------------------------------------    -------------------
    SLICE_X45Y130        FDRE (Prop_FFF2_SLICEM_C_Q)
                                                      0.079     2.081 r  jscc_rx_ps_top/ad9361_top/fifo_async/<hidden>/<hidden>/<hidden>/<hidden>/<hidden>/<hidden>
                         net (fo=2, routed)           0.872     2.953    jscc_rx_ps_top/ad9361_top/fifo_async/<hidden>/<hidden>/<hidden>/<hidden>/<hidden>
    SLICE_X45Y130        LUT4 (Prop_B6LUT_SLICEM_I3_O)
                                                      0.100     3.053 r  jscc_rx_ps_top/ad9361_top/fifo_async/<hidden>/<hidden>/<hidden>/<hidden>/<hidden>
                         net (fo=1, routed)           0.016     3.069    jscc_rx_ps_top/ad9361_top/fifo_async/<hidden>/<hidden>/<hidden>/<hidden>/<hidden>/<hidden>/<hidden>
    SLICE_X45Y130        CARRY8 (Prop_CARRY8_SLICEM_S[1]_CO[4])
                                                      0.213     3.282 r  jscc_rx_ps_top/ad9361_top/fifo_async/<hidden>/<hidden>/<hidden>/<hidden>/<hidden>/<hidden>/<hidden>
                         net (fo=1, routed)           0.653     3.935    jscc_rx_ps_top/ad9361_top/fifo_async/<hidden>/<hidden>/<hidden>/<hidden>/<hidden>/<hidden>/<hidden>
    SLICE_X45Y131        LUT5 (Prop_B5LUT_SLICEM_I3_O)
                                                      0.103     4.038 r  jscc_rx_ps_top/ad9361_top/fifo_async/<hidden>/<hidden>/<hidden>/<hidden>/<hidden>/<hidden>/<hidden>
                         net (fo=2, routed)           0.375     4.413    jscc_rx_ps_top/ad9361_top/fifo_async/<hidden>/<hidden>/<hidden>/<hidden>/<hidden>/<hidden>
    SLICE_X45Y131        FDSE                                         r  jscc_rx_ps_top/ad9361_top/fifo_async/<hidden>/<hidden>/<hidden>/<hidden>/<hidden>/<hidden>
  -------------------------------------------------------------------    -------------------

                         (clock rx_clk rise edge)    25.000    25.000 r  
    L7                                                0.000    25.000 r  rx_clk_in_p (IN)
                         net (fo=0)                   0.079    25.079    u_rf/u_ad9361_lvds_mode/IBUFGDS_data_clk/I
    HPIOBDIFFINBUF_X0Y60 DIFFINBUF (Prop_DIFFINBUF_HPIOBDIFFINBUF_DIFF_IN_P_O)
                                                      0.508    25.587 r  u_rf/u_ad9361_lvds_mode/IBUFGDS_data_clk/DIFFINBUF_INST/O
                         net (fo=1, routed)           0.040    25.627    u_rf/u_ad9361_lvds_mode/IBUFGDS_data_clk/OUT
    L7                   IBUFCTRL (Prop_IBUFCTRL_HPIOB_M_I_O)
                                                      0.000    25.627 r  u_rf/u_ad9361_lvds_mode/IBUFGDS_data_clk/IBUFCTRL_INST/O
                         net (fo=1, routed)           0.301    25.928    u_rf/u_ad9361_lvds_mode/data_clk_ibuff
    BUFGCE_X0Y50         BUFGCE (Prop_BUFCE_BUFGCE_I_O)
                                                      0.024    25.952 r  u_rf/u_ad9361_lvds_mode/BUFG_data_clk/O
    X1Y2 (CLOCK_ROOT)    net (fo=319, routed)         0.750    26.702    jscc_rx_ps_top/ad9361_top/fifo_async/<hidden>/<hidden>/<hidden>/<hidden>/<hidden>/<hidden>
    SLICE_X45Y131        FDSE                                         r  jscc_rx_ps_top/ad9361_top/fifo_async/<hidden>/<hidden>/<hidden>/<hidden>/<hidden>/<hidden>
                         clock pessimism              0.252    26.954    
                         clock uncertainty           -0.035    26.919    
    SLICE_X45Y131        FDSE (Setup_GFF_SLICEM_C_D)
                                                      0.025    26.944    jscc_rx_ps_top/ad9361_top/fifo_async/<hidden>/<hidden>/<hidden>/<hidden>/<hidden>/<hidden>
  -------------------------------------------------------------------
                         required time                         26.944    
                         arrival time                          -4.413    
  -------------------------------------------------------------------
                         slack                                 22.531    





Min Delay Paths
--------------------------------------------------------------------------------------
Slack (MET) :             0.023ns  (arrival time - required time)
  Source:                 jscc_rx_ps_top/ad9361_top/fifo_async/<hidden>/<hidden>/<hidden>/<hidden>/<hidden>/<hidden>
                            (rising edge-triggered cell FDRE clocked by rx_clk  {rise@0.000ns fall@12.500ns period=25.000ns})
  Destination:            jscc_rx_ps_top/ad9361_top/fifo_async/<hidden>/<hidden>/<hidden>/<hidden>/<hidden>/<hidden>
                            (rising edge-triggered cell FDRE clocked by rx_clk  {rise@0.000ns fall@12.500ns period=25.000ns})
  Path Group:             rx_clk
  Path Type:              Hold (Min at Slow Process Corner)
  Requirement:            0.000ns  (rx_clk rise@0.000ns - rx_clk rise@0.000ns)
  Data Path Delay:        0.198ns  (logic 0.061ns (30.748%)  route 0.137ns (69.252%))
  Logic Levels:           0  
  Clock Path Skew:        0.113ns (DCD - SCD - CPR)
    Destination Clock Delay (DCD):    2.003ns
    Source Clock Delay      (SCD):    1.688ns
    Clock Pessimism Removal (CPR):    0.201ns
  Clock Net Delay (Source):      0.736ns (routing 0.001ns, distribution 0.735ns)
  Clock Net Delay (Destination): 0.875ns (routing 0.001ns, distribution 0.874ns)

    Location             Delay type                Incr(ns)  Path(ns)    Netlist Resource(s)
  -------------------------------------------------------------------    -------------------
                         (clock rx_clk rise edge)     0.000     0.000 r  
    L7                                                0.000     0.000 r  rx_clk_in_p (IN)
                         net (fo=0)                   0.079     0.079    u_rf/u_ad9361_lvds_mode/IBUFGDS_data_clk/I
    HPIOBDIFFINBUF_X0Y60 DIFFINBUF (Prop_DIFFINBUF_HPIOBDIFFINBUF_DIFF_IN_P_O)
                                                      0.508     0.587 r  u_rf/u_ad9361_lvds_mode/IBUFGDS_data_clk/DIFFINBUF_INST/O
                         net (fo=1, routed)           0.040     0.627    u_rf/u_ad9361_lvds_mode/IBUFGDS_data_clk/OUT
    L7                   IBUFCTRL (Prop_IBUFCTRL_HPIOB_M_I_O)
                                                      0.000     0.627 r  u_rf/u_ad9361_lvds_mode/IBUFGDS_data_clk/IBUFCTRL_INST/O
                         net (fo=1, routed)           0.301     0.928    u_rf/u_ad9361_lvds_mode/data_clk_ibuff
    BUFGCE_X0Y50         BUFGCE (Prop_BUFCE_BUFGCE_I_O)
                                                      0.024     0.952 r  u_rf/u_ad9361_lvds_mode/BUFG_data_clk/O
    X1Y2 (CLOCK_ROOT)    net (fo=319, routed)         0.736     1.688    jscc_rx_ps_top/ad9361_top/fifo_async/<hidden>/<hidden>/<hidden>/<hidden>/<hidden>/<hidden>
    SLICE_X44Y129        FDRE                                         r  jscc_rx_ps_top/ad9361_top/fifo_async/<hidden>/<hidden>/<hidden>/<hidden>/<hidden>/<hidden>
  -------------------------------------------------------------------    -------------------
    SLICE_X44Y129        FDRE (Prop_DFF2_SLICEL_C_Q)
                                                      0.061     1.749 r  jscc_rx_ps_top/ad9361_top/fifo_async/<hidden>/<hidden>/<hidden>/<hidden>/<hidden>/<hidden>
                         net (fo=7, routed)           0.137     1.887    jscc_rx_ps_top/ad9361_top/fifo_async/<hidden>/<hidden>/<hidden>/<hidden>/<hidden>/<hidden>
    SLICE_X45Y130        FDRE                                         r  jscc_rx_ps_top/ad9361_top/fifo_async/<hidden>/<hidden>/<hidden>/<hidden>/<hidden>/<hidden>
  -------------------------------------------------------------------    -------------------

                         (clock rx_clk rise edge)     0.000     0.000 r  
    L7                                                0.000     0.000 r  rx_clk_in_p (IN)
                         net (fo=0)                   0.100     0.100    u_rf/u_ad9361_lvds_mode/IBUFGDS_data_clk/I
    HPIOBDIFFINBUF_X0Y60 DIFFINBUF (Prop_DIFFINBUF_HPIOBDIFFINBUF_DIFF_IN_P_O)
                                                      0.618     0.718 r  u_rf/u_ad9361_lvds_mode/IBUFGDS_data_clk/DIFFINBUF_INST/O
                         net (fo=1, routed)           0.050     0.768    u_rf/u_ad9361_lvds_mode/IBUFGDS_data_clk/OUT
    L7                   IBUFCTRL (Prop_IBUFCTRL_HPIOB_M_I_O)
                                                      0.000     0.768 r  u_rf/u_ad9361_lvds_mode/IBUFGDS_data_clk/IBUFCTRL_INST/O
                         net (fo=1, routed)           0.332     1.100    u_rf/u_ad9361_lvds_mode/data_clk_ibuff
    BUFGCE_X0Y50         BUFGCE (Prop_BUFCE_BUFGCE_I_O)
                                                      0.028     1.128 r  u_rf/u_ad9361_lvds_mode/BUFG_data_clk/O
    X1Y2 (CLOCK_ROOT)    net (fo=319, routed)         0.875     2.003    jscc_rx_ps_top/ad9361_top/fifo_async/<hidden>/<hidden>/<hidden>/<hidden>/<hidden>/<hidden>
    SLICE_X45Y130        FDRE                                         r  jscc_rx_ps_top/ad9361_top/fifo_async/<hidden>/<hidden>/<hidden>/<hidden>/<hidden>/<hidden>
                         clock pessimism             -0.201     1.802    
    SLICE_X45Y130        FDRE (Hold_AFF2_SLICEM_C_D)
                                                      0.062     1.864    jscc_rx_ps_top/ad9361_top/fifo_async/<hidden>/<hidden>/<hidden>/<hidden>/<hidden>/<hidden>
  -------------------------------------------------------------------
                         required time                         -1.864    
                         arrival time                           1.887    
  -------------------------------------------------------------------
                         slack                                  0.023    





Pulse Width Checks
--------------------------------------------------------------------------------------
Clock Name:         rx_clk
Waveform(ns):       { 0.000 12.500 }
Period(ns):         25.000
Sources:            { rx_clk_in_p }

Check Type        Corner  Lib Pin   Reference Pin  Required(ns)  Actual(ns)  Slack(ns)  Location               Pin
Min Period        n/a     IDDRE1/C  n/a            1.600         25.000      23.400     BITSLICE_RX_TX_X0Y136  u_rf/u_ad9361_lvds_mode/IDDRE1_i_rx_frame/C
Low Pulse Width   Slow    IDDRE1/C  n/a            0.720         12.500      11.780     BITSLICE_RX_TX_X0Y136  u_rf/u_ad9361_lvds_mode/IDDRE1_i_rx_frame/C
High Pulse Width  Slow    IDDRE1/C  n/a            0.720         12.500      11.780     BITSLICE_RX_TX_X0Y136  u_rf/u_ad9361_lvds_mode/IDDRE1_i_rx_frame/C
Max Skew          Slow    IDDRE1/C  IDDRE1/CB      12.014        0.294       11.721     BITSLICE_RX_TX_X0Y119  u_rf/u_ad9361_lvds_mode/g_rx_data[3].IDDRE1_i_rx_data/C



---------------------------------------------------------------------------------------------------
From Clock:  sysclk_p
  To Clock:  sysclk_p

Setup :           NA  Failing Endpoints,  Worst Slack           NA  ,  Total Violation           NA
Hold  :           NA  Failing Endpoints,  Worst Slack           NA  ,  Total Violation           NA
PW    :            0  Failing Endpoints,  Worst Slack        1.600ns,  Total Violation        0.000ns
---------------------------------------------------------------------------------------------------


Pulse Width Checks
--------------------------------------------------------------------------------------
Clock Name:         sysclk_p
Waveform(ns):       { 0.000 4.000 }
Period(ns):         8.000
Sources:            { sysclk_p }

Check Type        Corner  Lib Pin            Reference Pin  Required(ns)  Actual(ns)  Slack(ns)  Location      Pin
Min Period        n/a     BUFGCE/I           n/a            1.290         8.000       6.710      BUFGCE_X0Y64  u_clk/inst/clkin1_bufg1/I
Max Period        n/a     MMCME4_ADV/CLKIN1  n/a            100.000       8.000       92.000     MMCM_X0Y2     u_clk/inst/mmcme4_adv_inst/CLKIN1
Low Pulse Width   Slow    MMCME4_ADV/CLKIN1  n/a            2.400         4.000       1.600      MMCM_X0Y2     u_clk/inst/mmcme4_adv_inst/CLKIN1
High Pulse Width  Slow    MMCME4_ADV/CLKIN1  n/a            2.400         4.000       1.600      MMCM_X0Y2     u_clk/inst/mmcme4_adv_inst/CLKIN1



---------------------------------------------------------------------------------------------------
From Clock:  clk_100M_clk_gen
  To Clock:  clk_100M_clk_gen

Setup :            0  Failing Endpoints,  Worst Slack        3.164ns,  Total Violation        0.000ns
Hold  :            0  Failing Endpoints,  Worst Slack        0.010ns,  Total Violation        0.000ns
PW    :            0  Failing Endpoints,  Worst Slack        3.500ns,  Total Violation        0.000ns
---------------------------------------------------------------------------------------------------


Max Delay Paths
--------------------------------------------------------------------------------------
Slack (MET) :             3.164ns  (required time - arrival time)
  Source:                 jscc_rx_ps_top/rx_baseband_top/equalizer_top/fft/<hidden>/<hidden>/<hidden>/<hidden>/<hidden>
                            (rising edge-triggered cell FDRE clocked by clk_100M_clk_gen  {rise@0.000ns fall@5.000ns period=10.000ns})
  Destination:            u_rf/u_adc_fifo/U0/inst_fifo_gen/gconvfifo.rf/grf.rf/gntv_or_sync_fifo.mem/gbm.gbmg.gbmgb.ngecc.bmg/inst_blk_mem_gen/gnbram.gnativebmg.native_blk_mem_gen/valid.cstr/ramloop[0].ram.r/prim_noinit.ram/DEVICE_8SERIES.NO_BMM_INFO.SDP.SIMPLE_PRIM36.ram/ENBWREN
                            (rising edge-triggered cell RAMB36E2 clocked by clk_100M_clk_gen  {rise@0.000ns fall@5.000ns period=10.000ns})
  Path Group:             clk_100M_clk_gen
  Path Type:              Setup (Max at Slow Process Corner)
  Requirement:            10.000ns  (clk_100M_clk_gen rise@10.000ns - clk_100M_clk_gen rise@0.000ns)
  Data Path Delay:        6.239ns  (logic 1.191ns (19.088%)  route 5.048ns (80.912%))
  Logic Levels:           14  (LUT2=1 LUT3=1 LUT4=2 LUT5=3 LUT6=7)
  Clock Path Skew:        -0.183ns (DCD - SCD + CPR)
    Destination Clock Delay (DCD):    3.589ns = ( 13.589 - 10.000 ) 
    Source Clock Delay      (SCD):    3.308ns
    Clock Pessimism Removal (CPR):    -0.464ns
  Clock Uncertainty:      0.072ns  ((TSJ^2 + DJ^2)^1/2) / 2 + PE
    Total System Jitter     (TSJ):    0.071ns
    Discrete Jitter          (DJ):    0.125ns
    Phase Error              (PE):    0.000ns
  Clock Net Delay (Source):      1.464ns (routing 0.171ns, distribution 1.293ns)
  Clock Net Delay (Destination): 1.265ns (routing 0.155ns, distribution 1.110ns)

    Location             Delay type                Incr(ns)  Path(ns)    Netlist Resource(s)
  -------------------------------------------------------------------    -------------------
                         (clock clk_100M_clk_gen rise edge)
                                                      0.000     0.000 r  
    K4                                                0.000     0.000 r  sysclk_p (IN)
                         net (fo=0)                   0.100     0.100    u_clk/inst/clkin1_ibufds/I
    HPIOBDIFFINBUF_X0Y58 DIFFINBUF (Prop_DIFFINBUF_HPIOBDIFFINBUF_DIFF_IN_P_O)
                                                      0.643     0.743 r  u_clk/inst/clkin1_ibufds/DIFFINBUF_INST/O
                         net (fo=1, routed)           0.050     0.793    u_clk/inst/clkin1_ibufds/OUT
    K4                   IBUFCTRL (Prop_IBUFCTRL_HPIOB_M_I_O)
                                                      0.000     0.793 r  u_clk/inst/clkin1_ibufds/IBUFCTRL_INST/O
                         net (fo=1, routed)           0.336     1.129    u_clk/inst/clk_in1_clk_gen_buf
    BUFGCE_X0Y64         BUFGCE (Prop_BUFCE_BUFGCE_I_O)
                                                      0.028     1.157 r  u_clk/inst/clkin1_bufg1/O
                         net (fo=1, routed)           0.542     1.699    u_clk/inst/clk_in1_clk_gen
    MMCM_X0Y2            MMCME4_ADV (Prop_MMCM_CLKIN1_CLKOUT0)
                                                     -0.127     1.572 r  u_clk/inst/mmcme4_adv_inst/CLKOUT0
                         net (fo=1, routed)           0.244     1.816    u_clk/inst/clk_100M_clk_gen
    BUFGCE_X0Y68         BUFGCE (Prop_BUFCE_BUFGCE_I_O)
                                                      0.028     1.844 r  u_clk/inst/clkout1_buf/O
    X1Y2 (CLOCK_ROOT)    net (fo=30208, routed)       1.464     3.308    jscc_rx_ps_top/rx_baseband_top/equalizer_top/fft/<hidden>/<hidden>/<hidden>/<hidden>/<hidden>
    SLICE_X8Y78          FDRE                                         r  jscc_rx_ps_top/rx_baseband_top/equalizer_top/fft/<hidden>/<hidden>/<hidden>/<hidden>/<hidden>
  -------------------------------------------------------------------    -------------------
    SLICE_X8Y78          FDRE (Prop_EFF_SLICEM_C_Q)
                                                      0.076     3.384 r  jscc_rx_ps_top/rx_baseband_top/equalizer_top/fft/<hidden>/<hidden>/<hidden>/<hidden>/<hidden>
                         net (fo=6, routed)           0.458     3.842    u_rx_baseband/synchronizer_top_inst/cp_remover_inst/s_axis_data_tready
    SLICE_X11Y76         LUT3 (Prop_D5LUT_SLICEL_I0_O)
                                                      0.157     3.999 r  u_rx_baseband/synchronizer_top_inst/cp_remover_inst/u_dds_i_24/O
                         net (fo=1, routed)           0.116     4.115    u_rx_baseband/synchronizer_top_inst/time_sync_inst/u_align/genblk1[2].u_reg/u_dds_i_22_0
    SLICE_X11Y75         LUT6 (Prop_F6LUT_SLICEL_I3_O)
                                                      0.123     4.238 r  u_rx_baseband/synchronizer_top_inst/time_sync_inst/u_align/genblk1[2].u_reg/u_dds_i_23/O
                         net (fo=1, routed)           0.110     4.348    u_rx_baseband/synchronizer_top_inst/time_sync_inst/u_sum/axis_ram_srl_inst/u_fifo/u_dds_i_21
    SLICE_X11Y77         LUT6 (Prop_A6LUT_SLICEL_I3_O)
                                                      0.149     4.497 r  u_rx_baseband/synchronizer_top_inst/time_sync_inst/u_sum/axis_ram_srl_inst/u_fifo/u_dds_i_22/O
                         net (fo=1, routed)           0.311     4.808    u_rx_baseband/synchronizer_top_inst/time_sync_inst/u_cmpy_power/u_mult_reg/u_dds_i_18
    SLICE_X10Y77         LUT6 (Prop_H6LUT_SLICEM_I2_O)
                                                      0.090     4.898 r  u_rx_baseband/synchronizer_top_inst/time_sync_inst/u_cmpy_power/u_mult_reg/u_dds_i_21/O
                         net (fo=3, routed)           0.330     5.229    u_rx_baseband/synchronizer_top_inst/frame_detection_inst/u_cmpy_freq_correct/u_mult_reg/m_out_tdata[17]_i_5_0
    SLICE_X9Y83          LUT6 (Prop_H6LUT_SLICEL_I2_O)
                                                      0.051     5.280 r  u_rx_baseband/synchronizer_top_inst/frame_detection_inst/u_cmpy_freq_correct/u_mult_reg/u_dds_i_18/O
                         net (fo=3, routed)           0.381     5.660    u_rx_baseband/synchronizer_top_inst/frame_detection_inst/u_energy_reg/m_out_tdata[17]_i_4_0
    SLICE_X10Y95         LUT6 (Prop_H6LUT_SLICEM_I1_O)
                                                      0.039     5.699 r  u_rx_baseband/synchronizer_top_inst/frame_detection_inst/u_energy_reg/m_out_tdata[17]_i_5/O
                         net (fo=1, routed)           0.286     5.985    u_rx_baseband/synchronizer_top_inst/frame_detection_inst/u_energy_reg/ready_q[6]_10
    SLICE_X10Y113        LUT6 (Prop_G6LUT_SLICEM_I2_O)
                                                      0.037     6.022 r  u_rx_baseband/synchronizer_top_inst/frame_detection_inst/u_energy_reg/m_out_tdata[17]_i_4/O
                         net (fo=1, routed)           0.369     6.391    u_rx_baseband/synchronizer_top_inst/frame_detection_inst/u_energy_reg/m_out_tdata[17]_i_4_n_0
    SLICE_X13Y113        LUT4 (Prop_A6LUT_SLICEM_I1_O)
                                                      0.053     6.444 r  u_rx_baseband/synchronizer_top_inst/frame_detection_inst/u_energy_reg/m_out_tdata[17]_i_3/O
                         net (fo=18, routed)          0.166     6.610    u_rx_baseband/synchronizer_top_inst/frame_detection_inst/u_corr_real/axis_ram_srl_inst/u_fifo/m_out_tdata_reg[0]_0
    SLICE_X14Y113        LUT6 (Prop_G6LUT_SLICEL_I4_O)
                                                      0.050     6.660 r  u_rx_baseband/synchronizer_top_inst/frame_detection_inst/u_corr_real/axis_ram_srl_inst/u_fifo/genblk1[0].valid_q[0]_i_2__3/O
                         net (fo=7, routed)           0.249     6.909    u_rx_baseband/synchronizer_top_inst/frame_detection_inst/u_product/u_mult_reg/genblk1[0].valid_q_reg[0]_3
    SLICE_X19Y113        LUT4 (Prop_C5LUT_SLICEL_I1_O)
                                                      0.068     6.977 r  u_rx_baseband/synchronizer_top_inst/frame_detection_inst/u_product/u_mult_reg/s_in_tdata0_i_1__0/O
                         net (fo=15, routed)          0.140     7.117    u_rx_baseband/synchronizer_top_inst/frame_detection_inst/u_broadcast/genblk1[1].u_reg/dly_v_reg
    SLICE_X20Y114        LUT5 (Prop_C5LUT_SLICEM_I0_O)
                                                      0.111     7.228 r  u_rx_baseband/synchronizer_top_inst/frame_detection_inst/u_broadcast/genblk1[1].u_reg/u_rf_i_1/O
                         net (fo=1, routed)           0.197     7.425    u_rf/rx_ready
    SLICE_X20Y119        LUT2 (Prop_H6LUT_SLICEM_I0_O)
                                                      0.053     7.478 r  u_rf/u_adc_fifo_i_2/O
                         net (fo=10, routed)          1.374     8.852    jscc_rx_ps_top/ad9361_top/fifo_async/<hidden>/<hidden>/<hidden>/<hidden>/<hidden>/<hidden>
    SLICE_X44Y134        LUT5 (Prop_E6LUT_SLICEL_I1_O)
                                                      0.035     8.887 r  jscc_rx_ps_top/ad9361_top/fifo_async/<hidden>/<hidden>/<hidden>/<hidden>/<hidden>/<hidden>
                         net (fo=1, routed)           0.211     9.098    u_rf/u_adc_fifo/U0/inst_fifo_gen/gconvfifo.rf/grf.rf/gntv_or_sync_fifo.mem/gbm.gbmg.gbmgb.ngecc.bmg/inst_blk_mem_gen/gnbram.gnativebmg.native_blk_mem_gen/valid.cstr/ramloop[0].ram.r/prim_noinit.ram/enb
    SLICE_X48Y134        LUT5 (Prop_H6LUT_SLICEL_I4_O)
                                                      0.099     9.197 r  u_rf/u_adc_fifo/U0/inst_fifo_gen/gconvfifo.rf/grf.rf/gntv_or_sync_fifo.mem/gbm.gbmg.gbmgb.ngecc.bmg/inst_blk_mem_gen/gnbram.gnativebmg.native_blk_mem_gen/valid.cstr/ramloop[0].ram.r/prim_noinit.ram/DEVICE_8SERIES.NO_BMM_INFO.SDP.SIMPLE_PRIM36.ram_ENBWREN_cooolgate_en_gate_137_LOPT_REMAP/O
                         net (fo=1, routed)           0.350     9.547    u_rf/u_adc_fifo/U0/inst_fifo_gen/gconvfifo.rf/grf.rf/gntv_or_sync_fifo.mem/gbm.gbmg.gbmgb.ngecc.bmg/inst_blk_mem_gen/gnbram.gnativebmg.native_blk_mem_gen/valid.cstr/ramloop[0].ram.r/prim_noinit.ram/DEVICE_8SERIES.NO_BMM_INFO.SDP.SIMPLE_PRIM36.ram_ENBWREN_cooolgate_en_sig_45
    RAMB36_X1Y27         RAMB36E2                                     r  u_rf/u_adc_fifo/U0/inst_fifo_gen/gconvfifo.rf/grf.rf/gntv_or_sync_fifo.mem/gbm.gbmg.gbmgb.ngecc.bmg/inst_blk_mem_gen/gnbram.gnativebmg.native_blk_mem_gen/valid.cstr/ramloop[0].ram.r/prim_noinit.ram/DEVICE_8SERIES.NO_BMM_INFO.SDP.SIMPLE_PRIM36.ram/ENBWREN
  -------------------------------------------------------------------    -------------------

                         (clock clk_100M_clk_gen rise edge)
                                                     10.000    10.000 r  
    K4                                                0.000    10.000 r  sysclk_p (IN)
                         net (fo=0)                   0.079    10.079    u_clk/inst/clkin1_ibufds/I
    HPIOBDIFFINBUF_X0Y58 DIFFINBUF (Prop_DIFFINBUF_HPIOBDIFFINBUF_DIFF_IN_P_O)
                                                      0.533    10.612 r  u_clk/inst/clkin1_ibufds/DIFFINBUF_INST/O
                         net (fo=1, routed)           0.040    10.652    u_clk/inst/clkin1_ibufds/OUT
    K4                   IBUFCTRL (Prop_IBUFCTRL_HPIOB_M_I_O)
                                                      0.000    10.652 r  u_clk/inst/clkin1_ibufds/IBUFCTRL_INST/O
                         net (fo=1, routed)           0.300    10.952    u_clk/inst/clk_in1_clk_gen_buf
    BUFGCE_X0Y64         BUFGCE (Prop_BUFCE_BUFGCE_I_O)
                                                      0.024    10.976 r  u_clk/inst/clkin1_bufg1/O
                         net (fo=1, routed)           0.480    11.456    u_clk/inst/clk_in1_clk_gen
    MMCM_X0Y2            MMCME4_ADV (Prop_MMCM_CLKIN1_CLKOUT0)
                                                      0.630    12.086 r  u_clk/inst/mmcme4_adv_inst/CLKOUT0
                         net (fo=1, routed)           0.214    12.300    u_clk/inst/clk_100M_clk_gen
    BUFGCE_X0Y68         BUFGCE (Prop_BUFCE_BUFGCE_I_O)
                                                      0.024    12.324 r  u_clk/inst/clkout1_buf/O
    X1Y2 (CLOCK_ROOT)    net (fo=30208, routed)       1.265    13.589    u_rf/u_adc_fifo/U0/inst_fifo_gen/gconvfifo.rf/grf.rf/gntv_or_sync_fifo.mem/gbm.gbmg.gbmgb.ngecc.bmg/inst_blk_mem_gen/gnbram.gnativebmg.native_blk_mem_gen/valid.cstr/ramloop[0].ram.r/prim_noinit.ram/clkb
    RAMB36_X1Y27         RAMB36E2                                     r  u_rf/u_adc_fifo/U0/inst_fifo_gen/gconvfifo.rf/grf.rf/gntv_or_sync_fifo.mem/gbm.gbmg.gbmgb.ngecc.bmg/inst_blk_mem_gen/gnbram.gnativebmg.native_blk_mem_gen/valid.cstr/ramloop[0].ram.r/prim_noinit.ram/DEVICE_8SERIES.NO_BMM_INFO.SDP.SIMPLE_PRIM36.ram/CLKBWRCLK
                         clock pessimism             -0.464    13.125    
                         clock uncertainty           -0.072    13.053    
    RAMB36_X1Y27         RAMB36E2 (Setup_RAMB36E2_RAMB36_CLKBWRCLK_ENBWREN)
                                                     -0.342    12.711    u_rf/u_adc_fifo/U0/inst_fifo_gen/gconvfifo.rf/grf.rf/gntv_or_sync_fifo.mem/gbm.gbmg.gbmgb.ngecc.bmg/inst_blk_mem_gen/gnbram.gnativebmg.native_blk_mem_gen/valid.cstr/ramloop[0].ram.r/prim_noinit.ram/DEVICE_8SERIES.NO_BMM_INFO.SDP.SIMPLE_PRIM36.ram
  -------------------------------------------------------------------
                         required time                         12.711    
                         arrival time                          -9.547    
  -------------------------------------------------------------------
                         slack                                  3.164    





Min Delay Paths
--------------------------------------------------------------------------------------
Slack (MET) :             0.010ns  (arrival time - required time)
  Source:                 u_ps/ps_rx_i/cap_dma/U0/I_PRMRY_DATAMOVER/GEN_S2MM_FULL.I_S2MM_FULL_WRAPPER/I_ADDR_CNTL/sig_next_len_reg_reg[5]/C
                            (rising edge-triggered cell FDRE clocked by clk_100M_clk_gen  {rise@0.000ns fall@5.000ns period=10.000ns})
  Destination:            u_ps/ps_rx_i/sc_mem/inst/s01_entry_pipeline/s01_mmu/inst/aw_sreg/skid_buffer_reg[1130]/D
                            (rising edge-triggered cell FDRE clocked by clk_100M_clk_gen  {rise@0.000ns fall@5.000ns period=10.000ns})
  Path Group:             clk_100M_clk_gen
  Path Type:              Hold (Min at Slow Process Corner)
  Requirement:            0.000ns  (clk_100M_clk_gen rise@0.000ns - clk_100M_clk_gen rise@0.000ns)
  Data Path Delay:        0.255ns  (logic 0.058ns (22.745%)  route 0.197ns (77.255%))
  Logic Levels:           0  
  Clock Path Skew:        0.183ns (DCD - SCD - CPR)
    Destination Clock Delay (DCD):    3.328ns
    Source Clock Delay      (SCD):    3.609ns
    Clock Pessimism Removal (CPR):    -0.464ns
  Clock Net Delay (Source):      1.285ns (routing 0.155ns, distribution 1.130ns)
  Clock Net Delay (Destination): 1.484ns (routing 0.171ns, distribution 1.313ns)

    Location             Delay type                Incr(ns)  Path(ns)    Netlist Resource(s)
  -------------------------------------------------------------------    -------------------
                         (clock clk_100M_clk_gen rise edge)
                                                      0.000     0.000 r  
    K4                                                0.000     0.000 r  sysclk_p (IN)
                         net (fo=0)                   0.079     0.079    u_clk/inst/clkin1_ibufds/I
    HPIOBDIFFINBUF_X0Y58 DIFFINBUF (Prop_DIFFINBUF_HPIOBDIFFINBUF_DIFF_IN_P_O)
                                                      0.533     0.612 r  u_clk/inst/clkin1_ibufds/DIFFINBUF_INST/O
                         net (fo=1, routed)           0.040     0.652    u_clk/inst/clkin1_ibufds/OUT
    K4                   IBUFCTRL (Prop_IBUFCTRL_HPIOB_M_I_O)
                                                      0.000     0.652 r  u_clk/inst/clkin1_ibufds/IBUFCTRL_INST/O
                         net (fo=1, routed)           0.300     0.952    u_clk/inst/clk_in1_clk_gen_buf
    BUFGCE_X0Y64         BUFGCE (Prop_BUFCE_BUFGCE_I_O)
                                                      0.024     0.976 r  u_clk/inst/clkin1_bufg1/O
                         net (fo=1, routed)           0.480     1.456    u_clk/inst/clk_in1_clk_gen
    MMCM_X0Y2            MMCME4_ADV (Prop_MMCM_CLKIN1_CLKOUT0)
                                                      0.630     2.086 r  u_clk/inst/mmcme4_adv_inst/CLKOUT0
                         net (fo=1, routed)           0.214     2.300    u_clk/inst/clk_100M_clk_gen
    BUFGCE_X0Y68         BUFGCE (Prop_BUFCE_BUFGCE_I_O)
                                                      0.024     2.324 r  u_clk/inst/clkout1_buf/O
    X1Y2 (CLOCK_ROOT)    net (fo=30208, routed)       1.285     3.609    u_ps/ps_rx_i/cap_dma/U0/I_PRMRY_DATAMOVER/GEN_S2MM_FULL.I_S2MM_FULL_WRAPPER/I_ADDR_CNTL/m_axi_s2mm_aclk
    SLICE_X4Y120         FDRE                                         r  u_ps/ps_rx_i/cap_dma/U0/I_PRMRY_DATAMOVER/GEN_S2MM_FULL.I_S2MM_FULL_WRAPPER/I_ADDR_CNTL/sig_next_len_reg_reg[5]/C
  -------------------------------------------------------------------    -------------------
    SLICE_X4Y120         FDRE (Prop_EFF_SLICEM_C_Q)
                                                      0.058     3.667 r  u_ps/ps_rx_i/cap_dma/U0/I_PRMRY_DATAMOVER/GEN_S2MM_FULL.I_S2MM_FULL_WRAPPER/I_ADDR_CNTL/sig_next_len_reg_reg[5]/Q
                         net (fo=2, routed)           0.197     3.864    u_ps/ps_rx_i/sc_mem/inst/s01_entry_pipeline/s01_mmu/inst/aw_sreg/skid_buffer_reg[1144]_0[42]
    SLICE_X3Y114         FDRE                                         r  u_ps/ps_rx_i/sc_mem/inst/s01_entry_pipeline/s01_mmu/inst/aw_sreg/skid_buffer_reg[1130]/D
  -------------------------------------------------------------------    -------------------

                         (clock clk_100M_clk_gen rise edge)
                                                      0.000     0.000 r  
    K4                                                0.000     0.000 r  sysclk_p (IN)
                         net (fo=0)                   0.100     0.100    u_clk/inst/clkin1_ibufds/I
    HPIOBDIFFINBUF_X0Y58 DIFFINBUF (Prop_DIFFINBUF_HPIOBDIFFINBUF_DIFF_IN_P_O)
                                                      0.643     0.743 r  u_clk/inst/clkin1_ibufds/DIFFINBUF_INST/O
                         net (fo=1, routed)           0.050     0.793    u_clk/inst/clkin1_ibufds/OUT
    K4                   IBUFCTRL (Prop_IBUFCTRL_HPIOB_M_I_O)
                                                      0.000     0.793 r  u_clk/inst/clkin1_ibufds/IBUFCTRL_INST/O
                         net (fo=1, routed)           0.336     1.129    u_clk/inst/clk_in1_clk_gen_buf
    BUFGCE_X0Y64         BUFGCE (Prop_BUFCE_BUFGCE_I_O)
                                                      0.028     1.157 r  u_clk/inst/clkin1_bufg1/O
                         net (fo=1, routed)           0.542     1.699    u_clk/inst/clk_in1_clk_gen
    MMCM_X0Y2            MMCME4_ADV (Prop_MMCM_CLKIN1_CLKOUT0)
                                                     -0.127     1.572 r  u_clk/inst/mmcme4_adv_inst/CLKOUT0
                         net (fo=1, routed)           0.244     1.816    u_clk/inst/clk_100M_clk_gen
    BUFGCE_X0Y68         BUFGCE (Prop_BUFCE_BUFGCE_I_O)
                                                      0.028     1.844 r  u_clk/inst/clkout1_buf/O
    X1Y2 (CLOCK_ROOT)    net (fo=30208, routed)       1.484     3.328    u_ps/ps_rx_i/sc_mem/inst/s01_entry_pipeline/s01_mmu/inst/aw_sreg/aclk
    SLICE_X3Y114         FDRE                                         r  u_ps/ps_rx_i/sc_mem/inst/s01_entry_pipeline/s01_mmu/inst/aw_sreg/skid_buffer_reg[1130]/C
                         clock pessimism              0.464     3.792    
    SLICE_X3Y114         FDRE (Hold_GFF2_SLICEL_C_D)
                                                      0.062     3.854    u_ps/ps_rx_i/sc_mem/inst/s01_entry_pipeline/s01_mmu/inst/aw_sreg/skid_buffer_reg[1130]
  -------------------------------------------------------------------
                         required time                         -3.854    
                         arrival time                           3.864    
  -------------------------------------------------------------------
                         slack                                  0.010    





Pulse Width Checks
--------------------------------------------------------------------------------------
Clock Name:         clk_100M_clk_gen
Waveform(ns):       { 0.000 5.000 }
Period(ns):         10.000
Sources:            { u_clk/inst/mmcme4_adv_inst/CLKOUT0 }

Check Type        Corner  Lib Pin          Reference Pin  Required(ns)  Actual(ns)  Slack(ns)  Location  Pin
Min Period        n/a     PS8/MAXIGP2ACLK  n/a            3.000         10.000      7.000      PS8_X0Y0  u_ps/ps_rx_i/ps_e_0/inst/PS8_i/MAXIGP2ACLK
Low Pulse Width   Slow    PS8/MAXIGP2ACLK  n/a            1.500         5.000       3.500      PS8_X0Y0  u_ps/ps_rx_i/ps_e_0/inst/PS8_i/MAXIGP2ACLK
High Pulse Width  Slow    PS8/MAXIGP2ACLK  n/a            1.500         5.000       3.500      PS8_X0Y0  u_ps/ps_rx_i/ps_e_0/inst/PS8_i/MAXIGP2ACLK



---------------------------------------------------------------------------------------------------
From Clock:  clk_20M_clk_gen
  To Clock:  clk_20M_clk_gen

Setup :            0  Failing Endpoints,  Worst Slack       45.326ns,  Total Violation        0.000ns
Hold  :            0  Failing Endpoints,  Worst Slack        0.030ns,  Total Violation        0.000ns
PW    :            0  Failing Endpoints,  Worst Slack       24.458ns,  Total Violation        0.000ns
---------------------------------------------------------------------------------------------------


Max Delay Paths
--------------------------------------------------------------------------------------
Slack (MET) :             45.326ns  (required time - arrival time)
  Source:                 u_rf/u_ad9361_config/ad9361_config_lut_reg_reg_0/CLKARDCLK
                            (rising edge-triggered cell RAMB36E2 clocked by clk_20M_clk_gen  {rise@0.000ns fall@25.000ns period=50.000ns})
  Destination:            u_rf/u_ad9361_config/delay_cnt_reg[2]/CE
                            (rising edge-triggered cell FDCE clocked by clk_20M_clk_gen  {rise@0.000ns fall@25.000ns period=50.000ns})
  Path Group:             clk_20M_clk_gen
  Path Type:              Setup (Max at Slow Process Corner)
  Requirement:            50.000ns  (clk_20M_clk_gen rise@50.000ns - clk_20M_clk_gen rise@0.000ns)
  Data Path Delay:        4.312ns  (logic 1.343ns (31.149%)  route 2.969ns (68.851%))
  Logic Levels:           4  (LUT2=1 LUT3=1 LUT5=1 LUT6=1)
  Clock Path Skew:        -0.208ns (DCD - SCD + CPR)
    Destination Clock Delay (DCD):    3.477ns = ( 53.477 - 50.000 ) 
    Source Clock Delay      (SCD):    3.280ns
    Clock Pessimism Removal (CPR):    -0.405ns
  Clock Uncertainty:      0.093ns  ((TSJ^2 + DJ^2)^1/2) / 2 + PE
    Total System Jitter     (TSJ):    0.071ns
    Discrete Jitter          (DJ):    0.173ns
    Phase Error              (PE):    0.000ns
  Clock Net Delay (Source):      1.429ns (routing 0.171ns, distribution 1.258ns)
  Clock Net Delay (Destination): 1.147ns (routing 0.155ns, distribution 0.992ns)

    Location             Delay type                Incr(ns)  Path(ns)    Netlist Resource(s)
  -------------------------------------------------------------------    -------------------
                         (clock clk_20M_clk_gen rise edge)
                                                      0.000     0.000 r  
    K4                                                0.000     0.000 r  sysclk_p (IN)
                         net (fo=0)                   0.100     0.100    u_clk/inst/clkin1_ibufds/I
    HPIOBDIFFINBUF_X0Y58 DIFFINBUF (Prop_DIFFINBUF_HPIOBDIFFINBUF_DIFF_IN_P_O)
                                                      0.643     0.743 r  u_clk/inst/clkin1_ibufds/DIFFINBUF_INST/O
                         net (fo=1, routed)           0.050     0.793    u_clk/inst/clkin1_ibufds/OUT
    K4                   IBUFCTRL (Prop_IBUFCTRL_HPIOB_M_I_O)
                                                      0.000     0.793 r  u_clk/inst/clkin1_ibufds/IBUFCTRL_INST/O
                         net (fo=1, routed)           0.336     1.129    u_clk/inst/clk_in1_clk_gen_buf
    BUFGCE_X0Y64         BUFGCE (Prop_BUFCE_BUFGCE_I_O)
                                                      0.028     1.157 r  u_clk/inst/clkin1_bufg1/O
                         net (fo=1, routed)           0.542     1.699    u_clk/inst/clk_in1_clk_gen
    MMCM_X0Y2            MMCME4_ADV (Prop_MMCM_CLKIN1_CLKOUT1)
                                                     -0.127     1.572 r  u_clk/inst/mmcme4_adv_inst/CLKOUT1
                         net (fo=1, routed)           0.251     1.823    u_clk/inst/clk_20M_clk_gen
    BUFGCE_X0Y69         BUFGCE (Prop_BUFCE_BUFGCE_I_O)
                                                      0.028     1.851 r  u_clk/inst/clkout2_buf/O
    X1Y2 (CLOCK_ROOT)    net (fo=1100, routed)        1.429     3.280    u_rf/u_ad9361_config/I_clk
    RAMB36_X2Y31         RAMB36E2                                     r  u_rf/u_ad9361_config/ad9361_config_lut_reg_reg_0/CLKARDCLK
  -------------------------------------------------------------------    -------------------
    RAMB36_X2Y31         RAMB36E2 (Prop_RAMB36E2_RAMB36_CLKARDCLK_DOUTADOUT[12])
                                                      0.895     4.175 r  u_rf/u_ad9361_config/ad9361_config_lut_reg_reg_0/DOUTADOUT[12]
                         net (fo=9, routed)           1.601     5.776    u_rf/u_ad9361_config/ad9361_config_lut_reg_reg[12]
    SLICE_X12Y161        LUT2 (Prop_H6LUT_SLICEM_I1_O)
                                                      0.152     5.928 r  u_rf/u_ad9361_config/FSM_sequential_state[2]_i_26/O
                         net (fo=2, routed)           0.054     5.982    u_rf/u_ad9361_config/FSM_sequential_state[2]_i_26_n_0
    SLICE_X12Y161        LUT6 (Prop_C6LUT_SLICEM_I3_O)
                                                      0.123     6.105 f  u_rf/u_ad9361_config/FSM_sequential_state[2]_i_15/O
                         net (fo=1, routed)           0.171     6.276    u_rf/u_ad9361_config/FSM_sequential_state[2]_i_15_n_0
    SLICE_X12Y162        LUT5 (Prop_G6LUT_SLICEM_I2_O)
                                                      0.123     6.399 r  u_rf/u_ad9361_config/FSM_sequential_state[2]_i_4/O
                         net (fo=2, routed)           0.147     6.546    u_rf/u_ad9361_config/FSM_sequential_state[2]_i_4_n_0
    SLICE_X11Y162        LUT3 (Prop_C6LUT_SLICEL_I0_O)
                                                      0.050     6.596 r  u_rf/u_ad9361_config/delay_cnt[31]_i_1/O
                         net (fo=32, routed)          0.996     7.592    u_rf/u_ad9361_config/delay_cnt[31]_i_1_n_0
    SLICE_X8Y164         FDCE                                         r  u_rf/u_ad9361_config/delay_cnt_reg[2]/CE
  -------------------------------------------------------------------    -------------------

                         (clock clk_20M_clk_gen rise edge)
                                                     50.000    50.000 r  
    K4                                                0.000    50.000 r  sysclk_p (IN)
                         net (fo=0)                   0.079    50.079    u_clk/inst/clkin1_ibufds/I
    HPIOBDIFFINBUF_X0Y58 DIFFINBUF (Prop_DIFFINBUF_HPIOBDIFFINBUF_DIFF_IN_P_O)
                                                      0.533    50.612 r  u_clk/inst/clkin1_ibufds/DIFFINBUF_INST/O
                         net (fo=1, routed)           0.040    50.652    u_clk/inst/clkin1_ibufds/OUT
    K4                   IBUFCTRL (Prop_IBUFCTRL_HPIOB_M_I_O)
                                                      0.000    50.652 r  u_clk/inst/clkin1_ibufds/IBUFCTRL_INST/O
                         net (fo=1, routed)           0.300    50.952    u_clk/inst/clk_in1_clk_gen_buf
    BUFGCE_X0Y64         BUFGCE (Prop_BUFCE_BUFGCE_I_O)
                                                      0.024    50.976 r  u_clk/inst/clkin1_bufg1/O
                         net (fo=1, routed)           0.480    51.456    u_clk/inst/clk_in1_clk_gen
    MMCM_X0Y2            MMCME4_ADV (Prop_MMCM_CLKIN1_CLKOUT1)
                                                      0.630    52.086 r  u_clk/inst/mmcme4_adv_inst/CLKOUT1
                         net (fo=1, routed)           0.220    52.306    u_clk/inst/clk_20M_clk_gen
    BUFGCE_X0Y69         BUFGCE (Prop_BUFCE_BUFGCE_I_O)
                                                      0.024    52.330 r  u_clk/inst/clkout2_buf/O
    X1Y2 (CLOCK_ROOT)    net (fo=1100, routed)        1.147    53.477    u_rf/u_ad9361_config/I_clk
    SLICE_X8Y164         FDCE                                         r  u_rf/u_ad9361_config/delay_cnt_reg[2]/C
                         clock pessimism             -0.405    53.072    
                         clock uncertainty           -0.093    52.979    
    SLICE_X8Y164         FDCE (Setup_DFF_SLICEM_C_CE)
                                                     -0.061    52.918    u_rf/u_ad9361_config/delay_cnt_reg[2]
  -------------------------------------------------------------------
                         required time                         52.918    
                         arrival time                          -7.592    
  -------------------------------------------------------------------
                         slack                                 45.326    





Min Delay Paths
--------------------------------------------------------------------------------------
Slack (MET) :             0.030ns  (arrival time - required time)
  Source:                 jscc_rx_ps_top/ad9361_top/vio_spi/<hidden>/<hidden>
                            (rising edge-triggered cell FDRE clocked by clk_20M_clk_gen  {rise@0.000ns fall@25.000ns period=50.000ns})
  Destination:            jscc_rx_ps_top/ad9361_top/vio_spi/<hidden>/<hidden>
                            (rising edge-triggered cell FDRE clocked by clk_20M_clk_gen  {rise@0.000ns fall@25.000ns period=50.000ns})
  Path Group:             clk_20M_clk_gen
  Path Type:              Hold (Min at Fast Process Corner)
  Requirement:            0.000ns  (clk_20M_clk_gen rise@0.000ns - clk_20M_clk_gen rise@0.000ns)
  Data Path Delay:        0.082ns  (logic 0.039ns (47.561%)  route 0.043ns (52.439%))
  Logic Levels:           0  
  Clock Path Skew:        0.006ns (DCD - SCD - CPR)
    Destination Clock Delay (DCD):    1.801ns
    Source Clock Delay      (SCD):    1.996ns
    Clock Pessimism Removal (CPR):    -0.201ns
  Clock Net Delay (Source):      0.658ns (routing 0.096ns, distribution 0.562ns)
  Clock Net Delay (Destination): 0.751ns (routing 0.108ns, distribution 0.643ns)

    Location             Delay type                Incr(ns)  Path(ns)    Netlist Resource(s)
  -------------------------------------------------------------------    -------------------
                         (clock clk_20M_clk_gen rise edge)
                                                      0.000     0.000 r  
    K4                                                0.000     0.000 r  sysclk_p (IN)
                         net (fo=0)                   0.079     0.079    u_clk/inst/clkin1_ibufds/I
    HPIOBDIFFINBUF_X0Y58 DIFFINBUF (Prop_DIFFINBUF_HPIOBDIFFINBUF_DIFF_IN_P_O)
                                                      0.309     0.388 r  u_clk/inst/clkin1_ibufds/DIFFINBUF_INST/O
                         net (fo=1, routed)           0.040     0.428    u_clk/inst/clkin1_ibufds/OUT
    K4                   IBUFCTRL (Prop_IBUFCTRL_HPIOB_M_I_O)
                                                      0.000     0.428 r  u_clk/inst/clkin1_ibufds/IBUFCTRL_INST/O
                         net (fo=1, routed)           0.194     0.622    u_clk/inst/clk_in1_clk_gen_buf
    BUFGCE_X0Y64         BUFGCE (Prop_BUFCE_BUFGCE_I_O)
                                                      0.017     0.639 r  u_clk/inst/clkin1_bufg1/O
                         net (fo=1, routed)           0.303     0.942    u_clk/inst/clk_in1_clk_gen
    MMCM_X0Y2            MMCME4_ADV (Prop_MMCM_CLKIN1_CLKOUT1)
                                                      0.230     1.172 r  u_clk/inst/mmcme4_adv_inst/CLKOUT1
                         net (fo=1, routed)           0.149     1.321    u_clk/inst/clk_20M_clk_gen
    BUFGCE_X0Y69         BUFGCE (Prop_BUFCE_BUFGCE_I_O)
                                                      0.017     1.338 r  u_clk/inst/clkout2_buf/O
    X1Y2 (CLOCK_ROOT)    net (fo=1100, routed)        0.658     1.996    jscc_rx_ps_top/ad9361_top/vio_spi/<hidden>/<hidden>
    SLICE_X30Y161        FDRE                                         r  jscc_rx_ps_top/ad9361_top/vio_spi/<hidden>/<hidden>
  -------------------------------------------------------------------    -------------------
    SLICE_X30Y161        FDRE (Prop_FFF_SLICEL_C_Q)
                                                      0.039     2.035 r  jscc_rx_ps_top/ad9361_top/vio_spi/<hidden>/<hidden>
                         net (fo=2, routed)           0.043     2.078    jscc_rx_ps_top/ad9361_top/vio_spi/<hidden>/<hidden>
    SLICE_X30Y161        FDRE                                         r  jscc_rx_ps_top/ad9361_top/vio_spi/<hidden>/<hidden>
  -------------------------------------------------------------------    -------------------

                         (clock clk_20M_clk_gen rise edge)
                                                      0.000     0.000 r  
    K4                                                0.000     0.000 r  sysclk_p (IN)
                         net (fo=0)                   0.100     0.100    u_clk/inst/clkin1_ibufds/I
    HPIOBDIFFINBUF_X0Y58 DIFFINBUF (Prop_DIFFINBUF_HPIOBDIFFINBUF_DIFF_IN_P_O)
                                                      0.414     0.514 r  u_clk/inst/clkin1_ibufds/DIFFINBUF_INST/O
                         net (fo=1, routed)           0.050     0.564    u_clk/inst/clkin1_ibufds/OUT
    K4                   IBUFCTRL (Prop_IBUFCTRL_HPIOB_M_I_O)
                                                      0.000     0.564 r  u_clk/inst/clkin1_ibufds/IBUFCTRL_INST/O
                         net (fo=1, routed)           0.235     0.799    u_clk/inst/clk_in1_clk_gen_buf
    BUFGCE_X0Y64         BUFGCE (Prop_BUFCE_BUFGCE_I_O)
                                                      0.019     0.818 r  u_clk/inst/clkin1_bufg1/O
                         net (fo=1, routed)           0.338     1.156    u_clk/inst/clk_in1_clk_gen
    MMCM_X0Y2            MMCME4_ADV (Prop_MMCM_CLKIN1_CLKOUT1)
                                                     -0.295     0.861 r  u_clk/inst/mmcme4_adv_inst/CLKOUT1
                         net (fo=1, routed)           0.170     1.031    u_clk/inst/clk_20M_clk_gen
    BUFGCE_X0Y69         BUFGCE (Prop_BUFCE_BUFGCE_I_O)
                                                      0.019     1.050 r  u_clk/inst/clkout2_buf/O
    X1Y2 (CLOCK_ROOT)    net (fo=1100, routed)        0.751     1.801    jscc_rx_ps_top/ad9361_top/vio_spi/<hidden>/<hidden>
    SLICE_X30Y161        FDRE                                         r  jscc_rx_ps_top/ad9361_top/vio_spi/<hidden>/<hidden>
                         clock pessimism              0.201     2.002    
    SLICE_X30Y161        FDRE (Hold_FFF_SLICEL_C_D)
                                                      0.046     2.048    jscc_rx_ps_top/ad9361_top/vio_spi/<hidden>/<hidden>
  -------------------------------------------------------------------
                         required time                         -2.048    
                         arrival time                           2.078    
  -------------------------------------------------------------------
                         slack                                  0.030    





Pulse Width Checks
--------------------------------------------------------------------------------------
Clock Name:         clk_20M_clk_gen
Waveform(ns):       { 0.000 25.000 }
Period(ns):         50.000
Sources:            { u_clk/inst/mmcme4_adv_inst/CLKOUT1 }

Check Type        Corner  Lib Pin             Reference Pin  Required(ns)  Actual(ns)  Slack(ns)  Location      Pin
Min Period        n/a     RAMB36E2/CLKARDCLK  n/a            1.355         50.000      48.645     RAMB36_X2Y31  u_rf/u_ad9361_config/ad9361_config_lut_reg_reg_0/CLKARDCLK
Low Pulse Width   Slow    RAMB36E2/CLKARDCLK  n/a            0.542         25.000      24.458     RAMB36_X2Y31  u_rf/u_ad9361_config/ad9361_config_lut_reg_reg_0/CLKARDCLK
High Pulse Width  Slow    RAMB36E2/CLKARDCLK  n/a            0.542         25.000      24.458     RAMB36_X2Y31  u_rf/u_ad9361_config/ad9361_config_lut_reg_reg_0/CLKARDCLK



---------------------------------------------------------------------------------------------------
From Clock:  clk_250M_clk_gen
  To Clock:  clk_250M_clk_gen

Setup :            0  Failing Endpoints,  Worst Slack        0.234ns,  Total Violation        0.000ns
Hold  :            0  Failing Endpoints,  Worst Slack        0.011ns,  Total Violation        0.000ns
PW    :            0  Failing Endpoints,  Worst Slack        1.300ns,  Total Violation        0.000ns
---------------------------------------------------------------------------------------------------


Max Delay Paths
--------------------------------------------------------------------------------------
Slack (MET) :             0.234ns  (required time - arrival time)
  Source:                 u_decoder/u_fifo_dec_5_b2_out_b/g_packed.o_rp_reg[1]/C
                            (rising edge-triggered cell FDCE clocked by clk_250M_clk_gen  {rise@0.000ns fall@2.000ns period=4.000ns})
  Destination:            u_decoder/u_dec_5_b2_out/pb1_reg[29]/D
                            (rising edge-triggered cell FDRE clocked by clk_250M_clk_gen  {rise@0.000ns fall@2.000ns period=4.000ns})
  Path Group:             clk_250M_clk_gen
  Path Type:              Setup (Max at Slow Process Corner)
  Requirement:            4.000ns  (clk_250M_clk_gen rise@4.000ns - clk_250M_clk_gen rise@0.000ns)
  Data Path Delay:        3.649ns  (logic 0.910ns (24.939%)  route 2.739ns (75.061%))
  Logic Levels:           8  (CARRY8=4 LUT2=1 LUT3=1 LUT5=1 RAMD32=1)
  Clock Path Skew:        -0.079ns (DCD - SCD + CPR)
    Destination Clock Delay (DCD):    3.581ns = ( 7.581 - 4.000 ) 
    Source Clock Delay      (SCD):    3.272ns
    Clock Pessimism Removal (CPR):    -0.388ns
  Clock Uncertainty:      0.063ns  ((TSJ^2 + DJ^2)^1/2) / 2 + PE
    Total System Jitter     (TSJ):    0.071ns
    Discrete Jitter          (DJ):    0.105ns
    Phase Error              (PE):    0.000ns
  Clock Net Delay (Source):      1.424ns (routing 0.171ns, distribution 1.253ns)
  Clock Net Delay (Destination): 1.254ns (routing 0.155ns, distribution 1.099ns)

    Location             Delay type                Incr(ns)  Path(ns)    Netlist Resource(s)
  -------------------------------------------------------------------    -------------------
                         (clock clk_250M_clk_gen rise edge)
                                                      0.000     0.000 r  
    K4                                                0.000     0.000 r  sysclk_p (IN)
                         net (fo=0)                   0.100     0.100    u_clk/inst/clkin1_ibufds/I
    HPIOBDIFFINBUF_X0Y58 DIFFINBUF (Prop_DIFFINBUF_HPIOBDIFFINBUF_DIFF_IN_P_O)
                                                      0.643     0.743 r  u_clk/inst/clkin1_ibufds/DIFFINBUF_INST/O
                         net (fo=1, routed)           0.050     0.793    u_clk/inst/clkin1_ibufds/OUT
    K4                   IBUFCTRL (Prop_IBUFCTRL_HPIOB_M_I_O)
                                                      0.000     0.793 r  u_clk/inst/clkin1_ibufds/IBUFCTRL_INST/O
                         net (fo=1, routed)           0.336     1.129    u_clk/inst/clk_in1_clk_gen_buf
    BUFGCE_X0Y64         BUFGCE (Prop_BUFCE_BUFGCE_I_O)
                                                      0.028     1.157 r  u_clk/inst/clkin1_bufg1/O
                         net (fo=1, routed)           0.542     1.699    u_clk/inst/clk_in1_clk_gen
    MMCM_X0Y2            MMCME4_ADV (Prop_MMCM_CLKIN1_CLKOUT2)
                                                     -0.127     1.572 r  u_clk/inst/mmcme4_adv_inst/CLKOUT2
                         net (fo=1, routed)           0.248     1.820    u_clk/inst/clk_250M_clk_gen
    BUFGCE_X0Y70         BUFGCE (Prop_BUFCE_BUFGCE_I_O)
                                                      0.028     1.848 r  u_clk/inst/clkout3_buf/O
    X1Y2 (CLOCK_ROOT)    net (fo=57228, routed)       1.424     3.272    u_decoder/u_fifo_dec_5_b2_out_b/clk_250M
    SLICE_X45Y70         FDCE                                         r  u_decoder/u_fifo_dec_5_b2_out_b/g_packed.o_rp_reg[1]/C
  -------------------------------------------------------------------    -------------------
    SLICE_X45Y70         FDCE (Prop_EFF_SLICEM_C_Q)
                                                      0.076     3.348 r  u_decoder/u_fifo_dec_5_b2_out_b/g_packed.o_rp_reg[1]/Q
                         net (fo=18, routed)          0.339     3.687    u_decoder/u_fifo_dec_5_b2_out_b/g_packed.ofifo_reg_0_7_0_11/ADDRB1
    SLICE_X45Y71         RAMD32 (Prop_B5LUT_SLICEM_RADR1_O)
                                                      0.143     3.830 r  u_decoder/u_fifo_dec_5_b2_out_b/g_packed.ofifo_reg_0_7_0_11/RAMB/O
                         net (fo=23, routed)          0.334     4.164    u_decoder/u_dec_5_b2_out/DOB[0]
    SLICE_X47Y72         LUT2 (Prop_B6LUT_SLICEL_I0_O)
                                                      0.051     4.215 r  u_decoder/u_dec_5_b2_out/pb1[29]_i_64/O
                         net (fo=1, routed)           0.009     4.224    u_decoder_n_7174
    SLICE_X47Y72         CARRY8 (Prop_CARRY8_SLICEL_S[1]_O[1])
                                                      0.053     4.277 r  u_dec_5_b2_out/pb1_reg[29]_i_52/O[1]
                         net (fo=3, routed)           0.475     4.752    u_decoder/u_fifo_dec_5_b2_out_b/u_dec_5_b2_out/pb1_reg[21]_i_16[1]
    SLICE_X49Y72         LUT3 (Prop_E6LUT_SLICEL_I2_O)
                                                      0.123     4.875 r  u_decoder/u_fifo_dec_5_b2_out_b/pb1[21]_i_40/O
                         net (fo=1, routed)           0.412     5.287    u_decoder_n_3726
    SLICE_X48Y72         CARRY8 (Prop_CARRY8_SLICEL_DI[2]_CO[7])
                                                      0.105     5.392 r  u_dec_5_b2_out/pb1_reg[21]_i_16/CO[7]
                         net (fo=1, routed)           0.026     5.418    u_decoder/u_dec_5_b2_out/pb1[21]_i_30__1[0]
    SLICE_X48Y73         CARRY8 (Prop_CARRY8_SLICEL_CI_O[3])
                                                      0.082     5.500 r  u_decoder/u_dec_5_b2_out/pb1_reg[29]_i_18/O[3]
                         net (fo=3, routed)           0.491     5.991    u_decoder/u_fifo_dec_5_b2_out_b/pb1_reg[29]_0[3]
    SLICE_X49Y70         LUT5 (Prop_G6LUT_SLICEL_I3_O)
                                                      0.097     6.088 r  u_decoder/u_fifo_dec_5_b2_out_b/pb1[29]_i_5__2/O
                         net (fo=1, routed)           0.627     6.715    u_decoder/u_dec_5_b2_out/pb1_reg[29]_1[3]
    SLICE_X48Y70         CARRY8 (Prop_CARRY8_SLICEL_DI[3]_O[7])
                                                      0.180     6.895 r  u_decoder/u_dec_5_b2_out/pb1_reg[29]_i_1/O[7]
                         net (fo=1, routed)           0.026     6.921    u_decoder/u_dec_5_b2_out/p_0_in[29]
    SLICE_X48Y70         FDRE                                         r  u_decoder/u_dec_5_b2_out/pb1_reg[29]/D
  -------------------------------------------------------------------    -------------------

                         (clock clk_250M_clk_gen rise edge)
                                                      4.000     4.000 r  
    K4                                                0.000     4.000 r  sysclk_p (IN)
                         net (fo=0)                   0.079     4.079    u_clk/inst/clkin1_ibufds/I
    HPIOBDIFFINBUF_X0Y58 DIFFINBUF (Prop_DIFFINBUF_HPIOBDIFFINBUF_DIFF_IN_P_O)
                                                      0.533     4.612 r  u_clk/inst/clkin1_ibufds/DIFFINBUF_INST/O
                         net (fo=1, routed)           0.040     4.652    u_clk/inst/clkin1_ibufds/OUT
    K4                   IBUFCTRL (Prop_IBUFCTRL_HPIOB_M_I_O)
                                                      0.000     4.652 r  u_clk/inst/clkin1_ibufds/IBUFCTRL_INST/O
                         net (fo=1, routed)           0.300     4.952    u_clk/inst/clk_in1_clk_gen_buf
    BUFGCE_X0Y64         BUFGCE (Prop_BUFCE_BUFGCE_I_O)
                                                      0.024     4.976 r  u_clk/inst/clkin1_bufg1/O
                         net (fo=1, routed)           0.480     5.456    u_clk/inst/clk_in1_clk_gen
    MMCM_X0Y2            MMCME4_ADV (Prop_MMCM_CLKIN1_CLKOUT2)
                                                      0.630     6.086 r  u_clk/inst/mmcme4_adv_inst/CLKOUT2
                         net (fo=1, routed)           0.217     6.303    u_clk/inst/clk_250M_clk_gen
    BUFGCE_X0Y70         BUFGCE (Prop_BUFCE_BUFGCE_I_O)
                                                      0.024     6.327 r  u_clk/inst/clkout3_buf/O
    X1Y2 (CLOCK_ROOT)    net (fo=57228, routed)       1.254     7.581    u_decoder/u_dec_5_b2_out/clk_250M
    SLICE_X48Y70         FDRE                                         r  u_decoder/u_dec_5_b2_out/pb1_reg[29]/C
                         clock pessimism             -0.388     7.193    
                         clock uncertainty           -0.063     7.129    
    SLICE_X48Y70         FDRE (Setup_HFF_SLICEL_C_D)
                                                      0.025     7.154    u_decoder/u_dec_5_b2_out/pb1_reg[29]
  -------------------------------------------------------------------
                         required time                          7.154    
                         arrival time                          -6.921    
  -------------------------------------------------------------------
                         slack                                  0.234    





Min Delay Paths
--------------------------------------------------------------------------------------
Slack (MET) :             0.011ns  (arrival time - required time)
  Source:                 u_decoder/u_dec_4_igdn/s1_x_reg[9]/C
                            (rising edge-triggered cell FDRE clocked by clk_250M_clk_gen  {rise@0.000ns fall@2.000ns period=4.000ns})
  Destination:            u_decoder/u_dec_4_igdn/xl_reg[1][0][9]/D
                            (rising edge-triggered cell FDRE clocked by clk_250M_clk_gen  {rise@0.000ns fall@2.000ns period=4.000ns})
  Path Group:             clk_250M_clk_gen
  Path Type:              Hold (Min at Slow Process Corner)
  Requirement:            0.000ns  (clk_250M_clk_gen rise@0.000ns - clk_250M_clk_gen rise@0.000ns)
  Data Path Delay:        0.167ns  (logic 0.058ns (34.731%)  route 0.109ns (65.269%))
  Logic Levels:           0  
  Clock Path Skew:        0.094ns (DCD - SCD - CPR)
    Destination Clock Delay (DCD):    3.311ns
    Source Clock Delay      (SCD):    3.610ns
    Clock Pessimism Removal (CPR):    -0.393ns
  Clock Net Delay (Source):      1.283ns (routing 0.155ns, distribution 1.128ns)
  Clock Net Delay (Destination): 1.463ns (routing 0.171ns, distribution 1.292ns)

    Location             Delay type                Incr(ns)  Path(ns)    Netlist Resource(s)
  -------------------------------------------------------------------    -------------------
                         (clock clk_250M_clk_gen rise edge)
                                                      0.000     0.000 r  
    K4                                                0.000     0.000 r  sysclk_p (IN)
                         net (fo=0)                   0.079     0.079    u_clk/inst/clkin1_ibufds/I
    HPIOBDIFFINBUF_X0Y58 DIFFINBUF (Prop_DIFFINBUF_HPIOBDIFFINBUF_DIFF_IN_P_O)
                                                      0.533     0.612 r  u_clk/inst/clkin1_ibufds/DIFFINBUF_INST/O
                         net (fo=1, routed)           0.040     0.652    u_clk/inst/clkin1_ibufds/OUT
    K4                   IBUFCTRL (Prop_IBUFCTRL_HPIOB_M_I_O)
                                                      0.000     0.652 r  u_clk/inst/clkin1_ibufds/IBUFCTRL_INST/O
                         net (fo=1, routed)           0.300     0.952    u_clk/inst/clk_in1_clk_gen_buf
    BUFGCE_X0Y64         BUFGCE (Prop_BUFCE_BUFGCE_I_O)
                                                      0.024     0.976 r  u_clk/inst/clkin1_bufg1/O
                         net (fo=1, routed)           0.480     1.456    u_clk/inst/clk_in1_clk_gen
    MMCM_X0Y2            MMCME4_ADV (Prop_MMCM_CLKIN1_CLKOUT2)
                                                      0.630     2.086 r  u_clk/inst/mmcme4_adv_inst/CLKOUT2
                         net (fo=1, routed)           0.217     2.303    u_clk/inst/clk_250M_clk_gen
    BUFGCE_X0Y70         BUFGCE (Prop_BUFCE_BUFGCE_I_O)
                                                      0.024     2.327 r  u_clk/inst/clkout3_buf/O
    X1Y2 (CLOCK_ROOT)    net (fo=57228, routed)       1.283     3.610    u_decoder/u_dec_4_igdn/clk_250M
    SLICE_X7Y63          FDRE                                         r  u_decoder/u_dec_4_igdn/s1_x_reg[9]/C
  -------------------------------------------------------------------    -------------------
    SLICE_X7Y63          FDRE (Prop_EFF_SLICEM_C_Q)
                                                      0.058     3.668 r  u_decoder/u_dec_4_igdn/s1_x_reg[9]/Q
                         net (fo=2, routed)           0.109     3.777    u_decoder/u_dec_4_igdn/s1_x[9]
    SLICE_X6Y62          FDRE                                         r  u_decoder/u_dec_4_igdn/xl_reg[1][0][9]/D
  -------------------------------------------------------------------    -------------------

                         (clock clk_250M_clk_gen rise edge)
                                                      0.000     0.000 r  
    K4                                                0.000     0.000 r  sysclk_p (IN)
                         net (fo=0)                   0.100     0.100    u_clk/inst/clkin1_ibufds/I
    HPIOBDIFFINBUF_X0Y58 DIFFINBUF (Prop_DIFFINBUF_HPIOBDIFFINBUF_DIFF_IN_P_O)
                                                      0.643     0.743 r  u_clk/inst/clkin1_ibufds/DIFFINBUF_INST/O
                         net (fo=1, routed)           0.050     0.793    u_clk/inst/clkin1_ibufds/OUT
    K4                   IBUFCTRL (Prop_IBUFCTRL_HPIOB_M_I_O)
                                                      0.000     0.793 r  u_clk/inst/clkin1_ibufds/IBUFCTRL_INST/O
                         net (fo=1, routed)           0.336     1.129    u_clk/inst/clk_in1_clk_gen_buf
    BUFGCE_X0Y64         BUFGCE (Prop_BUFCE_BUFGCE_I_O)
                                                      0.028     1.157 r  u_clk/inst/clkin1_bufg1/O
                         net (fo=1, routed)           0.542     1.699    u_clk/inst/clk_in1_clk_gen
    MMCM_X0Y2            MMCME4_ADV (Prop_MMCM_CLKIN1_CLKOUT2)
                                                     -0.127     1.572 r  u_clk/inst/mmcme4_adv_inst/CLKOUT2
                         net (fo=1, routed)           0.248     1.820    u_clk/inst/clk_250M_clk_gen
    BUFGCE_X0Y70         BUFGCE (Prop_BUFCE_BUFGCE_I_O)
                                                      0.028     1.848 r  u_clk/inst/clkout3_buf/O
    X1Y2 (CLOCK_ROOT)    net (fo=57228, routed)       1.463     3.311    u_decoder/u_dec_4_igdn/clk_250M
    SLICE_X6Y62          FDRE                                         r  u_decoder/u_dec_4_igdn/xl_reg[1][0][9]/C
                         clock pessimism              0.393     3.704    
    SLICE_X6Y62          FDRE (Hold_EFF2_SLICEL_C_D)
                                                      0.062     3.766    u_decoder/u_dec_4_igdn/xl_reg[1][0][9]
  -------------------------------------------------------------------
                         required time                         -3.766    
                         arrival time                           3.777    
  -------------------------------------------------------------------
                         slack                                  0.011    





Pulse Width Checks
--------------------------------------------------------------------------------------
Clock Name:         clk_250M_clk_gen
Waveform(ns):       { 0.000 2.000 }
Period(ns):         4.000
Sources:            { u_clk/inst/mmcme4_adv_inst/CLKOUT2 }

Check Type        Corner  Lib Pin      Reference Pin  Required(ns)  Actual(ns)  Slack(ns)  Location       Pin
Min Period        n/a     URAM288/CLK  n/a            1.666         4.000       2.334      URAM288_X0Y56  u_decoder/u_fifo_dec_3_out_b/g_packed.u_ram/g_ultra.mem_reg_uram_0/CLK
Low Pulse Width   Slow    URAM288/CLK  n/a            0.700         2.000       1.300      URAM288_X0Y56  u_decoder/u_fifo_dec_3_out_b/g_packed.u_ram/g_ultra.mem_reg_uram_0/CLK
High Pulse Width  Slow    URAM288/CLK  n/a            0.700         2.000       1.300      URAM288_X0Y56  u_decoder/u_fifo_dec_3_out_b/g_packed.u_ram/g_ultra.mem_reg_uram_0/CLK



---------------------------------------------------------------------------------------------------
From Clock:  clk_20M_clk_gen
  To Clock:  dbg_hub/inst/BSCANID.u_xsdbm_id/SWITCH_N_EXT_BSCAN.bscan_inst/SERIES7_BSCAN.bscan_inst/INTERNAL_TCK

Setup :            0  Failing Endpoints,  Worst Slack       49.559ns,  Total Violation        0.000ns
Hold  :           NA  Failing Endpoints,  Worst Slack           NA  ,  Total Violation           NA
---------------------------------------------------------------------------------------------------


Max Delay Paths
--------------------------------------------------------------------------------------
Slack (MET) :             49.559ns  (required time - arrival time)
  Source:                 dbg_hub/inst/BSCANID.u_xsdbm_id/CORE_XSDB.UUT_MASTER/U_ICON_INTERFACE/U_CMD6_RD/U_RD_FIFO/SUBCORE_FIFO.xsdbm_v3_0_5_rdfifo_inst/inst_fifo_gen/gconvfifo.rf/grf.rf/gntv_or_sync_fifo.gcx.clkx/gnxpm_cdc.wr_pntr_gc_reg[1]/C
                            (rising edge-triggered cell FDCE clocked by clk_20M_clk_gen  {rise@0.000ns fall@25.000ns period=50.000ns})
  Destination:            dbg_hub/inst/BSCANID.u_xsdbm_id/CORE_XSDB.UUT_MASTER/U_ICON_INTERFACE/U_CMD6_RD/U_RD_FIFO/SUBCORE_FIFO.xsdbm_v3_0_5_rdfifo_inst/inst_fifo_gen/gconvfifo.rf/grf.rf/gntv_or_sync_fifo.gcx.clkx/gnxpm_cdc.gsync_stage[1].rd_stg_inst/Q_reg_reg[1]/D
                            (rising edge-triggered cell FDCE clocked by dbg_hub/inst/BSCANID.u_xsdbm_id/SWITCH_N_EXT_BSCAN.bscan_inst/SERIES7_BSCAN.bscan_inst/INTERNAL_TCK  {rise@0.000ns fall@25.000ns period=50.000ns})
  Path Group:             dbg_hub/inst/BSCANID.u_xsdbm_id/SWITCH_N_EXT_BSCAN.bscan_inst/SERIES7_BSCAN.bscan_inst/INTERNAL_TCK
  Path Type:              Setup (Max at Slow Process Corner)
  Requirement:            50.000ns  (MaxDelay Path 50.000ns)
  Data Path Delay:        0.466ns  (logic 0.078ns (16.738%)  route 0.388ns (83.262%))
  Logic Levels:           0  
  Timing Exception:       MaxDelay Path 50.000ns -datapath_only

    Location             Delay type                Incr(ns)  Path(ns)    Netlist Resource(s)
  -------------------------------------------------------------------    -------------------
    SLICE_X18Y145                                     0.000     0.000 r  dbg_hub/inst/BSCANID.u_xsdbm_id/CORE_XSDB.UUT_MASTER/U_ICON_INTERFACE/U_CMD6_RD/U_RD_FIFO/SUBCORE_FIFO.xsdbm_v3_0_5_rdfifo_inst/inst_fifo_gen/gconvfifo.rf/grf.rf/gntv_or_sync_fifo.gcx.clkx/gnxpm_cdc.wr_pntr_gc_reg[1]/C
    SLICE_X18Y145        FDCE (Prop_HFF2_SLICEM_C_Q)
                                                      0.078     0.078 r  dbg_hub/inst/BSCANID.u_xsdbm_id/CORE_XSDB.UUT_MASTER/U_ICON_INTERFACE/U_CMD6_RD/U_RD_FIFO/SUBCORE_FIFO.xsdbm_v3_0_5_rdfifo_inst/inst_fifo_gen/gconvfifo.rf/grf.rf/gntv_or_sync_fifo.gcx.clkx/gnxpm_cdc.wr_pntr_gc_reg[1]/Q
                         net (fo=1, routed)           0.388     0.466    dbg_hub/inst/BSCANID.u_xsdbm_id/CORE_XSDB.UUT_MASTER/U_ICON_INTERFACE/U_CMD6_RD/U_RD_FIFO/SUBCORE_FIFO.xsdbm_v3_0_5_rdfifo_inst/inst_fifo_gen/gconvfifo.rf/grf.rf/gntv_or_sync_fifo.gcx.clkx/gnxpm_cdc.gsync_stage[1].rd_stg_inst/Q[1]
    SLICE_X19Y145        FDCE                                         r  dbg_hub/inst/BSCANID.u_xsdbm_id/CORE_XSDB.UUT_MASTER/U_ICON_INTERFACE/U_CMD6_RD/U_RD_FIFO/SUBCORE_FIFO.xsdbm_v3_0_5_rdfifo_inst/inst_fifo_gen/gconvfifo.rf/grf.rf/gntv_or_sync_fifo.gcx.clkx/gnxpm_cdc.gsync_stage[1].rd_stg_inst/Q_reg_reg[1]/D
  -------------------------------------------------------------------    -------------------

                         max delay                   50.000    50.000    
    SLICE_X19Y145        FDCE (Setup_HFF2_SLICEL_C_D)
                                                      0.025    50.025    dbg_hub/inst/BSCANID.u_xsdbm_id/CORE_XSDB.UUT_MASTER/U_ICON_INTERFACE/U_CMD6_RD/U_RD_FIFO/SUBCORE_FIFO.xsdbm_v3_0_5_rdfifo_inst/inst_fifo_gen/gconvfifo.rf/grf.rf/gntv_or_sync_fifo.gcx.clkx/gnxpm_cdc.gsync_stage[1].rd_stg_inst/Q_reg_reg[1]
  -------------------------------------------------------------------
                         required time                         50.025    
                         arrival time                          -0.466    
  -------------------------------------------------------------------
                         slack                                 49.559    





---------------------------------------------------------------------------------------------------
From Clock:  clk_20M_clk_gen
  To Clock:  clk_100M_clk_gen

Setup :            0  Failing Endpoints,  Worst Slack        7.428ns,  Total Violation        0.000ns
Hold  :            0  Failing Endpoints,  Worst Slack        0.081ns,  Total Violation        0.000ns
---------------------------------------------------------------------------------------------------


Max Delay Paths
--------------------------------------------------------------------------------------
Slack (MET) :             7.428ns  (required time - arrival time)
  Source:                 u_rf/psd_s_reg[1]/C
                            (rising edge-triggered cell FDCE clocked by clk_20M_clk_gen  {rise@0.000ns fall@25.000ns period=50.000ns})
  Destination:            u_regs/spi_s_reg[0][16]/D
                            (rising edge-triggered cell FDRE clocked by clk_100M_clk_gen  {rise@0.000ns fall@5.000ns period=10.000ns})
  Path Group:             clk_100M_clk_gen
  Path Type:              Setup (Max at Slow Process Corner)
  Requirement:            10.000ns  (clk_100M_clk_gen rise@10.000ns - clk_20M_clk_gen rise@0.000ns)
  Data Path Delay:        2.307ns  (logic 0.238ns (10.314%)  route 2.069ns (89.686%))
  Logic Levels:           1  (LUT3=1)
  Clock Path Skew:        -0.076ns (DCD - SCD + CPR)
    Destination Clock Delay (DCD):    3.581ns = ( 13.581 - 10.000 ) 
    Source Clock Delay      (SCD):    3.143ns
    Clock Pessimism Removal (CPR):    -0.514ns
  Clock Uncertainty:      0.213ns  ((TSJ^2 + DJ^2)^1/2) / 2 + PE
    Total System Jitter     (TSJ):    0.071ns
    Discrete Jitter          (DJ):    0.173ns
    Phase Error              (PE):    0.120ns
  Clock Net Delay (Source):      1.292ns (routing 0.171ns, distribution 1.121ns)
  Clock Net Delay (Destination): 1.257ns (routing 0.155ns, distribution 1.102ns)

    Location             Delay type                Incr(ns)  Path(ns)    Netlist Resource(s)
  -------------------------------------------------------------------    -------------------
                         (clock clk_20M_clk_gen rise edge)
                                                      0.000     0.000 r  
    K4                                                0.000     0.000 r  sysclk_p (IN)
                         net (fo=0)                   0.100     0.100    u_clk/inst/clkin1_ibufds/I
    HPIOBDIFFINBUF_X0Y58 DIFFINBUF (Prop_DIFFINBUF_HPIOBDIFFINBUF_DIFF_IN_P_O)
                                                      0.643     0.743 r  u_clk/inst/clkin1_ibufds/DIFFINBUF_INST/O
                         net (fo=1, routed)           0.050     0.793    u_clk/inst/clkin1_ibufds/OUT
    K4                   IBUFCTRL (Prop_IBUFCTRL_HPIOB_M_I_O)
                                                      0.000     0.793 r  u_clk/inst/clkin1_ibufds/IBUFCTRL_INST/O
                         net (fo=1, routed)           0.336     1.129    u_clk/inst/clk_in1_clk_gen_buf
    BUFGCE_X0Y64         BUFGCE (Prop_BUFCE_BUFGCE_I_O)
                                                      0.028     1.157 r  u_clk/inst/clkin1_bufg1/O
                         net (fo=1, routed)           0.542     1.699    u_clk/inst/clk_in1_clk_gen
    MMCM_X0Y2            MMCME4_ADV (Prop_MMCM_CLKIN1_CLKOUT1)
                                                     -0.127     1.572 r  u_clk/inst/mmcme4_adv_inst/CLKOUT1
                         net (fo=1, routed)           0.251     1.823    u_clk/inst/clk_20M_clk_gen
    BUFGCE_X0Y69         BUFGCE (Prop_BUFCE_BUFGCE_I_O)
                                                      0.028     1.851 r  u_clk/inst/clkout2_buf/O
    X1Y2 (CLOCK_ROOT)    net (fo=1100, routed)        1.292     3.143    u_rf/clk_20M
    SLICE_X13Y178        FDCE                                         r  u_rf/psd_s_reg[1]/C
  -------------------------------------------------------------------    -------------------
    SLICE_X13Y178        FDCE (Prop_AFF2_SLICEM_C_Q)
                                                      0.080     3.223 r  u_rf/psd_s_reg[1]/Q
                         net (fo=6, routed)           0.582     3.805    u_rf/psd_s[1]
    SLICE_X12Y161        LUT3 (Prop_D5LUT_SLICEM_I0_O)
                                                      0.158     3.963 r  u_rf/txnrx_i_1/O
                         net (fo=13, routed)          1.487     5.450    u_regs/spi_s_reg[0][16]_0[16]
    SLICE_X13Y179        FDRE                                         r  u_regs/spi_s_reg[0][16]/D
  -------------------------------------------------------------------    -------------------

                         (clock clk_100M_clk_gen rise edge)
                                                     10.000    10.000 r  
    K4                                                0.000    10.000 r  sysclk_p (IN)
                         net (fo=0)                   0.079    10.079    u_clk/inst/clkin1_ibufds/I
    HPIOBDIFFINBUF_X0Y58 DIFFINBUF (Prop_DIFFINBUF_HPIOBDIFFINBUF_DIFF_IN_P_O)
                                                      0.533    10.612 r  u_clk/inst/clkin1_ibufds/DIFFINBUF_INST/O
                         net (fo=1, routed)           0.040    10.652    u_clk/inst/clkin1_ibufds/OUT
    K4                   IBUFCTRL (Prop_IBUFCTRL_HPIOB_M_I_O)
                                                      0.000    10.652 r  u_clk/inst/clkin1_ibufds/IBUFCTRL_INST/O
                         net (fo=1, routed)           0.300    10.952    u_clk/inst/clk_in1_clk_gen_buf
    BUFGCE_X0Y64         BUFGCE (Prop_BUFCE_BUFGCE_I_O)
                                                      0.024    10.976 r  u_clk/inst/clkin1_bufg1/O
                         net (fo=1, routed)           0.480    11.456    u_clk/inst/clk_in1_clk_gen
    MMCM_X0Y2            MMCME4_ADV (Prop_MMCM_CLKIN1_CLKOUT0)
                                                      0.630    12.086 r  u_clk/inst/mmcme4_adv_inst/CLKOUT0
                         net (fo=1, routed)           0.214    12.300    u_clk/inst/clk_100M_clk_gen
    BUFGCE_X0Y68         BUFGCE (Prop_BUFCE_BUFGCE_I_O)
                                                      0.024    12.324 r  u_clk/inst/clkout1_buf/O
    X1Y2 (CLOCK_ROOT)    net (fo=30208, routed)       1.257    13.581    u_regs/clk_100M
    SLICE_X13Y179        FDRE                                         r  u_regs/spi_s_reg[0][16]/C
                         clock pessimism             -0.514    13.067    
                         clock uncertainty           -0.213    12.854    
    SLICE_X13Y179        FDRE (Setup_CFF2_SLICEM_C_D)
                                                      0.025    12.879    u_regs/spi_s_reg[0][16]
  -------------------------------------------------------------------
                         required time                         12.879    
                         arrival time                          -5.450    
  -------------------------------------------------------------------
                         slack                                  7.428    





Min Delay Paths
--------------------------------------------------------------------------------------
Slack (MET) :             0.081ns  (arrival time - required time)
  Source:                 u_rf/dbg_cnt_reg[3]/C
                            (rising edge-triggered cell FDCE clocked by clk_20M_clk_gen  {rise@0.000ns fall@25.000ns period=50.000ns})
  Destination:            u_regs/spi_s_reg[0][11]/D
                            (rising edge-triggered cell FDRE clocked by clk_100M_clk_gen  {rise@0.000ns fall@5.000ns period=10.000ns})
  Path Group:             clk_100M_clk_gen
  Path Type:              Hold (Min at Fast Process Corner)
  Requirement:            0.000ns  (clk_100M_clk_gen rise@0.000ns - clk_20M_clk_gen rise@0.000ns)
  Data Path Delay:        0.579ns  (logic 0.038ns (6.560%)  route 0.541ns (93.440%))
  Logic Levels:           0  
  Clock Path Skew:        0.238ns (DCD - SCD - CPR)
    Destination Clock Delay (DCD):    1.994ns
    Source Clock Delay      (SCD):    2.067ns
    Clock Pessimism Removal (CPR):    -0.311ns
  Clock Uncertainty:      0.213ns  ((TSJ^2 + DJ^2)^1/2) / 2 + PE
    Total System Jitter     (TSJ):    0.071ns
    Discrete Jitter          (DJ):    0.173ns
    Phase Error              (PE):    0.120ns
  Clock Net Delay (Source):      0.729ns (routing 0.096ns, distribution 0.633ns)
  Clock Net Delay (Destination): 0.949ns (routing 0.108ns, distribution 0.841ns)

    Location             Delay type                Incr(ns)  Path(ns)    Netlist Resource(s)
  -------------------------------------------------------------------    -------------------
                         (clock clk_20M_clk_gen rise edge)
                                                      0.000     0.000 r  
    K4                                                0.000     0.000 r  sysclk_p (IN)
                         net (fo=0)                   0.079     0.079    u_clk/inst/clkin1_ibufds/I
    HPIOBDIFFINBUF_X0Y58 DIFFINBUF (Prop_DIFFINBUF_HPIOBDIFFINBUF_DIFF_IN_P_O)
                                                      0.309     0.388 r  u_clk/inst/clkin1_ibufds/DIFFINBUF_INST/O
                         net (fo=1, routed)           0.040     0.428    u_clk/inst/clkin1_ibufds/OUT
    K4                   IBUFCTRL (Prop_IBUFCTRL_HPIOB_M_I_O)
                                                      0.000     0.428 r  u_clk/inst/clkin1_ibufds/IBUFCTRL_INST/O
                         net (fo=1, routed)           0.194     0.622    u_clk/inst/clk_in1_clk_gen_buf
    BUFGCE_X0Y64         BUFGCE (Prop_BUFCE_BUFGCE_I_O)
                                                      0.017     0.639 r  u_clk/inst/clkin1_bufg1/O
                         net (fo=1, routed)           0.303     0.942    u_clk/inst/clk_in1_clk_gen
    MMCM_X0Y2            MMCME4_ADV (Prop_MMCM_CLKIN1_CLKOUT1)
                                                      0.230     1.172 r  u_clk/inst/mmcme4_adv_inst/CLKOUT1
                         net (fo=1, routed)           0.149     1.321    u_clk/inst/clk_20M_clk_gen
    BUFGCE_X0Y69         BUFGCE (Prop_BUFCE_BUFGCE_I_O)
                                                      0.017     1.338 r  u_clk/inst/clkout2_buf/O
    X1Y2 (CLOCK_ROOT)    net (fo=1100, routed)        0.729     2.067    u_rf/clk_20M
    SLICE_X13Y164        FDCE                                         r  u_rf/dbg_cnt_reg[3]/C
  -------------------------------------------------------------------    -------------------
    SLICE_X13Y164        FDCE (Prop_BFF_SLICEM_C_Q)
                                                      0.038     2.105 r  u_rf/dbg_cnt_reg[3]/Q
                         net (fo=7, routed)           0.541     2.646    u_regs/spi_s_reg[0][16]_0[11]
    SLICE_X14Y180        FDRE                                         r  u_regs/spi_s_reg[0][11]/D
  -------------------------------------------------------------------    -------------------

                         (clock clk_100M_clk_gen rise edge)
                                                      0.000     0.000 r  
    K4                                                0.000     0.000 r  sysclk_p (IN)
                         net (fo=0)                   0.100     0.100    u_clk/inst/clkin1_ibufds/I
    HPIOBDIFFINBUF_X0Y58 DIFFINBUF (Prop_DIFFINBUF_HPIOBDIFFINBUF_DIFF_IN_P_O)
                                                      0.414     0.514 r  u_clk/inst/clkin1_ibufds/DIFFINBUF_INST/O
                         net (fo=1, routed)           0.050     0.564    u_clk/inst/clkin1_ibufds/OUT
    K4                   IBUFCTRL (Prop_IBUFCTRL_HPIOB_M_I_O)
                                                      0.000     0.564 r  u_clk/inst/clkin1_ibufds/IBUFCTRL_INST/O
                         net (fo=1, routed)           0.235     0.799    u_clk/inst/clk_in1_clk_gen_buf
    BUFGCE_X0Y64         BUFGCE (Prop_BUFCE_BUFGCE_I_O)
                                                      0.019     0.818 r  u_clk/inst/clkin1_bufg1/O
                         net (fo=1, routed)           0.338     1.156    u_clk/inst/clk_in1_clk_gen
    MMCM_X0Y2            MMCME4_ADV (Prop_MMCM_CLKIN1_CLKOUT0)
                                                     -0.295     0.861 r  u_clk/inst/mmcme4_adv_inst/CLKOUT0
                         net (fo=1, routed)           0.165     1.026    u_clk/inst/clk_100M_clk_gen
    BUFGCE_X0Y68         BUFGCE (Prop_BUFCE_BUFGCE_I_O)
                                                      0.019     1.045 r  u_clk/inst/clkout1_buf/O
    X1Y2 (CLOCK_ROOT)    net (fo=30208, routed)       0.949     1.994    u_regs/clk_100M
    SLICE_X14Y180        FDRE                                         r  u_regs/spi_s_reg[0][11]/C
                         clock pessimism              0.311     2.305    
                         clock uncertainty            0.213     2.518    
    SLICE_X14Y180        FDRE (Hold_HFF2_SLICEL_C_D)
                                                      0.047     2.565    u_regs/spi_s_reg[0][11]
  -------------------------------------------------------------------
                         required time                         -2.565    
                         arrival time                           2.646    
  -------------------------------------------------------------------
                         slack                                  0.081    





---------------------------------------------------------------------------------------------------
From Clock:  clk_250M_clk_gen
  To Clock:  clk_100M_clk_gen

Setup :            0  Failing Endpoints,  Worst Slack        0.403ns,  Total Violation        0.000ns
Hold  :            0  Failing Endpoints,  Worst Slack        0.190ns,  Total Violation        0.000ns
---------------------------------------------------------------------------------------------------


Max Delay Paths
--------------------------------------------------------------------------------------
Slack (MET) :             0.403ns  (required time - arrival time)
  Source:                 u_img_pack/frame_toggle_reg/C
                            (rising edge-triggered cell FDCE clocked by clk_250M_clk_gen  {rise@0.000ns fall@2.000ns period=4.000ns})
  Destination:            u_regs/ft_s_reg[0]/D
                            (rising edge-triggered cell FDRE clocked by clk_100M_clk_gen  {rise@0.000ns fall@5.000ns period=10.000ns})
  Path Group:             clk_100M_clk_gen
  Path Type:              Setup (Max at Slow Process Corner)
  Requirement:            2.000ns  (clk_100M_clk_gen rise@10.000ns - clk_250M_clk_gen rise@8.000ns)
  Data Path Delay:        1.371ns  (logic 0.078ns (5.688%)  route 1.293ns (94.312%))
  Logic Levels:           0  
  Clock Path Skew:        -0.059ns (DCD - SCD + CPR)
    Destination Clock Delay (DCD):    3.615ns = ( 13.615 - 10.000 ) 
    Source Clock Delay      (SCD):    3.160ns = ( 11.160 - 8.000 ) 
    Clock Pessimism Removal (CPR):    -0.514ns
  Clock Uncertainty:      0.192ns  ((TSJ^2 + DJ^2)^1/2) / 2 + PE
    Total System Jitter     (TSJ):    0.071ns
    Discrete Jitter          (DJ):    0.125ns
    Phase Error              (PE):    0.120ns
  Clock Net Delay (Source):      1.312ns (routing 0.171ns, distribution 1.141ns)
  Clock Net Delay (Destination): 1.291ns (routing 0.155ns, distribution 1.136ns)

    Location             Delay type                Incr(ns)  Path(ns)    Netlist Resource(s)
  -------------------------------------------------------------------    -------------------
                         (clock clk_250M_clk_gen rise edge)
                                                      8.000     8.000 r  
    K4                                                0.000     8.000 r  sysclk_p (IN)
                         net (fo=0)                   0.100     8.100    u_clk/inst/clkin1_ibufds/I
    HPIOBDIFFINBUF_X0Y58 DIFFINBUF (Prop_DIFFINBUF_HPIOBDIFFINBUF_DIFF_IN_P_O)
                                                      0.643     8.743 r  u_clk/inst/clkin1_ibufds/DIFFINBUF_INST/O
                         net (fo=1, routed)           0.050     8.793    u_clk/inst/clkin1_ibufds/OUT
    K4                   IBUFCTRL (Prop_IBUFCTRL_HPIOB_M_I_O)
                                                      0.000     8.793 r  u_clk/inst/clkin1_ibufds/IBUFCTRL_INST/O
                         net (fo=1, routed)           0.336     9.129    u_clk/inst/clk_in1_clk_gen_buf
    BUFGCE_X0Y64         BUFGCE (Prop_BUFCE_BUFGCE_I_O)
                                                      0.028     9.157 r  u_clk/inst/clkin1_bufg1/O
                         net (fo=1, routed)           0.542     9.699    u_clk/inst/clk_in1_clk_gen
    MMCM_X0Y2            MMCME4_ADV (Prop_MMCM_CLKIN1_CLKOUT2)
                                                     -0.127     9.572 r  u_clk/inst/mmcme4_adv_inst/CLKOUT2
                         net (fo=1, routed)           0.248     9.820    u_clk/inst/clk_250M_clk_gen
    BUFGCE_X0Y70         BUFGCE (Prop_BUFCE_BUFGCE_I_O)
                                                      0.028     9.848 r  u_clk/inst/clkout3_buf/O
    X1Y2 (CLOCK_ROOT)    net (fo=57228, routed)       1.312    11.160    u_img_pack/clk_250M
    SLICE_X25Y181        FDCE                                         r  u_img_pack/frame_toggle_reg/C
  -------------------------------------------------------------------    -------------------
    SLICE_X25Y181        FDCE (Prop_DFF_SLICEM_C_Q)
                                                      0.078    11.238 r  u_img_pack/frame_toggle_reg/Q
                         net (fo=2, routed)           1.293    12.531    u_regs/ft_s_reg[0]_0[0]
    SLICE_X15Y183        FDRE                                         r  u_regs/ft_s_reg[0]/D
  -------------------------------------------------------------------    -------------------

                         (clock clk_100M_clk_gen rise edge)
                                                     10.000    10.000 r  
    K4                                                0.000    10.000 r  sysclk_p (IN)
                         net (fo=0)                   0.079    10.079    u_clk/inst/clkin1_ibufds/I
    HPIOBDIFFINBUF_X0Y58 DIFFINBUF (Prop_DIFFINBUF_HPIOBDIFFINBUF_DIFF_IN_P_O)
                                                      0.533    10.612 r  u_clk/inst/clkin1_ibufds/DIFFINBUF_INST/O
                         net (fo=1, routed)           0.040    10.652    u_clk/inst/clkin1_ibufds/OUT
    K4                   IBUFCTRL (Prop_IBUFCTRL_HPIOB_M_I_O)
                                                      0.000    10.652 r  u_clk/inst/clkin1_ibufds/IBUFCTRL_INST/O
                         net (fo=1, routed)           0.300    10.952    u_clk/inst/clk_in1_clk_gen_buf
    BUFGCE_X0Y64         BUFGCE (Prop_BUFCE_BUFGCE_I_O)
                                                      0.024    10.976 r  u_clk/inst/clkin1_bufg1/O
                         net (fo=1, routed)           0.480    11.456    u_clk/inst/clk_in1_clk_gen
    MMCM_X0Y2            MMCME4_ADV (Prop_MMCM_CLKIN1_CLKOUT0)
                                                      0.630    12.086 r  u_clk/inst/mmcme4_adv_inst/CLKOUT0
                         net (fo=1, routed)           0.214    12.300    u_clk/inst/clk_100M_clk_gen
    BUFGCE_X0Y68         BUFGCE (Prop_BUFCE_BUFGCE_I_O)
                                                      0.024    12.324 r  u_clk/inst/clkout1_buf/O
    X1Y2 (CLOCK_ROOT)    net (fo=30208, routed)       1.291    13.615    u_regs/clk_100M
    SLICE_X15Y183        FDRE                                         r  u_regs/ft_s_reg[0]/C
                         clock pessimism             -0.514    13.101    
                         clock uncertainty           -0.192    12.909    
    SLICE_X15Y183        FDRE (Setup_HFF2_SLICEL_C_D)
                                                      0.025    12.934    u_regs/ft_s_reg[0]
  -------------------------------------------------------------------
                         required time                         12.934    
                         arrival time                         -12.531    
  -------------------------------------------------------------------
                         slack                                  0.403    





Min Delay Paths
--------------------------------------------------------------------------------------
Slack (MET) :             0.190ns  (arrival time - required time)
  Source:                 u_img_pack/sent_toggle_reg/C
                            (rising edge-triggered cell FDCE clocked by clk_250M_clk_gen  {rise@0.000ns fall@2.000ns period=4.000ns})
  Destination:            u_regs/st_s_reg[0]/D
                            (rising edge-triggered cell FDRE clocked by clk_100M_clk_gen  {rise@0.000ns fall@5.000ns period=10.000ns})
  Path Group:             clk_100M_clk_gen
  Path Type:              Hold (Min at Fast Process Corner)
  Requirement:            0.000ns  (clk_100M_clk_gen rise@0.000ns - clk_250M_clk_gen rise@0.000ns)
  Data Path Delay:        0.636ns  (logic 0.041ns (6.451%)  route 0.595ns (93.549%))
  Logic Levels:           0  
  Clock Path Skew:        0.207ns (DCD - SCD - CPR)
    Destination Clock Delay (DCD):    1.979ns
    Source Clock Delay      (SCD):    2.083ns
    Clock Pessimism Removal (CPR):    -0.311ns
  Clock Uncertainty:      0.192ns  ((TSJ^2 + DJ^2)^1/2) / 2 + PE
    Total System Jitter     (TSJ):    0.071ns
    Discrete Jitter          (DJ):    0.125ns
    Phase Error              (PE):    0.120ns
  Clock Net Delay (Source):      0.747ns (routing 0.096ns, distribution 0.651ns)
  Clock Net Delay (Destination): 0.934ns (routing 0.108ns, distribution 0.826ns)

    Location             Delay type                Incr(ns)  Path(ns)    Netlist Resource(s)
  -------------------------------------------------------------------    -------------------
                         (clock clk_250M_clk_gen rise edge)
                                                      0.000     0.000 r  
    K4                                                0.000     0.000 r  sysclk_p (IN)
                         net (fo=0)                   0.079     0.079    u_clk/inst/clkin1_ibufds/I
    HPIOBDIFFINBUF_X0Y58 DIFFINBUF (Prop_DIFFINBUF_HPIOBDIFFINBUF_DIFF_IN_P_O)
                                                      0.309     0.388 r  u_clk/inst/clkin1_ibufds/DIFFINBUF_INST/O
                         net (fo=1, routed)           0.040     0.428    u_clk/inst/clkin1_ibufds/OUT
    K4                   IBUFCTRL (Prop_IBUFCTRL_HPIOB_M_I_O)
                                                      0.000     0.428 r  u_clk/inst/clkin1_ibufds/IBUFCTRL_INST/O
                         net (fo=1, routed)           0.194     0.622    u_clk/inst/clk_in1_clk_gen_buf
    BUFGCE_X0Y64         BUFGCE (Prop_BUFCE_BUFGCE_I_O)
                                                      0.017     0.639 r  u_clk/inst/clkin1_bufg1/O
                         net (fo=1, routed)           0.303     0.942    u_clk/inst/clk_in1_clk_gen
    MMCM_X0Y2            MMCME4_ADV (Prop_MMCM_CLKIN1_CLKOUT2)
                                                      0.230     1.172 r  u_clk/inst/mmcme4_adv_inst/CLKOUT2
                         net (fo=1, routed)           0.147     1.319    u_clk/inst/clk_250M_clk_gen
    BUFGCE_X0Y70         BUFGCE (Prop_BUFCE_BUFGCE_I_O)
                                                      0.017     1.336 r  u_clk/inst/clkout3_buf/O
    X1Y2 (CLOCK_ROOT)    net (fo=57228, routed)       0.747     2.083    u_img_pack/clk_250M
    SLICE_X25Y181        FDCE                                         r  u_img_pack/sent_toggle_reg/C
  -------------------------------------------------------------------    -------------------
    SLICE_X25Y181        FDCE (Prop_DFF2_SLICEM_C_Q)
                                                      0.041     2.124 r  u_img_pack/sent_toggle_reg/Q
                         net (fo=2, routed)           0.595     2.719    u_regs/st_s_reg[0]_0[0]
    SLICE_X15Y182        FDRE                                         r  u_regs/st_s_reg[0]/D
  -------------------------------------------------------------------    -------------------

                         (clock clk_100M_clk_gen rise edge)
                                                      0.000     0.000 r  
    K4                                                0.000     0.000 r  sysclk_p (IN)
                         net (fo=0)                   0.100     0.100    u_clk/inst/clkin1_ibufds/I
    HPIOBDIFFINBUF_X0Y58 DIFFINBUF (Prop_DIFFINBUF_HPIOBDIFFINBUF_DIFF_IN_P_O)
                                                      0.414     0.514 r  u_clk/inst/clkin1_ibufds/DIFFINBUF_INST/O
                         net (fo=1, routed)           0.050     0.564    u_clk/inst/clkin1_ibufds/OUT
    K4                   IBUFCTRL (Prop_IBUFCTRL_HPIOB_M_I_O)
                                                      0.000     0.564 r  u_clk/inst/clkin1_ibufds/IBUFCTRL_INST/O
                         net (fo=1, routed)           0.235     0.799    u_clk/inst/clk_in1_clk_gen_buf
    BUFGCE_X0Y64         BUFGCE (Prop_BUFCE_BUFGCE_I_O)
                                                      0.019     0.818 r  u_clk/inst/clkin1_bufg1/O
                         net (fo=1, routed)           0.338     1.156    u_clk/inst/clk_in1_clk_gen
    MMCM_X0Y2            MMCME4_ADV (Prop_MMCM_CLKIN1_CLKOUT0)
                                                     -0.295     0.861 r  u_clk/inst/mmcme4_adv_inst/CLKOUT0
                         net (fo=1, routed)           0.165     1.026    u_clk/inst/clk_100M_clk_gen
    BUFGCE_X0Y68         BUFGCE (Prop_BUFCE_BUFGCE_I_O)
                                                      0.019     1.045 r  u_clk/inst/clkout1_buf/O
    X1Y2 (CLOCK_ROOT)    net (fo=30208, routed)       0.934     1.979    u_regs/clk_100M
    SLICE_X15Y182        FDRE                                         r  u_regs/st_s_reg[0]/C
                         clock pessimism              0.311     2.290    
                         clock uncertainty            0.192     2.482    
    SLICE_X15Y182        FDRE (Hold_DFF2_SLICEL_C_D)
                                                      0.047     2.529    u_regs/st_s_reg[0]
  -------------------------------------------------------------------
                         required time                         -2.529    
                         arrival time                           2.719    
  -------------------------------------------------------------------
                         slack                                  0.190    





---------------------------------------------------------------------------------------------------
From Clock:  dbg_hub/inst/BSCANID.u_xsdbm_id/SWITCH_N_EXT_BSCAN.bscan_inst/SERIES7_BSCAN.bscan_inst/INTERNAL_TCK
  To Clock:  clk_20M_clk_gen

Setup :            0  Failing Endpoints,  Worst Slack       49.524ns,  Total Violation        0.000ns
Hold  :           NA  Failing Endpoints,  Worst Slack           NA  ,  Total Violation           NA
---------------------------------------------------------------------------------------------------


Max Delay Paths
--------------------------------------------------------------------------------------
Slack (MET) :             49.524ns  (required time - arrival time)
  Source:                 dbg_hub/inst/BSCANID.u_xsdbm_id/CORE_XSDB.UUT_MASTER/U_ICON_INTERFACE/U_CMD6_WR/U_WR_FIFO/SUBCORE_FIFO.xsdbm_v3_0_5_wrfifo_inst/inst_fifo_gen/gconvfifo.rf/grf.rf/gntv_or_sync_fifo.gcx.clkx/gnxpm_cdc.wr_pntr_gc_reg[1]/C
                            (rising edge-triggered cell FDCE clocked by dbg_hub/inst/BSCANID.u_xsdbm_id/SWITCH_N_EXT_BSCAN.bscan_inst/SERIES7_BSCAN.bscan_inst/INTERNAL_TCK  {rise@0.000ns fall@25.000ns period=50.000ns})
  Destination:            dbg_hub/inst/BSCANID.u_xsdbm_id/CORE_XSDB.UUT_MASTER/U_ICON_INTERFACE/U_CMD6_WR/U_WR_FIFO/SUBCORE_FIFO.xsdbm_v3_0_5_wrfifo_inst/inst_fifo_gen/gconvfifo.rf/grf.rf/gntv_or_sync_fifo.gcx.clkx/gnxpm_cdc.gsync_stage[1].rd_stg_inst/Q_reg_reg[1]/D
                            (rising edge-triggered cell FDCE clocked by clk_20M_clk_gen  {rise@0.000ns fall@25.000ns period=50.000ns})
  Path Group:             clk_20M_clk_gen
  Path Type:              Setup (Max at Slow Process Corner)
  Requirement:            50.000ns  (MaxDelay Path 50.000ns)
  Data Path Delay:        0.501ns  (logic 0.081ns (16.168%)  route 0.420ns (83.832%))
  Logic Levels:           0  
  Timing Exception:       MaxDelay Path 50.000ns -datapath_only

    Location             Delay type                Incr(ns)  Path(ns)    Netlist Resource(s)
  -------------------------------------------------------------------    -------------------
    SLICE_X33Y155                                     0.000     0.000 r  dbg_hub/inst/BSCANID.u_xsdbm_id/CORE_XSDB.UUT_MASTER/U_ICON_INTERFACE/U_CMD6_WR/U_WR_FIFO/SUBCORE_FIFO.xsdbm_v3_0_5_wrfifo_inst/inst_fifo_gen/gconvfifo.rf/grf.rf/gntv_or_sync_fifo.gcx.clkx/gnxpm_cdc.wr_pntr_gc_reg[1]/C
    SLICE_X33Y155        FDCE (Prop_DFF2_SLICEL_C_Q)
                                                      0.081     0.081 r  dbg_hub/inst/BSCANID.u_xsdbm_id/CORE_XSDB.UUT_MASTER/U_ICON_INTERFACE/U_CMD6_WR/U_WR_FIFO/SUBCORE_FIFO.xsdbm_v3_0_5_wrfifo_inst/inst_fifo_gen/gconvfifo.rf/grf.rf/gntv_or_sync_fifo.gcx.clkx/gnxpm_cdc.wr_pntr_gc_reg[1]/Q
                         net (fo=1, routed)           0.420     0.501    dbg_hub/inst/BSCANID.u_xsdbm_id/CORE_XSDB.UUT_MASTER/U_ICON_INTERFACE/U_CMD6_WR/U_WR_FIFO/SUBCORE_FIFO.xsdbm_v3_0_5_wrfifo_inst/inst_fifo_gen/gconvfifo.rf/grf.rf/gntv_or_sync_fifo.gcx.clkx/gnxpm_cdc.gsync_stage[1].rd_stg_inst/Q[1]
    SLICE_X32Y155        FDCE                                         r  dbg_hub/inst/BSCANID.u_xsdbm_id/CORE_XSDB.UUT_MASTER/U_ICON_INTERFACE/U_CMD6_WR/U_WR_FIFO/SUBCORE_FIFO.xsdbm_v3_0_5_wrfifo_inst/inst_fifo_gen/gconvfifo.rf/grf.rf/gntv_or_sync_fifo.gcx.clkx/gnxpm_cdc.gsync_stage[1].rd_stg_inst/Q_reg_reg[1]/D
  -------------------------------------------------------------------    -------------------

                         max delay                   50.000    50.000    
    SLICE_X32Y155        FDCE (Setup_DFF2_SLICEM_C_D)
                                                      0.025    50.025    dbg_hub/inst/BSCANID.u_xsdbm_id/CORE_XSDB.UUT_MASTER/U_ICON_INTERFACE/U_CMD6_WR/U_WR_FIFO/SUBCORE_FIFO.xsdbm_v3_0_5_wrfifo_inst/inst_fifo_gen/gconvfifo.rf/grf.rf/gntv_or_sync_fifo.gcx.clkx/gnxpm_cdc.gsync_stage[1].rd_stg_inst/Q_reg_reg[1]
  -------------------------------------------------------------------
                         required time                         50.025    
                         arrival time                          -0.501    
  -------------------------------------------------------------------
                         slack                                 49.524    





---------------------------------------------------------------------------------------------------
From Clock:  clk_100M_clk_gen
  To Clock:  clk_20M_clk_gen

Setup :            0  Failing Endpoints,  Worst Slack        6.732ns,  Total Violation        0.000ns
Hold  :            0  Failing Endpoints,  Worst Slack        0.091ns,  Total Violation        0.000ns
---------------------------------------------------------------------------------------------------


Max Delay Paths
--------------------------------------------------------------------------------------
Slack (MET) :             6.732ns  (required time - arrival time)
  Source:                 rst100_pipe_reg[1]/C
                            (rising edge-triggered cell FDCE clocked by clk_100M_clk_gen  {rise@0.000ns fall@5.000ns period=10.000ns})
  Destination:            u_rf/u_ad9361_config/O_ENSM_state_reg[3]/CE
                            (rising edge-triggered cell FDRE clocked by clk_20M_clk_gen  {rise@0.000ns fall@25.000ns period=50.000ns})
  Path Group:             clk_20M_clk_gen
  Path Type:              Setup (Max at Slow Process Corner)
  Requirement:            10.000ns  (clk_20M_clk_gen rise@50.000ns - clk_100M_clk_gen rise@40.000ns)
  Data Path Delay:        2.786ns  (logic 0.473ns (16.978%)  route 2.313ns (83.022%))
  Logic Levels:           3  (LUT2=1 LUT5=2)
  Clock Path Skew:        -0.209ns (DCD - SCD + CPR)
    Destination Clock Delay (DCD):    3.454ns = ( 53.454 - 50.000 ) 
    Source Clock Delay      (SCD):    3.149ns = ( 43.149 - 40.000 ) 
    Clock Pessimism Removal (CPR):    -0.514ns
  Clock Uncertainty:      0.213ns  ((TSJ^2 + DJ^2)^1/2) / 2 + PE
    Total System Jitter     (TSJ):    0.071ns
    Discrete Jitter          (DJ):    0.173ns
    Phase Error              (PE):    0.120ns
  Clock Net Delay (Source):      1.305ns (routing 0.171ns, distribution 1.134ns)
  Clock Net Delay (Destination): 1.124ns (routing 0.155ns, distribution 0.969ns)

    Location             Delay type                Incr(ns)  Path(ns)    Netlist Resource(s)
  -------------------------------------------------------------------    -------------------
                         (clock clk_100M_clk_gen rise edge)
                                                     40.000    40.000 r  
    K4                                                0.000    40.000 r  sysclk_p (IN)
                         net (fo=0)                   0.100    40.100    u_clk/inst/clkin1_ibufds/I
    HPIOBDIFFINBUF_X0Y58 DIFFINBUF (Prop_DIFFINBUF_HPIOBDIFFINBUF_DIFF_IN_P_O)
                                                      0.643    40.743 r  u_clk/inst/clkin1_ibufds/DIFFINBUF_INST/O
                         net (fo=1, routed)           0.050    40.793    u_clk/inst/clkin1_ibufds/OUT
    K4                   IBUFCTRL (Prop_IBUFCTRL_HPIOB_M_I_O)
                                                      0.000    40.793 r  u_clk/inst/clkin1_ibufds/IBUFCTRL_INST/O
                         net (fo=1, routed)           0.336    41.129    u_clk/inst/clk_in1_clk_gen_buf
    BUFGCE_X0Y64         BUFGCE (Prop_BUFCE_BUFGCE_I_O)
                                                      0.028    41.157 r  u_clk/inst/clkin1_bufg1/O
                         net (fo=1, routed)           0.542    41.699    u_clk/inst/clk_in1_clk_gen
    MMCM_X0Y2            MMCME4_ADV (Prop_MMCM_CLKIN1_CLKOUT0)
                                                     -0.127    41.572 r  u_clk/inst/mmcme4_adv_inst/CLKOUT0
                         net (fo=1, routed)           0.244    41.816    u_clk/inst/clk_100M_clk_gen
    BUFGCE_X0Y68         BUFGCE (Prop_BUFCE_BUFGCE_I_O)
                                                      0.028    41.844 r  u_clk/inst/clkout1_buf/O
    X1Y2 (CLOCK_ROOT)    net (fo=30208, routed)       1.305    43.149    clk100
    SLICE_X38Y131        FDCE                                         r  rst100_pipe_reg[1]/C
  -------------------------------------------------------------------    -------------------
    SLICE_X38Y131        FDCE (Prop_BFF_SLICEM_C_Q)
                                                      0.078    43.227 r  rst100_pipe_reg[1]/Q
                         net (fo=579, routed)         1.410    44.637    u_rf/rst_n
    SLICE_X11Y165        LUT2 (Prop_C6LUT_SLICEL_I0_O)
                                                      0.088    44.725 f  u_rf/u_ad9361_config_i_1/O
                         net (fo=70, routed)          0.368    45.093    u_rf/u_ad9361_config/O_start_i_2_n_0
    SLICE_X11Y162        LUT5 (Prop_D5LUT_SLICEL_I3_O)
                                                      0.157    45.250 f  u_rf/u_ad9361_config/O_ENSM_state[3]_i_3/O
                         net (fo=1, routed)           0.204    45.454    u_rf/u_ad9361_config/O_ENSM_state[3]_i_3_n_0
    SLICE_X12Y158        LUT5 (Prop_G6LUT_SLICEM_I4_O)
                                                      0.150    45.604 r  u_rf/u_ad9361_config/O_ENSM_state[3]_i_1/O
                         net (fo=4, routed)           0.331    45.935    u_rf/u_ad9361_config/O_ENSM_state[3]_i_1_n_0
    SLICE_X11Y157        FDRE                                         r  u_rf/u_ad9361_config/O_ENSM_state_reg[3]/CE
  -------------------------------------------------------------------    -------------------

                         (clock clk_20M_clk_gen rise edge)
                                                     50.000    50.000 r  
    K4                                                0.000    50.000 r  sysclk_p (IN)
                         net (fo=0)                   0.079    50.079    u_clk/inst/clkin1_ibufds/I
    HPIOBDIFFINBUF_X0Y58 DIFFINBUF (Prop_DIFFINBUF_HPIOBDIFFINBUF_DIFF_IN_P_O)
                                                      0.533    50.612 r  u_clk/inst/clkin1_ibufds/DIFFINBUF_INST/O
                         net (fo=1, routed)           0.040    50.652    u_clk/inst/clkin1_ibufds/OUT
    K4                   IBUFCTRL (Prop_IBUFCTRL_HPIOB_M_I_O)
                                                      0.000    50.652 r  u_clk/inst/clkin1_ibufds/IBUFCTRL_INST/O
                         net (fo=1, routed)           0.300    50.952    u_clk/inst/clk_in1_clk_gen_buf
    BUFGCE_X0Y64         BUFGCE (Prop_BUFCE_BUFGCE_I_O)
                                                      0.024    50.976 r  u_clk/inst/clkin1_bufg1/O
                         net (fo=1, routed)           0.480    51.456    u_clk/inst/clk_in1_clk_gen
    MMCM_X0Y2            MMCME4_ADV (Prop_MMCM_CLKIN1_CLKOUT1)
                                                      0.630    52.086 r  u_clk/inst/mmcme4_adv_inst/CLKOUT1
                         net (fo=1, routed)           0.220    52.306    u_clk/inst/clk_20M_clk_gen
    BUFGCE_X0Y69         BUFGCE (Prop_BUFCE_BUFGCE_I_O)
                                                      0.024    52.330 r  u_clk/inst/clkout2_buf/O
    X1Y2 (CLOCK_ROOT)    net (fo=1100, routed)        1.124    53.454    u_rf/u_ad9361_config/I_clk
    SLICE_X11Y157        FDRE                                         r  u_rf/u_ad9361_config/O_ENSM_state_reg[3]/C
                         clock pessimism             -0.514    52.940    
                         clock uncertainty           -0.213    52.727    
    SLICE_X11Y157        FDRE (Setup_HFF_SLICEL_C_CE)
                                                     -0.060    52.667    u_rf/u_ad9361_config/O_ENSM_state_reg[3]
  -------------------------------------------------------------------
                         required time                         52.667    
                         arrival time                         -45.935    
  -------------------------------------------------------------------
                         slack                                  6.732    





Min Delay Paths
--------------------------------------------------------------------------------------
Slack (MET) :             0.091ns  (arrival time - required time)
  Source:                 u_regs/rf_ps_mode_reg/C
                            (rising edge-triggered cell FDPE clocked by clk_100M_clk_gen  {rise@0.000ns fall@5.000ns period=10.000ns})
  Destination:            u_rf/psm_s_reg[0]/D
                            (rising edge-triggered cell FDPE clocked by clk_20M_clk_gen  {rise@0.000ns fall@25.000ns period=50.000ns})
  Path Group:             clk_20M_clk_gen
  Path Type:              Hold (Min at Fast Process Corner)
  Requirement:            0.000ns  (clk_20M_clk_gen rise@0.000ns - clk_100M_clk_gen rise@0.000ns)
  Data Path Delay:        0.378ns  (logic 0.039ns (10.310%)  route 0.339ns (89.690%))
  Logic Levels:           0  
  Clock Path Skew:        0.026ns (DCD - SCD - CPR)
    Destination Clock Delay (DCD):    1.883ns
    Source Clock Delay      (SCD):    2.168ns
    Clock Pessimism Removal (CPR):    -0.311ns
  Clock Uncertainty:      0.213ns  ((TSJ^2 + DJ^2)^1/2) / 2 + PE
    Total System Jitter     (TSJ):    0.071ns
    Discrete Jitter          (DJ):    0.173ns
    Phase Error              (PE):    0.120ns
  Clock Net Delay (Source):      0.834ns (routing 0.096ns, distribution 0.738ns)
  Clock Net Delay (Destination): 0.833ns (routing 0.108ns, distribution 0.725ns)

    Location             Delay type                Incr(ns)  Path(ns)    Netlist Resource(s)
  -------------------------------------------------------------------    -------------------
                         (clock clk_100M_clk_gen rise edge)
                                                      0.000     0.000 r  
    K4                                                0.000     0.000 r  sysclk_p (IN)
                         net (fo=0)                   0.079     0.079    u_clk/inst/clkin1_ibufds/I
    HPIOBDIFFINBUF_X0Y58 DIFFINBUF (Prop_DIFFINBUF_HPIOBDIFFINBUF_DIFF_IN_P_O)
                                                      0.309     0.388 r  u_clk/inst/clkin1_ibufds/DIFFINBUF_INST/O
                         net (fo=1, routed)           0.040     0.428    u_clk/inst/clkin1_ibufds/OUT
    K4                   IBUFCTRL (Prop_IBUFCTRL_HPIOB_M_I_O)
                                                      0.000     0.428 r  u_clk/inst/clkin1_ibufds/IBUFCTRL_INST/O
                         net (fo=1, routed)           0.194     0.622    u_clk/inst/clk_in1_clk_gen_buf
    BUFGCE_X0Y64         BUFGCE (Prop_BUFCE_BUFGCE_I_O)
                                                      0.017     0.639 r  u_clk/inst/clkin1_bufg1/O
                         net (fo=1, routed)           0.303     0.942    u_clk/inst/clk_in1_clk_gen
    MMCM_X0Y2            MMCME4_ADV (Prop_MMCM_CLKIN1_CLKOUT0)
                                                      0.230     1.172 r  u_clk/inst/mmcme4_adv_inst/CLKOUT0
                         net (fo=1, routed)           0.145     1.317    u_clk/inst/clk_100M_clk_gen
    BUFGCE_X0Y68         BUFGCE (Prop_BUFCE_BUFGCE_I_O)
                                                      0.017     1.334 r  u_clk/inst/clkout1_buf/O
    X1Y2 (CLOCK_ROOT)    net (fo=30208, routed)       0.834     2.168    u_regs/clk_100M
    SLICE_X11Y188        FDPE                                         r  u_regs/rf_ps_mode_reg/C
  -------------------------------------------------------------------    -------------------
    SLICE_X11Y188        FDPE (Prop_GFF_SLICEL_C_Q)
                                                      0.039     2.207 r  u_regs/rf_ps_mode_reg/Q
                         net (fo=2, routed)           0.339     2.546    u_rf/ps_mode
    SLICE_X11Y173        FDPE                                         r  u_rf/psm_s_reg[0]/D
  -------------------------------------------------------------------    -------------------

                         (clock clk_20M_clk_gen rise edge)
                                                      0.000     0.000 r  
    K4                                                0.000     0.000 r  sysclk_p (IN)
                         net (fo=0)                   0.100     0.100    u_clk/inst/clkin1_ibufds/I
    HPIOBDIFFINBUF_X0Y58 DIFFINBUF (Prop_DIFFINBUF_HPIOBDIFFINBUF_DIFF_IN_P_O)
                                                      0.414     0.514 r  u_clk/inst/clkin1_ibufds/DIFFINBUF_INST/O
                         net (fo=1, routed)           0.050     0.564    u_clk/inst/clkin1_ibufds/OUT
    K4                   IBUFCTRL (Prop_IBUFCTRL_HPIOB_M_I_O)
                                                      0.000     0.564 r  u_clk/inst/clkin1_ibufds/IBUFCTRL_INST/O
                         net (fo=1, routed)           0.235     0.799    u_clk/inst/clk_in1_clk_gen_buf
    BUFGCE_X0Y64         BUFGCE (Prop_BUFCE_BUFGCE_I_O)
                                                      0.019     0.818 r  u_clk/inst/clkin1_bufg1/O
                         net (fo=1, routed)           0.338     1.156    u_clk/inst/clk_in1_clk_gen
    MMCM_X0Y2            MMCME4_ADV (Prop_MMCM_CLKIN1_CLKOUT1)
                                                     -0.295     0.861 r  u_clk/inst/mmcme4_adv_inst/CLKOUT1
                         net (fo=1, routed)           0.170     1.031    u_clk/inst/clk_20M_clk_gen
    BUFGCE_X0Y69         BUFGCE (Prop_BUFCE_BUFGCE_I_O)
                                                      0.019     1.050 r  u_clk/inst/clkout2_buf/O
    X1Y2 (CLOCK_ROOT)    net (fo=1100, routed)        0.833     1.883    u_rf/clk_20M
    SLICE_X11Y173        FDPE                                         r  u_rf/psm_s_reg[0]/C
                         clock pessimism              0.311     2.194    
                         clock uncertainty            0.213     2.407    
    SLICE_X11Y173        FDPE (Hold_HFF2_SLICEL_C_D)
                                                      0.047     2.454    u_rf/psm_s_reg[0]
  -------------------------------------------------------------------
                         required time                         -2.454    
                         arrival time                           2.546    
  -------------------------------------------------------------------
                         slack                                  0.091    





---------------------------------------------------------------------------------------------------
From Clock:  clk_100M_clk_gen
  To Clock:  clk_250M_clk_gen

Setup :            0  Failing Endpoints,  Worst Slack        0.616ns,  Total Violation        0.000ns
Hold  :            0  Failing Endpoints,  Worst Slack        0.114ns,  Total Violation        0.000ns
---------------------------------------------------------------------------------------------------


Max Delay Paths
--------------------------------------------------------------------------------------
Slack (MET) :             0.616ns  (required time - arrival time)
  Source:                 u_regs/img_continuous_reg/C
                            (rising edge-triggered cell FDCE clocked by clk_100M_clk_gen  {rise@0.000ns fall@5.000ns period=10.000ns})
  Destination:            u_img_pack/cont_s_reg[0]/D
                            (rising edge-triggered cell FDCE clocked by clk_250M_clk_gen  {rise@0.000ns fall@2.000ns period=4.000ns})
  Path Group:             clk_250M_clk_gen
  Path Type:              Setup (Max at Slow Process Corner)
  Requirement:            2.000ns  (clk_250M_clk_gen rise@12.000ns - clk_100M_clk_gen rise@10.000ns)
  Data Path Delay:        0.984ns  (logic 0.076ns (7.721%)  route 0.908ns (92.279%))
  Logic Levels:           0  
  Clock Path Skew:        -0.233ns (DCD - SCD + CPR)
    Destination Clock Delay (DCD):    3.595ns = ( 15.595 - 12.000 ) 
    Source Clock Delay      (SCD):    3.314ns = ( 13.314 - 10.000 ) 
    Clock Pessimism Removal (CPR):    -0.514ns
  Clock Uncertainty:      0.192ns  ((TSJ^2 + DJ^2)^1/2) / 2 + PE
    Total System Jitter     (TSJ):    0.071ns
    Discrete Jitter          (DJ):    0.125ns
    Phase Error              (PE):    0.120ns
  Clock Net Delay (Source):      1.470ns (routing 0.171ns, distribution 1.299ns)
  Clock Net Delay (Destination): 1.268ns (routing 0.155ns, distribution 1.113ns)

    Location             Delay type                Incr(ns)  Path(ns)    Netlist Resource(s)
  -------------------------------------------------------------------    -------------------
                         (clock clk_100M_clk_gen rise edge)
                                                     10.000    10.000 r  
    K4                                                0.000    10.000 r  sysclk_p (IN)
                         net (fo=0)                   0.100    10.100    u_clk/inst/clkin1_ibufds/I
    HPIOBDIFFINBUF_X0Y58 DIFFINBUF (Prop_DIFFINBUF_HPIOBDIFFINBUF_DIFF_IN_P_O)
                                                      0.643    10.743 r  u_clk/inst/clkin1_ibufds/DIFFINBUF_INST/O
                         net (fo=1, routed)           0.050    10.793    u_clk/inst/clkin1_ibufds/OUT
    K4                   IBUFCTRL (Prop_IBUFCTRL_HPIOB_M_I_O)
                                                      0.000    10.793 r  u_clk/inst/clkin1_ibufds/IBUFCTRL_INST/O
                         net (fo=1, routed)           0.336    11.129    u_clk/inst/clk_in1_clk_gen_buf
    BUFGCE_X0Y64         BUFGCE (Prop_BUFCE_BUFGCE_I_O)
                                                      0.028    11.157 r  u_clk/inst/clkin1_bufg1/O
                         net (fo=1, routed)           0.542    11.699    u_clk/inst/clk_in1_clk_gen
    MMCM_X0Y2            MMCME4_ADV (Prop_MMCM_CLKIN1_CLKOUT0)
                                                     -0.127    11.572 r  u_clk/inst/mmcme4_adv_inst/CLKOUT0
                         net (fo=1, routed)           0.244    11.816    u_clk/inst/clk_100M_clk_gen
    BUFGCE_X0Y68         BUFGCE (Prop_BUFCE_BUFGCE_I_O)
                                                      0.028    11.844 r  u_clk/inst/clkout1_buf/O
    X1Y2 (CLOCK_ROOT)    net (fo=30208, routed)       1.470    13.314    u_regs/clk_100M
    SLICE_X12Y183        FDCE                                         r  u_regs/img_continuous_reg/C
  -------------------------------------------------------------------    -------------------
    SLICE_X12Y183        FDCE (Prop_FFF_SLICEM_C_Q)
                                                      0.076    13.390 r  u_regs/img_continuous_reg/Q
                         net (fo=3, routed)           0.908    14.298    u_img_pack/continuous
    SLICE_X20Y182        FDCE                                         r  u_img_pack/cont_s_reg[0]/D
  -------------------------------------------------------------------    -------------------

                         (clock clk_250M_clk_gen rise edge)
                                                     12.000    12.000 r  
    K4                                                0.000    12.000 r  sysclk_p (IN)
                         net (fo=0)                   0.079    12.079    u_clk/inst/clkin1_ibufds/I
    HPIOBDIFFINBUF_X0Y58 DIFFINBUF (Prop_DIFFINBUF_HPIOBDIFFINBUF_DIFF_IN_P_O)
                                                      0.533    12.612 r  u_clk/inst/clkin1_ibufds/DIFFINBUF_INST/O
                         net (fo=1, routed)           0.040    12.652    u_clk/inst/clkin1_ibufds/OUT
    K4                   IBUFCTRL (Prop_IBUFCTRL_HPIOB_M_I_O)
                                                      0.000    12.652 r  u_clk/inst/clkin1_ibufds/IBUFCTRL_INST/O
                         net (fo=1, routed)           0.300    12.952    u_clk/inst/clk_in1_clk_gen_buf
    BUFGCE_X0Y64         BUFGCE (Prop_BUFCE_BUFGCE_I_O)
                                                      0.024    12.976 r  u_clk/inst/clkin1_bufg1/O
                         net (fo=1, routed)           0.480    13.456    u_clk/inst/clk_in1_clk_gen
    MMCM_X0Y2            MMCME4_ADV (Prop_MMCM_CLKIN1_CLKOUT2)
                                                      0.630    14.086 r  u_clk/inst/mmcme4_adv_inst/CLKOUT2
                         net (fo=1, routed)           0.217    14.303    u_clk/inst/clk_250M_clk_gen
    BUFGCE_X0Y70         BUFGCE (Prop_BUFCE_BUFGCE_I_O)
                                                      0.024    14.327 r  u_clk/inst/clkout3_buf/O
    X1Y2 (CLOCK_ROOT)    net (fo=57228, routed)       1.268    15.595    u_img_pack/clk_250M
    SLICE_X20Y182        FDCE                                         r  u_img_pack/cont_s_reg[0]/C
                         clock pessimism             -0.514    15.081    
                         clock uncertainty           -0.192    14.889    
    SLICE_X20Y182        FDCE (Setup_DFF2_SLICEM_C_D)
                                                      0.025    14.914    u_img_pack/cont_s_reg[0]
  -------------------------------------------------------------------
                         required time                         14.914    
                         arrival time                         -14.298    
  -------------------------------------------------------------------
                         slack                                  0.616    





Min Delay Paths
--------------------------------------------------------------------------------------
Slack (MET) :             0.114ns  (arrival time - required time)
  Source:                 u_regs/img_continuous_reg/C
                            (rising edge-triggered cell FDCE clocked by clk_100M_clk_gen  {rise@0.000ns fall@5.000ns period=10.000ns})
  Destination:            u_img_pack/cont_s_reg[0]/D
                            (rising edge-triggered cell FDCE clocked by clk_250M_clk_gen  {rise@0.000ns fall@2.000ns period=4.000ns})
  Path Group:             clk_250M_clk_gen
  Path Type:              Hold (Min at Fast Process Corner)
  Requirement:            0.000ns  (clk_250M_clk_gen rise@0.000ns - clk_100M_clk_gen rise@0.000ns)
  Data Path Delay:        0.473ns  (logic 0.037ns (7.821%)  route 0.436ns (92.179%))
  Logic Levels:           0  
  Clock Path Skew:        0.121ns (DCD - SCD - CPR)
    Destination Clock Delay (DCD):    1.975ns
    Source Clock Delay      (SCD):    2.165ns
    Clock Pessimism Removal (CPR):    -0.311ns
  Clock Uncertainty:      0.192ns  ((TSJ^2 + DJ^2)^1/2) / 2 + PE
    Total System Jitter     (TSJ):    0.071ns
    Discrete Jitter          (DJ):    0.125ns
    Phase Error              (PE):    0.120ns
  Clock Net Delay (Source):      0.832ns (routing 0.096ns, distribution 0.736ns)
  Clock Net Delay (Destination): 0.928ns (routing 0.108ns, distribution 0.820ns)

    Location             Delay type                Incr(ns)  Path(ns)    Netlist Resource(s)
  -------------------------------------------------------------------    -------------------
                         (clock clk_100M_clk_gen rise edge)
                                                      0.000     0.000 r  
    K4                                                0.000     0.000 r  sysclk_p (IN)
                         net (fo=0)                   0.079     0.079    u_clk/inst/clkin1_ibufds/I
    HPIOBDIFFINBUF_X0Y58 DIFFINBUF (Prop_DIFFINBUF_HPIOBDIFFINBUF_DIFF_IN_P_O)
                                                      0.309     0.388 r  u_clk/inst/clkin1_ibufds/DIFFINBUF_INST/O
                         net (fo=1, routed)           0.040     0.428    u_clk/inst/clkin1_ibufds/OUT
    K4                   IBUFCTRL (Prop_IBUFCTRL_HPIOB_M_I_O)
                                                      0.000     0.428 r  u_clk/inst/clkin1_ibufds/IBUFCTRL_INST/O
                         net (fo=1, routed)           0.194     0.622    u_clk/inst/clk_in1_clk_gen_buf
    BUFGCE_X0Y64         BUFGCE (Prop_BUFCE_BUFGCE_I_O)
                                                      0.017     0.639 r  u_clk/inst/clkin1_bufg1/O
                         net (fo=1, routed)           0.303     0.942    u_clk/inst/clk_in1_clk_gen
    MMCM_X0Y2            MMCME4_ADV (Prop_MMCM_CLKIN1_CLKOUT0)
                                                      0.230     1.172 r  u_clk/inst/mmcme4_adv_inst/CLKOUT0
                         net (fo=1, routed)           0.145     1.317    u_clk/inst/clk_100M_clk_gen
    BUFGCE_X0Y68         BUFGCE (Prop_BUFCE_BUFGCE_I_O)
                                                      0.017     1.334 r  u_clk/inst/clkout1_buf/O
    X1Y2 (CLOCK_ROOT)    net (fo=30208, routed)       0.832     2.165    u_regs/clk_100M
    SLICE_X12Y183        FDCE                                         r  u_regs/img_continuous_reg/C
  -------------------------------------------------------------------    -------------------
    SLICE_X12Y183        FDCE (Prop_FFF_SLICEM_C_Q)
                                                      0.037     2.202 r  u_regs/img_continuous_reg/Q
                         net (fo=3, routed)           0.436     2.639    u_img_pack/continuous
    SLICE_X20Y182        FDCE                                         r  u_img_pack/cont_s_reg[0]/D
  -------------------------------------------------------------------    -------------------

                         (clock clk_250M_clk_gen rise edge)
                                                      0.000     0.000 r  
    K4                                                0.000     0.000 r  sysclk_p (IN)
                         net (fo=0)                   0.100     0.100    u_clk/inst/clkin1_ibufds/I
    HPIOBDIFFINBUF_X0Y58 DIFFINBUF (Prop_DIFFINBUF_HPIOBDIFFINBUF_DIFF_IN_P_O)
                                                      0.414     0.514 r  u_clk/inst/clkin1_ibufds/DIFFINBUF_INST/O
                         net (fo=1, routed)           0.050     0.564    u_clk/inst/clkin1_ibufds/OUT
    K4                   IBUFCTRL (Prop_IBUFCTRL_HPIOB_M_I_O)
                                                      0.000     0.564 r  u_clk/inst/clkin1_ibufds/IBUFCTRL_INST/O
                         net (fo=1, routed)           0.235     0.799    u_clk/inst/clk_in1_clk_gen_buf
    BUFGCE_X0Y64         BUFGCE (Prop_BUFCE_BUFGCE_I_O)
                                                      0.019     0.818 r  u_clk/inst/clkin1_bufg1/O
                         net (fo=1, routed)           0.338     1.156    u_clk/inst/clk_in1_clk_gen
    MMCM_X0Y2            MMCME4_ADV (Prop_MMCM_CLKIN1_CLKOUT2)
                                                     -0.295     0.861 r  u_clk/inst/mmcme4_adv_inst/CLKOUT2
                         net (fo=1, routed)           0.167     1.028    u_clk/inst/clk_250M_clk_gen
    BUFGCE_X0Y70         BUFGCE (Prop_BUFCE_BUFGCE_I_O)
                                                      0.019     1.047 r  u_clk/inst/clkout3_buf/O
    X1Y2 (CLOCK_ROOT)    net (fo=57228, routed)       0.928     1.975    u_img_pack/clk_250M
    SLICE_X20Y182        FDCE                                         r  u_img_pack/cont_s_reg[0]/C
                         clock pessimism              0.311     2.286    
                         clock uncertainty            0.192     2.478    
    SLICE_X20Y182        FDCE (Hold_DFF2_SLICEM_C_D)
                                                      0.047     2.525    u_img_pack/cont_s_reg[0]
  -------------------------------------------------------------------
                         required time                         -2.525    
                         arrival time                           2.639    
  -------------------------------------------------------------------
                         slack                                  0.114    





---------------------------------------------------------------------------------------------------
Path Group:  **async_default**
From Clock:  clk_100M_clk_gen
  To Clock:  clk_100M_clk_gen

Setup :            0  Failing Endpoints,  Worst Slack        4.946ns,  Total Violation        0.000ns
Hold  :            0  Failing Endpoints,  Worst Slack        0.292ns,  Total Violation        0.000ns
---------------------------------------------------------------------------------------------------


Max Delay Paths
--------------------------------------------------------------------------------------
Slack (MET) :             4.946ns  (required time - arrival time)
  Source:                 rst100_pipe_reg[1]/C
                            (rising edge-triggered cell FDCE clocked by clk_100M_clk_gen  {rise@0.000ns fall@5.000ns period=10.000ns})
  Destination:            u_rx_frame_buf/q0_reg[47]/CLR
                            (recovery check against rising-edge clock clk_100M_clk_gen  {rise@0.000ns fall@5.000ns period=10.000ns})
  Path Group:             **async_default**
  Path Type:              Recovery (Max at Slow Process Corner)
  Requirement:            10.000ns  (clk_100M_clk_gen rise@10.000ns - clk_100M_clk_gen rise@0.000ns)
  Data Path Delay:        4.917ns  (logic 0.264ns (5.369%)  route 4.653ns (94.631%))
  Logic Levels:           2  (BUFGCE=1 LUT2=1)
  Clock Path Skew:        0.001ns (DCD - SCD + CPR)
    Destination Clock Delay (DCD):    3.549ns = ( 13.549 - 10.000 ) 
    Source Clock Delay      (SCD):    3.149ns
    Clock Pessimism Removal (CPR):    -0.400ns
  Clock Uncertainty:      0.072ns  ((TSJ^2 + DJ^2)^1/2) / 2 + PE
    Total System Jitter     (TSJ):    0.071ns
    Discrete Jitter          (DJ):    0.125ns
    Phase Error              (PE):    0.000ns
  Clock Net Delay (Source):      1.305ns (routing 0.171ns, distribution 1.134ns)
  Clock Net Delay (Destination): 1.225ns (routing 0.155ns, distribution 1.070ns)

    Location             Delay type                Incr(ns)  Path(ns)    Netlist Resource(s)
  -------------------------------------------------------------------    -------------------
                         (clock clk_100M_clk_gen rise edge)
                                                      0.000     0.000 r  
    K4                                                0.000     0.000 r  sysclk_p (IN)
                         net (fo=0)                   0.100     0.100    u_clk/inst/clkin1_ibufds/I
    HPIOBDIFFINBUF_X0Y58 DIFFINBUF (Prop_DIFFINBUF_HPIOBDIFFINBUF_DIFF_IN_P_O)
                                                      0.643     0.743 r  u_clk/inst/clkin1_ibufds/DIFFINBUF_INST/O
                         net (fo=1, routed)           0.050     0.793    u_clk/inst/clkin1_ibufds/OUT
    K4                   IBUFCTRL (Prop_IBUFCTRL_HPIOB_M_I_O)
                                                      0.000     0.793 r  u_clk/inst/clkin1_ibufds/IBUFCTRL_INST/O
                         net (fo=1, routed)           0.336     1.129    u_clk/inst/clk_in1_clk_gen_buf
    BUFGCE_X0Y64         BUFGCE (Prop_BUFCE_BUFGCE_I_O)
                                                      0.028     1.157 r  u_clk/inst/clkin1_bufg1/O
                         net (fo=1, routed)           0.542     1.699    u_clk/inst/clk_in1_clk_gen
    MMCM_X0Y2            MMCME4_ADV (Prop_MMCM_CLKIN1_CLKOUT0)
                                                     -0.127     1.572 r  u_clk/inst/mmcme4_adv_inst/CLKOUT0
                         net (fo=1, routed)           0.244     1.816    u_clk/inst/clk_100M_clk_gen
    BUFGCE_X0Y68         BUFGCE (Prop_BUFCE_BUFGCE_I_O)
                                                      0.028     1.844 r  u_clk/inst/clkout1_buf/O
    X1Y2 (CLOCK_ROOT)    net (fo=30208, routed)       1.305     3.149    clk100
    SLICE_X38Y131        FDCE                                         r  rst100_pipe_reg[1]/C
  -------------------------------------------------------------------    -------------------
    SLICE_X38Y131        FDCE (Prop_BFF_SLICEM_C_Q)
                                                      0.078     3.227 r  rst100_pipe_reg[1]/Q
                         net (fo=579, routed)         2.140     5.367    u_regs/Q[0]
    SLICE_X11Y188        LUT2 (Prop_C5LUT_SLICEL_I1_O)
                                                      0.158     5.525 f  u_regs/wptr[14]_i_3/O
                         net (fo=1, routed)           1.234     6.759    u_regs/rx_soft_rst_reg_0_bufg_place
    BUFGCE_X0Y75         BUFGCE (Prop_BUFCE_BUFGCE_I_O)
                                                      0.028     6.787 f  u_regs/wptr[14]_i_3_bufg_place/O
                         net (fo=1158, routed)        1.279     8.066    u_rx_frame_buf/qn_reg[1]_0
    SLICE_X21Y173        FDCE                                         f  u_rx_frame_buf/q0_reg[47]/CLR
  -------------------------------------------------------------------    -------------------

                         (clock clk_100M_clk_gen rise edge)
                                                     10.000    10.000 r  
    K4                                                0.000    10.000 r  sysclk_p (IN)
                         net (fo=0)                   0.079    10.079    u_clk/inst/clkin1_ibufds/I
    HPIOBDIFFINBUF_X0Y58 DIFFINBUF (Prop_DIFFINBUF_HPIOBDIFFINBUF_DIFF_IN_P_O)
                                                      0.533    10.612 r  u_clk/inst/clkin1_ibufds/DIFFINBUF_INST/O
                         net (fo=1, routed)           0.040    10.652    u_clk/inst/clkin1_ibufds/OUT
    K4                   IBUFCTRL (Prop_IBUFCTRL_HPIOB_M_I_O)
                                                      0.000    10.652 r  u_clk/inst/clkin1_ibufds/IBUFCTRL_INST/O
                         net (fo=1, routed)           0.300    10.952    u_clk/inst/clk_in1_clk_gen_buf
    BUFGCE_X0Y64         BUFGCE (Prop_BUFCE_BUFGCE_I_O)
                                                      0.024    10.976 r  u_clk/inst/clkin1_bufg1/O
                         net (fo=1, routed)           0.480    11.456    u_clk/inst/clk_in1_clk_gen
    MMCM_X0Y2            MMCME4_ADV (Prop_MMCM_CLKIN1_CLKOUT0)
                                                      0.630    12.086 r  u_clk/inst/mmcme4_adv_inst/CLKOUT0
                         net (fo=1, routed)           0.214    12.300    u_clk/inst/clk_100M_clk_gen
    BUFGCE_X0Y68         BUFGCE (Prop_BUFCE_BUFGCE_I_O)
                                                      0.024    12.324 r  u_clk/inst/clkout1_buf/O
    X1Y2 (CLOCK_ROOT)    net (fo=30208, routed)       1.225    13.549    u_rx_frame_buf/clk_100M
    SLICE_X21Y173        FDCE                                         r  u_rx_frame_buf/q0_reg[47]/C
                         clock pessimism             -0.400    13.150    
                         clock uncertainty           -0.072    13.078    
    SLICE_X21Y173        FDCE (Recov_DFF_SLICEM_C_CLR)
                                                     -0.066    13.012    u_rx_frame_buf/q0_reg[47]
  -------------------------------------------------------------------
                         required time                         13.012    
                         arrival time                          -8.066    
  -------------------------------------------------------------------
                         slack                                  4.946    





Min Delay Paths
--------------------------------------------------------------------------------------
Slack (MET) :             0.292ns  (arrival time - required time)
  Source:                 u_regs/rx_soft_rst_reg/C
                            (rising edge-triggered cell FDCE clocked by clk_100M_clk_gen  {rise@0.000ns fall@5.000ns period=10.000ns})
  Destination:            u_rx_baseband/equalizer_top_inst/u_sfo_res/acc_reg[10]/CLR
                            (removal check against rising-edge clock clk_100M_clk_gen  {rise@0.000ns fall@5.000ns period=10.000ns})
  Path Group:             **async_default**
  Path Type:              Removal (Min at Fast Process Corner)
  Requirement:            0.000ns  (clk_100M_clk_gen rise@0.000ns - clk_100M_clk_gen rise@0.000ns)
  Data Path Delay:        0.339ns  (logic 0.074ns (21.855%)  route 0.265ns (78.145%))
  Logic Levels:           1  (LUT2=1)
  Clock Path Skew:        0.067ns (DCD - SCD - CPR)
    Destination Clock Delay (DCD):    1.954ns
    Source Clock Delay      (SCD):    2.165ns
    Clock Pessimism Removal (CPR):    -0.277ns
  Clock Net Delay (Source):      0.831ns (routing 0.096ns, distribution 0.735ns)
  Clock Net Delay (Destination): 0.909ns (routing 0.108ns, distribution 0.801ns)

    Location             Delay type                Incr(ns)  Path(ns)    Netlist Resource(s)
  -------------------------------------------------------------------    -------------------
                         (clock clk_100M_clk_gen rise edge)
                                                      0.000     0.000 r  
    K4                                                0.000     0.000 r  sysclk_p (IN)
                         net (fo=0)                   0.079     0.079    u_clk/inst/clkin1_ibufds/I
    HPIOBDIFFINBUF_X0Y58 DIFFINBUF (Prop_DIFFINBUF_HPIOBDIFFINBUF_DIFF_IN_P_O)
                                                      0.309     0.388 r  u_clk/inst/clkin1_ibufds/DIFFINBUF_INST/O
                         net (fo=1, routed)           0.040     0.428    u_clk/inst/clkin1_ibufds/OUT
    K4                   IBUFCTRL (Prop_IBUFCTRL_HPIOB_M_I_O)
                                                      0.000     0.428 r  u_clk/inst/clkin1_ibufds/IBUFCTRL_INST/O
                         net (fo=1, routed)           0.194     0.622    u_clk/inst/clk_in1_clk_gen_buf
    BUFGCE_X0Y64         BUFGCE (Prop_BUFCE_BUFGCE_I_O)
                                                      0.017     0.639 r  u_clk/inst/clkin1_bufg1/O
                         net (fo=1, routed)           0.303     0.942    u_clk/inst/clk_in1_clk_gen
    MMCM_X0Y2            MMCME4_ADV (Prop_MMCM_CLKIN1_CLKOUT0)
                                                      0.230     1.172 r  u_clk/inst/mmcme4_adv_inst/CLKOUT0
                         net (fo=1, routed)           0.145     1.317    u_clk/inst/clk_100M_clk_gen
    BUFGCE_X0Y68         BUFGCE (Prop_BUFCE_BUFGCE_I_O)
                                                      0.017     1.334 r  u_clk/inst/clkout1_buf/O
    X1Y2 (CLOCK_ROOT)    net (fo=30208, routed)       0.831     2.164    u_regs/clk_100M
    SLICE_X11Y188        FDCE                                         r  u_regs/rx_soft_rst_reg/C
  -------------------------------------------------------------------    -------------------
    SLICE_X11Y188        FDCE (Prop_DFF_SLICEL_C_Q)
                                                      0.039     2.204 f  u_regs/rx_soft_rst_reg/Q
                         net (fo=6, routed)           0.029     2.232    u_regs/rx_soft_rst
    SLICE_X11Y188        LUT2 (Prop_C6LUT_SLICEL_I1_O)
                                                      0.035     2.267 f  u_regs/u_cordic_i_1/O
                         net (fo=710, routed)         0.236     2.503    u_rx_baseband/equalizer_top_inst/u_sfo_res/e_data_reg[17]_0
    SLICE_X17Y164        FDCE                                         f  u_rx_baseband/equalizer_top_inst/u_sfo_res/acc_reg[10]/CLR
  -------------------------------------------------------------------    -------------------

                         (clock clk_100M_clk_gen rise edge)
                                                      0.000     0.000 r  
    K4                                                0.000     0.000 r  sysclk_p (IN)
                         net (fo=0)                   0.100     0.100    u_clk/inst/clkin1_ibufds/I
    HPIOBDIFFINBUF_X0Y58 DIFFINBUF (Prop_DIFFINBUF_HPIOBDIFFINBUF_DIFF_IN_P_O)
                                                      0.414     0.514 r  u_clk/inst/clkin1_ibufds/DIFFINBUF_INST/O
                         net (fo=1, routed)           0.050     0.564    u_clk/inst/clkin1_ibufds/OUT
    K4                   IBUFCTRL (Prop_IBUFCTRL_HPIOB_M_I_O)
                                                      0.000     0.564 r  u_clk/inst/clkin1_ibufds/IBUFCTRL_INST/O
                         net (fo=1, routed)           0.235     0.799    u_clk/inst/clk_in1_clk_gen_buf
    BUFGCE_X0Y64         BUFGCE (Prop_BUFCE_BUFGCE_I_O)
                                                      0.019     0.818 r  u_clk/inst/clkin1_bufg1/O
                         net (fo=1, routed)           0.338     1.156    u_clk/inst/clk_in1_clk_gen
    MMCM_X0Y2            MMCME4_ADV (Prop_MMCM_CLKIN1_CLKOUT0)
                                                     -0.295     0.861 r  u_clk/inst/mmcme4_adv_inst/CLKOUT0
                         net (fo=1, routed)           0.165     1.026    u_clk/inst/clk_100M_clk_gen
    BUFGCE_X0Y68         BUFGCE (Prop_BUFCE_BUFGCE_I_O)
                                                      0.019     1.045 r  u_clk/inst/clkout1_buf/O
    X1Y2 (CLOCK_ROOT)    net (fo=30208, routed)       0.909     1.954    u_rx_baseband/equalizer_top_inst/u_sfo_res/clk_100M
    SLICE_X17Y164        FDCE                                         r  u_rx_baseband/equalizer_top_inst/u_sfo_res/acc_reg[10]/C
                         clock pessimism              0.277     2.231    
    SLICE_X17Y164        FDCE (Remov_DFF_SLICEM_C_CLR)
                                                     -0.020     2.211    u_rx_baseband/equalizer_top_inst/u_sfo_res/acc_reg[10]
  -------------------------------------------------------------------
                         required time                         -2.211    
                         arrival time                           2.503    
  -------------------------------------------------------------------
                         slack                                  0.292    





---------------------------------------------------------------------------------------------------
Path Group:  **async_default**
From Clock:  clk_100M_clk_gen
  To Clock:  clk_20M_clk_gen

Setup :            0  Failing Endpoints,  Worst Slack        6.159ns,  Total Violation        0.000ns
Hold  :            0  Failing Endpoints,  Worst Slack        0.261ns,  Total Violation        0.000ns
---------------------------------------------------------------------------------------------------


Max Delay Paths
--------------------------------------------------------------------------------------
Slack (MET) :             6.159ns  (required time - arrival time)
  Source:                 rst100_pipe_reg[1]/C
                            (rising edge-triggered cell FDCE clocked by clk_100M_clk_gen  {rise@0.000ns fall@5.000ns period=10.000ns})
  Destination:            u_rf/u_ad9361_config/index_reg_rep[0]/CLR
                            (recovery check against rising-edge clock clk_20M_clk_gen  {rise@0.000ns fall@25.000ns period=50.000ns})
  Path Group:             **async_default**
  Path Type:              Recovery (Max at Slow Process Corner)
  Requirement:            10.000ns  (clk_20M_clk_gen rise@50.000ns - clk_100M_clk_gen rise@40.000ns)
  Data Path Delay:        3.373ns  (logic 0.166ns (4.921%)  route 3.207ns (95.079%))
  Logic Levels:           1  (LUT2=1)
  Clock Path Skew:        -0.188ns (DCD - SCD + CPR)
    Destination Clock Delay (DCD):    3.475ns = ( 53.475 - 50.000 ) 
    Source Clock Delay      (SCD):    3.149ns = ( 43.149 - 40.000 ) 
    Clock Pessimism Removal (CPR):    -0.514ns
  Clock Uncertainty:      0.213ns  ((TSJ^2 + DJ^2)^1/2) / 2 + PE
    Total System Jitter     (TSJ):    0.071ns
    Discrete Jitter          (DJ):    0.173ns
    Phase Error              (PE):    0.120ns
  Clock Net Delay (Source):      1.305ns (routing 0.171ns, distribution 1.134ns)
  Clock Net Delay (Destination): 1.145ns (routing 0.155ns, distribution 0.990ns)

    Location             Delay type                Incr(ns)  Path(ns)    Netlist Resource(s)
  -------------------------------------------------------------------    -------------------
                         (clock clk_100M_clk_gen rise edge)
                                                     40.000    40.000 r  
    K4                                                0.000    40.000 r  sysclk_p (IN)
                         net (fo=0)                   0.100    40.100    u_clk/inst/clkin1_ibufds/I
    HPIOBDIFFINBUF_X0Y58 DIFFINBUF (Prop_DIFFINBUF_HPIOBDIFFINBUF_DIFF_IN_P_O)
                                                      0.643    40.743 r  u_clk/inst/clkin1_ibufds/DIFFINBUF_INST/O
                         net (fo=1, routed)           0.050    40.793    u_clk/inst/clkin1_ibufds/OUT
    K4                   IBUFCTRL (Prop_IBUFCTRL_HPIOB_M_I_O)
                                                      0.000    40.793 r  u_clk/inst/clkin1_ibufds/IBUFCTRL_INST/O
                         net (fo=1, routed)           0.336    41.129    u_clk/inst/clk_in1_clk_gen_buf
    BUFGCE_X0Y64         BUFGCE (Prop_BUFCE_BUFGCE_I_O)
                                                      0.028    41.157 r  u_clk/inst/clkin1_bufg1/O
                         net (fo=1, routed)           0.542    41.699    u_clk/inst/clk_in1_clk_gen
    MMCM_X0Y2            MMCME4_ADV (Prop_MMCM_CLKIN1_CLKOUT0)
                                                     -0.127    41.572 r  u_clk/inst/mmcme4_adv_inst/CLKOUT0
                         net (fo=1, routed)           0.244    41.816    u_clk/inst/clk_100M_clk_gen
    BUFGCE_X0Y68         BUFGCE (Prop_BUFCE_BUFGCE_I_O)
                                                      0.028    41.844 r  u_clk/inst/clkout1_buf/O
    X1Y2 (CLOCK_ROOT)    net (fo=30208, routed)       1.305    43.149    clk100
    SLICE_X38Y131        FDCE                                         r  rst100_pipe_reg[1]/C
  -------------------------------------------------------------------    -------------------
    SLICE_X38Y131        FDCE (Prop_BFF_SLICEM_C_Q)
                                                      0.078    43.227 r  rst100_pipe_reg[1]/Q
                         net (fo=579, routed)         1.410    44.637    u_rf/rst_n
    SLICE_X11Y165        LUT2 (Prop_C6LUT_SLICEL_I0_O)
                                                      0.088    44.725 f  u_rf/u_ad9361_config_i_1/O
                         net (fo=70, routed)          1.797    46.522    u_rf/u_ad9361_config/O_start_i_2_n_0
    SLICE_X49Y155        FDCE                                         f  u_rf/u_ad9361_config/index_reg_rep[0]/CLR
  -------------------------------------------------------------------    -------------------

                         (clock clk_20M_clk_gen rise edge)
                                                     50.000    50.000 r  
    K4                                                0.000    50.000 r  sysclk_p (IN)
                         net (fo=0)                   0.079    50.079    u_clk/inst/clkin1_ibufds/I
    HPIOBDIFFINBUF_X0Y58 DIFFINBUF (Prop_DIFFINBUF_HPIOBDIFFINBUF_DIFF_IN_P_O)
                                                      0.533    50.612 r  u_clk/inst/clkin1_ibufds/DIFFINBUF_INST/O
                         net (fo=1, routed)           0.040    50.652    u_clk/inst/clkin1_ibufds/OUT
    K4                   IBUFCTRL (Prop_IBUFCTRL_HPIOB_M_I_O)
                                                      0.000    50.652 r  u_clk/inst/clkin1_ibufds/IBUFCTRL_INST/O
                         net (fo=1, routed)           0.300    50.952    u_clk/inst/clk_in1_clk_gen_buf
    BUFGCE_X0Y64         BUFGCE (Prop_BUFCE_BUFGCE_I_O)
                                                      0.024    50.976 r  u_clk/inst/clkin1_bufg1/O
                         net (fo=1, routed)           0.480    51.456    u_clk/inst/clk_in1_clk_gen
    MMCM_X0Y2            MMCME4_ADV (Prop_MMCM_CLKIN1_CLKOUT1)
                                                      0.630    52.086 r  u_clk/inst/mmcme4_adv_inst/CLKOUT1
                         net (fo=1, routed)           0.220    52.306    u_clk/inst/clk_20M_clk_gen
    BUFGCE_X0Y69         BUFGCE (Prop_BUFCE_BUFGCE_I_O)
                                                      0.024    52.330 r  u_clk/inst/clkout2_buf/O
    X1Y2 (CLOCK_ROOT)    net (fo=1100, routed)        1.145    53.475    u_rf/u_ad9361_config/I_clk
    SLICE_X49Y155        FDCE                                         r  u_rf/u_ad9361_config/index_reg_rep[0]/C
                         clock pessimism             -0.514    52.961    
                         clock uncertainty           -0.213    52.748    
    SLICE_X49Y155        FDCE (Recov_HFF2_SLICEL_C_CLR)
                                                     -0.066    52.682    u_rf/u_ad9361_config/index_reg_rep[0]
  -------------------------------------------------------------------
                         required time                         52.682    
                         arrival time                         -46.522    
  -------------------------------------------------------------------
                         slack                                  6.159    





Min Delay Paths
--------------------------------------------------------------------------------------
Slack (MET) :             0.261ns  (arrival time - required time)
  Source:                 rst100_pipe_reg[1]/C
                            (rising edge-triggered cell FDCE clocked by clk_100M_clk_gen  {rise@0.000ns fall@5.000ns period=10.000ns})
  Destination:            u_rf/u_ad9361_txq_search/poll_cnt_reg[10]/CLR
                            (removal check against rising-edge clock clk_20M_clk_gen  {rise@0.000ns fall@25.000ns period=50.000ns})
  Path Group:             **async_default**
  Path Type:              Removal (Min at Fast Process Corner)
  Requirement:            0.000ns  (clk_20M_clk_gen rise@0.000ns - clk_100M_clk_gen rise@0.000ns)
  Data Path Delay:        0.565ns  (logic 0.038ns (6.727%)  route 0.527ns (93.273%))
  Logic Levels:           0  
  Clock Path Skew:        0.110ns (DCD - SCD - CPR)
    Destination Clock Delay (DCD):    1.876ns
    Source Clock Delay      (SCD):    2.077ns
    Clock Pessimism Removal (CPR):    -0.311ns
  Clock Uncertainty:      0.213ns  ((TSJ^2 + DJ^2)^1/2) / 2 + PE
    Total System Jitter     (TSJ):    0.071ns
    Discrete Jitter          (DJ):    0.173ns
    Phase Error              (PE):    0.120ns
  Clock Net Delay (Source):      0.743ns (routing 0.096ns, distribution 0.647ns)
  Clock Net Delay (Destination): 0.826ns (routing 0.108ns, distribution 0.718ns)

    Location             Delay type                Incr(ns)  Path(ns)    Netlist Resource(s)
  -------------------------------------------------------------------    -------------------
                         (clock clk_100M_clk_gen rise edge)
                                                      0.000     0.000 r  
    K4                                                0.000     0.000 r  sysclk_p (IN)
                         net (fo=0)                   0.079     0.079    u_clk/inst/clkin1_ibufds/I
    HPIOBDIFFINBUF_X0Y58 DIFFINBUF (Prop_DIFFINBUF_HPIOBDIFFINBUF_DIFF_IN_P_O)
                                                      0.309     0.388 r  u_clk/inst/clkin1_ibufds/DIFFINBUF_INST/O
                         net (fo=1, routed)           0.040     0.428    u_clk/inst/clkin1_ibufds/OUT
    K4                   IBUFCTRL (Prop_IBUFCTRL_HPIOB_M_I_O)
                                                      0.000     0.428 r  u_clk/inst/clkin1_ibufds/IBUFCTRL_INST/O
                         net (fo=1, routed)           0.194     0.622    u_clk/inst/clk_in1_clk_gen_buf
    BUFGCE_X0Y64         BUFGCE (Prop_BUFCE_BUFGCE_I_O)
                                                      0.017     0.639 r  u_clk/inst/clkin1_bufg1/O
                         net (fo=1, routed)           0.303     0.942    u_clk/inst/clk_in1_clk_gen
    MMCM_X0Y2            MMCME4_ADV (Prop_MMCM_CLKIN1_CLKOUT0)
                                                      0.230     1.172 r  u_clk/inst/mmcme4_adv_inst/CLKOUT0
                         net (fo=1, routed)           0.145     1.317    u_clk/inst/clk_100M_clk_gen
    BUFGCE_X0Y68         BUFGCE (Prop_BUFCE_BUFGCE_I_O)
                                                      0.017     1.334 r  u_clk/inst/clkout1_buf/O
    X1Y2 (CLOCK_ROOT)    net (fo=30208, routed)       0.743     2.077    clk100
    SLICE_X38Y131        FDCE                                         r  rst100_pipe_reg[1]/C
  -------------------------------------------------------------------    -------------------
    SLICE_X38Y131        FDCE (Prop_BFF_SLICEM_C_Q)
                                                      0.038     2.115 r  rst100_pipe_reg[1]/Q
                         net (fo=579, routed)         0.527     2.642    u_rf/u_ad9361_txq_search/I_rst_n
    SLICE_X13Y148        FDCE                                         f  u_rf/u_ad9361_txq_search/poll_cnt_reg[10]/CLR  (IS_INVERTED)
  -------------------------------------------------------------------    -------------------

                         (clock clk_20M_clk_gen rise edge)
                                                      0.000     0.000 r  
    K4                                                0.000     0.000 r  sysclk_p (IN)
                         net (fo=0)                   0.100     0.100    u_clk/inst/clkin1_ibufds/I
    HPIOBDIFFINBUF_X0Y58 DIFFINBUF (Prop_DIFFINBUF_HPIOBDIFFINBUF_DIFF_IN_P_O)
                                                      0.414     0.514 r  u_clk/inst/clkin1_ibufds/DIFFINBUF_INST/O
                         net (fo=1, routed)           0.050     0.564    u_clk/inst/clkin1_ibufds/OUT
    K4                   IBUFCTRL (Prop_IBUFCTRL_HPIOB_M_I_O)
                                                      0.000     0.564 r  u_clk/inst/clkin1_ibufds/IBUFCTRL_INST/O
                         net (fo=1, routed)           0.235     0.799    u_clk/inst/clk_in1_clk_gen_buf
    BUFGCE_X0Y64         BUFGCE (Prop_BUFCE_BUFGCE_I_O)
                                                      0.019     0.818 r  u_clk/inst/clkin1_bufg1/O
                         net (fo=1, routed)           0.338     1.156    u_clk/inst/clk_in1_clk_gen
    MMCM_X0Y2            MMCME4_ADV (Prop_MMCM_CLKIN1_CLKOUT1)
                                                     -0.295     0.861 r  u_clk/inst/mmcme4_adv_inst/CLKOUT1
                         net (fo=1, routed)           0.170     1.031    u_clk/inst/clk_20M_clk_gen
    BUFGCE_X0Y69         BUFGCE (Prop_BUFCE_BUFGCE_I_O)
                                                      0.019     1.050 r  u_clk/inst/clkout2_buf/O
    X1Y2 (CLOCK_ROOT)    net (fo=1100, routed)        0.826     1.876    u_rf/u_ad9361_txq_search/I_clk
    SLICE_X13Y148        FDCE                                         r  u_rf/u_ad9361_txq_search/poll_cnt_reg[10]/C
                         clock pessimism              0.311     2.187    
                         clock uncertainty            0.213     2.401    
    SLICE_X13Y148        FDCE (Remov_HFF_SLICEM_C_CLR)
                                                     -0.020     2.381    u_rf/u_ad9361_txq_search/poll_cnt_reg[10]
  -------------------------------------------------------------------
                         required time                         -2.381    
                         arrival time                           2.642    
  -------------------------------------------------------------------
                         slack                                  0.261    





---------------------------------------------------------------------------------------------------
Path Group:  **async_default**
From Clock:  clk_20M_clk_gen
  To Clock:  clk_20M_clk_gen

Setup :            0  Failing Endpoints,  Worst Slack       47.487ns,  Total Violation        0.000ns
Hold  :            0  Failing Endpoints,  Worst Slack        0.114ns,  Total Violation        0.000ns
---------------------------------------------------------------------------------------------------


Max Delay Paths
--------------------------------------------------------------------------------------
Slack (MET) :             47.487ns  (required time - arrival time)
  Source:                 u_rf/psm_s_reg[1]/C
                            (rising edge-triggered cell FDPE clocked by clk_20M_clk_gen  {rise@0.000ns fall@25.000ns period=50.000ns})
  Destination:            u_rf/u_ad9361_config/index_reg_rep[0]/CLR
                            (recovery check against rising-edge clock clk_20M_clk_gen  {rise@0.000ns fall@25.000ns period=50.000ns})
  Path Group:             **async_default**
  Path Type:              Recovery (Max at Slow Process Corner)
  Requirement:            50.000ns  (clk_20M_clk_gen rise@50.000ns - clk_20M_clk_gen rise@0.000ns)
  Data Path Delay:        2.276ns  (logic 0.227ns (9.975%)  route 2.049ns (90.025%))
  Logic Levels:           1  (LUT2=1)
  Clock Path Skew:        -0.078ns (DCD - SCD + CPR)
    Destination Clock Delay (DCD):    3.475ns = ( 53.475 - 50.000 ) 
    Source Clock Delay      (SCD):    3.148ns
    Clock Pessimism Removal (CPR):    -0.405ns
  Clock Uncertainty:      0.093ns  ((TSJ^2 + DJ^2)^1/2) / 2 + PE
    Total System Jitter     (TSJ):    0.071ns
    Discrete Jitter          (DJ):    0.173ns
    Phase Error              (PE):    0.000ns
  Clock Net Delay (Source):      1.297ns (routing 0.171ns, distribution 1.126ns)
  Clock Net Delay (Destination): 1.145ns (routing 0.155ns, distribution 0.990ns)

    Location             Delay type                Incr(ns)  Path(ns)    Netlist Resource(s)
  -------------------------------------------------------------------    -------------------
                         (clock clk_20M_clk_gen rise edge)
                                                      0.000     0.000 r  
    K4                                                0.000     0.000 r  sysclk_p (IN)
                         net (fo=0)                   0.100     0.100    u_clk/inst/clkin1_ibufds/I
    HPIOBDIFFINBUF_X0Y58 DIFFINBUF (Prop_DIFFINBUF_HPIOBDIFFINBUF_DIFF_IN_P_O)
                                                      0.643     0.743 r  u_clk/inst/clkin1_ibufds/DIFFINBUF_INST/O
                         net (fo=1, routed)           0.050     0.793    u_clk/inst/clkin1_ibufds/OUT
    K4                   IBUFCTRL (Prop_IBUFCTRL_HPIOB_M_I_O)
                                                      0.000     0.793 r  u_clk/inst/clkin1_ibufds/IBUFCTRL_INST/O
                         net (fo=1, routed)           0.336     1.129    u_clk/inst/clk_in1_clk_gen_buf
    BUFGCE_X0Y64         BUFGCE (Prop_BUFCE_BUFGCE_I_O)
                                                      0.028     1.157 r  u_clk/inst/clkin1_bufg1/O
                         net (fo=1, routed)           0.542     1.699    u_clk/inst/clk_in1_clk_gen
    MMCM_X0Y2            MMCME4_ADV (Prop_MMCM_CLKIN1_CLKOUT1)
                                                     -0.127     1.572 r  u_clk/inst/mmcme4_adv_inst/CLKOUT1
                         net (fo=1, routed)           0.251     1.823    u_clk/inst/clk_20M_clk_gen
    BUFGCE_X0Y69         BUFGCE (Prop_BUFCE_BUFGCE_I_O)
                                                      0.028     1.851 r  u_clk/inst/clkout2_buf/O
    X1Y2 (CLOCK_ROOT)    net (fo=1100, routed)        1.297     3.148    u_rf/clk_20M
    SLICE_X11Y173        FDPE                                         r  u_rf/psm_s_reg[1]/C
  -------------------------------------------------------------------    -------------------
    SLICE_X11Y173        FDPE (Prop_EFF2_SLICEL_C_Q)
                                                      0.081     3.229 f  u_rf/psm_s_reg[1]/Q
                         net (fo=16, routed)          0.251     3.480    u_rf/psm_s[1]
    SLICE_X11Y165        LUT2 (Prop_C6LUT_SLICEL_I1_O)
                                                      0.146     3.626 f  u_rf/u_ad9361_config_i_1/O
                         net (fo=70, routed)          1.797     5.424    u_rf/u_ad9361_config/O_start_i_2_n_0
    SLICE_X49Y155        FDCE                                         f  u_rf/u_ad9361_config/index_reg_rep[0]/CLR
  -------------------------------------------------------------------    -------------------

                         (clock clk_20M_clk_gen rise edge)
                                                     50.000    50.000 r  
    K4                                                0.000    50.000 r  sysclk_p (IN)
                         net (fo=0)                   0.079    50.079    u_clk/inst/clkin1_ibufds/I
    HPIOBDIFFINBUF_X0Y58 DIFFINBUF (Prop_DIFFINBUF_HPIOBDIFFINBUF_DIFF_IN_P_O)
                                                      0.533    50.612 r  u_clk/inst/clkin1_ibufds/DIFFINBUF_INST/O
                         net (fo=1, routed)           0.040    50.652    u_clk/inst/clkin1_ibufds/OUT
    K4                   IBUFCTRL (Prop_IBUFCTRL_HPIOB_M_I_O)
                                                      0.000    50.652 r  u_clk/inst/clkin1_ibufds/IBUFCTRL_INST/O
                         net (fo=1, routed)           0.300    50.952    u_clk/inst/clk_in1_clk_gen_buf
    BUFGCE_X0Y64         BUFGCE (Prop_BUFCE_BUFGCE_I_O)
                                                      0.024    50.976 r  u_clk/inst/clkin1_bufg1/O
                         net (fo=1, routed)           0.480    51.456    u_clk/inst/clk_in1_clk_gen
    MMCM_X0Y2            MMCME4_ADV (Prop_MMCM_CLKIN1_CLKOUT1)
                                                      0.630    52.086 r  u_clk/inst/mmcme4_adv_inst/CLKOUT1
                         net (fo=1, routed)           0.220    52.306    u_clk/inst/clk_20M_clk_gen
    BUFGCE_X0Y69         BUFGCE (Prop_BUFCE_BUFGCE_I_O)
                                                      0.024    52.330 r  u_clk/inst/clkout2_buf/O
    X1Y2 (CLOCK_ROOT)    net (fo=1100, routed)        1.145    53.475    u_rf/u_ad9361_config/I_clk
    SLICE_X49Y155        FDCE                                         r  u_rf/u_ad9361_config/index_reg_rep[0]/C
                         clock pessimism             -0.405    53.070    
                         clock uncertainty           -0.093    52.977    
    SLICE_X49Y155        FDCE (Recov_HFF2_SLICEL_C_CLR)
                                                     -0.066    52.911    u_rf/u_ad9361_config/index_reg_rep[0]
  -------------------------------------------------------------------
                         required time                         52.911    
                         arrival time                          -5.424    
  -------------------------------------------------------------------
                         slack                                 47.487    





Min Delay Paths
--------------------------------------------------------------------------------------
Slack (MET) :             0.114ns  (arrival time - required time)
  Source:                 dbg_hub/inst/BSCANID.u_xsdbm_id/CORE_XSDB.UUT_MASTER/U_ICON_INTERFACE/U_CMD6_RD/U_RD_FIFO/SUBCORE_FIFO.xsdbm_v3_0_5_rdfifo_inst/inst_fifo_gen/gconvfifo.rf/grf.rf/rstblk/ngwrdrst.grst.g7serrst.wr_rst_reg_reg[1]/C
                            (rising edge-triggered cell FDPE clocked by clk_20M_clk_gen  {rise@0.000ns fall@25.000ns period=50.000ns})
  Destination:            dbg_hub/inst/BSCANID.u_xsdbm_id/CORE_XSDB.UUT_MASTER/U_ICON_INTERFACE/U_CMD6_RD/U_RD_FIFO/SUBCORE_FIFO.xsdbm_v3_0_5_rdfifo_inst/inst_fifo_gen/gconvfifo.rf/grf.rf/gntv_or_sync_fifo.gl0.wr/wpntr/gic0.gc0.count_reg[0]/CLR
                            (removal check against rising-edge clock clk_20M_clk_gen  {rise@0.000ns fall@25.000ns period=50.000ns})
  Path Group:             **async_default**
  Path Type:              Removal (Min at Fast Process Corner)
  Requirement:            0.000ns  (clk_20M_clk_gen rise@0.000ns - clk_20M_clk_gen rise@0.000ns)
  Data Path Delay:        0.147ns  (logic 0.039ns (26.496%)  route 0.108ns (73.504%))
  Logic Levels:           0  
  Clock Path Skew:        0.054ns (DCD - SCD - CPR)
    Destination Clock Delay (DCD):    1.873ns
    Source Clock Delay      (SCD):    2.059ns
    Clock Pessimism Removal (CPR):    -0.239ns
  Clock Net Delay (Source):      0.721ns (routing 0.096ns, distribution 0.625ns)
  Clock Net Delay (Destination): 0.823ns (routing 0.108ns, distribution 0.715ns)

    Location             Delay type                Incr(ns)  Path(ns)    Netlist Resource(s)
  -------------------------------------------------------------------    -------------------
                         (clock clk_20M_clk_gen rise edge)
                                                      0.000     0.000 r  
    K4                                                0.000     0.000 r  sysclk_p (IN)
                         net (fo=0)                   0.079     0.079    u_clk/inst/clkin1_ibufds/I
    HPIOBDIFFINBUF_X0Y58 DIFFINBUF (Prop_DIFFINBUF_HPIOBDIFFINBUF_DIFF_IN_P_O)
                                                      0.309     0.388 r  u_clk/inst/clkin1_ibufds/DIFFINBUF_INST/O
                         net (fo=1, routed)           0.040     0.428    u_clk/inst/clkin1_ibufds/OUT
    K4                   IBUFCTRL (Prop_IBUFCTRL_HPIOB_M_I_O)
                                                      0.000     0.428 r  u_clk/inst/clkin1_ibufds/IBUFCTRL_INST/O
                         net (fo=1, routed)           0.194     0.622    u_clk/inst/clk_in1_clk_gen_buf
    BUFGCE_X0Y64         BUFGCE (Prop_BUFCE_BUFGCE_I_O)
                                                      0.017     0.639 r  u_clk/inst/clkin1_bufg1/O
                         net (fo=1, routed)           0.303     0.942    u_clk/inst/clk_in1_clk_gen
    MMCM_X0Y2            MMCME4_ADV (Prop_MMCM_CLKIN1_CLKOUT1)
                                                      0.230     1.172 r  u_clk/inst/mmcme4_adv_inst/CLKOUT1
                         net (fo=1, routed)           0.149     1.321    u_clk/inst/clk_20M_clk_gen
    BUFGCE_X0Y69         BUFGCE (Prop_BUFCE_BUFGCE_I_O)
                                                      0.017     1.338 r  u_clk/inst/clkout2_buf/O
    X1Y2 (CLOCK_ROOT)    net (fo=1100, routed)        0.721     2.059    dbg_hub/inst/BSCANID.u_xsdbm_id/CORE_XSDB.UUT_MASTER/U_ICON_INTERFACE/U_CMD6_RD/U_RD_FIFO/SUBCORE_FIFO.xsdbm_v3_0_5_rdfifo_inst/inst_fifo_gen/gconvfifo.rf/grf.rf/rstblk/wr_clk
    SLICE_X17Y141        FDPE                                         r  dbg_hub/inst/BSCANID.u_xsdbm_id/CORE_XSDB.UUT_MASTER/U_ICON_INTERFACE/U_CMD6_RD/U_RD_FIFO/SUBCORE_FIFO.xsdbm_v3_0_5_rdfifo_inst/inst_fifo_gen/gconvfifo.rf/grf.rf/rstblk/ngwrdrst.grst.g7serrst.wr_rst_reg_reg[1]/C
  -------------------------------------------------------------------    -------------------
    SLICE_X17Y141        FDPE (Prop_EFF2_SLICEM_C_Q)
                                                      0.039     2.098 f  dbg_hub/inst/BSCANID.u_xsdbm_id/CORE_XSDB.UUT_MASTER/U_ICON_INTERFACE/U_CMD6_RD/U_RD_FIFO/SUBCORE_FIFO.xsdbm_v3_0_5_rdfifo_inst/inst_fifo_gen/gconvfifo.rf/grf.rf/rstblk/ngwrdrst.grst.g7serrst.wr_rst_reg_reg[1]/Q
                         net (fo=12, routed)          0.108     2.206    dbg_hub/inst/BSCANID.u_xsdbm_id/CORE_XSDB.UUT_MASTER/U_ICON_INTERFACE/U_CMD6_RD/U_RD_FIFO/SUBCORE_FIFO.xsdbm_v3_0_5_rdfifo_inst/inst_fifo_gen/gconvfifo.rf/grf.rf/gntv_or_sync_fifo.gl0.wr/wpntr/gic0.gc0.count_reg[0]_0[0]
    SLICE_X18Y141        FDCE                                         f  dbg_hub/inst/BSCANID.u_xsdbm_id/CORE_XSDB.UUT_MASTER/U_ICON_INTERFACE/U_CMD6_RD/U_RD_FIFO/SUBCORE_FIFO.xsdbm_v3_0_5_rdfifo_inst/inst_fifo_gen/gconvfifo.rf/grf.rf/gntv_or_sync_fifo.gl0.wr/wpntr/gic0.gc0.count_reg[0]/CLR
  -------------------------------------------------------------------    -------------------

                         (clock clk_20M_clk_gen rise edge)
                                                      0.000     0.000 r  
    K4                                                0.000     0.000 r  sysclk_p (IN)
                         net (fo=0)                   0.100     0.100    u_clk/inst/clkin1_ibufds/I
    HPIOBDIFFINBUF_X0Y58 DIFFINBUF (Prop_DIFFINBUF_HPIOBDIFFINBUF_DIFF_IN_P_O)
                                                      0.414     0.514 r  u_clk/inst/clkin1_ibufds/DIFFINBUF_INST/O
                         net (fo=1, routed)           0.050     0.564    u_clk/inst/clkin1_ibufds/OUT
    K4                   IBUFCTRL (Prop_IBUFCTRL_HPIOB_M_I_O)
                                                      0.000     0.564 r  u_clk/inst/clkin1_ibufds/IBUFCTRL_INST/O
                         net (fo=1, routed)           0.235     0.799    u_clk/inst/clk_in1_clk_gen_buf
    BUFGCE_X0Y64         BUFGCE (Prop_BUFCE_BUFGCE_I_O)
                                                      0.019     0.818 r  u_clk/inst/clkin1_bufg1/O
                         net (fo=1, routed)           0.338     1.156    u_clk/inst/clk_in1_clk_gen
    MMCM_X0Y2            MMCME4_ADV (Prop_MMCM_CLKIN1_CLKOUT1)
                                                     -0.295     0.861 r  u_clk/inst/mmcme4_adv_inst/CLKOUT1
                         net (fo=1, routed)           0.170     1.031    u_clk/inst/clk_20M_clk_gen
    BUFGCE_X0Y69         BUFGCE (Prop_BUFCE_BUFGCE_I_O)
                                                      0.019     1.050 r  u_clk/inst/clkout2_buf/O
    X1Y2 (CLOCK_ROOT)    net (fo=1100, routed)        0.823     1.873    dbg_hub/inst/BSCANID.u_xsdbm_id/CORE_XSDB.UUT_MASTER/U_ICON_INTERFACE/U_CMD6_RD/U_RD_FIFO/SUBCORE_FIFO.xsdbm_v3_0_5_rdfifo_inst/inst_fifo_gen/gconvfifo.rf/grf.rf/gntv_or_sync_fifo.gl0.wr/wpntr/wr_clk
    SLICE_X18Y141        FDCE                                         r  dbg_hub/inst/BSCANID.u_xsdbm_id/CORE_XSDB.UUT_MASTER/U_ICON_INTERFACE/U_CMD6_RD/U_RD_FIFO/SUBCORE_FIFO.xsdbm_v3_0_5_rdfifo_inst/inst_fifo_gen/gconvfifo.rf/grf.rf/gntv_or_sync_fifo.gl0.wr/wpntr/gic0.gc0.count_reg[0]/C
                         clock pessimism              0.239     2.113    
    SLICE_X18Y141        FDCE (Remov_CFF2_SLICEM_C_CLR)
                                                     -0.020     2.093    dbg_hub/inst/BSCANID.u_xsdbm_id/CORE_XSDB.UUT_MASTER/U_ICON_INTERFACE/U_CMD6_RD/U_RD_FIFO/SUBCORE_FIFO.xsdbm_v3_0_5_rdfifo_inst/inst_fifo_gen/gconvfifo.rf/grf.rf/gntv_or_sync_fifo.gl0.wr/wpntr/gic0.gc0.count_reg[0]
  -------------------------------------------------------------------
                         required time                         -2.093    
                         arrival time                           2.206    
  -------------------------------------------------------------------
                         slack                                  0.114    





---------------------------------------------------------------------------------------------------
Path Group:  **async_default**
From Clock:  clk_250M_clk_gen
  To Clock:  clk_250M_clk_gen

Setup :            0  Failing Endpoints,  Worst Slack        2.013ns,  Total Violation        0.000ns
Hold  :            0  Failing Endpoints,  Worst Slack        0.757ns,  Total Violation        0.000ns
---------------------------------------------------------------------------------------------------


Max Delay Paths
--------------------------------------------------------------------------------------
Slack (MET) :             2.013ns  (required time - arrival time)
  Source:                 rst250_pipe_reg[1]_lopt_replica/C
                            (rising edge-triggered cell FDCE clocked by clk_250M_clk_gen  {rise@0.000ns fall@2.000ns period=4.000ns})
  Destination:            u_decoder/u_dec_0_b3/g_mul_lut.u_mul/acc_reg[1]/CLR
                            (recovery check against rising-edge clock clk_250M_clk_gen  {rise@0.000ns fall@2.000ns period=4.000ns})
  Path Group:             **async_default**
  Path Type:              Recovery (Max at Slow Process Corner)
  Requirement:            4.000ns  (clk_250M_clk_gen rise@4.000ns - clk_250M_clk_gen rise@0.000ns)
  Data Path Delay:        1.917ns  (logic 0.107ns (5.582%)  route 1.810ns (94.418%))
  Logic Levels:           1  (BUFGCE=1)
  Clock Path Skew:        0.059ns (DCD - SCD + CPR)
    Destination Clock Delay (DCD):    3.616ns = ( 7.616 - 4.000 ) 
    Source Clock Delay      (SCD):    3.094ns
    Clock Pessimism Removal (CPR):    -0.463ns
  Clock Uncertainty:      0.063ns  ((TSJ^2 + DJ^2)^1/2) / 2 + PE
    Total System Jitter     (TSJ):    0.071ns
    Discrete Jitter          (DJ):    0.105ns
    Phase Error              (PE):    0.000ns
  Clock Net Delay (Source):      1.246ns (routing 0.171ns, distribution 1.075ns)
  Clock Net Delay (Destination): 1.289ns (routing 0.155ns, distribution 1.134ns)

    Location             Delay type                Incr(ns)  Path(ns)    Netlist Resource(s)
  -------------------------------------------------------------------    -------------------
                         (clock clk_250M_clk_gen rise edge)
                                                      0.000     0.000 r  
    K4                                                0.000     0.000 r  sysclk_p (IN)
                         net (fo=0)                   0.100     0.100    u_clk/inst/clkin1_ibufds/I
    HPIOBDIFFINBUF_X0Y58 DIFFINBUF (Prop_DIFFINBUF_HPIOBDIFFINBUF_DIFF_IN_P_O)
                                                      0.643     0.743 r  u_clk/inst/clkin1_ibufds/DIFFINBUF_INST/O
                         net (fo=1, routed)           0.050     0.793    u_clk/inst/clkin1_ibufds/OUT
    K4                   IBUFCTRL (Prop_IBUFCTRL_HPIOB_M_I_O)
                                                      0.000     0.793 r  u_clk/inst/clkin1_ibufds/IBUFCTRL_INST/O
                         net (fo=1, routed)           0.336     1.129    u_clk/inst/clk_in1_clk_gen_buf
    BUFGCE_X0Y64         BUFGCE (Prop_BUFCE_BUFGCE_I_O)
                                                      0.028     1.157 r  u_clk/inst/clkin1_bufg1/O
                         net (fo=1, routed)           0.542     1.699    u_clk/inst/clk_in1_clk_gen
    MMCM_X0Y2            MMCME4_ADV (Prop_MMCM_CLKIN1_CLKOUT2)
                                                     -0.127     1.572 r  u_clk/inst/mmcme4_adv_inst/CLKOUT2
                         net (fo=1, routed)           0.248     1.820    u_clk/inst/clk_250M_clk_gen
    BUFGCE_X0Y70         BUFGCE (Prop_BUFCE_BUFGCE_I_O)
                                                      0.028     1.848 r  u_clk/inst/clkout3_buf/O
    X1Y2 (CLOCK_ROOT)    net (fo=57228, routed)       1.246     3.094    clk250
    SLICE_X23Y91         FDCE                                         r  rst250_pipe_reg[1]_lopt_replica/C
  -------------------------------------------------------------------    -------------------
    SLICE_X23Y91         FDCE (Prop_EFF_SLICEL_C_Q)
                                                      0.079     3.173 r  rst250_pipe_reg[1]_lopt_replica/Q
                         net (fo=1, routed)           0.443     3.616    Q_replN
    BUFGCE_X0Y25         BUFGCE (Prop_BUFCE_BUFGCE_I_O)
                                                      0.028     3.644 r  rst250_n_BUFG_inst/O
                         net (fo=25711, routed)       1.367     5.011    u_decoder/u_dec_0_b3/g_mul_lut.u_mul/cnt_reg[3]_0
    SLICE_X13Y230        FDCE                                         f  u_decoder/u_dec_0_b3/g_mul_lut.u_mul/acc_reg[1]/CLR  (IS_INVERTED)
  -------------------------------------------------------------------    -------------------

                         (clock clk_250M_clk_gen rise edge)
                                                      4.000     4.000 r  
    K4                                                0.000     4.000 r  sysclk_p (IN)
                         net (fo=0)                   0.079     4.079    u_clk/inst/clkin1_ibufds/I
    HPIOBDIFFINBUF_X0Y58 DIFFINBUF (Prop_DIFFINBUF_HPIOBDIFFINBUF_DIFF_IN_P_O)
                                                      0.533     4.612 r  u_clk/inst/clkin1_ibufds/DIFFINBUF_INST/O
                         net (fo=1, routed)           0.040     4.652    u_clk/inst/clkin1_ibufds/OUT
    K4                   IBUFCTRL (Prop_IBUFCTRL_HPIOB_M_I_O)
                                                      0.000     4.652 r  u_clk/inst/clkin1_ibufds/IBUFCTRL_INST/O
                         net (fo=1, routed)           0.300     4.952    u_clk/inst/clk_in1_clk_gen_buf
    BUFGCE_X0Y64         BUFGCE (Prop_BUFCE_BUFGCE_I_O)
                                                      0.024     4.976 r  u_clk/inst/clkin1_bufg1/O
                         net (fo=1, routed)           0.480     5.456    u_clk/inst/clk_in1_clk_gen
    MMCM_X0Y2            MMCME4_ADV (Prop_MMCM_CLKIN1_CLKOUT2)
                                                      0.630     6.086 r  u_clk/inst/mmcme4_adv_inst/CLKOUT2
                         net (fo=1, routed)           0.217     6.303    u_clk/inst/clk_250M_clk_gen
    BUFGCE_X0Y70         BUFGCE (Prop_BUFCE_BUFGCE_I_O)
                                                      0.024     6.327 r  u_clk/inst/clkout3_buf/O
    X1Y2 (CLOCK_ROOT)    net (fo=57228, routed)       1.289     7.616    u_decoder/u_dec_0_b3/g_mul_lut.u_mul/clk_250M
    SLICE_X13Y230        FDCE                                         r  u_decoder/u_dec_0_b3/g_mul_lut.u_mul/acc_reg[1]/C
                         clock pessimism             -0.463     7.153    
                         clock uncertainty           -0.063     7.090    
    SLICE_X13Y230        FDCE (Recov_DFF_SLICEM_C_CLR)
                                                     -0.066     7.024    u_decoder/u_dec_0_b3/g_mul_lut.u_mul/acc_reg[1]
  -------------------------------------------------------------------
                         required time                          7.024    
                         arrival time                          -5.011    
  -------------------------------------------------------------------
                         slack                                  2.013    





Min Delay Paths
--------------------------------------------------------------------------------------
Slack (MET) :             0.757ns  (arrival time - required time)
  Source:                 rst250_pipe_reg[1]_lopt_replica/C
                            (rising edge-triggered cell FDCE clocked by clk_250M_clk_gen  {rise@0.000ns fall@2.000ns period=4.000ns})
  Destination:            u_decoder/u_dec_0_a0_c2/dg_reg[0]/CLR
                            (removal check against rising-edge clock clk_250M_clk_gen  {rise@0.000ns fall@2.000ns period=4.000ns})
  Path Group:             **async_default**
  Path Type:              Removal (Min at Fast Process Corner)
  Requirement:            0.000ns  (clk_250M_clk_gen rise@0.000ns - clk_250M_clk_gen rise@0.000ns)
  Data Path Delay:        0.965ns  (logic 0.056ns (5.803%)  route 0.909ns (94.197%))
  Logic Levels:           1  (BUFGCE=1)
  Clock Path Skew:        0.228ns (DCD - SCD - CPR)
    Destination Clock Delay (DCD):    1.991ns
    Source Clock Delay      (SCD):    2.040ns
    Clock Pessimism Removal (CPR):    -0.277ns
  Clock Net Delay (Source):      0.704ns (routing 0.096ns, distribution 0.608ns)
  Clock Net Delay (Destination): 0.944ns (routing 0.108ns, distribution 0.836ns)

    Location             Delay type                Incr(ns)  Path(ns)    Netlist Resource(s)
  -------------------------------------------------------------------    -------------------
                         (clock clk_250M_clk_gen rise edge)
                                                      0.000     0.000 r  
    K4                                                0.000     0.000 r  sysclk_p (IN)
                         net (fo=0)                   0.079     0.079    u_clk/inst/clkin1_ibufds/I
    HPIOBDIFFINBUF_X0Y58 DIFFINBUF (Prop_DIFFINBUF_HPIOBDIFFINBUF_DIFF_IN_P_O)
                                                      0.309     0.388 r  u_clk/inst/clkin1_ibufds/DIFFINBUF_INST/O
                         net (fo=1, routed)           0.040     0.428    u_clk/inst/clkin1_ibufds/OUT
    K4                   IBUFCTRL (Prop_IBUFCTRL_HPIOB_M_I_O)
                                                      0.000     0.428 r  u_clk/inst/clkin1_ibufds/IBUFCTRL_INST/O
                         net (fo=1, routed)           0.194     0.622    u_clk/inst/clk_in1_clk_gen_buf
    BUFGCE_X0Y64         BUFGCE (Prop_BUFCE_BUFGCE_I_O)
                                                      0.017     0.639 r  u_clk/inst/clkin1_bufg1/O
                         net (fo=1, routed)           0.303     0.942    u_clk/inst/clk_in1_clk_gen
    MMCM_X0Y2            MMCME4_ADV (Prop_MMCM_CLKIN1_CLKOUT2)
                                                      0.230     1.172 r  u_clk/inst/mmcme4_adv_inst/CLKOUT2
                         net (fo=1, routed)           0.147     1.319    u_clk/inst/clk_250M_clk_gen
    BUFGCE_X0Y70         BUFGCE (Prop_BUFCE_BUFGCE_I_O)
                                                      0.017     1.336 r  u_clk/inst/clkout3_buf/O
    X1Y2 (CLOCK_ROOT)    net (fo=57228, routed)       0.704     2.040    clk250
    SLICE_X23Y91         FDCE                                         r  rst250_pipe_reg[1]_lopt_replica/C
  -------------------------------------------------------------------    -------------------
    SLICE_X23Y91         FDCE (Prop_EFF_SLICEL_C_Q)
                                                      0.039     2.079 r  rst250_pipe_reg[1]_lopt_replica/Q
                         net (fo=1, routed)           0.238     2.317    Q_replN
    BUFGCE_X0Y25         BUFGCE (Prop_BUFCE_BUFGCE_I_O)
                                                      0.017     2.334 r  rst250_n_BUFG_inst/O
                         net (fo=25711, routed)       0.671     3.005    u_decoder/u_dec_0_a0_c2/first2_reg_inv_0
    SLICE_X56Y146        FDCE                                         f  u_decoder/u_dec_0_a0_c2/dg_reg[0]/CLR  (IS_INVERTED)
  -------------------------------------------------------------------    -------------------

                         (clock clk_250M_clk_gen rise edge)
                                                      0.000     0.000 r  
    K4                                                0.000     0.000 r  sysclk_p (IN)
                         net (fo=0)                   0.100     0.100    u_clk/inst/clkin1_ibufds/I
    HPIOBDIFFINBUF_X0Y58 DIFFINBUF (Prop_DIFFINBUF_HPIOBDIFFINBUF_DIFF_IN_P_O)
                                                      0.414     0.514 r  u_clk/inst/clkin1_ibufds/DIFFINBUF_INST/O
                         net (fo=1, routed)           0.050     0.564    u_clk/inst/clkin1_ibufds/OUT
    K4                   IBUFCTRL (Prop_IBUFCTRL_HPIOB_M_I_O)
                                                      0.000     0.564 r  u_clk/inst/clkin1_ibufds/IBUFCTRL_INST/O
                         net (fo=1, routed)           0.235     0.799    u_clk/inst/clk_in1_clk_gen_buf
    BUFGCE_X0Y64         BUFGCE (Prop_BUFCE_BUFGCE_I_O)
                                                      0.019     0.818 r  u_clk/inst/clkin1_bufg1/O
                         net (fo=1, routed)           0.338     1.156    u_clk/inst/clk_in1_clk_gen
    MMCM_X0Y2            MMCME4_ADV (Prop_MMCM_CLKIN1_CLKOUT2)
                                                     -0.295     0.861 r  u_clk/inst/mmcme4_adv_inst/CLKOUT2
                         net (fo=1, routed)           0.167     1.028    u_clk/inst/clk_250M_clk_gen
    BUFGCE_X0Y70         BUFGCE (Prop_BUFCE_BUFGCE_I_O)
                                                      0.019     1.047 r  u_clk/inst/clkout3_buf/O
    X1Y2 (CLOCK_ROOT)    net (fo=57228, routed)       0.944     1.991    u_decoder/u_dec_0_a0_c2/clk_250M
    SLICE_X56Y146        FDCE                                         r  u_decoder/u_dec_0_a0_c2/dg_reg[0]/C
                         clock pessimism              0.277     2.268    
    SLICE_X56Y146        FDCE (Remov_HFF_SLICEL_C_CLR)
                                                     -0.020     2.248    u_decoder/u_dec_0_a0_c2/dg_reg[0]
  -------------------------------------------------------------------
                         required time                         -2.248    
                         arrival time                           3.005    
  -------------------------------------------------------------------
                         slack                                  0.757    





---------------------------------------------------------------------------------------------------
Path Group:  **async_default**
From Clock:  dbg_hub/inst/BSCANID.u_xsdbm_id/SWITCH_N_EXT_BSCAN.bscan_inst/SERIES7_BSCAN.bscan_inst/INTERNAL_TCK
  To Clock:  dbg_hub/inst/BSCANID.u_xsdbm_id/SWITCH_N_EXT_BSCAN.bscan_inst/SERIES7_BSCAN.bscan_inst/INTERNAL_TCK

Setup :            0  Failing Endpoints,  Worst Slack       48.000ns,  Total Violation        0.000ns
Hold  :            0  Failing Endpoints,  Worst Slack        0.125ns,  Total Violation        0.000ns
---------------------------------------------------------------------------------------------------


Max Delay Paths
--------------------------------------------------------------------------------------
Slack (MET) :             48.000ns  (required time - arrival time)
  Source:                 dbg_hub/inst/BSCANID.u_xsdbm_id/SWITCH_N_EXT_BSCAN.bscan_switch/portno_reg[1]/C
                            (rising edge-triggered cell FDRE clocked by dbg_hub/inst/BSCANID.u_xsdbm_id/SWITCH_N_EXT_BSCAN.bscan_inst/SERIES7_BSCAN.bscan_inst/INTERNAL_TCK  {rise@0.000ns fall@25.000ns period=50.000ns})
  Destination:            dbg_hub/inst/BSCANID.u_xsdbm_id/CORE_XSDB.U_ICON/U_CMD/iTARGET_reg[14]/CLR
                            (recovery check against rising-edge clock dbg_hub/inst/BSCANID.u_xsdbm_id/SWITCH_N_EXT_BSCAN.bscan_inst/SERIES7_BSCAN.bscan_inst/INTERNAL_TCK  {rise@0.000ns fall@25.000ns period=50.000ns})
  Path Group:             **async_default**
  Path Type:              Recovery (Max at Slow Process Corner)
  Requirement:            50.000ns  (dbg_hub/inst/BSCANID.u_xsdbm_id/SWITCH_N_EXT_BSCAN.bscan_inst/SERIES7_BSCAN.bscan_inst/INTERNAL_TCK rise@50.000ns - dbg_hub/inst/BSCANID.u_xsdbm_id/SWITCH_N_EXT_BSCAN.bscan_inst/SERIES7_BSCAN.bscan_inst/INTERNAL_TCK rise@0.000ns)
  Data Path Delay:        1.903ns  (logic 0.313ns (16.450%)  route 1.590ns (83.550%))
  Logic Levels:           2  (LUT4=1 LUT6=1)
  Clock Path Skew:        0.004ns (DCD - SCD + CPR)
    Destination Clock Delay (DCD):    2.528ns = ( 52.528 - 50.000 ) 
    Source Clock Delay      (SCD):    6.878ns
    Clock Pessimism Removal (CPR):    4.354ns
  Clock Uncertainty:      0.035ns  ((TSJ^2 + TIJ^2)^1/2 + DJ) / 2 + PE
    Total System Jitter     (TSJ):    0.071ns
    Total Input Jitter      (TIJ):    0.000ns
    Discrete Jitter          (DJ):    0.000ns
    Phase Error              (PE):    0.000ns
  Clock Net Delay (Source):      1.165ns (routing 0.170ns, distribution 0.995ns)
  Clock Net Delay (Destination): 1.099ns (routing 0.155ns, distribution 0.944ns)

    Location             Delay type                Incr(ns)  Path(ns)    Netlist Resource(s)
  -------------------------------------------------------------------    -------------------
                         (clock dbg_hub/inst/BSCANID.u_xsdbm_id/SWITCH_N_EXT_BSCAN.bscan_inst/SERIES7_BSCAN.bscan_inst/INTERNAL_TCK rise edge)
                                                      0.000     0.000 r  
    CONFIG_SITE_X0Y0     BSCANE2                      0.000     0.000 r  dbg_hub/inst/BSCANID.u_xsdbm_id/SWITCH_N_EXT_BSCAN.bscan_inst/SERIES7_BSCAN.bscan_inst/INTERNAL_TCK
    CONFIG_SITE_X0Y0     BSCANE2 (Prop_BSCAN1_CONFIG_SITE_INTERNAL_TCK_TCK)
                                                      4.300     4.300 r  dbg_hub/inst/BSCANID.u_xsdbm_id/SWITCH_N_EXT_BSCAN.bscan_inst/SERIES7_BSCAN.bscan_inst/TCK
                         net (fo=1, routed)           1.385     5.685    dbg_hub/inst/BSCANID.u_xsdbm_id/tck_bs
    BUFGCE_X0Y76         BUFGCE (Prop_BUFCE_BUFGCE_I_O)
                                                      0.028     5.713 r  dbg_hub/inst/BSCANID.u_xsdbm_id/SWITCH_N_EXT_BSCAN.u_bufg_icon_tck/O
    X1Y3 (CLOCK_ROOT)    net (fo=478, routed)         1.165     6.878    dbg_hub/inst/BSCANID.u_xsdbm_id/SWITCH_N_EXT_BSCAN.bscan_switch/s_bscan_tck
    SLICE_X31Y163        FDRE                                         r  dbg_hub/inst/BSCANID.u_xsdbm_id/SWITCH_N_EXT_BSCAN.bscan_switch/portno_reg[1]/C
  -------------------------------------------------------------------    -------------------
    SLICE_X31Y163        FDRE (Prop_EFF2_SLICEM_C_Q)
                                                      0.079     6.957 f  dbg_hub/inst/BSCANID.u_xsdbm_id/SWITCH_N_EXT_BSCAN.bscan_switch/portno_reg[1]/Q
                         net (fo=1, routed)           0.188     7.145    dbg_hub/inst/BSCANID.u_xsdbm_id/SWITCH_N_EXT_BSCAN.bscan_switch/portno[1]
    SLICE_X31Y163        LUT6 (Prop_F6LUT_SLICEM_I3_O)
                                                      0.123     7.268 f  dbg_hub/inst/BSCANID.u_xsdbm_id/SWITCH_N_EXT_BSCAN.bscan_switch/m_bscan_drck[0]_INST_0_i_1/O
                         net (fo=5, routed)           0.318     7.586    dbg_hub/inst/BSCANID.u_xsdbm_id/SWITCH_N_EXT_BSCAN.bscan_switch/m_bscan_drck[0]_INST_0_i_1_n_0
    SLICE_X34Y163        LUT4 (Prop_C5LUT_SLICEM_I3_O)
                                                      0.111     7.697 r  dbg_hub/inst/BSCANID.u_xsdbm_id/SWITCH_N_EXT_BSCAN.bscan_switch/m_bscan_sel[0]_INST_0/O
                         net (fo=11, routed)          1.084     8.781    dbg_hub/inst/BSCANID.u_xsdbm_id/CORE_XSDB.U_ICON/U_CMD/iTARGET_reg[6]_0
    SLICE_X20Y162        FDCE                                         f  dbg_hub/inst/BSCANID.u_xsdbm_id/CORE_XSDB.U_ICON/U_CMD/iTARGET_reg[14]/CLR  (IS_INVERTED)
  -------------------------------------------------------------------    -------------------

                         (clock dbg_hub/inst/BSCANID.u_xsdbm_id/SWITCH_N_EXT_BSCAN.bscan_inst/SERIES7_BSCAN.bscan_inst/INTERNAL_TCK rise edge)
                                                     50.000    50.000 r  
    CONFIG_SITE_X0Y0     BSCANE2                      0.000    50.000 r  dbg_hub/inst/BSCANID.u_xsdbm_id/SWITCH_N_EXT_BSCAN.bscan_inst/SERIES7_BSCAN.bscan_inst/INTERNAL_TCK
    CONFIG_SITE_X0Y0     BSCANE2 (Prop_BSCAN1_CONFIG_SITE_INTERNAL_TCK_TCK)
                                                      0.465    50.465 r  dbg_hub/inst/BSCANID.u_xsdbm_id/SWITCH_N_EXT_BSCAN.bscan_inst/SERIES7_BSCAN.bscan_inst/TCK
                         net (fo=1, routed)           0.940    51.405    dbg_hub/inst/BSCANID.u_xsdbm_id/tck_bs
    BUFGCE_X0Y76         BUFGCE (Prop_BUFCE_BUFGCE_I_O)
                                                      0.024    51.429 r  dbg_hub/inst/BSCANID.u_xsdbm_id/SWITCH_N_EXT_BSCAN.u_bufg_icon_tck/O
    X1Y3 (CLOCK_ROOT)    net (fo=478, routed)         1.099    52.528    dbg_hub/inst/BSCANID.u_xsdbm_id/CORE_XSDB.U_ICON/U_CMD/m_bscan_tck[0]
    SLICE_X20Y162        FDCE                                         r  dbg_hub/inst/BSCANID.u_xsdbm_id/CORE_XSDB.U_ICON/U_CMD/iTARGET_reg[14]/C
                         clock pessimism              4.354    56.882    
                         clock uncertainty           -0.035    56.847    
    SLICE_X20Y162        FDCE (Recov_AFF_SLICEM_C_CLR)
                                                     -0.066    56.781    dbg_hub/inst/BSCANID.u_xsdbm_id/CORE_XSDB.U_ICON/U_CMD/iTARGET_reg[14]
  -------------------------------------------------------------------
                         required time                         56.781    
                         arrival time                          -8.781    
  -------------------------------------------------------------------
                         slack                                 48.000    





Min Delay Paths
--------------------------------------------------------------------------------------
Slack (MET) :             0.125ns  (arrival time - required time)
  Source:                 dbg_hub/inst/BSCANID.u_xsdbm_id/CORE_XSDB.UUT_MASTER/U_ICON_INTERFACE/U_CMD6_RD/U_RD_FIFO/SUBCORE_FIFO.xsdbm_v3_0_5_rdfifo_inst/inst_fifo_gen/gconvfifo.rf/grf.rf/rstblk/ngwrdrst.grst.g7serrst.rd_rst_reg_reg[2]/C
                            (rising edge-triggered cell FDPE clocked by dbg_hub/inst/BSCANID.u_xsdbm_id/SWITCH_N_EXT_BSCAN.bscan_inst/SERIES7_BSCAN.bscan_inst/INTERNAL_TCK  {rise@0.000ns fall@25.000ns period=50.000ns})
  Destination:            dbg_hub/inst/BSCANID.u_xsdbm_id/CORE_XSDB.UUT_MASTER/U_ICON_INTERFACE/U_CMD6_RD/U_RD_FIFO/SUBCORE_FIFO.xsdbm_v3_0_5_rdfifo_inst/inst_fifo_gen/gconvfifo.rf/grf.rf/gntv_or_sync_fifo.gl0.rd/gr1.gr1_int.rfwft/gpregsm1.curr_fwft_state_reg[0]/CLR
                            (removal check against rising-edge clock dbg_hub/inst/BSCANID.u_xsdbm_id/SWITCH_N_EXT_BSCAN.bscan_inst/SERIES7_BSCAN.bscan_inst/INTERNAL_TCK  {rise@0.000ns fall@25.000ns period=50.000ns})
  Path Group:             **async_default**
  Path Type:              Removal (Min at Fast Process Corner)
  Requirement:            0.000ns  (dbg_hub/inst/BSCANID.u_xsdbm_id/SWITCH_N_EXT_BSCAN.bscan_inst/SERIES7_BSCAN.bscan_inst/INTERNAL_TCK rise@0.000ns - dbg_hub/inst/BSCANID.u_xsdbm_id/SWITCH_N_EXT_BSCAN.bscan_inst/SERIES7_BSCAN.bscan_inst/INTERNAL_TCK rise@0.000ns)
  Data Path Delay:        0.123ns  (logic 0.039ns (31.690%)  route 0.084ns (68.310%))
  Logic Levels:           0  
  Clock Path Skew:        0.018ns (DCD - SCD - CPR)
    Destination Clock Delay (DCD):    6.103ns
    Source Clock Delay      (SCD):    1.922ns
    Clock Pessimism Removal (CPR):    4.163ns
  Clock Net Delay (Source):      0.706ns (routing 0.096ns, distribution 0.610ns)
  Clock Net Delay (Destination): 0.810ns (routing 0.108ns, distribution 0.702ns)

    Location             Delay type                Incr(ns)  Path(ns)    Netlist Resource(s)
  -------------------------------------------------------------------    -------------------
                         (clock dbg_hub/inst/BSCANID.u_xsdbm_id/SWITCH_N_EXT_BSCAN.bscan_inst/SERIES7_BSCAN.bscan_inst/INTERNAL_TCK rise edge)
                                                      0.000     0.000 r  
    CONFIG_SITE_X0Y0     BSCANE2                      0.000     0.000 r  dbg_hub/inst/BSCANID.u_xsdbm_id/SWITCH_N_EXT_BSCAN.bscan_inst/SERIES7_BSCAN.bscan_inst/INTERNAL_TCK
    CONFIG_SITE_X0Y0     BSCANE2 (Prop_BSCAN1_CONFIG_SITE_INTERNAL_TCK_TCK)
                                                      0.465     0.465 r  dbg_hub/inst/BSCANID.u_xsdbm_id/SWITCH_N_EXT_BSCAN.bscan_inst/SERIES7_BSCAN.bscan_inst/TCK
                         net (fo=1, routed)           0.734     1.199    dbg_hub/inst/BSCANID.u_xsdbm_id/tck_bs
    BUFGCE_X0Y76         BUFGCE (Prop_BUFCE_BUFGCE_I_O)
                                                      0.017     1.216 r  dbg_hub/inst/BSCANID.u_xsdbm_id/SWITCH_N_EXT_BSCAN.u_bufg_icon_tck/O
    X1Y3 (CLOCK_ROOT)    net (fo=478, routed)         0.706     1.922    dbg_hub/inst/BSCANID.u_xsdbm_id/CORE_XSDB.UUT_MASTER/U_ICON_INTERFACE/U_CMD6_RD/U_RD_FIFO/SUBCORE_FIFO.xsdbm_v3_0_5_rdfifo_inst/inst_fifo_gen/gconvfifo.rf/grf.rf/rstblk/rd_clk
    SLICE_X22Y146        FDPE                                         r  dbg_hub/inst/BSCANID.u_xsdbm_id/CORE_XSDB.UUT_MASTER/U_ICON_INTERFACE/U_CMD6_RD/U_RD_FIFO/SUBCORE_FIFO.xsdbm_v3_0_5_rdfifo_inst/inst_fifo_gen/gconvfifo.rf/grf.rf/rstblk/ngwrdrst.grst.g7serrst.rd_rst_reg_reg[2]/C
  -------------------------------------------------------------------    -------------------
    SLICE_X22Y146        FDPE (Prop_FFF_SLICEL_C_Q)
                                                      0.039     1.961 f  dbg_hub/inst/BSCANID.u_xsdbm_id/CORE_XSDB.UUT_MASTER/U_ICON_INTERFACE/U_CMD6_RD/U_RD_FIFO/SUBCORE_FIFO.xsdbm_v3_0_5_rdfifo_inst/inst_fifo_gen/gconvfifo.rf/grf.rf/rstblk/ngwrdrst.grst.g7serrst.rd_rst_reg_reg[2]/Q
                         net (fo=18, routed)          0.084     2.045    dbg_hub/inst/BSCANID.u_xsdbm_id/CORE_XSDB.UUT_MASTER/U_ICON_INTERFACE/U_CMD6_RD/U_RD_FIFO/SUBCORE_FIFO.xsdbm_v3_0_5_rdfifo_inst/inst_fifo_gen/gconvfifo.rf/grf.rf/gntv_or_sync_fifo.gl0.rd/gr1.gr1_int.rfwft/out[1]
    SLICE_X21Y146        FDCE                                         f  dbg_hub/inst/BSCANID.u_xsdbm_id/CORE_XSDB.UUT_MASTER/U_ICON_INTERFACE/U_CMD6_RD/U_RD_FIFO/SUBCORE_FIFO.xsdbm_v3_0_5_rdfifo_inst/inst_fifo_gen/gconvfifo.rf/grf.rf/gntv_or_sync_fifo.gl0.rd/gr1.gr1_int.rfwft/gpregsm1.curr_fwft_state_reg[0]/CLR
  -------------------------------------------------------------------    -------------------

                         (clock dbg_hub/inst/BSCANID.u_xsdbm_id/SWITCH_N_EXT_BSCAN.bscan_inst/SERIES7_BSCAN.bscan_inst/INTERNAL_TCK rise edge)
                                                      0.000     0.000 r  
    CONFIG_SITE_X0Y0     BSCANE2                      0.000     0.000 r  dbg_hub/inst/BSCANID.u_xsdbm_id/SWITCH_N_EXT_BSCAN.bscan_inst/SERIES7_BSCAN.bscan_inst/INTERNAL_TCK
    CONFIG_SITE_X0Y0     BSCANE2 (Prop_BSCAN1_CONFIG_SITE_INTERNAL_TCK_TCK)
                                                      4.300     4.300 r  dbg_hub/inst/BSCANID.u_xsdbm_id/SWITCH_N_EXT_BSCAN.bscan_inst/SERIES7_BSCAN.bscan_inst/TCK
                         net (fo=1, routed)           0.974     5.274    dbg_hub/inst/BSCANID.u_xsdbm_id/tck_bs
    BUFGCE_X0Y76         BUFGCE (Prop_BUFCE_BUFGCE_I_O)
                                                      0.019     5.293 r  dbg_hub/inst/BSCANID.u_xsdbm_id/SWITCH_N_EXT_BSCAN.u_bufg_icon_tck/O
    X1Y3 (CLOCK_ROOT)    net (fo=478, routed)         0.810     6.103    dbg_hub/inst/BSCANID.u_xsdbm_id/CORE_XSDB.UUT_MASTER/U_ICON_INTERFACE/U_CMD6_RD/U_RD_FIFO/SUBCORE_FIFO.xsdbm_v3_0_5_rdfifo_inst/inst_fifo_gen/gconvfifo.rf/grf.rf/gntv_or_sync_fifo.gl0.rd/gr1.gr1_int.rfwft/rd_clk
    SLICE_X21Y146        FDCE                                         r  dbg_hub/inst/BSCANID.u_xsdbm_id/CORE_XSDB.UUT_MASTER/U_ICON_INTERFACE/U_CMD6_RD/U_RD_FIFO/SUBCORE_FIFO.xsdbm_v3_0_5_rdfifo_inst/inst_fifo_gen/gconvfifo.rf/grf.rf/gntv_or_sync_fifo.gl0.rd/gr1.gr1_int.rfwft/gpregsm1.curr_fwft_state_reg[0]/C
                         clock pessimism             -4.163     1.940    
    SLICE_X21Y146        FDCE (Remov_DFF_SLICEM_C_CLR)
                                                     -0.020     1.920    dbg_hub/inst/BSCANID.u_xsdbm_id/CORE_XSDB.UUT_MASTER/U_ICON_INTERFACE/U_CMD6_RD/U_RD_FIFO/SUBCORE_FIFO.xsdbm_v3_0_5_rdfifo_inst/inst_fifo_gen/gconvfifo.rf/grf.rf/gntv_or_sync_fifo.gl0.rd/gr1.gr1_int.rfwft/gpregsm1.curr_fwft_state_reg[0]
  -------------------------------------------------------------------
                         required time                         -1.920    
                         arrival time                           2.045    
  -------------------------------------------------------------------
                         slack                                  0.125    





