Copyright 1986-2022 Xilinx, Inc. All Rights Reserved. Copyright 2022-2025 Advanced Micro Devices, Inc. All Rights Reserved.
--------------------------------------------------------------------------------------------------------------------------------------------------
| Tool Version      : Vivado v.2025.2 (win64) Build 6299465 Fri Nov 14 19:35:11 GMT 2025
| Date              : Mon Oct  5 16:48:56 2026
| Host              : DESKTOP-MCAH50K running 64-bit major release  (build 9200)
| Command           : report_timing_summary -file D:/ClaudePrj/AD9361/OFDM_JSCC_PS_TX/deploy/timing.rpt
| Design            : jscc_tx_ps_top
| Device            : xczu5eg-sfvc784
| Speed File        : -2  PRODUCTION 1.30 05-15-2022
| Design State      : Routed
| Temperature Grade : E
--------------------------------------------------------------------------------------------------------------------------------------------------

Timing Summary Report

------------------------------------------------------------------------------------------------
| Timer Settings
| --------------
------------------------------------------------------------------------------------------------

  Enable Multi Corner Analysis               :  Yes
  Enable Pessimism Removal                   :  Yes
  Pessimism Removal Resolution               :  Nearest Common Node
  Enable Input Delay Default Clock           :  No
  Enable Preset / Clear Arcs                 :  No
  Disable Flight Delays                      :  No
  Ignore I/O Paths                           :  No
  Timing Early Launch at Borrowing Latches   :  No
  Borrow Time for Max Delay Exceptions       :  Yes
  Merge Timing Exceptions                    :  Yes
  Inter-SLR Compensation                     :  Conservative

  Corner  Analyze    Analyze    
  Name    Max Paths  Min Paths  
  ------  ---------  ---------  
  Slow    Yes        Yes        
  Fast    Yes        Yes        


------------------------------------------------------------------------------------------------
| Report Methodology
| ------------------
------------------------------------------------------------------------------------------------

Rule       Severity  Description                                           Violations  
---------  --------  ----------------------------------------------------  ----------  
LUTAR-1    Warning   LUT drives async reset alert                          6           
SYNTH-6    Warning   Timing of a RAM block might be sub-optimal            2           
TIMING-18  Warning   Missing input or output delay                         17          
TIMING-24  Warning   Overridden Max delay datapath only                    4           
TIMING-28  Warning   Auto-derived clock referenced by a timing constraint  2           
ULMTCS-1   Warning   Control Sets use limits recommend reduction           1           
CLKC-56    Advisory  MMCME4 with global clock driver has no LOC            1           

Note: This report is based on the most recent report_methodology run and may not be up-to-date. Run report_methodology on the current design for the latest report.



check_timing report

Table of Contents
-----------------
1. checking no_clock (0)
2. checking constant_clock (0)
3. checking pulse_width_clock (0)
4. checking unconstrained_internal_endpoints (0)
5. checking no_input_delay (3)
6. checking no_output_delay (15)
7. checking multiple_clock (0)
8. checking generated_clocks (0)
9. checking loops (0)
10. checking partial_input_delay (0)
11. checking partial_output_delay (0)
12. checking latch_loops (0)

1. checking no_clock (0)
------------------------
 There are 0 register/latch pins with no clock.


2. checking constant_clock (0)
------------------------------
 There are 0 register/latch pins with constant_clock.


3. checking pulse_width_clock (0)
---------------------------------
 There are 0 register/latch pins which need pulse_width check


4. checking unconstrained_internal_endpoints (0)
------------------------------------------------
 There are 0 pins that are not constrained for maximum delay.

 There are 0 pins that are not constrained for maximum delay due to constant clock.


5. checking no_input_delay (3)
------------------------------
 There are 3 input ports with no input delay specified. (HIGH)

 There are 0 input ports with no input delay but user has a false path constraint.


6. checking no_output_delay (15)
--------------------------------
 There are 14 ports with no output delay specified. (HIGH)

 There are 0 ports with no output delay but user has a false path constraint

 There is 1 port with no output delay but with a timing clock defined on it or propagating through it (LOW)


7. checking multiple_clock (0)
------------------------------
 There are 0 register/latch pins with multiple clocks.


8. checking generated_clocks (0)
--------------------------------
 There are 0 generated clocks that are not connected to a clock source.


9. checking loops (0)
---------------------
 There are 0 combinational loops in the design.


10. checking partial_input_delay (0)
------------------------------------
 There are 0 input ports with partial input delay specified.


11. checking partial_output_delay (0)
-------------------------------------
 There are 0 ports with partial output delay specified.


12. checking latch_loops (0)
----------------------------
 There are 0 combinational latch loops in the design through latch input



------------------------------------------------------------------------------------------------
| Design Timing Summary
| ---------------------
------------------------------------------------------------------------------------------------

    WNS(ns)      TNS(ns)  TNS Failing Endpoints  TNS Total Endpoints      WHS(ns)      THS(ns)  THS Failing Endpoints  THS Total Endpoints     WPWS(ns)     TPWS(ns)  TPWS Failing Endpoints  TPWS Total Endpoints  
    -------      -------  ---------------------  -------------------      -------      -------  ---------------------  -------------------     --------     --------  ----------------------  --------------------  
      0.151        0.000                      0               199752        0.010        0.000                      0               199716        1.300        0.000                       0                 60354  


All user specified timing constraints are met.


------------------------------------------------------------------------------------------------
| Clock Summary
| -------------
------------------------------------------------------------------------------------------------

Clock                                                                                                Waveform(ns)         Period(ns)      Frequency(MHz)
-----                                                                                                ------------         ----------      --------------
clk_pl_0                                                                                             {0.000 5.000}        10.000          100.000         
dbg_hub/inst/BSCANID.u_xsdbm_id/SWITCH_N_EXT_BSCAN.bscan_inst/SERIES7_BSCAN.bscan_inst/INTERNAL_TCK  {0.000 25.000}       50.000          20.000          
rx_clk                                                                                               {0.000 12.500}       25.000          40.000          
sysclk_p                                                                                             {0.000 4.000}        8.000           125.000         
  clk_100M_clk_gen                                                                                   {0.000 5.000}        10.000          100.000         
  clk_20M_clk_gen                                                                                    {0.000 25.000}       50.000          20.000          
  clk_250M_clk_gen                                                                                   {0.000 2.000}        4.000           250.000         


------------------------------------------------------------------------------------------------
| Intra Clock Table
| -----------------
------------------------------------------------------------------------------------------------

Clock                                                                                                    WNS(ns)      TNS(ns)  TNS Failing Endpoints  TNS Total Endpoints      WHS(ns)      THS(ns)  THS Failing Endpoints  THS Total Endpoints     WPWS(ns)     TPWS(ns)  TPWS Failing Endpoints  TPWS Total Endpoints  
-----                                                                                                    -------      -------  ---------------------  -------------------      -------      -------  ---------------------  -------------------     --------     --------  ----------------------  --------------------  
dbg_hub/inst/BSCANID.u_xsdbm_id/SWITCH_N_EXT_BSCAN.bscan_inst/SERIES7_BSCAN.bscan_inst/INTERNAL_TCK       15.568        0.000                      0                  992        0.014        0.000                      0                  992       24.468        0.000                       0                   479  
rx_clk                                                                                                    22.060        0.000                      0                  343        0.021        0.000                      0                  343       11.724        0.000                       0                   225  
sysclk_p                                                                                                                                                                                                                                               1.600        0.000                       0                     2  
  clk_100M_clk_gen                                                                                         3.490        0.000                      0                18644        0.010        0.000                      0                18644        3.500        0.000                       0                  7472  
  clk_20M_clk_gen                                                                                         45.401        0.000                      0                 1684        0.014        0.000                      0                 1684       24.458        0.000                       0                  1135  
  clk_250M_clk_gen                                                                                         0.151        0.000                      0               153396        0.010        0.000                      0               153396        1.300        0.000                       0                 51041  


------------------------------------------------------------------------------------------------
| Inter Clock Table
| -----------------
------------------------------------------------------------------------------------------------

From Clock                                                                                           To Clock                                                                                                 WNS(ns)      TNS(ns)  TNS Failing Endpoints  TNS Total Endpoints      WHS(ns)      THS(ns)  THS Failing Endpoints  THS Total Endpoints  
----------                                                                                           --------                                                                                                 -------      -------  ---------------------  -------------------      -------      -------  ---------------------  -------------------  
clk_20M_clk_gen                                                                                      dbg_hub/inst/BSCANID.u_xsdbm_id/SWITCH_N_EXT_BSCAN.bscan_inst/SERIES7_BSCAN.bscan_inst/INTERNAL_TCK       49.551        0.000                      0                    8                                                                        
clk_20M_clk_gen                                                                                      clk_100M_clk_gen                                                                                           8.248        0.000                      0                   17        0.096        0.000                      0                   17  
clk_250M_clk_gen                                                                                     clk_100M_clk_gen                                                                                           0.633        0.000                      0                   45        0.150        0.000                      0                    1  
dbg_hub/inst/BSCANID.u_xsdbm_id/SWITCH_N_EXT_BSCAN.bscan_inst/SERIES7_BSCAN.bscan_inst/INTERNAL_TCK  clk_20M_clk_gen                                                                                           49.603        0.000                      0                    8                                                                        
clk_100M_clk_gen                                                                                     clk_20M_clk_gen                                                                                            7.091        0.000                      0                   61        0.092        0.000                      0                   61  
clk_100M_clk_gen                                                                                     clk_250M_clk_gen                                                                                           0.664        0.000                      0                   25        0.105        0.000                      0                    1  


------------------------------------------------------------------------------------------------
| Other Path Groups Table
| -----------------------
------------------------------------------------------------------------------------------------

Path Group                                                                                           From Clock                                                                                           To Clock                                                                                                 WNS(ns)      TNS(ns)  TNS Failing Endpoints  TNS Total Endpoints      WHS(ns)      THS(ns)  THS Failing Endpoints  THS Total Endpoints  
----------                                                                                           ----------                                                                                           --------                                                                                                 -------      -------  ---------------------  -------------------      -------      -------  ---------------------  -------------------  
**async_default**                                                                                    clk_100M_clk_gen                                                                                     clk_100M_clk_gen                                                                                           6.987        0.000                      0                  871        0.420        0.000                      0                  871  
**async_default**                                                                                    clk_100M_clk_gen                                                                                     clk_20M_clk_gen                                                                                            6.644        0.000                      0                  265        0.238        0.000                      0                  265  
**async_default**                                                                                    clk_20M_clk_gen                                                                                      clk_20M_clk_gen                                                                                           48.297        0.000                      0                  105        0.071        0.000                      0                  105  
**async_default**                                                                                    clk_250M_clk_gen                                                                                     clk_250M_clk_gen                                                                                           0.598        0.000                      0                23295        0.061        0.000                      0                23295  
**async_default**                                                                                    dbg_hub/inst/BSCANID.u_xsdbm_id/SWITCH_N_EXT_BSCAN.bscan_inst/SERIES7_BSCAN.bscan_inst/INTERNAL_TCK  dbg_hub/inst/BSCANID.u_xsdbm_id/SWITCH_N_EXT_BSCAN.bscan_inst/SERIES7_BSCAN.bscan_inst/INTERNAL_TCK       47.393        0.000                      0                  100        0.107        0.000                      0                  100  


------------------------------------------------------------------------------------------------
| Timing Details
| --------------
------------------------------------------------------------------------------------------------


---------------------------------------------------------------------------------------------------
From Clock:  dbg_hub/inst/BSCANID.u_xsdbm_id/SWITCH_N_EXT_BSCAN.bscan_inst/SERIES7_BSCAN.bscan_inst/INTERNAL_TCK
  To Clock:  dbg_hub/inst/BSCANID.u_xsdbm_id/SWITCH_N_EXT_BSCAN.bscan_inst/SERIES7_BSCAN.bscan_inst/INTERNAL_TCK

Setup :            0  Failing Endpoints,  Worst Slack       15.568ns,  Total Violation        0.000ns
Hold  :            0  Failing Endpoints,  Worst Slack        0.014ns,  Total Violation        0.000ns
PW    :            0  Failing Endpoints,  Worst Slack       24.468ns,  Total Violation        0.000ns
---------------------------------------------------------------------------------------------------


Max Delay Paths
--------------------------------------------------------------------------------------
Slack (MET) :             15.568ns  (required time - arrival time)
  Source:                 dbg_hub/inst/BSCANID.u_xsdbm_id/CORE_XSDB.U_ICON/iTDO_reg/C
                            (rising edge-triggered cell FDRE clocked by dbg_hub/inst/BSCANID.u_xsdbm_id/SWITCH_N_EXT_BSCAN.bscan_inst/SERIES7_BSCAN.bscan_inst/INTERNAL_TCK  {rise@0.000ns fall@25.000ns period=50.000ns})
  Destination:            dbg_hub/inst/BSCANID.u_xsdbm_id/SWITCH_N_EXT_BSCAN.bscan_inst/SERIES7_BSCAN.bscan_inst/TDO
                            (falling edge-triggered cell BSCANE2 clocked by dbg_hub/inst/BSCANID.u_xsdbm_id/SWITCH_N_EXT_BSCAN.bscan_inst/SERIES7_BSCAN.bscan_inst/INTERNAL_TCK  {rise@0.000ns fall@25.000ns period=50.000ns})
  Path Group:             dbg_hub/inst/BSCANID.u_xsdbm_id/SWITCH_N_EXT_BSCAN.bscan_inst/SERIES7_BSCAN.bscan_inst/INTERNAL_TCK
  Path Type:              Setup (Max at Slow Process Corner)
  Requirement:            25.000ns  (dbg_hub/inst/BSCANID.u_xsdbm_id/SWITCH_N_EXT_BSCAN.bscan_inst/SERIES7_BSCAN.bscan_inst/INTERNAL_TCK fall@25.000ns - dbg_hub/inst/BSCANID.u_xsdbm_id/SWITCH_N_EXT_BSCAN.bscan_inst/SERIES7_BSCAN.bscan_inst/INTERNAL_TCK rise@0.000ns)
  Data Path Delay:        2.202ns  (logic 0.223ns (10.127%)  route 1.979ns (89.873%))
  Logic Levels:           2  (LUT3=1 LUT6=1)
  Clock Path Skew:        -6.995ns (DCD - SCD + CPR)
    Destination Clock Delay (DCD):    0.000ns = ( 25.000 - 25.000 ) 
    Source Clock Delay      (SCD):    6.995ns
    Clock Pessimism Removal (CPR):    0.000ns
  Clock Uncertainty:      0.235ns  ((TSJ^2 + TIJ^2)^1/2 + DJ) / 2 + PE + DCD
    Total System Jitter     (TSJ):    0.071ns
    Total Input Jitter      (TIJ):    0.000ns
    Discrete Jitter          (DJ):    0.000ns
    Phase Error              (PE):    0.000ns
    Duty Cycle Distortion   (DCD):    0.200ns
  Clock Net Delay (Source):      1.282ns (routing 0.170ns, distribution 1.112ns)

    Location             Delay type                Incr(ns)  Path(ns)    Netlist Resource(s)
  -------------------------------------------------------------------    -------------------
                         (clock dbg_hub/inst/BSCANID.u_xsdbm_id/SWITCH_N_EXT_BSCAN.bscan_inst/SERIES7_BSCAN.bscan_inst/INTERNAL_TCK rise edge)
                                                      0.000     0.000 r  
    CONFIG_SITE_X0Y0     BSCANE2                      0.000     0.000 r  dbg_hub/inst/BSCANID.u_xsdbm_id/SWITCH_N_EXT_BSCAN.bscan_inst/SERIES7_BSCAN.bscan_inst/INTERNAL_TCK
    CONFIG_SITE_X0Y0     BSCANE2 (Prop_BSCAN1_CONFIG_SITE_INTERNAL_TCK_TCK)
                                                      4.300     4.300 r  dbg_hub/inst/BSCANID.u_xsdbm_id/SWITCH_N_EXT_BSCAN.bscan_inst/SERIES7_BSCAN.bscan_inst/TCK
                         net (fo=1, routed)           1.385     5.685    dbg_hub/inst/BSCANID.u_xsdbm_id/tck_bs
    BUFGCE_X0Y76         BUFGCE (Prop_BUFCE_BUFGCE_I_O)
                                                      0.028     5.713 r  dbg_hub/inst/BSCANID.u_xsdbm_id/SWITCH_N_EXT_BSCAN.u_bufg_icon_tck/O
    X1Y3 (CLOCK_ROOT)    net (fo=478, routed)         1.282     6.995    dbg_hub/inst/BSCANID.u_xsdbm_id/CORE_XSDB.U_ICON/m_bscan_tck[0]
    SLICE_X11Y175        FDRE                                         r  dbg_hub/inst/BSCANID.u_xsdbm_id/CORE_XSDB.U_ICON/iTDO_reg/C
  -------------------------------------------------------------------    -------------------
    SLICE_X11Y175        FDRE (Prop_DFF2_SLICEL_C_Q)
                                                      0.081     7.076 r  dbg_hub/inst/BSCANID.u_xsdbm_id/CORE_XSDB.U_ICON/iTDO_reg/Q
                         net (fo=1, routed)           0.998     8.074    dbg_hub/inst/BSCANID.u_xsdbm_id/TDO
    SLICE_X43Y174        LUT3 (Prop_E6LUT_SLICEM_I2_O)
                                                      0.091     8.165 r  dbg_hub/inst/BSCANID.u_xsdbm_id/SWITCH_N_EXT_BSCAN.bscan_switch_i_1/O
                         net (fo=2, routed)           0.469     8.634    dbg_hub/inst/BSCANID.u_xsdbm_id/SWITCH_N_EXT_BSCAN.bscan_switch/m_bscan_tdo[0]
    SLICE_X45Y166        LUT6 (Prop_F6LUT_SLICEM_I5_O)
                                                      0.051     8.685 r  dbg_hub/inst/BSCANID.u_xsdbm_id/SWITCH_N_EXT_BSCAN.bscan_switch/s_bscan_tdo_INST_0/O
                         net (fo=1, routed)           0.512     9.197    dbg_hub/inst/BSCANID.u_xsdbm_id/SWITCH_N_EXT_BSCAN.bscan_inst/TDO
    CONFIG_SITE_X0Y0     BSCANE2                                      r  dbg_hub/inst/BSCANID.u_xsdbm_id/SWITCH_N_EXT_BSCAN.bscan_inst/SERIES7_BSCAN.bscan_inst/TDO
  -------------------------------------------------------------------    -------------------

                         (clock dbg_hub/inst/BSCANID.u_xsdbm_id/SWITCH_N_EXT_BSCAN.bscan_inst/SERIES7_BSCAN.bscan_inst/INTERNAL_TCK fall edge)
                                                     25.000    25.000 f  
    CONFIG_SITE_X0Y0     BSCANE2                      0.000    25.000 f  dbg_hub/inst/BSCANID.u_xsdbm_id/SWITCH_N_EXT_BSCAN.bscan_inst/SERIES7_BSCAN.bscan_inst/INTERNAL_TCK
                         clock pessimism              0.000    25.000    
                         clock uncertainty           -0.235    24.765    
    CONFIG_SITE_X0Y0     BSCANE2 (Setup_BSCAN1_CONFIG_SITE_INTERNAL_TCK_TDO)
                                                      0.000    24.765    dbg_hub/inst/BSCANID.u_xsdbm_id/SWITCH_N_EXT_BSCAN.bscan_inst/SERIES7_BSCAN.bscan_inst
  -------------------------------------------------------------------
                         required time                         24.765    
                         arrival time                          -9.197    
  -------------------------------------------------------------------
                         slack                                 15.568    





Min Delay Paths
--------------------------------------------------------------------------------------
Slack (MET) :             0.014ns  (arrival time - required time)
  Source:                 dbg_hub/inst/BSCANID.u_xsdbm_id/CORE_XSDB.UUT_MASTER/U_ICON_INTERFACE/U_CMD6_WR/shift_reg_in_reg[3]/C
                            (rising edge-triggered cell FDCE clocked by dbg_hub/inst/BSCANID.u_xsdbm_id/SWITCH_N_EXT_BSCAN.bscan_inst/SERIES7_BSCAN.bscan_inst/INTERNAL_TCK  {rise@0.000ns fall@25.000ns period=50.000ns})
  Destination:            dbg_hub/inst/BSCANID.u_xsdbm_id/CORE_XSDB.UUT_MASTER/U_ICON_INTERFACE/U_CMD6_WR/U_WR_FIFO/SUBCORE_FIFO.xsdbm_v3_0_5_wrfifo_inst/inst_fifo_gen/gconvfifo.rf/grf.rf/gntv_or_sync_fifo.mem/gdm.dm_gen.dm/RAM_reg_0_15_0_13/RAMB/I
                            (rising edge-triggered cell RAMD32 clocked by dbg_hub/inst/BSCANID.u_xsdbm_id/SWITCH_N_EXT_BSCAN.bscan_inst/SERIES7_BSCAN.bscan_inst/INTERNAL_TCK  {rise@0.000ns fall@25.000ns period=50.000ns})
  Path Group:             dbg_hub/inst/BSCANID.u_xsdbm_id/SWITCH_N_EXT_BSCAN.bscan_inst/SERIES7_BSCAN.bscan_inst/INTERNAL_TCK
  Path Type:              Hold (Min at Slow Process Corner)
  Requirement:            0.000ns  (dbg_hub/inst/BSCANID.u_xsdbm_id/SWITCH_N_EXT_BSCAN.bscan_inst/SERIES7_BSCAN.bscan_inst/INTERNAL_TCK rise@0.000ns - dbg_hub/inst/BSCANID.u_xsdbm_id/SWITCH_N_EXT_BSCAN.bscan_inst/SERIES7_BSCAN.bscan_inst/INTERNAL_TCK rise@0.000ns)
  Data Path Delay:        0.153ns  (logic 0.060ns (39.122%)  route 0.093ns (60.878%))
  Logic Levels:           0  
  Clock Path Skew:        0.062ns (DCD - SCD - CPR)
    Destination Clock Delay (DCD):    7.043ns
    Source Clock Delay      (SCD):    2.566ns
    Clock Pessimism Removal (CPR):    4.416ns
  Clock Net Delay (Source):      1.137ns (routing 0.155ns, distribution 0.982ns)
  Clock Net Delay (Destination): 1.330ns (routing 0.170ns, distribution 1.160ns)

    Location             Delay type                Incr(ns)  Path(ns)    Netlist Resource(s)
  -------------------------------------------------------------------    -------------------
                         (clock dbg_hub/inst/BSCANID.u_xsdbm_id/SWITCH_N_EXT_BSCAN.bscan_inst/SERIES7_BSCAN.bscan_inst/INTERNAL_TCK rise edge)
                                                      0.000     0.000 r  
    CONFIG_SITE_X0Y0     BSCANE2                      0.000     0.000 r  dbg_hub/inst/BSCANID.u_xsdbm_id/SWITCH_N_EXT_BSCAN.bscan_inst/SERIES7_BSCAN.bscan_inst/INTERNAL_TCK
    CONFIG_SITE_X0Y0     BSCANE2 (Prop_BSCAN1_CONFIG_SITE_INTERNAL_TCK_TCK)
                                                      0.465     0.465 r  dbg_hub/inst/BSCANID.u_xsdbm_id/SWITCH_N_EXT_BSCAN.bscan_inst/SERIES7_BSCAN.bscan_inst/TCK
                         net (fo=1, routed)           0.940     1.405    dbg_hub/inst/BSCANID.u_xsdbm_id/tck_bs
    BUFGCE_X0Y76         BUFGCE (Prop_BUFCE_BUFGCE_I_O)
                                                      0.024     1.429 r  dbg_hub/inst/BSCANID.u_xsdbm_id/SWITCH_N_EXT_BSCAN.u_bufg_icon_tck/O
    X1Y3 (CLOCK_ROOT)    net (fo=478, routed)         1.137     2.566    dbg_hub/inst/BSCANID.u_xsdbm_id/CORE_XSDB.UUT_MASTER/U_ICON_INTERFACE/U_CMD6_WR/m_bscan_tck[0]
    SLICE_X9Y192         FDCE                                         r  dbg_hub/inst/BSCANID.u_xsdbm_id/CORE_XSDB.UUT_MASTER/U_ICON_INTERFACE/U_CMD6_WR/shift_reg_in_reg[3]/C
  -------------------------------------------------------------------    -------------------
    SLICE_X9Y192         FDCE (Prop_AFF2_SLICEL_C_Q)
                                                      0.060     2.626 r  dbg_hub/inst/BSCANID.u_xsdbm_id/CORE_XSDB.UUT_MASTER/U_ICON_INTERFACE/U_CMD6_WR/shift_reg_in_reg[3]/Q
                         net (fo=2, routed)           0.093     2.719    dbg_hub/inst/BSCANID.u_xsdbm_id/CORE_XSDB.UUT_MASTER/U_ICON_INTERFACE/U_CMD6_WR/U_WR_FIFO/SUBCORE_FIFO.xsdbm_v3_0_5_wrfifo_inst/inst_fifo_gen/gconvfifo.rf/grf.rf/gntv_or_sync_fifo.mem/gdm.dm_gen.dm/RAM_reg_0_15_0_13/DIB0
    SLICE_X8Y192         RAMD32                                       r  dbg_hub/inst/BSCANID.u_xsdbm_id/CORE_XSDB.UUT_MASTER/U_ICON_INTERFACE/U_CMD6_WR/U_WR_FIFO/SUBCORE_FIFO.xsdbm_v3_0_5_wrfifo_inst/inst_fifo_gen/gconvfifo.rf/grf.rf/gntv_or_sync_fifo.mem/gdm.dm_gen.dm/RAM_reg_0_15_0_13/RAMB/I
  -------------------------------------------------------------------    -------------------

                         (clock dbg_hub/inst/BSCANID.u_xsdbm_id/SWITCH_N_EXT_BSCAN.bscan_inst/SERIES7_BSCAN.bscan_inst/INTERNAL_TCK rise edge)
                                                      0.000     0.000 r  
    CONFIG_SITE_X0Y0     BSCANE2                      0.000     0.000 r  dbg_hub/inst/BSCANID.u_xsdbm_id/SWITCH_N_EXT_BSCAN.bscan_inst/SERIES7_BSCAN.bscan_inst/INTERNAL_TCK
    CONFIG_SITE_X0Y0     BSCANE2 (Prop_BSCAN1_CONFIG_SITE_INTERNAL_TCK_TCK)
                                                      4.300     4.300 r  dbg_hub/inst/BSCANID.u_xsdbm_id/SWITCH_N_EXT_BSCAN.bscan_inst/SERIES7_BSCAN.bscan_inst/TCK
                         net (fo=1, routed)           1.385     5.685    dbg_hub/inst/BSCANID.u_xsdbm_id/tck_bs
    BUFGCE_X0Y76         BUFGCE (Prop_BUFCE_BUFGCE_I_O)
                                                      0.028     5.713 r  dbg_hub/inst/BSCANID.u_xsdbm_id/SWITCH_N_EXT_BSCAN.u_bufg_icon_tck/O
    X1Y3 (CLOCK_ROOT)    net (fo=478, routed)         1.330     7.043    dbg_hub/inst/BSCANID.u_xsdbm_id/CORE_XSDB.UUT_MASTER/U_ICON_INTERFACE/U_CMD6_WR/U_WR_FIFO/SUBCORE_FIFO.xsdbm_v3_0_5_wrfifo_inst/inst_fifo_gen/gconvfifo.rf/grf.rf/gntv_or_sync_fifo.mem/gdm.dm_gen.dm/RAM_reg_0_15_0_13/WCLK
    SLICE_X8Y192         RAMD32                                       r  dbg_hub/inst/BSCANID.u_xsdbm_id/CORE_XSDB.UUT_MASTER/U_ICON_INTERFACE/U_CMD6_WR/U_WR_FIFO/SUBCORE_FIFO.xsdbm_v3_0_5_wrfifo_inst/inst_fifo_gen/gconvfifo.rf/grf.rf/gntv_or_sync_fifo.mem/gdm.dm_gen.dm/RAM_reg_0_15_0_13/RAMB/CLK
                         clock pessimism             -4.416     2.627    
    SLICE_X8Y192         RAMD32 (Hold_B5LUT_SLICEM_CLK_I)
                                                      0.078     2.705    dbg_hub/inst/BSCANID.u_xsdbm_id/CORE_XSDB.UUT_MASTER/U_ICON_INTERFACE/U_CMD6_WR/U_WR_FIFO/SUBCORE_FIFO.xsdbm_v3_0_5_wrfifo_inst/inst_fifo_gen/gconvfifo.rf/grf.rf/gntv_or_sync_fifo.mem/gdm.dm_gen.dm/RAM_reg_0_15_0_13/RAMB
  -------------------------------------------------------------------
                         required time                         -2.705    
                         arrival time                           2.719    
  -------------------------------------------------------------------
                         slack                                  0.014    





Pulse Width Checks
--------------------------------------------------------------------------------------
Clock Name:         dbg_hub/inst/BSCANID.u_xsdbm_id/SWITCH_N_EXT_BSCAN.bscan_inst/SERIES7_BSCAN.bscan_inst/INTERNAL_TCK
Waveform(ns):       { 0.000 25.000 }
Period(ns):         50.000
Sources:            { dbg_hub/inst/BSCANID.u_xsdbm_id/SWITCH_N_EXT_BSCAN.bscan_inst/SERIES7_BSCAN.bscan_inst/INTERNAL_TCK }

Check Type        Corner  Lib Pin     Reference Pin  Required(ns)  Actual(ns)  Slack(ns)  Location      Pin
Min Period        n/a     BUFGCE/I    n/a            1.290         50.000      48.710     BUFGCE_X0Y76  dbg_hub/inst/BSCANID.u_xsdbm_id/SWITCH_N_EXT_BSCAN.u_bufg_icon_tck/I
Low Pulse Width   Slow    RAMD32/CLK  n/a            0.532         25.000      24.468     SLICE_X8Y192  dbg_hub/inst/BSCANID.u_xsdbm_id/CORE_XSDB.UUT_MASTER/U_ICON_INTERFACE/U_CMD6_WR/U_WR_FIFO/SUBCORE_FIFO.xsdbm_v3_0_5_wrfifo_inst/inst_fifo_gen/gconvfifo.rf/grf.rf/gntv_or_sync_fifo.mem/gdm.dm_gen.dm/RAM_reg_0_15_0_13/RAMA/CLK
High Pulse Width  Slow    RAMD32/CLK  n/a            0.532         25.000      24.468     SLICE_X8Y192  dbg_hub/inst/BSCANID.u_xsdbm_id/CORE_XSDB.UUT_MASTER/U_ICON_INTERFACE/U_CMD6_WR/U_WR_FIFO/SUBCORE_FIFO.xsdbm_v3_0_5_wrfifo_inst/inst_fifo_gen/gconvfifo.rf/grf.rf/gntv_or_sync_fifo.mem/gdm.dm_gen.dm/RAM_reg_0_15_0_13/RAMA/CLK



---------------------------------------------------------------------------------------------------
From Clock:  rx_clk
  To Clock:  rx_clk

Setup :            0  Failing Endpoints,  Worst Slack       22.060ns,  Total Violation        0.000ns
Hold  :            0  Failing Endpoints,  Worst Slack        0.021ns,  Total Violation        0.000ns
PW    :            0  Failing Endpoints,  Worst Slack       11.724ns,  Total Violation        0.000ns
---------------------------------------------------------------------------------------------------


Max Delay Paths
--------------------------------------------------------------------------------------
Slack (MET) :             22.060ns  (required time - arrival time)
  Source:                 u_rf/u_ad9361_lvds_mode/dac_ready_reg/C
                            (rising edge-triggered cell FDRE clocked by rx_clk  {rise@0.000ns fall@12.500ns period=25.000ns})
  Destination:            u_rf/u_dac_fifo/U0/inst_fifo_gen/gconvfifo.rf/grf.rf/gntv_or_sync_fifo.mem/gbm.gbmg.gbmgb.ngecc.bmg/inst_blk_mem_gen/gnbram.gnativebmg.native_blk_mem_gen/valid.cstr/ramloop[0].ram.r/prim_noinit.ram/DEVICE_8SERIES.NO_BMM_INFO.SDP.SIMPLE_PRIM36.ram/ENBWREN
                            (rising edge-triggered cell RAMB36E2 clocked by rx_clk  {rise@0.000ns fall@12.500ns period=25.000ns})
  Path Group:             rx_clk
  Path Type:              Setup (Max at Slow Process Corner)
  Requirement:            25.000ns  (rx_clk rise@25.000ns - rx_clk rise@0.000ns)
  Data Path Delay:        2.413ns  (logic 0.505ns (20.924%)  route 1.908ns (79.076%))
  Logic Levels:           4  (LUT2=2 LUT4=1 LUT5=1)
  Clock Path Skew:        -0.149ns (DCD - SCD + CPR)
    Destination Clock Delay (DCD):    1.997ns = ( 26.997 - 25.000 ) 
    Source Clock Delay      (SCD):    2.399ns
    Clock Pessimism Removal (CPR):    0.252ns
  Clock Uncertainty:      0.035ns  ((TSJ^2 + TIJ^2)^1/2 + DJ) / 2 + PE
    Total System Jitter     (TSJ):    0.071ns
    Total Input Jitter      (TIJ):    0.000ns
    Discrete Jitter          (DJ):    0.000ns
    Phase Error              (PE):    0.000ns
  Clock Net Delay (Source):      1.270ns (routing 0.171ns, distribution 1.099ns)
  Clock Net Delay (Destination): 1.046ns (routing 0.155ns, distribution 0.891ns)

    Location             Delay type                Incr(ns)  Path(ns)    Netlist Resource(s)
  -------------------------------------------------------------------    -------------------
                         (clock rx_clk rise edge)     0.000     0.000 r  
    L7                                                0.000     0.000 r  rx_clk_in_p (IN)
                         net (fo=0)                   0.100     0.100    u_rf/u_ad9361_lvds_mode/IBUFGDS_data_clk/I
    HPIOBDIFFINBUF_X0Y60 DIFFINBUF (Prop_DIFFINBUF_HPIOBDIFFINBUF_DIFF_IN_P_O)
                                                      0.618     0.718 r  u_rf/u_ad9361_lvds_mode/IBUFGDS_data_clk/DIFFINBUF_INST/O
                         net (fo=1, routed)           0.050     0.768    u_rf/u_ad9361_lvds_mode/IBUFGDS_data_clk/OUT
    L7                   IBUFCTRL (Prop_IBUFCTRL_HPIOB_M_I_O)
                                                      0.000     0.768 r  u_rf/u_ad9361_lvds_mode/IBUFGDS_data_clk/IBUFCTRL_INST/O
                         net (fo=1, routed)           0.332     1.100    u_rf/u_ad9361_lvds_mode/data_clk_ibuff
    BUFGCE_X0Y51         BUFGCE (Prop_BUFCE_BUFGCE_I_O)
                                                      0.028     1.128 r  u_rf/u_ad9361_lvds_mode/BUFG_data_clk/O
    X1Y2 (CLOCK_ROOT)    net (fo=224, routed)         1.270     2.399    u_rf/u_ad9361_lvds_mode/data_clk
    SLICE_X22Y109        FDRE                                         r  u_rf/u_ad9361_lvds_mode/dac_ready_reg/C
  -------------------------------------------------------------------    -------------------
    SLICE_X22Y109        FDRE (Prop_DFF_SLICEL_C_Q)
                                                      0.079     2.478 r  u_rf/u_ad9361_lvds_mode/dac_ready_reg/Q
                         net (fo=28, routed)          0.299     2.777    u_rf/u_ad9361_lvds_mode/dac_ready
    SLICE_X22Y109        LUT2 (Prop_F5LUT_SLICEL_I0_O)
                                                      0.074     2.851 r  u_rf/u_ad9361_lvds_mode/u_dac_fifo_i_2/O
                         net (fo=10, routed)          0.259     3.110    jscc_tx_ps_top/ad9361_top/fifo_async_HD2/<hidden>/<hidden>/<hidden>/<hidden>/<hidden>/<hidden>
    SLICE_X19Y108        LUT5 (Prop_B5LUT_SLICEL_I1_O)
                                                      0.104     3.214 r  jscc_tx_ps_top/ad9361_top/fifo_async_HD2/<hidden>/<hidden>/<hidden>/<hidden>/<hidden>/<hidden>
                         net (fo=1, routed)           0.190     3.404    u_rf/u_dac_fifo/U0/inst_fifo_gen/gconvfifo.rf/grf.rf/gntv_or_sync_fifo.mem/gbm.gbmg.gbmgb.ngecc.bmg/inst_blk_mem_gen/gnbram.gnativebmg.native_blk_mem_gen/valid.cstr/ramloop[0].ram.r/prim_noinit.ram/enb
    SLICE_X19Y108        LUT2 (Prop_E6LUT_SLICEL_I1_O)
                                                      0.099     3.503 r  u_rf/u_dac_fifo/U0/inst_fifo_gen/gconvfifo.rf/grf.rf/gntv_or_sync_fifo.mem/gbm.gbmg.gbmgb.ngecc.bmg/inst_blk_mem_gen/gnbram.gnativebmg.native_blk_mem_gen/valid.cstr/ramloop[0].ram.r/prim_noinit.ram/DEVICE_8SERIES.NO_BMM_INFO.SDP.SIMPLE_PRIM36.ram_i_2/O
                         net (fo=1, routed)           0.108     3.611    u_rf/u_dac_fifo/U0/inst_fifo_gen/gconvfifo.rf/grf.rf/gntv_or_sync_fifo.mem/gbm.gbmg.gbmgb.ngecc.bmg/inst_blk_mem_gen/gnbram.gnativebmg.native_blk_mem_gen/valid.cstr/ramloop[0].ram.r/prim_noinit.ram/ENB_I
    SLICE_X19Y108        LUT4 (Prop_G6LUT_SLICEL_I3_O)
                                                      0.149     3.760 r  u_rf/u_dac_fifo/U0/inst_fifo_gen/gconvfifo.rf/grf.rf/gntv_or_sync_fifo.mem/gbm.gbmg.gbmgb.ngecc.bmg/inst_blk_mem_gen/gnbram.gnativebmg.native_blk_mem_gen/valid.cstr/ramloop[0].ram.r/prim_noinit.ram/DEVICE_8SERIES.NO_BMM_INFO.SDP.SIMPLE_PRIM36.ram_ENBWREN_cooolgate_en_gate_56/O
                         net (fo=1, routed)           1.052     4.812    u_rf/u_dac_fifo/U0/inst_fifo_gen/gconvfifo.rf/grf.rf/gntv_or_sync_fifo.mem/gbm.gbmg.gbmgb.ngecc.bmg/inst_blk_mem_gen/gnbram.gnativebmg.native_blk_mem_gen/valid.cstr/ramloop[0].ram.r/prim_noinit.ram/DEVICE_8SERIES.NO_BMM_INFO.SDP.SIMPLE_PRIM36.ram_ENBWREN_cooolgate_en_sig_2
    RAMB36_X0Y21         RAMB36E2                                     r  u_rf/u_dac_fifo/U0/inst_fifo_gen/gconvfifo.rf/grf.rf/gntv_or_sync_fifo.mem/gbm.gbmg.gbmgb.ngecc.bmg/inst_blk_mem_gen/gnbram.gnativebmg.native_blk_mem_gen/valid.cstr/ramloop[0].ram.r/prim_noinit.ram/DEVICE_8SERIES.NO_BMM_INFO.SDP.SIMPLE_PRIM36.ram/ENBWREN
  -------------------------------------------------------------------    -------------------

                         (clock rx_clk rise edge)    25.000    25.000 r  
    L7                                                0.000    25.000 r  rx_clk_in_p (IN)
                         net (fo=0)                   0.079    25.079    u_rf/u_ad9361_lvds_mode/IBUFGDS_data_clk/I
    HPIOBDIFFINBUF_X0Y60 DIFFINBUF (Prop_DIFFINBUF_HPIOBDIFFINBUF_DIFF_IN_P_O)
                                                      0.508    25.587 r  u_rf/u_ad9361_lvds_mode/IBUFGDS_data_clk/DIFFINBUF_INST/O
                         net (fo=1, routed)           0.040    25.627    u_rf/u_ad9361_lvds_mode/IBUFGDS_data_clk/OUT
    L7                   IBUFCTRL (Prop_IBUFCTRL_HPIOB_M_I_O)
                                                      0.000    25.627 r  u_rf/u_ad9361_lvds_mode/IBUFGDS_data_clk/IBUFCTRL_INST/O
                         net (fo=1, routed)           0.300    25.927    u_rf/u_ad9361_lvds_mode/data_clk_ibuff
    BUFGCE_X0Y51         BUFGCE (Prop_BUFCE_BUFGCE_I_O)
                                                      0.024    25.951 r  u_rf/u_ad9361_lvds_mode/BUFG_data_clk/O
    X1Y2 (CLOCK_ROOT)    net (fo=224, routed)         1.046    26.997    u_rf/u_dac_fifo/U0/inst_fifo_gen/gconvfifo.rf/grf.rf/gntv_or_sync_fifo.mem/gbm.gbmg.gbmgb.ngecc.bmg/inst_blk_mem_gen/gnbram.gnativebmg.native_blk_mem_gen/valid.cstr/ramloop[0].ram.r/prim_noinit.ram/clkb
    RAMB36_X0Y21         RAMB36E2                                     r  u_rf/u_dac_fifo/U0/inst_fifo_gen/gconvfifo.rf/grf.rf/gntv_or_sync_fifo.mem/gbm.gbmg.gbmgb.ngecc.bmg/inst_blk_mem_gen/gnbram.gnativebmg.native_blk_mem_gen/valid.cstr/ramloop[0].ram.r/prim_noinit.ram/DEVICE_8SERIES.NO_BMM_INFO.SDP.SIMPLE_PRIM36.ram/CLKBWRCLK
                         clock pessimism              0.252    27.249    
                         clock uncertainty           -0.035    27.214    
    RAMB36_X0Y21         RAMB36E2 (Setup_RAMB36E2_RAMB36_CLKBWRCLK_ENBWREN)
                                                     -0.342    26.872    u_rf/u_dac_fifo/U0/inst_fifo_gen/gconvfifo.rf/grf.rf/gntv_or_sync_fifo.mem/gbm.gbmg.gbmgb.ngecc.bmg/inst_blk_mem_gen/gnbram.gnativebmg.native_blk_mem_gen/valid.cstr/ramloop[0].ram.r/prim_noinit.ram/DEVICE_8SERIES.NO_BMM_INFO.SDP.SIMPLE_PRIM36.ram
  -------------------------------------------------------------------
                         required time                         26.872    
                         arrival time                          -4.812    
  -------------------------------------------------------------------
                         slack                                 22.060    





Min Delay Paths
--------------------------------------------------------------------------------------
Slack (MET) :             0.021ns  (arrival time - required time)
  Source:                 jscc_tx_ps_top/ad9361_top/fifo_async/<hidden>/<hidden>/<hidden>/<hidden>/<hidden>/<hidden>
                            (rising edge-triggered cell FDRE clocked by rx_clk  {rise@0.000ns fall@12.500ns period=25.000ns})
  Destination:            jscc_tx_ps_top/ad9361_top/fifo_async/<hidden>/<hidden>/<hidden>/<hidden>/<hidden>/<hidden>
                            (rising edge-triggered cell FDRE clocked by rx_clk  {rise@0.000ns fall@12.500ns period=25.000ns})
  Path Group:             rx_clk
  Path Type:              Hold (Min at Slow Process Corner)
  Requirement:            0.000ns  (rx_clk rise@0.000ns - rx_clk rise@0.000ns)
  Data Path Delay:        0.132ns  (logic 0.060ns (45.316%)  route 0.072ns (54.684%))
  Logic Levels:           0  
  Clock Path Skew:        0.049ns (DCD - SCD - CPR)
    Destination Clock Delay (DCD):    2.421ns
    Source Clock Delay      (SCD):    2.064ns
    Clock Pessimism Removal (CPR):    0.307ns
  Clock Net Delay (Source):      1.113ns (routing 0.155ns, distribution 0.958ns)
  Clock Net Delay (Destination): 1.293ns (routing 0.171ns, distribution 1.122ns)

    Location             Delay type                Incr(ns)  Path(ns)    Netlist Resource(s)
  -------------------------------------------------------------------    -------------------
                         (clock rx_clk rise edge)     0.000     0.000 r  
    L7                                                0.000     0.000 r  rx_clk_in_p (IN)
                         net (fo=0)                   0.079     0.079    u_rf/u_ad9361_lvds_mode/IBUFGDS_data_clk/I
    HPIOBDIFFINBUF_X0Y60 DIFFINBUF (Prop_DIFFINBUF_HPIOBDIFFINBUF_DIFF_IN_P_O)
                                                      0.508     0.587 r  u_rf/u_ad9361_lvds_mode/IBUFGDS_data_clk/DIFFINBUF_INST/O
                         net (fo=1, routed)           0.040     0.627    u_rf/u_ad9361_lvds_mode/IBUFGDS_data_clk/OUT
    L7                   IBUFCTRL (Prop_IBUFCTRL_HPIOB_M_I_O)
                                                      0.000     0.627 r  u_rf/u_ad9361_lvds_mode/IBUFGDS_data_clk/IBUFCTRL_INST/O
                         net (fo=1, routed)           0.300     0.927    u_rf/u_ad9361_lvds_mode/data_clk_ibuff
    BUFGCE_X0Y51         BUFGCE (Prop_BUFCE_BUFGCE_I_O)
                                                      0.024     0.951 r  u_rf/u_ad9361_lvds_mode/BUFG_data_clk/O
    X1Y2 (CLOCK_ROOT)    net (fo=224, routed)         1.113     2.064    jscc_tx_ps_top/ad9361_top/fifo_async/<hidden>/<hidden>/<hidden>/<hidden>/<hidden>/<hidden>
    SLICE_X19Y131        FDRE                                         r  jscc_tx_ps_top/ad9361_top/fifo_async/<hidden>/<hidden>/<hidden>/<hidden>/<hidden>/<hidden>
  -------------------------------------------------------------------    -------------------
    SLICE_X19Y131        FDRE (Prop_BFF2_SLICEL_C_Q)
                                                      0.060     2.124 r  jscc_tx_ps_top/ad9361_top/fifo_async/<hidden>/<hidden>/<hidden>/<hidden>/<hidden>/<hidden>
                         net (fo=2, routed)           0.072     2.197    jscc_tx_ps_top/ad9361_top/fifo_async/<hidden>/<hidden>/<hidden>/<hidden>/<hidden>/<hidden>
    SLICE_X19Y129        FDRE                                         r  jscc_tx_ps_top/ad9361_top/fifo_async/<hidden>/<hidden>/<hidden>/<hidden>/<hidden>/<hidden>
  -------------------------------------------------------------------    -------------------

                         (clock rx_clk rise edge)     0.000     0.000 r  
    L7                                                0.000     0.000 r  rx_clk_in_p (IN)
                         net (fo=0)                   0.100     0.100    u_rf/u_ad9361_lvds_mode/IBUFGDS_data_clk/I
    HPIOBDIFFINBUF_X0Y60 DIFFINBUF (Prop_DIFFINBUF_HPIOBDIFFINBUF_DIFF_IN_P_O)
                                                      0.618     0.718 r  u_rf/u_ad9361_lvds_mode/IBUFGDS_data_clk/DIFFINBUF_INST/O
                         net (fo=1, routed)           0.050     0.768    u_rf/u_ad9361_lvds_mode/IBUFGDS_data_clk/OUT
    L7                   IBUFCTRL (Prop_IBUFCTRL_HPIOB_M_I_O)
                                                      0.000     0.768 r  u_rf/u_ad9361_lvds_mode/IBUFGDS_data_clk/IBUFCTRL_INST/O
                         net (fo=1, routed)           0.332     1.100    u_rf/u_ad9361_lvds_mode/data_clk_ibuff
    BUFGCE_X0Y51         BUFGCE (Prop_BUFCE_BUFGCE_I_O)
                                                      0.028     1.128 r  u_rf/u_ad9361_lvds_mode/BUFG_data_clk/O
    X1Y2 (CLOCK_ROOT)    net (fo=224, routed)         1.293     2.421    jscc_tx_ps_top/ad9361_top/fifo_async/<hidden>/<hidden>/<hidden>/<hidden>/<hidden>/<hidden>
    SLICE_X19Y129        FDRE                                         r  jscc_tx_ps_top/ad9361_top/fifo_async/<hidden>/<hidden>/<hidden>/<hidden>/<hidden>/<hidden>
                         clock pessimism             -0.307     2.114    
    SLICE_X19Y129        FDRE (Hold_EFF2_SLICEL_C_D)
                                                      0.062     2.176    jscc_tx_ps_top/ad9361_top/fifo_async/<hidden>/<hidden>/<hidden>/<hidden>/<hidden>/<hidden>
  -------------------------------------------------------------------
                         required time                         -2.176    
                         arrival time                           2.197    
  -------------------------------------------------------------------
                         slack                                  0.021    





Pulse Width Checks
--------------------------------------------------------------------------------------
Clock Name:         rx_clk
Waveform(ns):       { 0.000 12.500 }
Period(ns):         25.000
Sources:            { rx_clk_in_p }

Check Type        Corner  Lib Pin   Reference Pin  Required(ns)  Actual(ns)  Slack(ns)  Location               Pin
Min Period        n/a     IDDRE1/C  n/a            1.600         25.000      23.400     BITSLICE_RX_TX_X0Y136  u_rf/u_ad9361_lvds_mode/IDDRE1_i_rx_frame/C
Low Pulse Width   Slow    IDDRE1/C  n/a            0.720         12.500      11.780     BITSLICE_RX_TX_X0Y136  u_rf/u_ad9361_lvds_mode/IDDRE1_i_rx_frame/C
High Pulse Width  Slow    IDDRE1/C  n/a            0.720         12.500      11.780     BITSLICE_RX_TX_X0Y136  u_rf/u_ad9361_lvds_mode/IDDRE1_i_rx_frame/C
Max Skew          Slow    IDDRE1/C  IDDRE1/CB      12.014        0.290       11.724     BITSLICE_RX_TX_X0Y136  u_rf/u_ad9361_lvds_mode/IDDRE1_i_rx_frame/C



---------------------------------------------------------------------------------------------------
From Clock:  sysclk_p
  To Clock:  sysclk_p

Setup :           NA  Failing Endpoints,  Worst Slack           NA  ,  Total Violation           NA
Hold  :           NA  Failing Endpoints,  Worst Slack           NA  ,  Total Violation           NA
PW    :            0  Failing Endpoints,  Worst Slack        1.600ns,  Total Violation        0.000ns
---------------------------------------------------------------------------------------------------


Pulse Width Checks
--------------------------------------------------------------------------------------
Clock Name:         sysclk_p
Waveform(ns):       { 0.000 4.000 }
Period(ns):         8.000
Sources:            { sysclk_p }

Check Type        Corner  Lib Pin            Reference Pin  Required(ns)  Actual(ns)  Slack(ns)  Location      Pin
Min Period        n/a     BUFGCE/I           n/a            1.290         8.000       6.710      BUFGCE_X0Y64  u_clk/inst/clkin1_bufg1/I
Max Period        n/a     MMCME4_ADV/CLKIN1  n/a            100.000       8.000       92.000     MMCM_X0Y2     u_clk/inst/mmcme4_adv_inst/CLKIN1
Low Pulse Width   Slow    MMCME4_ADV/CLKIN1  n/a            2.400         4.000       1.600      MMCM_X0Y2     u_clk/inst/mmcme4_adv_inst/CLKIN1
High Pulse Width  Slow    MMCME4_ADV/CLKIN1  n/a            2.400         4.000       1.600      MMCM_X0Y2     u_clk/inst/mmcme4_adv_inst/CLKIN1



---------------------------------------------------------------------------------------------------
From Clock:  clk_100M_clk_gen
  To Clock:  clk_100M_clk_gen

Setup :            0  Failing Endpoints,  Worst Slack        3.490ns,  Total Violation        0.000ns
Hold  :            0  Failing Endpoints,  Worst Slack        0.010ns,  Total Violation        0.000ns
PW    :            0  Failing Endpoints,  Worst Slack        3.500ns,  Total Violation        0.000ns
---------------------------------------------------------------------------------------------------


Max Delay Paths
--------------------------------------------------------------------------------------
Slack (MET) :             3.490ns  (required time - arrival time)
  Source:                 u_sscc/u_il/rd_cnt_reg[0]_rep/C
                            (rising edge-triggered cell FDCE clocked by clk_100M_clk_gen  {rise@0.000ns fall@5.000ns period=10.000ns})
  Destination:            u_sscc/u_map/lvl0_return__0/DSP_OUTPUT_INST/ALU_OUT[10]
                            (rising edge-triggered cell DSP_OUTPUT clocked by clk_100M_clk_gen  {rise@0.000ns fall@5.000ns period=10.000ns})
  Path Group:             clk_100M_clk_gen
  Path Type:              Setup (Max at Slow Process Corner)
  Requirement:            10.000ns  (clk_100M_clk_gen rise@10.000ns - clk_100M_clk_gen rise@0.000ns)
  Data Path Delay:        6.329ns  (logic 2.587ns (40.877%)  route 3.742ns (59.123%))
  Logic Levels:           12  (DSP_ALU=1 DSP_M_DATA=1 DSP_MULTIPLIER=1 DSP_PREADD=1 DSP_PREADD_DATA=2 LUT6=3 MUXF7=2 MUXF8=1)
  Clock Path Skew:        -0.125ns (DCD - SCD + CPR)
    Destination Clock Delay (DCD):    3.337ns = ( 13.337 - 10.000 ) 
    Source Clock Delay      (SCD):    2.998ns
    Clock Pessimism Removal (CPR):    -0.464ns
  Clock Uncertainty:      0.072ns  ((TSJ^2 + DJ^2)^1/2) / 2 + PE
    Total System Jitter     (TSJ):    0.071ns
    Discrete Jitter          (DJ):    0.125ns
    Phase Error              (PE):    0.000ns
  Clock Net Delay (Source):      1.153ns (routing 0.171ns, distribution 0.982ns)
  Clock Net Delay (Destination): 1.012ns (routing 0.155ns, distribution 0.857ns)

    Location             Delay type                Incr(ns)  Path(ns)    Netlist Resource(s)
  -------------------------------------------------------------------    -------------------
                         (clock clk_100M_clk_gen rise edge)
                                                      0.000     0.000 r  
    K4                                                0.000     0.000 r  sysclk_p (IN)
                         net (fo=0)                   0.100     0.100    u_clk/inst/clkin1_ibufds/I
    HPIOBDIFFINBUF_X0Y58 DIFFINBUF (Prop_DIFFINBUF_HPIOBDIFFINBUF_DIFF_IN_P_O)
                                                      0.643     0.743 r  u_clk/inst/clkin1_ibufds/DIFFINBUF_INST/O
                         net (fo=1, routed)           0.050     0.793    u_clk/inst/clkin1_ibufds/OUT
    K4                   IBUFCTRL (Prop_IBUFCTRL_HPIOB_M_I_O)
                                                      0.000     0.793 r  u_clk/inst/clkin1_ibufds/IBUFCTRL_INST/O
                         net (fo=1, routed)           0.336     1.129    u_clk/inst/clk_in1_clk_gen_buf
    BUFGCE_X0Y64         BUFGCE (Prop_BUFCE_BUFGCE_I_O)
                                                      0.028     1.157 r  u_clk/inst/clkin1_bufg1/O
                         net (fo=1, routed)           0.542     1.699    u_clk/inst/clk_in1_clk_gen
    MMCM_X0Y2            MMCME4_ADV (Prop_MMCM_CLKIN1_CLKOUT0)
                                                     -0.127     1.572 r  u_clk/inst/mmcme4_adv_inst/CLKOUT0
                         net (fo=1, routed)           0.245     1.817    u_clk/inst/clk_100M_clk_gen
    BUFGCE_X0Y60         BUFGCE (Prop_BUFCE_BUFGCE_I_O)
                                                      0.028     1.845 r  u_clk/inst/clkout1_buf/O
    X1Y2 (CLOCK_ROOT)    net (fo=7504, routed)        1.153     2.998    u_sscc/u_il/clk_100M
    SLICE_X24Y113        FDCE                                         r  u_sscc/u_il/rd_cnt_reg[0]_rep/C
  -------------------------------------------------------------------    -------------------
    SLICE_X24Y113        FDCE (Prop_BFF2_SLICEM_C_Q)
                                                      0.080     3.078 r  u_sscc/u_il/rd_cnt_reg[0]_rep/Q
                         net (fo=98, routed)          1.843     4.921    u_sscc/u_il/rd_cnt_reg[0]_rep_n_0
    SLICE_X19Y100        LUT6 (Prop_H6LUT_SLICEL_I2_O)
                                                      0.099     5.020 r  u_sscc/u_il/lvl0_return__0_i_110/O
                         net (fo=1, routed)           0.010     5.030    u_sscc/u_il/lvl0_return__0_i_110_n_0
    SLICE_X19Y100        MUXF7 (Prop_F7MUX_GH_SLICEL_I0_O)
                                                      0.057     5.087 r  u_sscc/u_il/lvl0_return__0_i_48/O
                         net (fo=1, routed)           0.000     5.087    u_sscc/u_il/lvl0_return__0_i_48_n_0
    SLICE_X19Y100        MUXF8 (Prop_F8MUX_TOP_SLICEL_I0_O)
                                                      0.026     5.113 r  u_sscc/u_il/lvl0_return__0_i_17/O
                         net (fo=1, routed)           0.986     6.099    u_sscc/u_il/lvl0_return__0_i_17_n_0
    SLICE_X29Y108        LUT6 (Prop_G6LUT_SLICEM_I5_O)
                                                      0.052     6.151 r  u_sscc/u_il/lvl0_return__0_i_5/O
                         net (fo=1, routed)           0.017     6.168    u_sscc/u_il/lvl0_return__0_i_5_n_0
    SLICE_X29Y108        MUXF7 (Prop_F7MUX_GH_SLICEM_I1_O)
                                                      0.067     6.235 r  u_sscc/u_il/lvl0_return__0_i_1/O
                         net (fo=3, routed)           0.194     6.429    u_sscc/u_map/i_tdata[1]
    SLICE_X29Y108        LUT6 (Prop_F6LUT_SLICEM_I2_O)
                                                      0.148     6.577 f  u_sscc/u_map/lvl0_return__0_i_3/O
                         net (fo=1, routed)           0.692     7.269    u_sscc/u_map/lvl0_return__0/D[1]
    DSP48E2_X6Y56        DSP_PREADD_DATA (Prop_DSP_PREADD_DATA_DSP48E2_DIN[1]_D_DATA[1])
                                                      0.240     7.509 r  u_sscc/u_map/lvl0_return__0/DSP_PREADD_DATA_INST/D_DATA[1]
                         net (fo=1, routed)           0.000     7.509    u_sscc/u_map/lvl0_return__0/DSP_PREADD_DATA.D_DATA<1>
    DSP48E2_X6Y56        DSP_PREADD (Prop_DSP_PREADD_DSP48E2_D_DATA[1]_AD[9])
                                                      0.524     8.033 f  u_sscc/u_map/lvl0_return__0/DSP_PREADD_INST/AD[9]
                         net (fo=1, routed)           0.000     8.033    u_sscc/u_map/lvl0_return__0/DSP_PREADD.AD<9>
    DSP48E2_X6Y56        DSP_PREADD_DATA (Prop_DSP_PREADD_DATA_DSP48E2_AD[9]_AD_DATA[9])
                                                      0.050     8.083 r  u_sscc/u_map/lvl0_return__0/DSP_PREADD_DATA_INST/AD_DATA[9]
                         net (fo=1, routed)           0.000     8.083    u_sscc/u_map/lvl0_return__0/DSP_PREADD_DATA.AD_DATA<9>
    DSP48E2_X6Y56        DSP_MULTIPLIER (Prop_DSP_MULTIPLIER_DSP48E2_AD_DATA[9]_U[10])
                                                      0.612     8.695 f  u_sscc/u_map/lvl0_return__0/DSP_MULTIPLIER_INST/U[10]
                         net (fo=1, routed)           0.000     8.695    u_sscc/u_map/lvl0_return__0/DSP_MULTIPLIER.U<10>
    DSP48E2_X6Y56        DSP_M_DATA (Prop_DSP_M_DATA_DSP48E2_U[10]_U_DATA[10])
                                                      0.047     8.742 r  u_sscc/u_map/lvl0_return__0/DSP_M_DATA_INST/U_DATA[10]
                         net (fo=1, routed)           0.000     8.742    u_sscc/u_map/lvl0_return__0/DSP_M_DATA.U_DATA<10>
    DSP48E2_X6Y56        DSP_ALU (Prop_DSP_ALU_DSP48E2_U_DATA[10]_ALU_OUT[10])
                                                      0.585     9.327 r  u_sscc/u_map/lvl0_return__0/DSP_ALU_INST/ALU_OUT[10]
                         net (fo=1, routed)           0.000     9.327    u_sscc/u_map/lvl0_return__0/DSP_ALU.ALU_OUT<10>
    DSP48E2_X6Y56        DSP_OUTPUT                                   r  u_sscc/u_map/lvl0_return__0/DSP_OUTPUT_INST/ALU_OUT[10]
  -------------------------------------------------------------------    -------------------

                         (clock clk_100M_clk_gen rise edge)
                                                     10.000    10.000 r  
    K4                                                0.000    10.000 r  sysclk_p (IN)
                         net (fo=0)                   0.079    10.079    u_clk/inst/clkin1_ibufds/I
    HPIOBDIFFINBUF_X0Y58 DIFFINBUF (Prop_DIFFINBUF_HPIOBDIFFINBUF_DIFF_IN_P_O)
                                                      0.533    10.612 r  u_clk/inst/clkin1_ibufds/DIFFINBUF_INST/O
                         net (fo=1, routed)           0.040    10.652    u_clk/inst/clkin1_ibufds/OUT
    K4                   IBUFCTRL (Prop_IBUFCTRL_HPIOB_M_I_O)
                                                      0.000    10.652 r  u_clk/inst/clkin1_ibufds/IBUFCTRL_INST/O
                         net (fo=1, routed)           0.300    10.952    u_clk/inst/clk_in1_clk_gen_buf
    BUFGCE_X0Y64         BUFGCE (Prop_BUFCE_BUFGCE_I_O)
                                                      0.024    10.976 r  u_clk/inst/clkin1_bufg1/O
                         net (fo=1, routed)           0.480    11.456    u_clk/inst/clk_in1_clk_gen
    MMCM_X0Y2            MMCME4_ADV (Prop_MMCM_CLKIN1_CLKOUT0)
                                                      0.630    12.086 r  u_clk/inst/mmcme4_adv_inst/CLKOUT0
                         net (fo=1, routed)           0.215    12.301    u_clk/inst/clk_100M_clk_gen
    BUFGCE_X0Y60         BUFGCE (Prop_BUFCE_BUFGCE_I_O)
                                                      0.024    12.325 r  u_clk/inst/clkout1_buf/O
    X1Y2 (CLOCK_ROOT)    net (fo=7504, routed)        1.012    13.337    u_sscc/u_map/lvl0_return__0/CLK
    DSP48E2_X6Y56        DSP_OUTPUT                                   r  u_sscc/u_map/lvl0_return__0/DSP_OUTPUT_INST/CLK
                         clock pessimism             -0.464    12.873    
                         clock uncertainty           -0.072    12.802    
    DSP48E2_X6Y56        DSP_OUTPUT (Setup_DSP_OUTPUT_DSP48E2_CLK_ALU_OUT[10])
                                                      0.015    12.817    u_sscc/u_map/lvl0_return__0/DSP_OUTPUT_INST
  -------------------------------------------------------------------
                         required time                         12.817    
                         arrival time                          -9.327    
  -------------------------------------------------------------------
                         slack                                  3.490    





Min Delay Paths
--------------------------------------------------------------------------------------
Slack (MET) :             0.010ns  (arrival time - required time)
  Source:                 jscc_tx_ps_top/tx_baseband_jscc/ifft/<hidden>/<hidden>/<hidden>/<hidden>/<hidden>/<hidden>/<hidden>/<hidden>/<hidden>/<hidden>/<hidden>/<hidden>
                            (rising edge-triggered cell FDRE clocked by clk_100M_clk_gen  {rise@0.000ns fall@5.000ns period=10.000ns})
  Destination:            jscc_tx_ps_top/tx_baseband_jscc/ifft/<hidden>/<hidden>/<hidden>/<hidden>/<hidden>/<hidden>/<hidden>
                            (rising edge-triggered cell SRL16E clocked by clk_100M_clk_gen  {rise@0.000ns fall@5.000ns period=10.000ns})
  Path Group:             clk_100M_clk_gen
  Path Type:              Hold (Min at Slow Process Corner)
  Requirement:            0.000ns  (clk_100M_clk_gen rise@0.000ns - clk_100M_clk_gen rise@0.000ns)
  Data Path Delay:        0.139ns  (logic 0.059ns (42.446%)  route 0.080ns (57.554%))
  Logic Levels:           0  
  Clock Path Skew:        0.100ns (DCD - SCD - CPR)
    Destination Clock Delay (DCD):    3.137ns
    Source Clock Delay      (SCD):    3.442ns
    Clock Pessimism Removal (CPR):    -0.405ns
  Clock Net Delay (Source):      1.117ns (routing 0.155ns, distribution 0.962ns)
  Clock Net Delay (Destination): 1.292ns (routing 0.171ns, distribution 1.121ns)

    Location             Delay type                Incr(ns)  Path(ns)    Netlist Resource(s)
  -------------------------------------------------------------------    -------------------
                         (clock clk_100M_clk_gen rise edge)
                                                      0.000     0.000 r  
    K4                                                0.000     0.000 r  sysclk_p (IN)
                         net (fo=0)                   0.079     0.079    u_clk/inst/clkin1_ibufds/I
    HPIOBDIFFINBUF_X0Y58 DIFFINBUF (Prop_DIFFINBUF_HPIOBDIFFINBUF_DIFF_IN_P_O)
                                                      0.533     0.612 r  u_clk/inst/clkin1_ibufds/DIFFINBUF_INST/O
                         net (fo=1, routed)           0.040     0.652    u_clk/inst/clkin1_ibufds/OUT
    K4                   IBUFCTRL (Prop_IBUFCTRL_HPIOB_M_I_O)
                                                      0.000     0.652 r  u_clk/inst/clkin1_ibufds/IBUFCTRL_INST/O
                         net (fo=1, routed)           0.300     0.952    u_clk/inst/clk_in1_clk_gen_buf
    BUFGCE_X0Y64         BUFGCE (Prop_BUFCE_BUFGCE_I_O)
                                                      0.024     0.976 r  u_clk/inst/clkin1_bufg1/O
                         net (fo=1, routed)           0.480     1.456    u_clk/inst/clk_in1_clk_gen
    MMCM_X0Y2            MMCME4_ADV (Prop_MMCM_CLKIN1_CLKOUT0)
                                                      0.630     2.086 r  u_clk/inst/mmcme4_adv_inst/CLKOUT0
                         net (fo=1, routed)           0.215     2.301    u_clk/inst/clk_100M_clk_gen
    BUFGCE_X0Y60         BUFGCE (Prop_BUFCE_BUFGCE_I_O)
                                                      0.024     2.325 r  u_clk/inst/clkout1_buf/O
    X1Y2 (CLOCK_ROOT)    net (fo=7504, routed)        1.117     3.442    jscc_tx_ps_top/tx_baseband_jscc/ifft/<hidden>/<hidden>/<hidden>/<hidden>/<hidden>/<hidden>/<hidden>/<hidden>/<hidden>/<hidden>/<hidden>/<hidden>
    SLICE_X15Y146        FDRE                                         r  jscc_tx_ps_top/tx_baseband_jscc/ifft/<hidden>/<hidden>/<hidden>/<hidden>/<hidden>/<hidden>/<hidden>/<hidden>/<hidden>/<hidden>/<hidden>/<hidden>
  -------------------------------------------------------------------    -------------------
    SLICE_X15Y146        FDRE (Prop_EFF_SLICEL_C_Q)
                                                      0.059     3.501 r  jscc_tx_ps_top/tx_baseband_jscc/ifft/<hidden>/<hidden>/<hidden>/<hidden>/<hidden>/<hidden>/<hidden>/<hidden>/<hidden>/<hidden>/<hidden>/<hidden>
                         net (fo=1, routed)           0.080     3.581    jscc_tx_ps_top/tx_baseband_jscc/ifft/<hidden>/<hidden>/<hidden>/<hidden>/<hidden>/<hidden>/<hidden>
    SLICE_X17Y147        SRL16E                                       r  jscc_tx_ps_top/tx_baseband_jscc/ifft/<hidden>/<hidden>/<hidden>/<hidden>/<hidden>/<hidden>/<hidden>
  -------------------------------------------------------------------    -------------------

                         (clock clk_100M_clk_gen rise edge)
                                                      0.000     0.000 r  
    K4                                                0.000     0.000 r  sysclk_p (IN)
                         net (fo=0)                   0.100     0.100    u_clk/inst/clkin1_ibufds/I
    HPIOBDIFFINBUF_X0Y58 DIFFINBUF (Prop_DIFFINBUF_HPIOBDIFFINBUF_DIFF_IN_P_O)
                                                      0.643     0.743 r  u_clk/inst/clkin1_ibufds/DIFFINBUF_INST/O
                         net (fo=1, routed)           0.050     0.793    u_clk/inst/clkin1_ibufds/OUT
    K4                   IBUFCTRL (Prop_IBUFCTRL_HPIOB_M_I_O)
                                                      0.000     0.793 r  u_clk/inst/clkin1_ibufds/IBUFCTRL_INST/O
                         net (fo=1, routed)           0.336     1.129    u_clk/inst/clk_in1_clk_gen_buf
    BUFGCE_X0Y64         BUFGCE (Prop_BUFCE_BUFGCE_I_O)
                                                      0.028     1.157 r  u_clk/inst/clkin1_bufg1/O
                         net (fo=1, routed)           0.542     1.699    u_clk/inst/clk_in1_clk_gen
    MMCM_X0Y2            MMCME4_ADV (Prop_MMCM_CLKIN1_CLKOUT0)
                                                     -0.127     1.572 r  u_clk/inst/mmcme4_adv_inst/CLKOUT0
                         net (fo=1, routed)           0.245     1.817    u_clk/inst/clk_100M_clk_gen
    BUFGCE_X0Y60         BUFGCE (Prop_BUFCE_BUFGCE_I_O)
                                                      0.028     1.845 r  u_clk/inst/clkout1_buf/O
    X1Y2 (CLOCK_ROOT)    net (fo=7504, routed)        1.292     3.137    jscc_tx_ps_top/tx_baseband_jscc/ifft/<hidden>/<hidden>/<hidden>/<hidden>/<hidden>/<hidden>/<hidden>
    SLICE_X17Y147        SRL16E                                       r  jscc_tx_ps_top/tx_baseband_jscc/ifft/<hidden>/<hidden>/<hidden>/<hidden>/<hidden>/<hidden>/<hidden>
                         clock pessimism              0.405     3.542    
    SLICE_X17Y147        SRL16E (Hold_B6LUT_SLICEM_CLK_D)
                                                      0.029     3.571    jscc_tx_ps_top/tx_baseband_jscc/ifft/<hidden>/<hidden>/<hidden>/<hidden>/<hidden>/<hidden>/<hidden>
  -------------------------------------------------------------------
                         required time                         -3.571    
                         arrival time                           3.581    
  -------------------------------------------------------------------
                         slack                                  0.010    





Pulse Width Checks
--------------------------------------------------------------------------------------
Clock Name:         clk_100M_clk_gen
Waveform(ns):       { 0.000 5.000 }
Period(ns):         10.000
Sources:            { u_clk/inst/mmcme4_adv_inst/CLKOUT0 }

Check Type        Corner  Lib Pin          Reference Pin  Required(ns)  Actual(ns)  Slack(ns)  Location  Pin
Min Period        n/a     PS8/MAXIGP2ACLK  n/a            3.000         10.000      7.000      PS8_X0Y0  u_ps/ps_tx_i/ps_e_0/inst/PS8_i/MAXIGP2ACLK
Low Pulse Width   Slow    PS8/MAXIGP2ACLK  n/a            1.500         5.000       3.500      PS8_X0Y0  u_ps/ps_tx_i/ps_e_0/inst/PS8_i/MAXIGP2ACLK
High Pulse Width  Slow    PS8/MAXIGP2ACLK  n/a            1.500         5.000       3.500      PS8_X0Y0  u_ps/ps_tx_i/ps_e_0/inst/PS8_i/MAXIGP2ACLK



---------------------------------------------------------------------------------------------------
From Clock:  clk_20M_clk_gen
  To Clock:  clk_20M_clk_gen

Setup :            0  Failing Endpoints,  Worst Slack       45.401ns,  Total Violation        0.000ns
Hold  :            0  Failing Endpoints,  Worst Slack        0.014ns,  Total Violation        0.000ns
PW    :            0  Failing Endpoints,  Worst Slack       24.458ns,  Total Violation        0.000ns
---------------------------------------------------------------------------------------------------


Max Delay Paths
--------------------------------------------------------------------------------------
Slack (MET) :             45.401ns  (required time - arrival time)
  Source:                 u_rf/u_ad9361_config/ad9361_config_lut_reg_reg_0/CLKARDCLK
                            (rising edge-triggered cell RAMB36E2 clocked by clk_20M_clk_gen  {rise@0.000ns fall@25.000ns period=50.000ns})
  Destination:            u_rf/u_ad9361_config/FSM_sequential_state_reg[2]/CE
                            (rising edge-triggered cell FDCE clocked by clk_20M_clk_gen  {rise@0.000ns fall@25.000ns period=50.000ns})
  Path Group:             clk_20M_clk_gen
  Path Type:              Setup (Max at Slow Process Corner)
  Requirement:            50.000ns  (clk_20M_clk_gen rise@50.000ns - clk_20M_clk_gen rise@0.000ns)
  Data Path Delay:        4.329ns  (logic 1.357ns (31.344%)  route 2.972ns (68.656%))
  Logic Levels:           3  (LUT4=1 LUT6=2)
  Clock Path Skew:        -0.115ns (DCD - SCD + CPR)
    Destination Clock Delay (DCD):    3.595ns = ( 53.595 - 50.000 ) 
    Source Clock Delay      (SCD):    3.247ns
    Clock Pessimism Removal (CPR):    -0.463ns
  Clock Uncertainty:      0.093ns  ((TSJ^2 + DJ^2)^1/2) / 2 + PE
    Total System Jitter     (TSJ):    0.071ns
    Discrete Jitter          (DJ):    0.173ns
    Phase Error              (PE):    0.000ns
  Clock Net Delay (Source):      1.397ns (routing 0.171ns, distribution 1.226ns)
  Clock Net Delay (Destination): 1.266ns (routing 0.155ns, distribution 1.111ns)

    Location             Delay type                Incr(ns)  Path(ns)    Netlist Resource(s)
  -------------------------------------------------------------------    -------------------
                         (clock clk_20M_clk_gen rise edge)
                                                      0.000     0.000 r  
    K4                                                0.000     0.000 r  sysclk_p (IN)
                         net (fo=0)                   0.100     0.100    u_clk/inst/clkin1_ibufds/I
    HPIOBDIFFINBUF_X0Y58 DIFFINBUF (Prop_DIFFINBUF_HPIOBDIFFINBUF_DIFF_IN_P_O)
                                                      0.643     0.743 r  u_clk/inst/clkin1_ibufds/DIFFINBUF_INST/O
                         net (fo=1, routed)           0.050     0.793    u_clk/inst/clkin1_ibufds/OUT
    K4                   IBUFCTRL (Prop_IBUFCTRL_HPIOB_M_I_O)
                                                      0.000     0.793 r  u_clk/inst/clkin1_ibufds/IBUFCTRL_INST/O
                         net (fo=1, routed)           0.336     1.129    u_clk/inst/clk_in1_clk_gen_buf
    BUFGCE_X0Y64         BUFGCE (Prop_BUFCE_BUFGCE_I_O)
                                                      0.028     1.157 r  u_clk/inst/clkin1_bufg1/O
                         net (fo=1, routed)           0.542     1.699    u_clk/inst/clk_in1_clk_gen
    MMCM_X0Y2            MMCME4_ADV (Prop_MMCM_CLKIN1_CLKOUT1)
                                                     -0.127     1.572 r  u_clk/inst/mmcme4_adv_inst/CLKOUT1
                         net (fo=1, routed)           0.250     1.822    u_clk/inst/clk_20M_clk_gen
    BUFGCE_X0Y68         BUFGCE (Prop_BUFCE_BUFGCE_I_O)
                                                      0.028     1.850 r  u_clk/inst/clkout2_buf/O
    X1Y2 (CLOCK_ROOT)    net (fo=1134, routed)        1.397     3.247    u_rf/u_ad9361_config/I_clk
    RAMB36_X0Y9          RAMB36E2                                     r  u_rf/u_ad9361_config/ad9361_config_lut_reg_reg_0/CLKARDCLK
  -------------------------------------------------------------------    -------------------
    RAMB36_X0Y9          RAMB36E2 (Prop_RAMB36E2_RAMB36_CLKARDCLK_DOUTADOUT[1])
                                                      0.939     4.186 r  u_rf/u_ad9361_config/ad9361_config_lut_reg_reg_0/DOUTADOUT[1]
                         net (fo=9, routed)           2.272     6.458    u_rf/u_ad9361_config/ad9361_config_lut_reg_reg[1]
    SLICE_X7Y163         LUT4 (Prop_C6LUT_SLICEM_I2_O)
                                                      0.145     6.603 f  u_rf/u_ad9361_config/FSM_sequential_state[2]_i_16/O
                         net (fo=4, routed)           0.133     6.736    u_rf/u_ad9361_config/FSM_sequential_state[2]_i_16_n_0
    SLICE_X8Y163         LUT6 (Prop_F6LUT_SLICEM_I0_O)
                                                      0.148     6.884 r  u_rf/u_ad9361_config/FSM_sequential_state[2]_i_5/O
                         net (fo=1, routed)           0.102     6.986    u_rf/u_ad9361_config/FSM_sequential_state[2]_i_5_n_0
    SLICE_X8Y165         LUT6 (Prop_H6LUT_SLICEM_I2_O)
                                                      0.125     7.111 r  u_rf/u_ad9361_config/FSM_sequential_state[2]_i_1/O
                         net (fo=3, routed)           0.465     7.576    u_rf/u_ad9361_config/FSM_sequential_state[2]_i_1_n_0
    SLICE_X7Y164         FDCE                                         r  u_rf/u_ad9361_config/FSM_sequential_state_reg[2]/CE
  -------------------------------------------------------------------    -------------------

                         (clock clk_20M_clk_gen rise edge)
                                                     50.000    50.000 r  
    K4                                                0.000    50.000 r  sysclk_p (IN)
                         net (fo=0)                   0.079    50.079    u_clk/inst/clkin1_ibufds/I
    HPIOBDIFFINBUF_X0Y58 DIFFINBUF (Prop_DIFFINBUF_HPIOBDIFFINBUF_DIFF_IN_P_O)
                                                      0.533    50.612 r  u_clk/inst/clkin1_ibufds/DIFFINBUF_INST/O
                         net (fo=1, routed)           0.040    50.652    u_clk/inst/clkin1_ibufds/OUT
    K4                   IBUFCTRL (Prop_IBUFCTRL_HPIOB_M_I_O)
                                                      0.000    50.652 r  u_clk/inst/clkin1_ibufds/IBUFCTRL_INST/O
                         net (fo=1, routed)           0.300    50.952    u_clk/inst/clk_in1_clk_gen_buf
    BUFGCE_X0Y64         BUFGCE (Prop_BUFCE_BUFGCE_I_O)
                                                      0.024    50.976 r  u_clk/inst/clkin1_bufg1/O
                         net (fo=1, routed)           0.480    51.456    u_clk/inst/clk_in1_clk_gen
    MMCM_X0Y2            MMCME4_ADV (Prop_MMCM_CLKIN1_CLKOUT1)
                                                      0.630    52.086 r  u_clk/inst/mmcme4_adv_inst/CLKOUT1
                         net (fo=1, routed)           0.219    52.305    u_clk/inst/clk_20M_clk_gen
    BUFGCE_X0Y68         BUFGCE (Prop_BUFCE_BUFGCE_I_O)
                                                      0.024    52.329 r  u_clk/inst/clkout2_buf/O
    X1Y2 (CLOCK_ROOT)    net (fo=1134, routed)        1.266    53.595    u_rf/u_ad9361_config/I_clk
    SLICE_X7Y164         FDCE                                         r  u_rf/u_ad9361_config/FSM_sequential_state_reg[2]/C
                         clock pessimism             -0.463    53.132    
                         clock uncertainty           -0.093    53.038    
    SLICE_X7Y164         FDCE (Setup_DFF_SLICEM_C_CE)
                                                     -0.061    52.977    u_rf/u_ad9361_config/FSM_sequential_state_reg[2]
  -------------------------------------------------------------------
                         required time                         52.977    
                         arrival time                          -7.576    
  -------------------------------------------------------------------
                         slack                                 45.401    





Min Delay Paths
--------------------------------------------------------------------------------------
Slack (MET) :             0.014ns  (arrival time - required time)
  Source:                 jscc_tx_ps_top/ad9361_top/vio_spi/<hidden>/<hidden>
                            (rising edge-triggered cell FDRE clocked by clk_20M_clk_gen  {rise@0.000ns fall@25.000ns period=50.000ns})
  Destination:            jscc_tx_ps_top/ad9361_top/vio_spi/<hidden>/<hidden>
                            (rising edge-triggered cell FDRE clocked by clk_20M_clk_gen  {rise@0.000ns fall@25.000ns period=50.000ns})
  Path Group:             clk_20M_clk_gen
  Path Type:              Hold (Min at Slow Process Corner)
  Requirement:            0.000ns  (clk_20M_clk_gen rise@0.000ns - clk_20M_clk_gen rise@0.000ns)
  Data Path Delay:        0.284ns  (logic 0.080ns (28.169%)  route 0.204ns (71.831%))
  Logic Levels:           1  (LUT6=1)
  Clock Path Skew:        0.210ns (DCD - SCD - CPR)
    Destination Clock Delay (DCD):    3.346ns
    Source Clock Delay      (SCD):    3.600ns
    Clock Pessimism Removal (CPR):    -0.463ns
  Clock Net Delay (Source):      1.271ns (routing 0.155ns, distribution 1.116ns)
  Clock Net Delay (Destination): 1.496ns (routing 0.171ns, distribution 1.325ns)

    Location             Delay type                Incr(ns)  Path(ns)    Netlist Resource(s)
  -------------------------------------------------------------------    -------------------
                         (clock clk_20M_clk_gen rise edge)
                                                      0.000     0.000 r  
    K4                                                0.000     0.000 r  sysclk_p (IN)
                         net (fo=0)                   0.079     0.079    u_clk/inst/clkin1_ibufds/I
    HPIOBDIFFINBUF_X0Y58 DIFFINBUF (Prop_DIFFINBUF_HPIOBDIFFINBUF_DIFF_IN_P_O)
                                                      0.533     0.612 r  u_clk/inst/clkin1_ibufds/DIFFINBUF_INST/O
                         net (fo=1, routed)           0.040     0.652    u_clk/inst/clkin1_ibufds/OUT
    K4                   IBUFCTRL (Prop_IBUFCTRL_HPIOB_M_I_O)
                                                      0.000     0.652 r  u_clk/inst/clkin1_ibufds/IBUFCTRL_INST/O
                         net (fo=1, routed)           0.300     0.952    u_clk/inst/clk_in1_clk_gen_buf
    BUFGCE_X0Y64         BUFGCE (Prop_BUFCE_BUFGCE_I_O)
                                                      0.024     0.976 r  u_clk/inst/clkin1_bufg1/O
                         net (fo=1, routed)           0.480     1.456    u_clk/inst/clk_in1_clk_gen
    MMCM_X0Y2            MMCME4_ADV (Prop_MMCM_CLKIN1_CLKOUT1)
                                                      0.630     2.086 r  u_clk/inst/mmcme4_adv_inst/CLKOUT1
                         net (fo=1, routed)           0.219     2.305    u_clk/inst/clk_20M_clk_gen
    BUFGCE_X0Y68         BUFGCE (Prop_BUFCE_BUFGCE_I_O)
                                                      0.024     2.329 r  u_clk/inst/clkout2_buf/O
    X1Y2 (CLOCK_ROOT)    net (fo=1134, routed)        1.271     3.600    jscc_tx_ps_top/ad9361_top/vio_spi/<hidden>/<hidden>
    SLICE_X7Y174         FDRE                                         r  jscc_tx_ps_top/ad9361_top/vio_spi/<hidden>/<hidden>
  -------------------------------------------------------------------    -------------------
    SLICE_X7Y174         FDRE (Prop_EFF_SLICEM_C_Q)
                                                      0.058     3.658 r  jscc_tx_ps_top/ad9361_top/vio_spi/<hidden>/<hidden>
                         net (fo=1, routed)           0.174     3.832    jscc_tx_ps_top/ad9361_top/vio_spi/<hidden>/<hidden>
    SLICE_X7Y182         LUT6 (Prop_G6LUT_SLICEM_I2_O)
                                                      0.022     3.854 r  jscc_tx_ps_top/ad9361_top/vio_spi/<hidden>/<hidden>
                         net (fo=1, routed)           0.030     3.884    jscc_tx_ps_top/ad9361_top/vio_spi/<hidden>/<hidden>
    SLICE_X7Y182         FDRE                                         r  jscc_tx_ps_top/ad9361_top/vio_spi/<hidden>/<hidden>
  -------------------------------------------------------------------    -------------------

                         (clock clk_20M_clk_gen rise edge)
                                                      0.000     0.000 r  
    K4                                                0.000     0.000 r  sysclk_p (IN)
                         net (fo=0)                   0.100     0.100    u_clk/inst/clkin1_ibufds/I
    HPIOBDIFFINBUF_X0Y58 DIFFINBUF (Prop_DIFFINBUF_HPIOBDIFFINBUF_DIFF_IN_P_O)
                                                      0.643     0.743 r  u_clk/inst/clkin1_ibufds/DIFFINBUF_INST/O
                         net (fo=1, routed)           0.050     0.793    u_clk/inst/clkin1_ibufds/OUT
    K4                   IBUFCTRL (Prop_IBUFCTRL_HPIOB_M_I_O)
                                                      0.000     0.793 r  u_clk/inst/clkin1_ibufds/IBUFCTRL_INST/O
                         net (fo=1, routed)           0.336     1.129    u_clk/inst/clk_in1_clk_gen_buf
    BUFGCE_X0Y64         BUFGCE (Prop_BUFCE_BUFGCE_I_O)
                                                      0.028     1.157 r  u_clk/inst/clkin1_bufg1/O
                         net (fo=1, routed)           0.542     1.699    u_clk/inst/clk_in1_clk_gen
    MMCM_X0Y2            MMCME4_ADV (Prop_MMCM_CLKIN1_CLKOUT1)
                                                     -0.127     1.572 r  u_clk/inst/mmcme4_adv_inst/CLKOUT1
                         net (fo=1, routed)           0.250     1.822    u_clk/inst/clk_20M_clk_gen
    BUFGCE_X0Y68         BUFGCE (Prop_BUFCE_BUFGCE_I_O)
                                                      0.028     1.850 r  u_clk/inst/clkout2_buf/O
    X1Y2 (CLOCK_ROOT)    net (fo=1134, routed)        1.496     3.346    jscc_tx_ps_top/ad9361_top/vio_spi/<hidden>/<hidden>
    SLICE_X7Y182         FDRE                                         r  jscc_tx_ps_top/ad9361_top/vio_spi/<hidden>/<hidden>
                         clock pessimism              0.463     3.809    
    SLICE_X7Y182         FDRE (Hold_GFF_SLICEM_C_D)
                                                      0.060     3.869    jscc_tx_ps_top/ad9361_top/vio_spi/<hidden>/<hidden>
  -------------------------------------------------------------------
                         required time                         -3.869    
                         arrival time                           3.884    
  -------------------------------------------------------------------
                         slack                                  0.014    





Pulse Width Checks
--------------------------------------------------------------------------------------
Clock Name:         clk_20M_clk_gen
Waveform(ns):       { 0.000 25.000 }
Period(ns):         50.000
Sources:            { u_clk/inst/mmcme4_adv_inst/CLKOUT1 }

Check Type        Corner  Lib Pin             Reference Pin  Required(ns)  Actual(ns)  Slack(ns)  Location     Pin
Min Period        n/a     RAMB36E2/CLKARDCLK  n/a            1.355         50.000      48.645     RAMB36_X0Y9  u_rf/u_ad9361_config/ad9361_config_lut_reg_reg_0/CLKARDCLK
Low Pulse Width   Slow    RAMB36E2/CLKARDCLK  n/a            0.542         25.000      24.458     RAMB36_X0Y9  u_rf/u_ad9361_config/ad9361_config_lut_reg_reg_0/CLKARDCLK
High Pulse Width  Slow    RAMB36E2/CLKARDCLK  n/a            0.542         25.000      24.458     RAMB36_X0Y9  u_rf/u_ad9361_config/ad9361_config_lut_reg_reg_0/CLKARDCLK



---------------------------------------------------------------------------------------------------
From Clock:  clk_250M_clk_gen
  To Clock:  clk_250M_clk_gen

Setup :            0  Failing Endpoints,  Worst Slack        0.151ns,  Total Violation        0.000ns
Hold  :            0  Failing Endpoints,  Worst Slack        0.010ns,  Total Violation        0.000ns
PW    :            0  Failing Endpoints,  Worst Slack        1.300ns,  Total Violation        0.000ns
---------------------------------------------------------------------------------------------------


Max Delay Paths
--------------------------------------------------------------------------------------
Slack (MET) :             0.151ns  (required time - arrival time)
  Source:                 u_encoder/u_fifo_enc_0_out_b/g_packed.o_rp_reg[0]/C
                            (rising edge-triggered cell FDCE clocked by clk_250M_clk_gen  {rise@0.000ns fall@2.000ns period=4.000ns})
  Destination:            u_encoder/u_enc_0_out/pb1_reg[27]/D
                            (rising edge-triggered cell FDRE clocked by clk_250M_clk_gen  {rise@0.000ns fall@2.000ns period=4.000ns})
  Path Group:             clk_250M_clk_gen
  Path Type:              Setup (Max at Slow Process Corner)
  Requirement:            4.000ns  (clk_250M_clk_gen rise@4.000ns - clk_250M_clk_gen rise@0.000ns)
  Data Path Delay:        3.689ns  (logic 1.446ns (39.202%)  route 2.243ns (60.798%))
  Logic Levels:           12  (CARRY8=6 LUT3=2 LUT4=1 LUT5=1 LUT6=1 RAMD32=1)
  Clock Path Skew:        -0.122ns (DCD - SCD + CPR)
    Destination Clock Delay (DCD):    3.587ns = ( 7.587 - 4.000 ) 
    Source Clock Delay      (SCD):    3.319ns
    Clock Pessimism Removal (CPR):    -0.390ns
  Clock Uncertainty:      0.063ns  ((TSJ^2 + DJ^2)^1/2) / 2 + PE
    Total System Jitter     (TSJ):    0.071ns
    Discrete Jitter          (DJ):    0.105ns
    Phase Error              (PE):    0.000ns
  Clock Net Delay (Source):      1.471ns (routing 0.171ns, distribution 1.300ns)
  Clock Net Delay (Destination): 1.259ns (routing 0.155ns, distribution 1.104ns)

    Location             Delay type                Incr(ns)  Path(ns)    Netlist Resource(s)
  -------------------------------------------------------------------    -------------------
                         (clock clk_250M_clk_gen rise edge)
                                                      0.000     0.000 r  
    K4                                                0.000     0.000 r  sysclk_p (IN)
                         net (fo=0)                   0.100     0.100    u_clk/inst/clkin1_ibufds/I
    HPIOBDIFFINBUF_X0Y58 DIFFINBUF (Prop_DIFFINBUF_HPIOBDIFFINBUF_DIFF_IN_P_O)
                                                      0.643     0.743 r  u_clk/inst/clkin1_ibufds/DIFFINBUF_INST/O
                         net (fo=1, routed)           0.050     0.793    u_clk/inst/clkin1_ibufds/OUT
    K4                   IBUFCTRL (Prop_IBUFCTRL_HPIOB_M_I_O)
                                                      0.000     0.793 r  u_clk/inst/clkin1_ibufds/IBUFCTRL_INST/O
                         net (fo=1, routed)           0.336     1.129    u_clk/inst/clk_in1_clk_gen_buf
    BUFGCE_X0Y64         BUFGCE (Prop_BUFCE_BUFGCE_I_O)
                                                      0.028     1.157 r  u_clk/inst/clkin1_bufg1/O
                         net (fo=1, routed)           0.542     1.699    u_clk/inst/clk_in1_clk_gen
    MMCM_X0Y2            MMCME4_ADV (Prop_MMCM_CLKIN1_CLKOUT2)
                                                     -0.127     1.572 r  u_clk/inst/mmcme4_adv_inst/CLKOUT2
                         net (fo=1, routed)           0.248     1.820    u_clk/inst/clk_250M_clk_gen
    BUFGCE_X0Y53         BUFGCE (Prop_BUFCE_BUFGCE_I_O)
                                                      0.028     1.848 r  u_clk/inst/clkout3_buf/O
    X1Y2 (CLOCK_ROOT)    net (fo=52090, routed)       1.471     3.319    u_encoder/u_fifo_enc_0_out_b/clk_250M
    SLICE_X52Y184        FDCE                                         r  u_encoder/u_fifo_enc_0_out_b/g_packed.o_rp_reg[0]/C
  -------------------------------------------------------------------    -------------------
    SLICE_X52Y184        FDCE (Prop_BFF_SLICEL_C_Q)
                                                      0.079     3.398 r  u_encoder/u_fifo_enc_0_out_b/g_packed.o_rp_reg[0]/Q
                         net (fo=19, routed)          0.282     3.681    u_encoder/u_fifo_enc_0_out_b/g_packed.ofifo_reg_0_7_0_11/ADDRA0
    SLICE_X53Y184        RAMD32 (Prop_A5LUT_SLICEM_RADR0_O)
                                                      0.163     3.844 r  u_encoder/u_fifo_enc_0_out_b/g_packed.ofifo_reg_0_7_0_11/RAMA/O
                         net (fo=21, routed)          0.438     4.282    q_enc_0_out_b_d[0]
    SLICE_X50Y185        CARRY8 (Prop_CARRY8_SLICEL_S[0]_CO[7])
                                                      0.190     4.472 r  u_enc_0_out/pb1_reg[3]_i_1/CO[7]
                         net (fo=1, routed)           0.026     4.498    u_encoder/u_enc_0_out/pb1[9]_i_4_0[0]
    SLICE_X50Y186        CARRY8 (Prop_CARRY8_SLICEL_CI_O[1])
                                                      0.076     4.574 r  u_encoder/u_enc_0_out/pb1_reg[9]_i_16/O[1]
                         net (fo=2, routed)           0.641     5.214    u_encoder/u_enc_0_out/pb1_reg[9]_i_16_n_14
    SLICE_X46Y189        LUT3 (Prop_F6LUT_SLICEL_I2_O)
                                                      0.097     5.311 r  u_encoder/u_enc_0_out/pb1[9]_i_3/O
                         net (fo=2, routed)           0.248     5.559    u_encoder/u_enc_0_out/g_packed.d_vld_reg[1]_4[1]
    SLICE_X46Y185        LUT4 (Prop_G6LUT_SLICEL_I3_O)
                                                      0.050     5.609 r  u_encoder/u_enc_0_out/pb1[9]_i_8/O
                         net (fo=1, routed)           0.008     5.617    u_encoder_n_4063
    SLICE_X46Y185        CARRY8 (Prop_CARRY8_SLICEL_S[6]_CO[7])
                                                      0.115     5.732 r  u_enc_0_out/pb1_reg[9]_i_1/CO[7]
                         net (fo=1, routed)           0.026     5.758    u_encoder/u_enc_0_out/u_enc_0_out/pb1[17]_i_13[0]
    SLICE_X46Y186        CARRY8 (Prop_CARRY8_SLICEL_CI_O[5])
                                                      0.116     5.874 r  u_encoder/u_enc_0_out/pb1_reg[25]_i_18/O[5]
                         net (fo=3, routed)           0.160     6.034    u_encoder/u_fifo_enc_0_out_b/pb1_reg[25]_1[2]
    SLICE_X44Y185        LUT3 (Prop_H5LUT_SLICEL_I1_O)
                                                      0.133     6.167 r  u_encoder/u_fifo_enc_0_out_b/pb1[25]_i_22__0/O
                         net (fo=2, routed)           0.116     6.283    u_encoder/u_fifo_enc_0_out_b/g_packed.d_vld_reg[1]_12
    SLICE_X45Y185        LUT5 (Prop_F6LUT_SLICEM_I1_O)
                                                      0.037     6.320 r  u_encoder/u_fifo_enc_0_out_b/pb1[25]_i_9__0/O
                         net (fo=2, routed)           0.238     6.558    u_encoder/u_enc_0_out/pb1_reg[25]_0[0]
    SLICE_X46Y188        LUT6 (Prop_A6LUT_SLICEL_I0_O)
                                                      0.124     6.682 r  u_encoder/u_enc_0_out/pb1[25]_i_17/O
                         net (fo=1, routed)           0.009     6.691    u_encoder_n_4039
    SLICE_X46Y188        CARRY8 (Prop_CARRY8_SLICEL_S[0]_CO[7])
                                                      0.190     6.881 r  u_enc_0_out/pb1_reg[25]_i_1/CO[7]
                         net (fo=1, routed)           0.026     6.907    u_encoder/u_enc_0_out/pb1_reg[28]_0[0]
    SLICE_X46Y189        CARRY8 (Prop_CARRY8_SLICEL_CI_O[1])
                                                      0.076     6.983 r  u_encoder/u_enc_0_out/pb1_reg[28]_i_1/O[1]
                         net (fo=1, routed)           0.025     7.008    u_encoder/u_enc_0_out/p_0_in[27]
    SLICE_X46Y189        FDRE                                         r  u_encoder/u_enc_0_out/pb1_reg[27]/D
  -------------------------------------------------------------------    -------------------

                         (clock clk_250M_clk_gen rise edge)
                                                      4.000     4.000 r  
    K4                                                0.000     4.000 r  sysclk_p (IN)
                         net (fo=0)                   0.079     4.079    u_clk/inst/clkin1_ibufds/I
    HPIOBDIFFINBUF_X0Y58 DIFFINBUF (Prop_DIFFINBUF_HPIOBDIFFINBUF_DIFF_IN_P_O)
                                                      0.533     4.612 r  u_clk/inst/clkin1_ibufds/DIFFINBUF_INST/O
                         net (fo=1, routed)           0.040     4.652    u_clk/inst/clkin1_ibufds/OUT
    K4                   IBUFCTRL (Prop_IBUFCTRL_HPIOB_M_I_O)
                                                      0.000     4.652 r  u_clk/inst/clkin1_ibufds/IBUFCTRL_INST/O
                         net (fo=1, routed)           0.300     4.952    u_clk/inst/clk_in1_clk_gen_buf
    BUFGCE_X0Y64         BUFGCE (Prop_BUFCE_BUFGCE_I_O)
                                                      0.024     4.976 r  u_clk/inst/clkin1_bufg1/O
                         net (fo=1, routed)           0.480     5.456    u_clk/inst/clk_in1_clk_gen
    MMCM_X0Y2            MMCME4_ADV (Prop_MMCM_CLKIN1_CLKOUT2)
                                                      0.630     6.086 r  u_clk/inst/mmcme4_adv_inst/CLKOUT2
                         net (fo=1, routed)           0.218     6.304    u_clk/inst/clk_250M_clk_gen
    BUFGCE_X0Y53         BUFGCE (Prop_BUFCE_BUFGCE_I_O)
                                                      0.024     6.328 r  u_clk/inst/clkout3_buf/O
    X1Y2 (CLOCK_ROOT)    net (fo=52090, routed)       1.259     7.587    u_encoder/u_enc_0_out/clk_250M
    SLICE_X46Y189        FDRE                                         r  u_encoder/u_enc_0_out/pb1_reg[27]/C
                         clock pessimism             -0.390     7.197    
                         clock uncertainty           -0.063     7.134    
    SLICE_X46Y189        FDRE (Setup_BFF_SLICEL_C_D)
                                                      0.025     7.159    u_encoder/u_enc_0_out/pb1_reg[27]
  -------------------------------------------------------------------
                         required time                          7.159    
                         arrival time                          -7.008    
  -------------------------------------------------------------------
                         slack                                  0.151    





Min Delay Paths
--------------------------------------------------------------------------------------
Slack (MET) :             0.010ns  (arrival time - required time)
  Source:                 u_encoder/u_fifo_enc_7_out_b/g_packed.n_wr_reg[11]/C
                            (rising edge-triggered cell FDCE clocked by clk_250M_clk_gen  {rise@0.000ns fall@2.000ns period=4.000ns})
  Destination:            u_encoder/u_fifo_enc_7_out_b/g_packed.n_vis_reg[11]/D
                            (rising edge-triggered cell FDCE clocked by clk_250M_clk_gen  {rise@0.000ns fall@2.000ns period=4.000ns})
  Path Group:             clk_250M_clk_gen
  Path Type:              Hold (Min at Slow Process Corner)
  Requirement:            0.000ns  (clk_250M_clk_gen rise@0.000ns - clk_250M_clk_gen rise@0.000ns)
  Data Path Delay:        0.119ns  (logic 0.058ns (48.603%)  route 0.061ns (51.397%))
  Logic Levels:           0  
  Clock Path Skew:        0.047ns (DCD - SCD - CPR)
    Destination Clock Delay (DCD):    3.193ns
    Source Clock Delay      (SCD):    3.496ns
    Clock Pessimism Removal (CPR):    -0.350ns
  Clock Net Delay (Source):      1.168ns (routing 0.155ns, distribution 1.013ns)
  Clock Net Delay (Destination): 1.345ns (routing 0.171ns, distribution 1.174ns)

    Location             Delay type                Incr(ns)  Path(ns)    Netlist Resource(s)
  -------------------------------------------------------------------    -------------------
                         (clock clk_250M_clk_gen rise edge)
                                                      0.000     0.000 r  
    K4                                                0.000     0.000 r  sysclk_p (IN)
                         net (fo=0)                   0.079     0.079    u_clk/inst/clkin1_ibufds/I
    HPIOBDIFFINBUF_X0Y58 DIFFINBUF (Prop_DIFFINBUF_HPIOBDIFFINBUF_DIFF_IN_P_O)
                                                      0.533     0.612 r  u_clk/inst/clkin1_ibufds/DIFFINBUF_INST/O
                         net (fo=1, routed)           0.040     0.652    u_clk/inst/clkin1_ibufds/OUT
    K4                   IBUFCTRL (Prop_IBUFCTRL_HPIOB_M_I_O)
                                                      0.000     0.652 r  u_clk/inst/clkin1_ibufds/IBUFCTRL_INST/O
                         net (fo=1, routed)           0.300     0.952    u_clk/inst/clk_in1_clk_gen_buf
    BUFGCE_X0Y64         BUFGCE (Prop_BUFCE_BUFGCE_I_O)
                                                      0.024     0.976 r  u_clk/inst/clkin1_bufg1/O
                         net (fo=1, routed)           0.480     1.456    u_clk/inst/clk_in1_clk_gen
    MMCM_X0Y2            MMCME4_ADV (Prop_MMCM_CLKIN1_CLKOUT2)
                                                      0.630     2.086 r  u_clk/inst/mmcme4_adv_inst/CLKOUT2
                         net (fo=1, routed)           0.218     2.304    u_clk/inst/clk_250M_clk_gen
    BUFGCE_X0Y53         BUFGCE (Prop_BUFCE_BUFGCE_I_O)
                                                      0.024     2.328 r  u_clk/inst/clkout3_buf/O
    X1Y2 (CLOCK_ROOT)    net (fo=52090, routed)       1.168     3.496    u_encoder/u_fifo_enc_7_out_b/clk_250M
    SLICE_X29Y228        FDCE                                         r  u_encoder/u_fifo_enc_7_out_b/g_packed.n_wr_reg[11]/C
  -------------------------------------------------------------------    -------------------
    SLICE_X29Y228        FDCE (Prop_CFF_SLICEM_C_Q)
                                                      0.058     3.554 r  u_encoder/u_fifo_enc_7_out_b/g_packed.n_wr_reg[11]/Q
                         net (fo=3, routed)           0.061     3.615    u_encoder/u_fifo_enc_7_out_b/g_packed.n_wr_reg[11]
    SLICE_X29Y227        FDCE                                         r  u_encoder/u_fifo_enc_7_out_b/g_packed.n_vis_reg[11]/D
  -------------------------------------------------------------------    -------------------

                         (clock clk_250M_clk_gen rise edge)
                                                      0.000     0.000 r  
    K4                                                0.000     0.000 r  sysclk_p (IN)
                         net (fo=0)                   0.100     0.100    u_clk/inst/clkin1_ibufds/I
    HPIOBDIFFINBUF_X0Y58 DIFFINBUF (Prop_DIFFINBUF_HPIOBDIFFINBUF_DIFF_IN_P_O)
                                                      0.643     0.743 r  u_clk/inst/clkin1_ibufds/DIFFINBUF_INST/O
                         net (fo=1, routed)           0.050     0.793    u_clk/inst/clkin1_ibufds/OUT
    K4                   IBUFCTRL (Prop_IBUFCTRL_HPIOB_M_I_O)
                                                      0.000     0.793 r  u_clk/inst/clkin1_ibufds/IBUFCTRL_INST/O
                         net (fo=1, routed)           0.336     1.129    u_clk/inst/clk_in1_clk_gen_buf
    BUFGCE_X0Y64         BUFGCE (Prop_BUFCE_BUFGCE_I_O)
                                                      0.028     1.157 r  u_clk/inst/clkin1_bufg1/O
                         net (fo=1, routed)           0.542     1.699    u_clk/inst/clk_in1_clk_gen
    MMCM_X0Y2            MMCME4_ADV (Prop_MMCM_CLKIN1_CLKOUT2)
                                                     -0.127     1.572 r  u_clk/inst/mmcme4_adv_inst/CLKOUT2
                         net (fo=1, routed)           0.248     1.820    u_clk/inst/clk_250M_clk_gen
    BUFGCE_X0Y53         BUFGCE (Prop_BUFCE_BUFGCE_I_O)
                                                      0.028     1.848 r  u_clk/inst/clkout3_buf/O
    X1Y2 (CLOCK_ROOT)    net (fo=52090, routed)       1.345     3.193    u_encoder/u_fifo_enc_7_out_b/clk_250M
    SLICE_X29Y227        FDCE                                         r  u_encoder/u_fifo_enc_7_out_b/g_packed.n_vis_reg[11]/C
                         clock pessimism              0.350     3.543    
    SLICE_X29Y227        FDCE (Hold_HFF2_SLICEM_C_D)
                                                      0.062     3.605    u_encoder/u_fifo_enc_7_out_b/g_packed.n_vis_reg[11]
  -------------------------------------------------------------------
                         required time                         -3.605    
                         arrival time                           3.615    
  -------------------------------------------------------------------
                         slack                                  0.010    





Pulse Width Checks
--------------------------------------------------------------------------------------
Clock Name:         clk_250M_clk_gen
Waveform(ns):       { 0.000 2.000 }
Period(ns):         4.000
Sources:            { u_clk/inst/mmcme4_adv_inst/CLKOUT2 }

Check Type        Corner  Lib Pin      Reference Pin  Required(ns)  Actual(ns)  Slack(ns)  Location       Pin
Min Period        n/a     URAM288/CLK  n/a            1.666         4.000       2.334      URAM288_X0Y48  u_encoder/u_fifo_enc_1_out_b/g_packed.u_ram/g_ultra.mem_reg_uram_0/CLK
Low Pulse Width   Slow    URAM288/CLK  n/a            0.700         2.000       1.300      URAM288_X0Y48  u_encoder/u_fifo_enc_1_out_b/g_packed.u_ram/g_ultra.mem_reg_uram_0/CLK
High Pulse Width  Slow    URAM288/CLK  n/a            0.700         2.000       1.300      URAM288_X0Y48  u_encoder/u_fifo_enc_1_out_b/g_packed.u_ram/g_ultra.mem_reg_uram_0/CLK



---------------------------------------------------------------------------------------------------
From Clock:  clk_20M_clk_gen
  To Clock:  dbg_hub/inst/BSCANID.u_xsdbm_id/SWITCH_N_EXT_BSCAN.bscan_inst/SERIES7_BSCAN.bscan_inst/INTERNAL_TCK

Setup :            0  Failing Endpoints,  Worst Slack       49.551ns,  Total Violation        0.000ns
Hold  :           NA  Failing Endpoints,  Worst Slack           NA  ,  Total Violation           NA
---------------------------------------------------------------------------------------------------


Max Delay Paths
--------------------------------------------------------------------------------------
Slack (MET) :             49.551ns  (required time - arrival time)
  Source:                 dbg_hub/inst/BSCANID.u_xsdbm_id/CORE_XSDB.UUT_MASTER/U_ICON_INTERFACE/U_CMD6_RD/U_RD_FIFO/SUBCORE_FIFO.xsdbm_v3_0_5_rdfifo_inst/inst_fifo_gen/gconvfifo.rf/grf.rf/gntv_or_sync_fifo.gcx.clkx/gnxpm_cdc.wr_pntr_gc_reg[1]/C
                            (rising edge-triggered cell FDCE clocked by clk_20M_clk_gen  {rise@0.000ns fall@25.000ns period=50.000ns})
  Destination:            dbg_hub/inst/BSCANID.u_xsdbm_id/CORE_XSDB.UUT_MASTER/U_ICON_INTERFACE/U_CMD6_RD/U_RD_FIFO/SUBCORE_FIFO.xsdbm_v3_0_5_rdfifo_inst/inst_fifo_gen/gconvfifo.rf/grf.rf/gntv_or_sync_fifo.gcx.clkx/gnxpm_cdc.gsync_stage[1].rd_stg_inst/Q_reg_reg[1]/D
                            (rising edge-triggered cell FDCE clocked by dbg_hub/inst/BSCANID.u_xsdbm_id/SWITCH_N_EXT_BSCAN.bscan_inst/SERIES7_BSCAN.bscan_inst/INTERNAL_TCK  {rise@0.000ns fall@25.000ns period=50.000ns})
  Path Group:             dbg_hub/inst/BSCANID.u_xsdbm_id/SWITCH_N_EXT_BSCAN.bscan_inst/SERIES7_BSCAN.bscan_inst/INTERNAL_TCK
  Path Type:              Setup (Max at Slow Process Corner)
  Requirement:            50.000ns  (MaxDelay Path 50.000ns)
  Data Path Delay:        0.474ns  (logic 0.081ns (17.089%)  route 0.393ns (82.911%))
  Logic Levels:           0  
  Timing Exception:       MaxDelay Path 50.000ns -datapath_only

    Location             Delay type                Incr(ns)  Path(ns)    Netlist Resource(s)
  -------------------------------------------------------------------    -------------------
    SLICE_X9Y184                                      0.000     0.000 r  dbg_hub/inst/BSCANID.u_xsdbm_id/CORE_XSDB.UUT_MASTER/U_ICON_INTERFACE/U_CMD6_RD/U_RD_FIFO/SUBCORE_FIFO.xsdbm_v3_0_5_rdfifo_inst/inst_fifo_gen/gconvfifo.rf/grf.rf/gntv_or_sync_fifo.gcx.clkx/gnxpm_cdc.wr_pntr_gc_reg[1]/C
    SLICE_X9Y184         FDCE (Prop_DFF2_SLICEL_C_Q)
                                                      0.081     0.081 r  dbg_hub/inst/BSCANID.u_xsdbm_id/CORE_XSDB.UUT_MASTER/U_ICON_INTERFACE/U_CMD6_RD/U_RD_FIFO/SUBCORE_FIFO.xsdbm_v3_0_5_rdfifo_inst/inst_fifo_gen/gconvfifo.rf/grf.rf/gntv_or_sync_fifo.gcx.clkx/gnxpm_cdc.wr_pntr_gc_reg[1]/Q
                         net (fo=1, routed)           0.393     0.474    dbg_hub/inst/BSCANID.u_xsdbm_id/CORE_XSDB.UUT_MASTER/U_ICON_INTERFACE/U_CMD6_RD/U_RD_FIFO/SUBCORE_FIFO.xsdbm_v3_0_5_rdfifo_inst/inst_fifo_gen/gconvfifo.rf/grf.rf/gntv_or_sync_fifo.gcx.clkx/gnxpm_cdc.gsync_stage[1].rd_stg_inst/Q[1]
    SLICE_X11Y184        FDCE                                         r  dbg_hub/inst/BSCANID.u_xsdbm_id/CORE_XSDB.UUT_MASTER/U_ICON_INTERFACE/U_CMD6_RD/U_RD_FIFO/SUBCORE_FIFO.xsdbm_v3_0_5_rdfifo_inst/inst_fifo_gen/gconvfifo.rf/grf.rf/gntv_or_sync_fifo.gcx.clkx/gnxpm_cdc.gsync_stage[1].rd_stg_inst/Q_reg_reg[1]/D
  -------------------------------------------------------------------    -------------------

                         max delay                   50.000    50.000    
    SLICE_X11Y184        FDCE (Setup_DFF2_SLICEL_C_D)
                                                      0.025    50.025    dbg_hub/inst/BSCANID.u_xsdbm_id/CORE_XSDB.UUT_MASTER/U_ICON_INTERFACE/U_CMD6_RD/U_RD_FIFO/SUBCORE_FIFO.xsdbm_v3_0_5_rdfifo_inst/inst_fifo_gen/gconvfifo.rf/grf.rf/gntv_or_sync_fifo.gcx.clkx/gnxpm_cdc.gsync_stage[1].rd_stg_inst/Q_reg_reg[1]
  -------------------------------------------------------------------
                         required time                         50.025    
                         arrival time                          -0.474    
  -------------------------------------------------------------------
                         slack                                 49.551    





---------------------------------------------------------------------------------------------------
From Clock:  clk_20M_clk_gen
  To Clock:  clk_100M_clk_gen

Setup :            0  Failing Endpoints,  Worst Slack        8.248ns,  Total Violation        0.000ns
Hold  :            0  Failing Endpoints,  Worst Slack        0.096ns,  Total Violation        0.000ns
---------------------------------------------------------------------------------------------------


Max Delay Paths
--------------------------------------------------------------------------------------
Slack (MET) :             8.248ns  (required time - arrival time)
  Source:                 u_rf/u_ad9361_txq_search/O_busy_reg/C
                            (rising edge-triggered cell FDCE clocked by clk_20M_clk_gen  {rise@0.000ns fall@25.000ns period=50.000ns})
  Destination:            u_regs/spi_s_reg[0][16]/D
                            (rising edge-triggered cell FDRE clocked by clk_100M_clk_gen  {rise@0.000ns fall@5.000ns period=10.000ns})
  Path Group:             clk_100M_clk_gen
  Path Type:              Setup (Max at Slow Process Corner)
  Requirement:            10.000ns  (clk_100M_clk_gen rise@10.000ns - clk_20M_clk_gen rise@0.000ns)
  Data Path Delay:        1.216ns  (logic 0.228ns (18.749%)  route 0.988ns (81.251%))
  Logic Levels:           1  (LUT2=1)
  Clock Path Skew:        -0.347ns (DCD - SCD + CPR)
    Destination Clock Delay (DCD):    3.484ns = ( 13.484 - 10.000 ) 
    Source Clock Delay      (SCD):    3.317ns
    Clock Pessimism Removal (CPR):    -0.514ns
  Clock Uncertainty:      0.213ns  ((TSJ^2 + DJ^2)^1/2) / 2 + PE
    Total System Jitter     (TSJ):    0.071ns
    Discrete Jitter          (DJ):    0.173ns
    Phase Error              (PE):    0.120ns
  Clock Net Delay (Source):      1.467ns (routing 0.171ns, distribution 1.296ns)
  Clock Net Delay (Destination): 1.159ns (routing 0.155ns, distribution 1.004ns)

    Location             Delay type                Incr(ns)  Path(ns)    Netlist Resource(s)
  -------------------------------------------------------------------    -------------------
                         (clock clk_20M_clk_gen rise edge)
                                                      0.000     0.000 r  
    K4                                                0.000     0.000 r  sysclk_p (IN)
                         net (fo=0)                   0.100     0.100    u_clk/inst/clkin1_ibufds/I
    HPIOBDIFFINBUF_X0Y58 DIFFINBUF (Prop_DIFFINBUF_HPIOBDIFFINBUF_DIFF_IN_P_O)
                                                      0.643     0.743 r  u_clk/inst/clkin1_ibufds/DIFFINBUF_INST/O
                         net (fo=1, routed)           0.050     0.793    u_clk/inst/clkin1_ibufds/OUT
    K4                   IBUFCTRL (Prop_IBUFCTRL_HPIOB_M_I_O)
                                                      0.000     0.793 r  u_clk/inst/clkin1_ibufds/IBUFCTRL_INST/O
                         net (fo=1, routed)           0.336     1.129    u_clk/inst/clk_in1_clk_gen_buf
    BUFGCE_X0Y64         BUFGCE (Prop_BUFCE_BUFGCE_I_O)
                                                      0.028     1.157 r  u_clk/inst/clkin1_bufg1/O
                         net (fo=1, routed)           0.542     1.699    u_clk/inst/clk_in1_clk_gen
    MMCM_X0Y2            MMCME4_ADV (Prop_MMCM_CLKIN1_CLKOUT1)
                                                     -0.127     1.572 r  u_clk/inst/mmcme4_adv_inst/CLKOUT1
                         net (fo=1, routed)           0.250     1.822    u_clk/inst/clk_20M_clk_gen
    BUFGCE_X0Y68         BUFGCE (Prop_BUFCE_BUFGCE_I_O)
                                                      0.028     1.850 r  u_clk/inst/clkout2_buf/O
    X1Y2 (CLOCK_ROOT)    net (fo=1134, routed)        1.467     3.317    u_rf/u_ad9361_txq_search/I_clk
    SLICE_X5Y167         FDCE                                         r  u_rf/u_ad9361_txq_search/O_busy_reg/C
  -------------------------------------------------------------------    -------------------
    SLICE_X5Y167         FDCE (Prop_HFF_SLICEM_C_Q)
                                                      0.079     3.396 f  u_rf/u_ad9361_txq_search/O_busy_reg/Q
                         net (fo=25, routed)          0.191     3.587    u_rf/txq_busy
    SLICE_X5Y170         LUT2 (Prop_B6LUT_SLICEM_I1_O)
                                                      0.149     3.736 r  u_rf/rf_ready_inferred_i_1/O
                         net (fo=6, routed)           0.797     4.533    u_regs/spi_s_reg[0][16]_0[16]
    SLICE_X2Y176         FDRE                                         r  u_regs/spi_s_reg[0][16]/D
  -------------------------------------------------------------------    -------------------

                         (clock clk_100M_clk_gen rise edge)
                                                     10.000    10.000 r  
    K4                                                0.000    10.000 r  sysclk_p (IN)
                         net (fo=0)                   0.079    10.079    u_clk/inst/clkin1_ibufds/I
    HPIOBDIFFINBUF_X0Y58 DIFFINBUF (Prop_DIFFINBUF_HPIOBDIFFINBUF_DIFF_IN_P_O)
                                                      0.533    10.612 r  u_clk/inst/clkin1_ibufds/DIFFINBUF_INST/O
                         net (fo=1, routed)           0.040    10.652    u_clk/inst/clkin1_ibufds/OUT
    K4                   IBUFCTRL (Prop_IBUFCTRL_HPIOB_M_I_O)
                                                      0.000    10.652 r  u_clk/inst/clkin1_ibufds/IBUFCTRL_INST/O
                         net (fo=1, routed)           0.300    10.952    u_clk/inst/clk_in1_clk_gen_buf
    BUFGCE_X0Y64         BUFGCE (Prop_BUFCE_BUFGCE_I_O)
                                                      0.024    10.976 r  u_clk/inst/clkin1_bufg1/O
                         net (fo=1, routed)           0.480    11.456    u_clk/inst/clk_in1_clk_gen
    MMCM_X0Y2            MMCME4_ADV (Prop_MMCM_CLKIN1_CLKOUT0)
                                                      0.630    12.086 r  u_clk/inst/mmcme4_adv_inst/CLKOUT0
                         net (fo=1, routed)           0.215    12.301    u_clk/inst/clk_100M_clk_gen
    BUFGCE_X0Y60         BUFGCE (Prop_BUFCE_BUFGCE_I_O)
                                                      0.024    12.325 r  u_clk/inst/clkout1_buf/O
    X1Y2 (CLOCK_ROOT)    net (fo=7504, routed)        1.159    13.484    u_regs/clk_100M
    SLICE_X2Y176         FDRE                                         r  u_regs/spi_s_reg[0][16]/C
                         clock pessimism             -0.514    12.970    
                         clock uncertainty           -0.213    12.757    
    SLICE_X2Y176         FDRE (Setup_CFF2_SLICEM_C_D)
                                                      0.025    12.782    u_regs/spi_s_reg[0][16]
  -------------------------------------------------------------------
                         required time                         12.782    
                         arrival time                          -4.533    
  -------------------------------------------------------------------
                         slack                                  8.248    





Min Delay Paths
--------------------------------------------------------------------------------------
Slack (MET) :             0.096ns  (arrival time - required time)
  Source:                 u_rf/dbg_rdata_reg[3]/C
                            (rising edge-triggered cell FDCE clocked by clk_20M_clk_gen  {rise@0.000ns fall@25.000ns period=50.000ns})
  Destination:            u_regs/spi_s_reg[0][3]/D
                            (rising edge-triggered cell FDRE clocked by clk_100M_clk_gen  {rise@0.000ns fall@5.000ns period=10.000ns})
  Path Group:             clk_100M_clk_gen
  Path Type:              Hold (Min at Fast Process Corner)
  Requirement:            0.000ns  (clk_100M_clk_gen rise@0.000ns - clk_20M_clk_gen rise@0.000ns)
  Data Path Delay:        0.388ns  (logic 0.039ns (10.060%)  route 0.349ns (89.940%))
  Logic Levels:           0  
  Clock Path Skew:        0.031ns (DCD - SCD - CPR)
    Destination Clock Delay (DCD):    1.884ns
    Source Clock Delay      (SCD):    2.164ns
    Clock Pessimism Removal (CPR):    -0.311ns
  Clock Uncertainty:      0.213ns  ((TSJ^2 + DJ^2)^1/2) / 2 + PE
    Total System Jitter     (TSJ):    0.071ns
    Discrete Jitter          (DJ):    0.173ns
    Phase Error              (PE):    0.120ns
  Clock Net Delay (Source):      0.827ns (routing 0.096ns, distribution 0.731ns)
  Clock Net Delay (Destination): 0.838ns (routing 0.108ns, distribution 0.730ns)

    Location             Delay type                Incr(ns)  Path(ns)    Netlist Resource(s)
  -------------------------------------------------------------------    -------------------
                         (clock clk_20M_clk_gen rise edge)
                                                      0.000     0.000 r  
    K4                                                0.000     0.000 r  sysclk_p (IN)
                         net (fo=0)                   0.079     0.079    u_clk/inst/clkin1_ibufds/I
    HPIOBDIFFINBUF_X0Y58 DIFFINBUF (Prop_DIFFINBUF_HPIOBDIFFINBUF_DIFF_IN_P_O)
                                                      0.309     0.388 r  u_clk/inst/clkin1_ibufds/DIFFINBUF_INST/O
                         net (fo=1, routed)           0.040     0.428    u_clk/inst/clkin1_ibufds/OUT
    K4                   IBUFCTRL (Prop_IBUFCTRL_HPIOB_M_I_O)
                                                      0.000     0.428 r  u_clk/inst/clkin1_ibufds/IBUFCTRL_INST/O
                         net (fo=1, routed)           0.194     0.622    u_clk/inst/clk_in1_clk_gen_buf
    BUFGCE_X0Y64         BUFGCE (Prop_BUFCE_BUFGCE_I_O)
                                                      0.017     0.639 r  u_clk/inst/clkin1_bufg1/O
                         net (fo=1, routed)           0.303     0.942    u_clk/inst/clk_in1_clk_gen
    MMCM_X0Y2            MMCME4_ADV (Prop_MMCM_CLKIN1_CLKOUT1)
                                                      0.230     1.172 r  u_clk/inst/mmcme4_adv_inst/CLKOUT1
                         net (fo=1, routed)           0.148     1.320    u_clk/inst/clk_20M_clk_gen
    BUFGCE_X0Y68         BUFGCE (Prop_BUFCE_BUFGCE_I_O)
                                                      0.017     1.337 r  u_clk/inst/clkout2_buf/O
    X1Y2 (CLOCK_ROOT)    net (fo=1134, routed)        0.827     2.164    u_rf/clk_20M
    SLICE_X5Y171         FDCE                                         r  u_rf/dbg_rdata_reg[3]/C
  -------------------------------------------------------------------    -------------------
    SLICE_X5Y171         FDCE (Prop_GFF_SLICEM_C_Q)
                                                      0.039     2.203 r  u_rf/dbg_rdata_reg[3]/Q
                         net (fo=2, routed)           0.349     2.551    u_regs/spi_s_reg[0][16]_0[3]
    SLICE_X4Y173         FDRE                                         r  u_regs/spi_s_reg[0][3]/D
  -------------------------------------------------------------------    -------------------

                         (clock clk_100M_clk_gen rise edge)
                                                      0.000     0.000 r  
    K4                                                0.000     0.000 r  sysclk_p (IN)
                         net (fo=0)                   0.100     0.100    u_clk/inst/clkin1_ibufds/I
    HPIOBDIFFINBUF_X0Y58 DIFFINBUF (Prop_DIFFINBUF_HPIOBDIFFINBUF_DIFF_IN_P_O)
                                                      0.414     0.514 r  u_clk/inst/clkin1_ibufds/DIFFINBUF_INST/O
                         net (fo=1, routed)           0.050     0.564    u_clk/inst/clkin1_ibufds/OUT
    K4                   IBUFCTRL (Prop_IBUFCTRL_HPIOB_M_I_O)
                                                      0.000     0.564 r  u_clk/inst/clkin1_ibufds/IBUFCTRL_INST/O
                         net (fo=1, routed)           0.235     0.799    u_clk/inst/clk_in1_clk_gen_buf
    BUFGCE_X0Y64         BUFGCE (Prop_BUFCE_BUFGCE_I_O)
                                                      0.019     0.818 r  u_clk/inst/clkin1_bufg1/O
                         net (fo=1, routed)           0.338     1.156    u_clk/inst/clk_in1_clk_gen
    MMCM_X0Y2            MMCME4_ADV (Prop_MMCM_CLKIN1_CLKOUT0)
                                                     -0.295     0.861 r  u_clk/inst/mmcme4_adv_inst/CLKOUT0
                         net (fo=1, routed)           0.166     1.027    u_clk/inst/clk_100M_clk_gen
    BUFGCE_X0Y60         BUFGCE (Prop_BUFCE_BUFGCE_I_O)
                                                      0.019     1.046 r  u_clk/inst/clkout1_buf/O
    X1Y2 (CLOCK_ROOT)    net (fo=7504, routed)        0.838     1.884    u_regs/clk_100M
    SLICE_X4Y173         FDRE                                         r  u_regs/spi_s_reg[0][3]/C
                         clock pessimism              0.311     2.195    
                         clock uncertainty            0.213     2.408    
    SLICE_X4Y173         FDRE (Hold_CFF2_SLICEM_C_D)
                                                      0.047     2.455    u_regs/spi_s_reg[0][3]
  -------------------------------------------------------------------
                         required time                         -2.455    
                         arrival time                           2.551    
  -------------------------------------------------------------------
                         slack                                  0.096    





---------------------------------------------------------------------------------------------------
From Clock:  clk_250M_clk_gen
  To Clock:  clk_100M_clk_gen

Setup :            0  Failing Endpoints,  Worst Slack        0.633ns,  Total Violation        0.000ns
Hold  :            0  Failing Endpoints,  Worst Slack        0.150ns,  Total Violation        0.000ns
---------------------------------------------------------------------------------------------------


Max Delay Paths
--------------------------------------------------------------------------------------
Slack (MET) :             0.633ns  (required time - arrival time)
  Source:                 u_src_mux/sel_active_reg/C
                            (rising edge-triggered cell FDCE clocked by clk_250M_clk_gen  {rise@0.000ns fall@2.000ns period=4.000ns})
  Destination:            u_regs/act_s_reg[0]/D
                            (rising edge-triggered cell FDRE clocked by clk_100M_clk_gen  {rise@0.000ns fall@5.000ns period=10.000ns})
  Path Group:             clk_100M_clk_gen
  Path Type:              Setup (Max at Slow Process Corner)
  Requirement:            2.000ns  (clk_100M_clk_gen rise@10.000ns - clk_250M_clk_gen rise@8.000ns)
  Data Path Delay:        0.913ns  (logic 0.077ns (8.432%)  route 0.836ns (91.568%))
  Logic Levels:           0  
  Clock Path Skew:        -0.287ns (DCD - SCD + CPR)
    Destination Clock Delay (DCD):    3.450ns = ( 13.450 - 10.000 ) 
    Source Clock Delay      (SCD):    3.223ns = ( 11.223 - 8.000 ) 
    Clock Pessimism Removal (CPR):    -0.514ns
  Clock Uncertainty:      0.192ns  ((TSJ^2 + DJ^2)^1/2) / 2 + PE
    Total System Jitter     (TSJ):    0.071ns
    Discrete Jitter          (DJ):    0.125ns
    Phase Error              (PE):    0.120ns
  Clock Net Delay (Source):      1.375ns (routing 0.171ns, distribution 1.204ns)
  Clock Net Delay (Destination): 1.125ns (routing 0.155ns, distribution 0.970ns)

    Location             Delay type                Incr(ns)  Path(ns)    Netlist Resource(s)
  -------------------------------------------------------------------    -------------------
                         (clock clk_250M_clk_gen rise edge)
                                                      8.000     8.000 r  
    K4                                                0.000     8.000 r  sysclk_p (IN)
                         net (fo=0)                   0.100     8.100    u_clk/inst/clkin1_ibufds/I
    HPIOBDIFFINBUF_X0Y58 DIFFINBUF (Prop_DIFFINBUF_HPIOBDIFFINBUF_DIFF_IN_P_O)
                                                      0.643     8.743 r  u_clk/inst/clkin1_ibufds/DIFFINBUF_INST/O
                         net (fo=1, routed)           0.050     8.793    u_clk/inst/clkin1_ibufds/OUT
    K4                   IBUFCTRL (Prop_IBUFCTRL_HPIOB_M_I_O)
                                                      0.000     8.793 r  u_clk/inst/clkin1_ibufds/IBUFCTRL_INST/O
                         net (fo=1, routed)           0.336     9.129    u_clk/inst/clk_in1_clk_gen_buf
    BUFGCE_X0Y64         BUFGCE (Prop_BUFCE_BUFGCE_I_O)
                                                      0.028     9.157 r  u_clk/inst/clkin1_bufg1/O
                         net (fo=1, routed)           0.542     9.699    u_clk/inst/clk_in1_clk_gen
    MMCM_X0Y2            MMCME4_ADV (Prop_MMCM_CLKIN1_CLKOUT2)
                                                     -0.127     9.572 r  u_clk/inst/mmcme4_adv_inst/CLKOUT2
                         net (fo=1, routed)           0.248     9.820    u_clk/inst/clk_250M_clk_gen
    BUFGCE_X0Y53         BUFGCE (Prop_BUFCE_BUFGCE_I_O)
                                                      0.028     9.848 r  u_clk/inst/clkout3_buf/O
    X1Y2 (CLOCK_ROOT)    net (fo=52090, routed)       1.375    11.223    u_src_mux/clk_250M
    SLICE_X18Y152        FDCE                                         r  u_src_mux/sel_active_reg/C
  -------------------------------------------------------------------    -------------------
    SLICE_X18Y152        FDCE (Prop_AFF_SLICEM_C_Q)
                                                      0.077    11.300 r  u_src_mux/sel_active_reg/Q
                         net (fo=34, routed)          0.836    12.136    u_regs/src_active
    SLICE_X11Y169        FDRE                                         r  u_regs/act_s_reg[0]/D
  -------------------------------------------------------------------    -------------------

                         (clock clk_100M_clk_gen rise edge)
                                                     10.000    10.000 r  
    K4                                                0.000    10.000 r  sysclk_p (IN)
                         net (fo=0)                   0.079    10.079    u_clk/inst/clkin1_ibufds/I
    HPIOBDIFFINBUF_X0Y58 DIFFINBUF (Prop_DIFFINBUF_HPIOBDIFFINBUF_DIFF_IN_P_O)
                                                      0.533    10.612 r  u_clk/inst/clkin1_ibufds/DIFFINBUF_INST/O
                         net (fo=1, routed)           0.040    10.652    u_clk/inst/clkin1_ibufds/OUT
    K4                   IBUFCTRL (Prop_IBUFCTRL_HPIOB_M_I_O)
                                                      0.000    10.652 r  u_clk/inst/clkin1_ibufds/IBUFCTRL_INST/O
                         net (fo=1, routed)           0.300    10.952    u_clk/inst/clk_in1_clk_gen_buf
    BUFGCE_X0Y64         BUFGCE (Prop_BUFCE_BUFGCE_I_O)
                                                      0.024    10.976 r  u_clk/inst/clkin1_bufg1/O
                         net (fo=1, routed)           0.480    11.456    u_clk/inst/clk_in1_clk_gen
    MMCM_X0Y2            MMCME4_ADV (Prop_MMCM_CLKIN1_CLKOUT0)
                                                      0.630    12.086 r  u_clk/inst/mmcme4_adv_inst/CLKOUT0
                         net (fo=1, routed)           0.215    12.301    u_clk/inst/clk_100M_clk_gen
    BUFGCE_X0Y60         BUFGCE (Prop_BUFCE_BUFGCE_I_O)
                                                      0.024    12.325 r  u_clk/inst/clkout1_buf/O
    X1Y2 (CLOCK_ROOT)    net (fo=7504, routed)        1.125    13.450    u_regs/clk_100M
    SLICE_X11Y169        FDRE                                         r  u_regs/act_s_reg[0]/C
                         clock pessimism             -0.514    12.936    
                         clock uncertainty           -0.192    12.744    
    SLICE_X11Y169        FDRE (Setup_HFF2_SLICEL_C_D)
                                                      0.025    12.769    u_regs/act_s_reg[0]
  -------------------------------------------------------------------
                         required time                         12.769    
                         arrival time                         -12.136    
  -------------------------------------------------------------------
                         slack                                  0.633    





Min Delay Paths
--------------------------------------------------------------------------------------
Slack (MET) :             0.150ns  (arrival time - required time)
  Source:                 u_src_mux/sel_active_reg/C
                            (rising edge-triggered cell FDCE clocked by clk_250M_clk_gen  {rise@0.000ns fall@2.000ns period=4.000ns})
  Destination:            u_regs/act_s_reg[0]/D
                            (rising edge-triggered cell FDRE clocked by clk_100M_clk_gen  {rise@0.000ns fall@5.000ns period=10.000ns})
  Path Group:             clk_100M_clk_gen
  Path Type:              Hold (Min at Fast Process Corner)
  Requirement:            0.000ns  (clk_100M_clk_gen rise@0.000ns - clk_250M_clk_gen rise@0.000ns)
  Data Path Delay:        0.452ns  (logic 0.038ns (8.400%)  route 0.414ns (91.600%))
  Logic Levels:           0  
  Clock Path Skew:        0.063ns (DCD - SCD - CPR)
    Destination Clock Delay (DCD):    1.872ns
    Source Clock Delay      (SCD):    2.119ns
    Clock Pessimism Removal (CPR):    -0.311ns
  Clock Uncertainty:      0.192ns  ((TSJ^2 + DJ^2)^1/2) / 2 + PE
    Total System Jitter     (TSJ):    0.071ns
    Discrete Jitter          (DJ):    0.125ns
    Phase Error              (PE):    0.120ns
  Clock Net Delay (Source):      0.784ns (routing 0.096ns, distribution 0.688ns)
  Clock Net Delay (Destination): 0.826ns (routing 0.108ns, distribution 0.718ns)

    Location             Delay type                Incr(ns)  Path(ns)    Netlist Resource(s)
  -------------------------------------------------------------------    -------------------
                         (clock clk_250M_clk_gen rise edge)
                                                      0.000     0.000 r  
    K4                                                0.000     0.000 r  sysclk_p (IN)
                         net (fo=0)                   0.079     0.079    u_clk/inst/clkin1_ibufds/I
    HPIOBDIFFINBUF_X0Y58 DIFFINBUF (Prop_DIFFINBUF_HPIOBDIFFINBUF_DIFF_IN_P_O)
                                                      0.309     0.388 r  u_clk/inst/clkin1_ibufds/DIFFINBUF_INST/O
                         net (fo=1, routed)           0.040     0.428    u_clk/inst/clkin1_ibufds/OUT
    K4                   IBUFCTRL (Prop_IBUFCTRL_HPIOB_M_I_O)
                                                      0.000     0.428 r  u_clk/inst/clkin1_ibufds/IBUFCTRL_INST/O
                         net (fo=1, routed)           0.194     0.622    u_clk/inst/clk_in1_clk_gen_buf
    BUFGCE_X0Y64         BUFGCE (Prop_BUFCE_BUFGCE_I_O)
                                                      0.017     0.639 r  u_clk/inst/clkin1_bufg1/O
                         net (fo=1, routed)           0.303     0.942    u_clk/inst/clk_in1_clk_gen
    MMCM_X0Y2            MMCME4_ADV (Prop_MMCM_CLKIN1_CLKOUT2)
                                                      0.230     1.172 r  u_clk/inst/mmcme4_adv_inst/CLKOUT2
                         net (fo=1, routed)           0.147     1.319    u_clk/inst/clk_250M_clk_gen
    BUFGCE_X0Y53         BUFGCE (Prop_BUFCE_BUFGCE_I_O)
                                                      0.017     1.336 r  u_clk/inst/clkout3_buf/O
    X1Y2 (CLOCK_ROOT)    net (fo=52090, routed)       0.784     2.119    u_src_mux/clk_250M
    SLICE_X18Y152        FDCE                                         r  u_src_mux/sel_active_reg/C
  -------------------------------------------------------------------    -------------------
    SLICE_X18Y152        FDCE (Prop_AFF_SLICEM_C_Q)
                                                      0.038     2.158 r  u_src_mux/sel_active_reg/Q
                         net (fo=34, routed)          0.414     2.572    u_regs/src_active
    SLICE_X11Y169        FDRE                                         r  u_regs/act_s_reg[0]/D
  -------------------------------------------------------------------    -------------------

                         (clock clk_100M_clk_gen rise edge)
                                                      0.000     0.000 r  
    K4                                                0.000     0.000 r  sysclk_p (IN)
                         net (fo=0)                   0.100     0.100    u_clk/inst/clkin1_ibufds/I
    HPIOBDIFFINBUF_X0Y58 DIFFINBUF (Prop_DIFFINBUF_HPIOBDIFFINBUF_DIFF_IN_P_O)
                                                      0.414     0.514 r  u_clk/inst/clkin1_ibufds/DIFFINBUF_INST/O
                         net (fo=1, routed)           0.050     0.564    u_clk/inst/clkin1_ibufds/OUT
    K4                   IBUFCTRL (Prop_IBUFCTRL_HPIOB_M_I_O)
                                                      0.000     0.564 r  u_clk/inst/clkin1_ibufds/IBUFCTRL_INST/O
                         net (fo=1, routed)           0.235     0.799    u_clk/inst/clk_in1_clk_gen_buf
    BUFGCE_X0Y64         BUFGCE (Prop_BUFCE_BUFGCE_I_O)
                                                      0.019     0.818 r  u_clk/inst/clkin1_bufg1/O
                         net (fo=1, routed)           0.338     1.156    u_clk/inst/clk_in1_clk_gen
    MMCM_X0Y2            MMCME4_ADV (Prop_MMCM_CLKIN1_CLKOUT0)
                                                     -0.295     0.861 r  u_clk/inst/mmcme4_adv_inst/CLKOUT0
                         net (fo=1, routed)           0.166     1.027    u_clk/inst/clk_100M_clk_gen
    BUFGCE_X0Y60         BUFGCE (Prop_BUFCE_BUFGCE_I_O)
                                                      0.019     1.046 r  u_clk/inst/clkout1_buf/O
    X1Y2 (CLOCK_ROOT)    net (fo=7504, routed)        0.826     1.872    u_regs/clk_100M
    SLICE_X11Y169        FDRE                                         r  u_regs/act_s_reg[0]/C
                         clock pessimism              0.311     2.183    
                         clock uncertainty            0.192     2.375    
    SLICE_X11Y169        FDRE (Hold_HFF2_SLICEL_C_D)
                                                      0.047     2.422    u_regs/act_s_reg[0]
  -------------------------------------------------------------------
                         required time                         -2.422    
                         arrival time                           2.572    
  -------------------------------------------------------------------
                         slack                                  0.150    





---------------------------------------------------------------------------------------------------
From Clock:  dbg_hub/inst/BSCANID.u_xsdbm_id/SWITCH_N_EXT_BSCAN.bscan_inst/SERIES7_BSCAN.bscan_inst/INTERNAL_TCK
  To Clock:  clk_20M_clk_gen

Setup :            0  Failing Endpoints,  Worst Slack       49.603ns,  Total Violation        0.000ns
Hold  :           NA  Failing Endpoints,  Worst Slack           NA  ,  Total Violation           NA
---------------------------------------------------------------------------------------------------


Max Delay Paths
--------------------------------------------------------------------------------------
Slack (MET) :             49.603ns  (required time - arrival time)
  Source:                 dbg_hub/inst/BSCANID.u_xsdbm_id/CORE_XSDB.UUT_MASTER/U_ICON_INTERFACE/U_CMD6_WR/U_WR_FIFO/SUBCORE_FIFO.xsdbm_v3_0_5_wrfifo_inst/inst_fifo_gen/gconvfifo.rf/grf.rf/gntv_or_sync_fifo.gcx.clkx/gnxpm_cdc.wr_pntr_gc_reg[2]/C
                            (rising edge-triggered cell FDCE clocked by dbg_hub/inst/BSCANID.u_xsdbm_id/SWITCH_N_EXT_BSCAN.bscan_inst/SERIES7_BSCAN.bscan_inst/INTERNAL_TCK  {rise@0.000ns fall@25.000ns period=50.000ns})
  Destination:            dbg_hub/inst/BSCANID.u_xsdbm_id/CORE_XSDB.UUT_MASTER/U_ICON_INTERFACE/U_CMD6_WR/U_WR_FIFO/SUBCORE_FIFO.xsdbm_v3_0_5_wrfifo_inst/inst_fifo_gen/gconvfifo.rf/grf.rf/gntv_or_sync_fifo.gcx.clkx/gnxpm_cdc.gsync_stage[1].rd_stg_inst/Q_reg_reg[2]/D
                            (rising edge-triggered cell FDCE clocked by clk_20M_clk_gen  {rise@0.000ns fall@25.000ns period=50.000ns})
  Path Group:             clk_20M_clk_gen
  Path Type:              Setup (Max at Slow Process Corner)
  Requirement:            50.000ns  (MaxDelay Path 50.000ns)
  Data Path Delay:        0.422ns  (logic 0.079ns (18.720%)  route 0.343ns (81.280%))
  Logic Levels:           0  
  Timing Exception:       MaxDelay Path 50.000ns -datapath_only

    Location             Delay type                Incr(ns)  Path(ns)    Netlist Resource(s)
  -------------------------------------------------------------------    -------------------
    SLICE_X8Y195                                      0.000     0.000 r  dbg_hub/inst/BSCANID.u_xsdbm_id/CORE_XSDB.UUT_MASTER/U_ICON_INTERFACE/U_CMD6_WR/U_WR_FIFO/SUBCORE_FIFO.xsdbm_v3_0_5_wrfifo_inst/inst_fifo_gen/gconvfifo.rf/grf.rf/gntv_or_sync_fifo.gcx.clkx/gnxpm_cdc.wr_pntr_gc_reg[2]/C
    SLICE_X8Y195         FDCE (Prop_HFF_SLICEM_C_Q)
                                                      0.079     0.079 r  dbg_hub/inst/BSCANID.u_xsdbm_id/CORE_XSDB.UUT_MASTER/U_ICON_INTERFACE/U_CMD6_WR/U_WR_FIFO/SUBCORE_FIFO.xsdbm_v3_0_5_wrfifo_inst/inst_fifo_gen/gconvfifo.rf/grf.rf/gntv_or_sync_fifo.gcx.clkx/gnxpm_cdc.wr_pntr_gc_reg[2]/Q
                         net (fo=1, routed)           0.343     0.422    dbg_hub/inst/BSCANID.u_xsdbm_id/CORE_XSDB.UUT_MASTER/U_ICON_INTERFACE/U_CMD6_WR/U_WR_FIFO/SUBCORE_FIFO.xsdbm_v3_0_5_wrfifo_inst/inst_fifo_gen/gconvfifo.rf/grf.rf/gntv_or_sync_fifo.gcx.clkx/gnxpm_cdc.gsync_stage[1].rd_stg_inst/Q[2]
    SLICE_X8Y195         FDCE                                         r  dbg_hub/inst/BSCANID.u_xsdbm_id/CORE_XSDB.UUT_MASTER/U_ICON_INTERFACE/U_CMD6_WR/U_WR_FIFO/SUBCORE_FIFO.xsdbm_v3_0_5_wrfifo_inst/inst_fifo_gen/gconvfifo.rf/grf.rf/gntv_or_sync_fifo.gcx.clkx/gnxpm_cdc.gsync_stage[1].rd_stg_inst/Q_reg_reg[2]/D
  -------------------------------------------------------------------    -------------------

                         max delay                   50.000    50.000    
    SLICE_X8Y195         FDCE (Setup_CFF2_SLICEM_C_D)
                                                      0.025    50.025    dbg_hub/inst/BSCANID.u_xsdbm_id/CORE_XSDB.UUT_MASTER/U_ICON_INTERFACE/U_CMD6_WR/U_WR_FIFO/SUBCORE_FIFO.xsdbm_v3_0_5_wrfifo_inst/inst_fifo_gen/gconvfifo.rf/grf.rf/gntv_or_sync_fifo.gcx.clkx/gnxpm_cdc.gsync_stage[1].rd_stg_inst/Q_reg_reg[2]
  -------------------------------------------------------------------
                         required time                         50.025    
                         arrival time                          -0.422    
  -------------------------------------------------------------------
                         slack                                 49.603    





---------------------------------------------------------------------------------------------------
From Clock:  clk_100M_clk_gen
  To Clock:  clk_20M_clk_gen

Setup :            0  Failing Endpoints,  Worst Slack        7.091ns,  Total Violation        0.000ns
Hold  :            0  Failing Endpoints,  Worst Slack        0.092ns,  Total Violation        0.000ns
---------------------------------------------------------------------------------------------------


Max Delay Paths
--------------------------------------------------------------------------------------
Slack (MET) :             7.091ns  (required time - arrival time)
  Source:                 rst100_pipe_reg[1]/C
                            (rising edge-triggered cell FDCE clocked by clk_100M_clk_gen  {rise@0.000ns fall@5.000ns period=10.000ns})
  Destination:            u_rf/u_ad9361_config/O_ENSM_state_reg[0]/CE
                            (rising edge-triggered cell FDRE clocked by clk_20M_clk_gen  {rise@0.000ns fall@25.000ns period=50.000ns})
  Path Group:             clk_20M_clk_gen
  Path Type:              Setup (Max at Slow Process Corner)
  Requirement:            10.000ns  (clk_20M_clk_gen rise@50.000ns - clk_100M_clk_gen rise@40.000ns)
  Data Path Delay:        2.729ns  (logic 0.237ns (8.685%)  route 2.492ns (91.315%))
  Logic Levels:           2  (LUT4=1 LUT6=1)
  Clock Path Skew:        0.095ns (DCD - SCD + CPR)
    Destination Clock Delay (DCD):    3.595ns = ( 53.595 - 50.000 ) 
    Source Clock Delay      (SCD):    2.986ns = ( 42.986 - 40.000 ) 
    Clock Pessimism Removal (CPR):    -0.514ns
  Clock Uncertainty:      0.213ns  ((TSJ^2 + DJ^2)^1/2) / 2 + PE
    Total System Jitter     (TSJ):    0.071ns
    Discrete Jitter          (DJ):    0.173ns
    Phase Error              (PE):    0.120ns
  Clock Net Delay (Source):      1.141ns (routing 0.171ns, distribution 0.970ns)
  Clock Net Delay (Destination): 1.266ns (routing 0.155ns, distribution 1.111ns)

    Location             Delay type                Incr(ns)  Path(ns)    Netlist Resource(s)
  -------------------------------------------------------------------    -------------------
                         (clock clk_100M_clk_gen rise edge)
                                                     40.000    40.000 r  
    K4                                                0.000    40.000 r  sysclk_p (IN)
                         net (fo=0)                   0.100    40.100    u_clk/inst/clkin1_ibufds/I
    HPIOBDIFFINBUF_X0Y58 DIFFINBUF (Prop_DIFFINBUF_HPIOBDIFFINBUF_DIFF_IN_P_O)
                                                      0.643    40.743 r  u_clk/inst/clkin1_ibufds/DIFFINBUF_INST/O
                         net (fo=1, routed)           0.050    40.793    u_clk/inst/clkin1_ibufds/OUT
    K4                   IBUFCTRL (Prop_IBUFCTRL_HPIOB_M_I_O)
                                                      0.000    40.793 r  u_clk/inst/clkin1_ibufds/IBUFCTRL_INST/O
                         net (fo=1, routed)           0.336    41.129    u_clk/inst/clk_in1_clk_gen_buf
    BUFGCE_X0Y64         BUFGCE (Prop_BUFCE_BUFGCE_I_O)
                                                      0.028    41.157 r  u_clk/inst/clkin1_bufg1/O
                         net (fo=1, routed)           0.542    41.699    u_clk/inst/clk_in1_clk_gen
    MMCM_X0Y2            MMCME4_ADV (Prop_MMCM_CLKIN1_CLKOUT0)
                                                     -0.127    41.572 r  u_clk/inst/mmcme4_adv_inst/CLKOUT0
                         net (fo=1, routed)           0.245    41.817    u_clk/inst/clk_100M_clk_gen
    BUFGCE_X0Y60         BUFGCE (Prop_BUFCE_BUFGCE_I_O)
                                                      0.028    41.845 r  u_clk/inst/clkout1_buf/O
    X1Y2 (CLOCK_ROOT)    net (fo=7504, routed)        1.141    42.986    clk100
    SLICE_X23Y120        FDCE                                         r  rst100_pipe_reg[1]/C
  -------------------------------------------------------------------    -------------------
    SLICE_X23Y120        FDCE (Prop_EFF2_SLICEL_C_Q)
                                                      0.081    43.067 r  rst100_pipe_reg[1]/Q
                         net (fo=1150, routed)        1.924    44.991    u_rf/u_ad9361_config/I_rst_n
    SLICE_X7Y162         LUT4 (Prop_D5LUT_SLICEM_I0_O)
                                                      0.066    45.057 f  u_rf/u_ad9361_config/O_ENSM_state[3]_i_3/O
                         net (fo=1, routed)           0.218    45.275    u_rf/u_ad9361_config/O_ENSM_state[3]_i_3_n_0
    SLICE_X7Y162         LUT6 (Prop_H6LUT_SLICEM_I4_O)
                                                      0.090    45.365 r  u_rf/u_ad9361_config/O_ENSM_state[3]_i_1/O
                         net (fo=4, routed)           0.350    45.715    u_rf/u_ad9361_config/O_ENSM_state[3]_i_1_n_0
    SLICE_X7Y165         FDRE                                         r  u_rf/u_ad9361_config/O_ENSM_state_reg[0]/CE
  -------------------------------------------------------------------    -------------------

                         (clock clk_20M_clk_gen rise edge)
                                                     50.000    50.000 r  
    K4                                                0.000    50.000 r  sysclk_p (IN)
                         net (fo=0)                   0.079    50.079    u_clk/inst/clkin1_ibufds/I
    HPIOBDIFFINBUF_X0Y58 DIFFINBUF (Prop_DIFFINBUF_HPIOBDIFFINBUF_DIFF_IN_P_O)
                                                      0.533    50.612 r  u_clk/inst/clkin1_ibufds/DIFFINBUF_INST/O
                         net (fo=1, routed)           0.040    50.652    u_clk/inst/clkin1_ibufds/OUT
    K4                   IBUFCTRL (Prop_IBUFCTRL_HPIOB_M_I_O)
                                                      0.000    50.652 r  u_clk/inst/clkin1_ibufds/IBUFCTRL_INST/O
                         net (fo=1, routed)           0.300    50.952    u_clk/inst/clk_in1_clk_gen_buf
    BUFGCE_X0Y64         BUFGCE (Prop_BUFCE_BUFGCE_I_O)
                                                      0.024    50.976 r  u_clk/inst/clkin1_bufg1/O
                         net (fo=1, routed)           0.480    51.456    u_clk/inst/clk_in1_clk_gen
    MMCM_X0Y2            MMCME4_ADV (Prop_MMCM_CLKIN1_CLKOUT1)
                                                      0.630    52.086 r  u_clk/inst/mmcme4_adv_inst/CLKOUT1
                         net (fo=1, routed)           0.219    52.305    u_clk/inst/clk_20M_clk_gen
    BUFGCE_X0Y68         BUFGCE (Prop_BUFCE_BUFGCE_I_O)
                                                      0.024    52.329 r  u_clk/inst/clkout2_buf/O
    X1Y2 (CLOCK_ROOT)    net (fo=1134, routed)        1.266    53.595    u_rf/u_ad9361_config/I_clk
    SLICE_X7Y165         FDRE                                         r  u_rf/u_ad9361_config/O_ENSM_state_reg[0]/C
                         clock pessimism             -0.514    53.081    
                         clock uncertainty           -0.213    52.867    
    SLICE_X7Y165         FDRE (Setup_HFF2_SLICEM_C_CE)
                                                     -0.061    52.806    u_rf/u_ad9361_config/O_ENSM_state_reg[0]
  -------------------------------------------------------------------
                         required time                         52.806    
                         arrival time                         -45.715    
  -------------------------------------------------------------------
                         slack                                  7.091    





Min Delay Paths
--------------------------------------------------------------------------------------
Slack (MET) :             0.092ns  (arrival time - required time)
  Source:                 u_regs/spi_wr_tgl_reg/C
                            (rising edge-triggered cell FDCE clocked by clk_100M_clk_gen  {rise@0.000ns fall@5.000ns period=10.000ns})
  Destination:            u_rf/wr_tgl_s_reg[0]/D
                            (rising edge-triggered cell FDRE clocked by clk_20M_clk_gen  {rise@0.000ns fall@25.000ns period=50.000ns})
  Path Group:             clk_20M_clk_gen
  Path Type:              Hold (Min at Fast Process Corner)
  Requirement:            0.000ns  (clk_20M_clk_gen rise@0.000ns - clk_100M_clk_gen rise@0.000ns)
  Data Path Delay:        0.539ns  (logic 0.039ns (7.234%)  route 0.500ns (92.766%))
  Logic Levels:           0  
  Clock Path Skew:        0.187ns (DCD - SCD - CPR)
    Destination Clock Delay (DCD):    1.976ns
    Source Clock Delay      (SCD):    2.101ns
    Clock Pessimism Removal (CPR):    -0.311ns
  Clock Uncertainty:      0.213ns  ((TSJ^2 + DJ^2)^1/2) / 2 + PE
    Total System Jitter     (TSJ):    0.071ns
    Discrete Jitter          (DJ):    0.173ns
    Phase Error              (PE):    0.120ns
  Clock Net Delay (Source):      0.766ns (routing 0.096ns, distribution 0.670ns)
  Clock Net Delay (Destination): 0.927ns (routing 0.108ns, distribution 0.819ns)

    Location             Delay type                Incr(ns)  Path(ns)    Netlist Resource(s)
  -------------------------------------------------------------------    -------------------
                         (clock clk_100M_clk_gen rise edge)
                                                      0.000     0.000 r  
    K4                                                0.000     0.000 r  sysclk_p (IN)
                         net (fo=0)                   0.079     0.079    u_clk/inst/clkin1_ibufds/I
    HPIOBDIFFINBUF_X0Y58 DIFFINBUF (Prop_DIFFINBUF_HPIOBDIFFINBUF_DIFF_IN_P_O)
                                                      0.309     0.388 r  u_clk/inst/clkin1_ibufds/DIFFINBUF_INST/O
                         net (fo=1, routed)           0.040     0.428    u_clk/inst/clkin1_ibufds/OUT
    K4                   IBUFCTRL (Prop_IBUFCTRL_HPIOB_M_I_O)
                                                      0.000     0.428 r  u_clk/inst/clkin1_ibufds/IBUFCTRL_INST/O
                         net (fo=1, routed)           0.194     0.622    u_clk/inst/clk_in1_clk_gen_buf
    BUFGCE_X0Y64         BUFGCE (Prop_BUFCE_BUFGCE_I_O)
                                                      0.017     0.639 r  u_clk/inst/clkin1_bufg1/O
                         net (fo=1, routed)           0.303     0.942    u_clk/inst/clk_in1_clk_gen
    MMCM_X0Y2            MMCME4_ADV (Prop_MMCM_CLKIN1_CLKOUT0)
                                                      0.230     1.172 r  u_clk/inst/mmcme4_adv_inst/CLKOUT0
                         net (fo=1, routed)           0.146     1.318    u_clk/inst/clk_100M_clk_gen
    BUFGCE_X0Y60         BUFGCE (Prop_BUFCE_BUFGCE_I_O)
                                                      0.017     1.335 r  u_clk/inst/clkout1_buf/O
    X1Y2 (CLOCK_ROOT)    net (fo=7504, routed)        0.766     2.101    u_regs/clk_100M
    SLICE_X3Y186         FDCE                                         r  u_regs/spi_wr_tgl_reg/C
  -------------------------------------------------------------------    -------------------
    SLICE_X3Y186         FDCE (Prop_BFF_SLICEL_C_Q)
                                                      0.039     2.140 r  u_regs/spi_wr_tgl_reg/Q
                         net (fo=2, routed)           0.500     2.640    u_rf/ps_spi_wr_tgl
    SLICE_X3Y174         FDRE                                         r  u_rf/wr_tgl_s_reg[0]/D
  -------------------------------------------------------------------    -------------------

                         (clock clk_20M_clk_gen rise edge)
                                                      0.000     0.000 r  
    K4                                                0.000     0.000 r  sysclk_p (IN)
                         net (fo=0)                   0.100     0.100    u_clk/inst/clkin1_ibufds/I
    HPIOBDIFFINBUF_X0Y58 DIFFINBUF (Prop_DIFFINBUF_HPIOBDIFFINBUF_DIFF_IN_P_O)
                                                      0.414     0.514 r  u_clk/inst/clkin1_ibufds/DIFFINBUF_INST/O
                         net (fo=1, routed)           0.050     0.564    u_clk/inst/clkin1_ibufds/OUT
    K4                   IBUFCTRL (Prop_IBUFCTRL_HPIOB_M_I_O)
                                                      0.000     0.564 r  u_clk/inst/clkin1_ibufds/IBUFCTRL_INST/O
                         net (fo=1, routed)           0.235     0.799    u_clk/inst/clk_in1_clk_gen_buf
    BUFGCE_X0Y64         BUFGCE (Prop_BUFCE_BUFGCE_I_O)
                                                      0.019     0.818 r  u_clk/inst/clkin1_bufg1/O
                         net (fo=1, routed)           0.338     1.156    u_clk/inst/clk_in1_clk_gen
    MMCM_X0Y2            MMCME4_ADV (Prop_MMCM_CLKIN1_CLKOUT1)
                                                     -0.295     0.861 r  u_clk/inst/mmcme4_adv_inst/CLKOUT1
                         net (fo=1, routed)           0.169     1.030    u_clk/inst/clk_20M_clk_gen
    BUFGCE_X0Y68         BUFGCE (Prop_BUFCE_BUFGCE_I_O)
                                                      0.019     1.049 r  u_clk/inst/clkout2_buf/O
    X1Y2 (CLOCK_ROOT)    net (fo=1134, routed)        0.927     1.976    u_rf/clk_20M
    SLICE_X3Y174         FDRE                                         r  u_rf/wr_tgl_s_reg[0]/C
                         clock pessimism              0.311     2.287    
                         clock uncertainty            0.213     2.501    
    SLICE_X3Y174         FDRE (Hold_CFF2_SLICEL_C_D)
                                                      0.047     2.548    u_rf/wr_tgl_s_reg[0]
  -------------------------------------------------------------------
                         required time                         -2.548    
                         arrival time                           2.640    
  -------------------------------------------------------------------
                         slack                                  0.092    





---------------------------------------------------------------------------------------------------
From Clock:  clk_100M_clk_gen
  To Clock:  clk_250M_clk_gen

Setup :            0  Failing Endpoints,  Worst Slack        0.664ns,  Total Violation        0.000ns
Hold  :            0  Failing Endpoints,  Worst Slack        0.105ns,  Total Violation        0.000ns
---------------------------------------------------------------------------------------------------


Max Delay Paths
--------------------------------------------------------------------------------------
Slack (MET) :             0.664ns  (required time - arrival time)
  Source:                 u_regs/src_sel_reg/C
                            (rising edge-triggered cell FDCE clocked by clk_100M_clk_gen  {rise@0.000ns fall@5.000ns period=10.000ns})
  Destination:            u_src_mux/sel_s_reg[0]/D
                            (rising edge-triggered cell FDCE clocked by clk_250M_clk_gen  {rise@0.000ns fall@2.000ns period=4.000ns})
  Path Group:             clk_250M_clk_gen
  Path Type:              Setup (Max at Slow Process Corner)
  Requirement:            2.000ns  (clk_250M_clk_gen rise@12.000ns - clk_100M_clk_gen rise@10.000ns)
  Data Path Delay:        1.045ns  (logic 0.078ns (7.461%)  route 0.967ns (92.539%))
  Logic Levels:           0  
  Clock Path Skew:        -0.124ns (DCD - SCD + CPR)
    Destination Clock Delay (DCD):    3.549ns = ( 15.549 - 12.000 ) 
    Source Clock Delay      (SCD):    3.159ns = ( 13.159 - 10.000 ) 
    Clock Pessimism Removal (CPR):    -0.514ns
  Clock Uncertainty:      0.192ns  ((TSJ^2 + DJ^2)^1/2) / 2 + PE
    Total System Jitter     (TSJ):    0.071ns
    Discrete Jitter          (DJ):    0.125ns
    Phase Error              (PE):    0.120ns
  Clock Net Delay (Source):      1.314ns (routing 0.171ns, distribution 1.143ns)
  Clock Net Delay (Destination): 1.221ns (routing 0.155ns, distribution 1.066ns)

    Location             Delay type                Incr(ns)  Path(ns)    Netlist Resource(s)
  -------------------------------------------------------------------    -------------------
                         (clock clk_100M_clk_gen rise edge)
                                                     10.000    10.000 r  
    K4                                                0.000    10.000 r  sysclk_p (IN)
                         net (fo=0)                   0.100    10.100    u_clk/inst/clkin1_ibufds/I
    HPIOBDIFFINBUF_X0Y58 DIFFINBUF (Prop_DIFFINBUF_HPIOBDIFFINBUF_DIFF_IN_P_O)
                                                      0.643    10.743 r  u_clk/inst/clkin1_ibufds/DIFFINBUF_INST/O
                         net (fo=1, routed)           0.050    10.793    u_clk/inst/clkin1_ibufds/OUT
    K4                   IBUFCTRL (Prop_IBUFCTRL_HPIOB_M_I_O)
                                                      0.000    10.793 r  u_clk/inst/clkin1_ibufds/IBUFCTRL_INST/O
                         net (fo=1, routed)           0.336    11.129    u_clk/inst/clk_in1_clk_gen_buf
    BUFGCE_X0Y64         BUFGCE (Prop_BUFCE_BUFGCE_I_O)
                                                      0.028    11.157 r  u_clk/inst/clkin1_bufg1/O
                         net (fo=1, routed)           0.542    11.699    u_clk/inst/clk_in1_clk_gen
    MMCM_X0Y2            MMCME4_ADV (Prop_MMCM_CLKIN1_CLKOUT0)
                                                     -0.127    11.572 r  u_clk/inst/mmcme4_adv_inst/CLKOUT0
                         net (fo=1, routed)           0.245    11.817    u_clk/inst/clk_100M_clk_gen
    BUFGCE_X0Y60         BUFGCE (Prop_BUFCE_BUFGCE_I_O)
                                                      0.028    11.845 r  u_clk/inst/clkout1_buf/O
    X1Y2 (CLOCK_ROOT)    net (fo=7504, routed)        1.314    13.159    u_regs/clk_100M
    SLICE_X4Y175         FDCE                                         r  u_regs/src_sel_reg/C
  -------------------------------------------------------------------    -------------------
    SLICE_X4Y175         FDCE (Prop_HFF2_SLICEM_C_Q)
                                                      0.078    13.237 r  u_regs/src_sel_reg/Q
                         net (fo=2, routed)           0.967    14.204    u_src_mux/D[0]
    SLICE_X17Y166        FDCE                                         r  u_src_mux/sel_s_reg[0]/D
  -------------------------------------------------------------------    -------------------

                         (clock clk_250M_clk_gen rise edge)
                                                     12.000    12.000 r  
    K4                                                0.000    12.000 r  sysclk_p (IN)
                         net (fo=0)                   0.079    12.079    u_clk/inst/clkin1_ibufds/I
    HPIOBDIFFINBUF_X0Y58 DIFFINBUF (Prop_DIFFINBUF_HPIOBDIFFINBUF_DIFF_IN_P_O)
                                                      0.533    12.612 r  u_clk/inst/clkin1_ibufds/DIFFINBUF_INST/O
                         net (fo=1, routed)           0.040    12.652    u_clk/inst/clkin1_ibufds/OUT
    K4                   IBUFCTRL (Prop_IBUFCTRL_HPIOB_M_I_O)
                                                      0.000    12.652 r  u_clk/inst/clkin1_ibufds/IBUFCTRL_INST/O
                         net (fo=1, routed)           0.300    12.952    u_clk/inst/clk_in1_clk_gen_buf
    BUFGCE_X0Y64         BUFGCE (Prop_BUFCE_BUFGCE_I_O)
                                                      0.024    12.976 r  u_clk/inst/clkin1_bufg1/O
                         net (fo=1, routed)           0.480    13.456    u_clk/inst/clk_in1_clk_gen
    MMCM_X0Y2            MMCME4_ADV (Prop_MMCM_CLKIN1_CLKOUT2)
                                                      0.630    14.086 r  u_clk/inst/mmcme4_adv_inst/CLKOUT2
                         net (fo=1, routed)           0.218    14.304    u_clk/inst/clk_250M_clk_gen
    BUFGCE_X0Y53         BUFGCE (Prop_BUFCE_BUFGCE_I_O)
                                                      0.024    14.328 r  u_clk/inst/clkout3_buf/O
    X1Y2 (CLOCK_ROOT)    net (fo=52090, routed)       1.221    15.549    u_src_mux/clk_250M
    SLICE_X17Y166        FDCE                                         r  u_src_mux/sel_s_reg[0]/C
                         clock pessimism             -0.514    15.035    
                         clock uncertainty           -0.192    14.843    
    SLICE_X17Y166        FDCE (Setup_DFF2_SLICEM_C_D)
                                                      0.025    14.868    u_src_mux/sel_s_reg[0]
  -------------------------------------------------------------------
                         required time                         14.868    
                         arrival time                         -14.204    
  -------------------------------------------------------------------
                         slack                                  0.664    





Min Delay Paths
--------------------------------------------------------------------------------------
Slack (MET) :             0.105ns  (arrival time - required time)
  Source:                 u_regs/src_sel_reg/C
                            (rising edge-triggered cell FDCE clocked by clk_100M_clk_gen  {rise@0.000ns fall@5.000ns period=10.000ns})
  Destination:            u_src_mux/sel_s_reg[0]/D
                            (rising edge-triggered cell FDCE clocked by clk_250M_clk_gen  {rise@0.000ns fall@2.000ns period=4.000ns})
  Path Group:             clk_250M_clk_gen
  Path Type:              Hold (Min at Fast Process Corner)
  Requirement:            0.000ns  (clk_250M_clk_gen rise@0.000ns - clk_100M_clk_gen rise@0.000ns)
  Data Path Delay:        0.526ns  (logic 0.039ns (7.412%)  route 0.487ns (92.588%))
  Logic Levels:           0  
  Clock Path Skew:        0.182ns (DCD - SCD - CPR)
    Destination Clock Delay (DCD):    1.945ns
    Source Clock Delay      (SCD):    2.074ns
    Clock Pessimism Removal (CPR):    -0.311ns
  Clock Uncertainty:      0.192ns  ((TSJ^2 + DJ^2)^1/2) / 2 + PE
    Total System Jitter     (TSJ):    0.071ns
    Discrete Jitter          (DJ):    0.125ns
    Phase Error              (PE):    0.120ns
  Clock Net Delay (Source):      0.739ns (routing 0.096ns, distribution 0.643ns)
  Clock Net Delay (Destination): 0.898ns (routing 0.108ns, distribution 0.790ns)

    Location             Delay type                Incr(ns)  Path(ns)    Netlist Resource(s)
  -------------------------------------------------------------------    -------------------
                         (clock clk_100M_clk_gen rise edge)
                                                      0.000     0.000 r  
    K4                                                0.000     0.000 r  sysclk_p (IN)
                         net (fo=0)                   0.079     0.079    u_clk/inst/clkin1_ibufds/I
    HPIOBDIFFINBUF_X0Y58 DIFFINBUF (Prop_DIFFINBUF_HPIOBDIFFINBUF_DIFF_IN_P_O)
                                                      0.309     0.388 r  u_clk/inst/clkin1_ibufds/DIFFINBUF_INST/O
                         net (fo=1, routed)           0.040     0.428    u_clk/inst/clkin1_ibufds/OUT
    K4                   IBUFCTRL (Prop_IBUFCTRL_HPIOB_M_I_O)
                                                      0.000     0.428 r  u_clk/inst/clkin1_ibufds/IBUFCTRL_INST/O
                         net (fo=1, routed)           0.194     0.622    u_clk/inst/clk_in1_clk_gen_buf
    BUFGCE_X0Y64         BUFGCE (Prop_BUFCE_BUFGCE_I_O)
                                                      0.017     0.639 r  u_clk/inst/clkin1_bufg1/O
                         net (fo=1, routed)           0.303     0.942    u_clk/inst/clk_in1_clk_gen
    MMCM_X0Y2            MMCME4_ADV (Prop_MMCM_CLKIN1_CLKOUT0)
                                                      0.230     1.172 r  u_clk/inst/mmcme4_adv_inst/CLKOUT0
                         net (fo=1, routed)           0.146     1.318    u_clk/inst/clk_100M_clk_gen
    BUFGCE_X0Y60         BUFGCE (Prop_BUFCE_BUFGCE_I_O)
                                                      0.017     1.335 r  u_clk/inst/clkout1_buf/O
    X1Y2 (CLOCK_ROOT)    net (fo=7504, routed)        0.739     2.073    u_regs/clk_100M
    SLICE_X4Y175         FDCE                                         r  u_regs/src_sel_reg/C
  -------------------------------------------------------------------    -------------------
    SLICE_X4Y175         FDCE (Prop_HFF2_SLICEM_C_Q)
                                                      0.039     2.112 r  u_regs/src_sel_reg/Q
                         net (fo=2, routed)           0.487     2.600    u_src_mux/D[0]
    SLICE_X17Y166        FDCE                                         r  u_src_mux/sel_s_reg[0]/D
  -------------------------------------------------------------------    -------------------

                         (clock clk_250M_clk_gen rise edge)
                                                      0.000     0.000 r  
    K4                                                0.000     0.000 r  sysclk_p (IN)
                         net (fo=0)                   0.100     0.100    u_clk/inst/clkin1_ibufds/I
    HPIOBDIFFINBUF_X0Y58 DIFFINBUF (Prop_DIFFINBUF_HPIOBDIFFINBUF_DIFF_IN_P_O)
                                                      0.414     0.514 r  u_clk/inst/clkin1_ibufds/DIFFINBUF_INST/O
                         net (fo=1, routed)           0.050     0.564    u_clk/inst/clkin1_ibufds/OUT
    K4                   IBUFCTRL (Prop_IBUFCTRL_HPIOB_M_I_O)
                                                      0.000     0.564 r  u_clk/inst/clkin1_ibufds/IBUFCTRL_INST/O
                         net (fo=1, routed)           0.235     0.799    u_clk/inst/clk_in1_clk_gen_buf
    BUFGCE_X0Y64         BUFGCE (Prop_BUFCE_BUFGCE_I_O)
                                                      0.019     0.818 r  u_clk/inst/clkin1_bufg1/O
                         net (fo=1, routed)           0.338     1.156    u_clk/inst/clk_in1_clk_gen
    MMCM_X0Y2            MMCME4_ADV (Prop_MMCM_CLKIN1_CLKOUT2)
                                                     -0.295     0.861 r  u_clk/inst/mmcme4_adv_inst/CLKOUT2
                         net (fo=1, routed)           0.167     1.028    u_clk/inst/clk_250M_clk_gen
    BUFGCE_X0Y53         BUFGCE (Prop_BUFCE_BUFGCE_I_O)
                                                      0.019     1.047 r  u_clk/inst/clkout3_buf/O
    X1Y2 (CLOCK_ROOT)    net (fo=52090, routed)       0.898     1.945    u_src_mux/clk_250M
    SLICE_X17Y166        FDCE                                         r  u_src_mux/sel_s_reg[0]/C
                         clock pessimism              0.311     2.256    
                         clock uncertainty            0.192     2.448    
    SLICE_X17Y166        FDCE (Hold_DFF2_SLICEM_C_D)
                                                      0.047     2.495    u_src_mux/sel_s_reg[0]
  -------------------------------------------------------------------
                         required time                         -2.495    
                         arrival time                           2.600    
  -------------------------------------------------------------------
                         slack                                  0.105    





---------------------------------------------------------------------------------------------------
Path Group:  **async_default**
From Clock:  clk_100M_clk_gen
  To Clock:  clk_100M_clk_gen

Setup :            0  Failing Endpoints,  Worst Slack        6.987ns,  Total Violation        0.000ns
Hold  :            0  Failing Endpoints,  Worst Slack        0.420ns,  Total Violation        0.000ns
---------------------------------------------------------------------------------------------------


Max Delay Paths
--------------------------------------------------------------------------------------
Slack (MET) :             6.987ns  (required time - arrival time)
  Source:                 rst100_pipe_reg[1]/C
                            (rising edge-triggered cell FDCE clocked by clk_100M_clk_gen  {rise@0.000ns fall@5.000ns period=10.000ns})
  Destination:            u_baseband/u_framer/cnt_reg[13]/CLR
                            (recovery check against rising-edge clock clk_100M_clk_gen  {rise@0.000ns fall@5.000ns period=10.000ns})
  Path Group:             **async_default**
  Path Type:              Recovery (Max at Slow Process Corner)
  Requirement:            10.000ns  (clk_100M_clk_gen rise@10.000ns - clk_100M_clk_gen rise@0.000ns)
  Data Path Delay:        2.907ns  (logic 0.081ns (2.786%)  route 2.826ns (97.214%))
  Logic Levels:           0  
  Clock Path Skew:        0.031ns (DCD - SCD + CPR)
    Destination Clock Delay (DCD):    3.426ns = ( 13.426 - 10.000 ) 
    Source Clock Delay      (SCD):    2.986ns
    Clock Pessimism Removal (CPR):    -0.408ns
  Clock Uncertainty:      0.072ns  ((TSJ^2 + DJ^2)^1/2) / 2 + PE
    Total System Jitter     (TSJ):    0.071ns
    Discrete Jitter          (DJ):    0.125ns
    Phase Error              (PE):    0.000ns
  Clock Net Delay (Source):      1.141ns (routing 0.171ns, distribution 0.970ns)
  Clock Net Delay (Destination): 1.101ns (routing 0.155ns, distribution 0.946ns)

    Location             Delay type                Incr(ns)  Path(ns)    Netlist Resource(s)
  -------------------------------------------------------------------    -------------------
                         (clock clk_100M_clk_gen rise edge)
                                                      0.000     0.000 r  
    K4                                                0.000     0.000 r  sysclk_p (IN)
                         net (fo=0)                   0.100     0.100    u_clk/inst/clkin1_ibufds/I
    HPIOBDIFFINBUF_X0Y58 DIFFINBUF (Prop_DIFFINBUF_HPIOBDIFFINBUF_DIFF_IN_P_O)
                                                      0.643     0.743 r  u_clk/inst/clkin1_ibufds/DIFFINBUF_INST/O
                         net (fo=1, routed)           0.050     0.793    u_clk/inst/clkin1_ibufds/OUT
    K4                   IBUFCTRL (Prop_IBUFCTRL_HPIOB_M_I_O)
                                                      0.000     0.793 r  u_clk/inst/clkin1_ibufds/IBUFCTRL_INST/O
                         net (fo=1, routed)           0.336     1.129    u_clk/inst/clk_in1_clk_gen_buf
    BUFGCE_X0Y64         BUFGCE (Prop_BUFCE_BUFGCE_I_O)
                                                      0.028     1.157 r  u_clk/inst/clkin1_bufg1/O
                         net (fo=1, routed)           0.542     1.699    u_clk/inst/clk_in1_clk_gen
    MMCM_X0Y2            MMCME4_ADV (Prop_MMCM_CLKIN1_CLKOUT0)
                                                     -0.127     1.572 r  u_clk/inst/mmcme4_adv_inst/CLKOUT0
                         net (fo=1, routed)           0.245     1.817    u_clk/inst/clk_100M_clk_gen
    BUFGCE_X0Y60         BUFGCE (Prop_BUFCE_BUFGCE_I_O)
                                                      0.028     1.845 r  u_clk/inst/clkout1_buf/O
    X1Y2 (CLOCK_ROOT)    net (fo=7504, routed)        1.141     2.986    clk100
    SLICE_X23Y120        FDCE                                         r  rst100_pipe_reg[1]/C
  -------------------------------------------------------------------    -------------------
    SLICE_X23Y120        FDCE (Prop_EFF2_SLICEL_C_Q)
                                                      0.081     3.067 r  rst100_pipe_reg[1]/Q
                         net (fo=1150, routed)        2.826     5.893    u_baseband/u_framer/cnt_reg[14]_0
    SLICE_X17Y153        FDCE                                         f  u_baseband/u_framer/cnt_reg[13]/CLR  (IS_INVERTED)
  -------------------------------------------------------------------    -------------------

                         (clock clk_100M_clk_gen rise edge)
                                                     10.000    10.000 r  
    K4                                                0.000    10.000 r  sysclk_p (IN)
                         net (fo=0)                   0.079    10.079    u_clk/inst/clkin1_ibufds/I
    HPIOBDIFFINBUF_X0Y58 DIFFINBUF (Prop_DIFFINBUF_HPIOBDIFFINBUF_DIFF_IN_P_O)
                                                      0.533    10.612 r  u_clk/inst/clkin1_ibufds/DIFFINBUF_INST/O
                         net (fo=1, routed)           0.040    10.652    u_clk/inst/clkin1_ibufds/OUT
    K4                   IBUFCTRL (Prop_IBUFCTRL_HPIOB_M_I_O)
                                                      0.000    10.652 r  u_clk/inst/clkin1_ibufds/IBUFCTRL_INST/O
                         net (fo=1, routed)           0.300    10.952    u_clk/inst/clk_in1_clk_gen_buf
    BUFGCE_X0Y64         BUFGCE (Prop_BUFCE_BUFGCE_I_O)
                                                      0.024    10.976 r  u_clk/inst/clkin1_bufg1/O
                         net (fo=1, routed)           0.480    11.456    u_clk/inst/clk_in1_clk_gen
    MMCM_X0Y2            MMCME4_ADV (Prop_MMCM_CLKIN1_CLKOUT0)
                                                      0.630    12.086 r  u_clk/inst/mmcme4_adv_inst/CLKOUT0
                         net (fo=1, routed)           0.215    12.301    u_clk/inst/clk_100M_clk_gen
    BUFGCE_X0Y60         BUFGCE (Prop_BUFCE_BUFGCE_I_O)
                                                      0.024    12.325 r  u_clk/inst/clkout1_buf/O
    X1Y2 (CLOCK_ROOT)    net (fo=7504, routed)        1.101    13.426    u_baseband/u_framer/clk_100M
    SLICE_X17Y153        FDCE                                         r  u_baseband/u_framer/cnt_reg[13]/C
                         clock pessimism             -0.408    13.017    
                         clock uncertainty           -0.072    12.946    
    SLICE_X17Y153        FDCE (Recov_CFF_SLICEM_C_CLR)
                                                     -0.066    12.880    u_baseband/u_framer/cnt_reg[13]
  -------------------------------------------------------------------
                         required time                         12.880    
                         arrival time                          -5.893    
  -------------------------------------------------------------------
                         slack                                  6.987    





Min Delay Paths
--------------------------------------------------------------------------------------
Slack (MET) :             0.420ns  (arrival time - required time)
  Source:                 rst100_pipe_reg[1]/C
                            (rising edge-triggered cell FDCE clocked by clk_100M_clk_gen  {rise@0.000ns fall@5.000ns period=10.000ns})
  Destination:            u_baseband/u_frame_fifo/q0_reg[56]/CLR
                            (removal check against rising-edge clock clk_100M_clk_gen  {rise@0.000ns fall@5.000ns period=10.000ns})
  Path Group:             **async_default**
  Path Type:              Removal (Min at Fast Process Corner)
  Requirement:            0.000ns  (clk_100M_clk_gen rise@0.000ns - clk_100M_clk_gen rise@0.000ns)
  Data Path Delay:        0.527ns  (logic 0.040ns (7.592%)  route 0.487ns (92.408%))
  Logic Levels:           0  
  Clock Path Skew:        0.127ns (DCD - SCD - CPR)
    Destination Clock Delay (DCD):    1.865ns
    Source Clock Delay      (SCD):    1.982ns
    Clock Pessimism Removal (CPR):    -0.243ns
  Clock Net Delay (Source):      0.647ns (routing 0.096ns, distribution 0.551ns)
  Clock Net Delay (Destination): 0.819ns (routing 0.108ns, distribution 0.711ns)

    Location             Delay type                Incr(ns)  Path(ns)    Netlist Resource(s)
  -------------------------------------------------------------------    -------------------
                         (clock clk_100M_clk_gen rise edge)
                                                      0.000     0.000 r  
    K4                                                0.000     0.000 r  sysclk_p (IN)
                         net (fo=0)                   0.079     0.079    u_clk/inst/clkin1_ibufds/I
    HPIOBDIFFINBUF_X0Y58 DIFFINBUF (Prop_DIFFINBUF_HPIOBDIFFINBUF_DIFF_IN_P_O)
                                                      0.309     0.388 r  u_clk/inst/clkin1_ibufds/DIFFINBUF_INST/O
                         net (fo=1, routed)           0.040     0.428    u_clk/inst/clkin1_ibufds/OUT
    K4                   IBUFCTRL (Prop_IBUFCTRL_HPIOB_M_I_O)
                                                      0.000     0.428 r  u_clk/inst/clkin1_ibufds/IBUFCTRL_INST/O
                         net (fo=1, routed)           0.194     0.622    u_clk/inst/clk_in1_clk_gen_buf
    BUFGCE_X0Y64         BUFGCE (Prop_BUFCE_BUFGCE_I_O)
                                                      0.017     0.639 r  u_clk/inst/clkin1_bufg1/O
                         net (fo=1, routed)           0.303     0.942    u_clk/inst/clk_in1_clk_gen
    MMCM_X0Y2            MMCME4_ADV (Prop_MMCM_CLKIN1_CLKOUT0)
                                                      0.230     1.172 r  u_clk/inst/mmcme4_adv_inst/CLKOUT0
                         net (fo=1, routed)           0.146     1.318    u_clk/inst/clk_100M_clk_gen
    BUFGCE_X0Y60         BUFGCE (Prop_BUFCE_BUFGCE_I_O)
                                                      0.017     1.335 r  u_clk/inst/clkout1_buf/O
    X1Y2 (CLOCK_ROOT)    net (fo=7504, routed)        0.647     1.982    clk100
    SLICE_X23Y120        FDCE                                         r  rst100_pipe_reg[1]/C
  -------------------------------------------------------------------    -------------------
    SLICE_X23Y120        FDCE (Prop_EFF2_SLICEL_C_Q)
                                                      0.040     2.022 r  rst100_pipe_reg[1]/Q
                         net (fo=1150, routed)        0.487     2.509    u_baseband/u_frame_fifo/oidx_reg[1]_0
    SLICE_X47Y136        FDCE                                         f  u_baseband/u_frame_fifo/q0_reg[56]/CLR  (IS_INVERTED)
  -------------------------------------------------------------------    -------------------

                         (clock clk_100M_clk_gen rise edge)
                                                      0.000     0.000 r  
    K4                                                0.000     0.000 r  sysclk_p (IN)
                         net (fo=0)                   0.100     0.100    u_clk/inst/clkin1_ibufds/I
    HPIOBDIFFINBUF_X0Y58 DIFFINBUF (Prop_DIFFINBUF_HPIOBDIFFINBUF_DIFF_IN_P_O)
                                                      0.414     0.514 r  u_clk/inst/clkin1_ibufds/DIFFINBUF_INST/O
                         net (fo=1, routed)           0.050     0.564    u_clk/inst/clkin1_ibufds/OUT
    K4                   IBUFCTRL (Prop_IBUFCTRL_HPIOB_M_I_O)
                                                      0.000     0.564 r  u_clk/inst/clkin1_ibufds/IBUFCTRL_INST/O
                         net (fo=1, routed)           0.235     0.799    u_clk/inst/clk_in1_clk_gen_buf
    BUFGCE_X0Y64         BUFGCE (Prop_BUFCE_BUFGCE_I_O)
                                                      0.019     0.818 r  u_clk/inst/clkin1_bufg1/O
                         net (fo=1, routed)           0.338     1.156    u_clk/inst/clk_in1_clk_gen
    MMCM_X0Y2            MMCME4_ADV (Prop_MMCM_CLKIN1_CLKOUT0)
                                                     -0.295     0.861 r  u_clk/inst/mmcme4_adv_inst/CLKOUT0
                         net (fo=1, routed)           0.166     1.027    u_clk/inst/clk_100M_clk_gen
    BUFGCE_X0Y60         BUFGCE (Prop_BUFCE_BUFGCE_I_O)
                                                      0.019     1.046 r  u_clk/inst/clkout1_buf/O
    X1Y2 (CLOCK_ROOT)    net (fo=7504, routed)        0.819     1.865    u_baseband/u_frame_fifo/clk_100M
    SLICE_X47Y136        FDCE                                         r  u_baseband/u_frame_fifo/q0_reg[56]/C
                         clock pessimism              0.243     2.109    
    SLICE_X47Y136        FDCE (Remov_HFF_SLICEL_C_CLR)
                                                     -0.020     2.089    u_baseband/u_frame_fifo/q0_reg[56]
  -------------------------------------------------------------------
                         required time                         -2.089    
                         arrival time                           2.509    
  -------------------------------------------------------------------
                         slack                                  0.420    





---------------------------------------------------------------------------------------------------
Path Group:  **async_default**
From Clock:  clk_100M_clk_gen
  To Clock:  clk_20M_clk_gen

Setup :            0  Failing Endpoints,  Worst Slack        6.644ns,  Total Violation        0.000ns
Hold  :            0  Failing Endpoints,  Worst Slack        0.238ns,  Total Violation        0.000ns
---------------------------------------------------------------------------------------------------


Max Delay Paths
--------------------------------------------------------------------------------------
Slack (MET) :             6.644ns  (required time - arrival time)
  Source:                 rst100_pipe_reg[1]/C
                            (rising edge-triggered cell FDCE clocked by clk_100M_clk_gen  {rise@0.000ns fall@5.000ns period=10.000ns})
  Destination:            u_rf/u_ad9361_txq_search/best_len_reg[1]/CLR
                            (recovery check against rising-edge clock clk_20M_clk_gen  {rise@0.000ns fall@25.000ns period=50.000ns})
  Path Group:             **async_default**
  Path Type:              Recovery (Max at Slow Process Corner)
  Requirement:            10.000ns  (clk_20M_clk_gen rise@50.000ns - clk_100M_clk_gen rise@40.000ns)
  Data Path Delay:        3.174ns  (logic 0.081ns (2.552%)  route 3.093ns (97.448%))
  Logic Levels:           0  
  Clock Path Skew:        0.097ns (DCD - SCD + CPR)
    Destination Clock Delay (DCD):    3.597ns = ( 53.597 - 50.000 ) 
    Source Clock Delay      (SCD):    2.986ns = ( 42.986 - 40.000 ) 
    Clock Pessimism Removal (CPR):    -0.514ns
  Clock Uncertainty:      0.213ns  ((TSJ^2 + DJ^2)^1/2) / 2 + PE
    Total System Jitter     (TSJ):    0.071ns
    Discrete Jitter          (DJ):    0.173ns
    Phase Error              (PE):    0.120ns
  Clock Net Delay (Source):      1.141ns (routing 0.171ns, distribution 0.970ns)
  Clock Net Delay (Destination): 1.268ns (routing 0.155ns, distribution 1.113ns)

    Location             Delay type                Incr(ns)  Path(ns)    Netlist Resource(s)
  -------------------------------------------------------------------    -------------------
                         (clock clk_100M_clk_gen rise edge)
                                                     40.000    40.000 r  
    K4                                                0.000    40.000 r  sysclk_p (IN)
                         net (fo=0)                   0.100    40.100    u_clk/inst/clkin1_ibufds/I
    HPIOBDIFFINBUF_X0Y58 DIFFINBUF (Prop_DIFFINBUF_HPIOBDIFFINBUF_DIFF_IN_P_O)
                                                      0.643    40.743 r  u_clk/inst/clkin1_ibufds/DIFFINBUF_INST/O
                         net (fo=1, routed)           0.050    40.793    u_clk/inst/clkin1_ibufds/OUT
    K4                   IBUFCTRL (Prop_IBUFCTRL_HPIOB_M_I_O)
                                                      0.000    40.793 r  u_clk/inst/clkin1_ibufds/IBUFCTRL_INST/O
                         net (fo=1, routed)           0.336    41.129    u_clk/inst/clk_in1_clk_gen_buf
    BUFGCE_X0Y64         BUFGCE (Prop_BUFCE_BUFGCE_I_O)
                                                      0.028    41.157 r  u_clk/inst/clkin1_bufg1/O
                         net (fo=1, routed)           0.542    41.699    u_clk/inst/clk_in1_clk_gen
    MMCM_X0Y2            MMCME4_ADV (Prop_MMCM_CLKIN1_CLKOUT0)
                                                     -0.127    41.572 r  u_clk/inst/mmcme4_adv_inst/CLKOUT0
                         net (fo=1, routed)           0.245    41.817    u_clk/inst/clk_100M_clk_gen
    BUFGCE_X0Y60         BUFGCE (Prop_BUFCE_BUFGCE_I_O)
                                                      0.028    41.845 r  u_clk/inst/clkout1_buf/O
    X1Y2 (CLOCK_ROOT)    net (fo=7504, routed)        1.141    42.986    clk100
    SLICE_X23Y120        FDCE                                         r  rst100_pipe_reg[1]/C
  -------------------------------------------------------------------    -------------------
    SLICE_X23Y120        FDCE (Prop_EFF2_SLICEL_C_Q)
                                                      0.081    43.067 r  rst100_pipe_reg[1]/Q
                         net (fo=1150, routed)        3.093    46.160    u_rf/u_ad9361_txq_search/I_rst_n
    SLICE_X10Y172        FDCE                                         f  u_rf/u_ad9361_txq_search/best_len_reg[1]/CLR  (IS_INVERTED)
  -------------------------------------------------------------------    -------------------

                         (clock clk_20M_clk_gen rise edge)
                                                     50.000    50.000 r  
    K4                                                0.000    50.000 r  sysclk_p (IN)
                         net (fo=0)                   0.079    50.079    u_clk/inst/clkin1_ibufds/I
    HPIOBDIFFINBUF_X0Y58 DIFFINBUF (Prop_DIFFINBUF_HPIOBDIFFINBUF_DIFF_IN_P_O)
                                                      0.533    50.612 r  u_clk/inst/clkin1_ibufds/DIFFINBUF_INST/O
                         net (fo=1, routed)           0.040    50.652    u_clk/inst/clkin1_ibufds/OUT
    K4                   IBUFCTRL (Prop_IBUFCTRL_HPIOB_M_I_O)
                                                      0.000    50.652 r  u_clk/inst/clkin1_ibufds/IBUFCTRL_INST/O
                         net (fo=1, routed)           0.300    50.952    u_clk/inst/clk_in1_clk_gen_buf
    BUFGCE_X0Y64         BUFGCE (Prop_BUFCE_BUFGCE_I_O)
                                                      0.024    50.976 r  u_clk/inst/clkin1_bufg1/O
                         net (fo=1, routed)           0.480    51.456    u_clk/inst/clk_in1_clk_gen
    MMCM_X0Y2            MMCME4_ADV (Prop_MMCM_CLKIN1_CLKOUT1)
                                                      0.630    52.086 r  u_clk/inst/mmcme4_adv_inst/CLKOUT1
                         net (fo=1, routed)           0.219    52.305    u_clk/inst/clk_20M_clk_gen
    BUFGCE_X0Y68         BUFGCE (Prop_BUFCE_BUFGCE_I_O)
                                                      0.024    52.329 r  u_clk/inst/clkout2_buf/O
    X1Y2 (CLOCK_ROOT)    net (fo=1134, routed)        1.268    53.597    u_rf/u_ad9361_txq_search/I_clk
    SLICE_X10Y172        FDCE                                         r  u_rf/u_ad9361_txq_search/best_len_reg[1]/C
                         clock pessimism             -0.514    53.083    
                         clock uncertainty           -0.213    52.869    
    SLICE_X10Y172        FDCE (Recov_DFF_SLICEM_C_CLR)
                                                     -0.066    52.803    u_rf/u_ad9361_txq_search/best_len_reg[1]
  -------------------------------------------------------------------
                         required time                         52.803    
                         arrival time                         -46.160    
  -------------------------------------------------------------------
                         slack                                  6.644    





Min Delay Paths
--------------------------------------------------------------------------------------
Slack (MET) :             0.238ns  (arrival time - required time)
  Source:                 rst100_pipe_reg[1]/C
                            (rising edge-triggered cell FDCE clocked by clk_100M_clk_gen  {rise@0.000ns fall@5.000ns period=10.000ns})
  Destination:            u_rf/txnrx_reg/CLR
                            (removal check against rising-edge clock clk_20M_clk_gen  {rise@0.000ns fall@25.000ns period=50.000ns})
  Path Group:             **async_default**
  Path Type:              Removal (Min at Fast Process Corner)
  Requirement:            0.000ns  (clk_20M_clk_gen rise@0.000ns - clk_100M_clk_gen rise@0.000ns)
  Data Path Delay:        0.708ns  (logic 0.040ns (5.651%)  route 0.668ns (94.349%))
  Logic Levels:           0  
  Clock Path Skew:        0.276ns (DCD - SCD - CPR)
    Destination Clock Delay (DCD):    1.947ns
    Source Clock Delay      (SCD):    1.982ns
    Clock Pessimism Removal (CPR):    -0.311ns
  Clock Uncertainty:      0.213ns  ((TSJ^2 + DJ^2)^1/2) / 2 + PE
    Total System Jitter     (TSJ):    0.071ns
    Discrete Jitter          (DJ):    0.173ns
    Phase Error              (PE):    0.120ns
  Clock Net Delay (Source):      0.647ns (routing 0.096ns, distribution 0.551ns)
  Clock Net Delay (Destination): 0.898ns (routing 0.108ns, distribution 0.790ns)

    Location             Delay type                Incr(ns)  Path(ns)    Netlist Resource(s)
  -------------------------------------------------------------------    -------------------
                         (clock clk_100M_clk_gen rise edge)
                                                      0.000     0.000 r  
    K4                                                0.000     0.000 r  sysclk_p (IN)
                         net (fo=0)                   0.079     0.079    u_clk/inst/clkin1_ibufds/I
    HPIOBDIFFINBUF_X0Y58 DIFFINBUF (Prop_DIFFINBUF_HPIOBDIFFINBUF_DIFF_IN_P_O)
                                                      0.309     0.388 r  u_clk/inst/clkin1_ibufds/DIFFINBUF_INST/O
                         net (fo=1, routed)           0.040     0.428    u_clk/inst/clkin1_ibufds/OUT
    K4                   IBUFCTRL (Prop_IBUFCTRL_HPIOB_M_I_O)
                                                      0.000     0.428 r  u_clk/inst/clkin1_ibufds/IBUFCTRL_INST/O
                         net (fo=1, routed)           0.194     0.622    u_clk/inst/clk_in1_clk_gen_buf
    BUFGCE_X0Y64         BUFGCE (Prop_BUFCE_BUFGCE_I_O)
                                                      0.017     0.639 r  u_clk/inst/clkin1_bufg1/O
                         net (fo=1, routed)           0.303     0.942    u_clk/inst/clk_in1_clk_gen
    MMCM_X0Y2            MMCME4_ADV (Prop_MMCM_CLKIN1_CLKOUT0)
                                                      0.230     1.172 r  u_clk/inst/mmcme4_adv_inst/CLKOUT0
                         net (fo=1, routed)           0.146     1.318    u_clk/inst/clk_100M_clk_gen
    BUFGCE_X0Y60         BUFGCE (Prop_BUFCE_BUFGCE_I_O)
                                                      0.017     1.335 r  u_clk/inst/clkout1_buf/O
    X1Y2 (CLOCK_ROOT)    net (fo=7504, routed)        0.647     1.982    clk100
    SLICE_X23Y120        FDCE                                         r  rst100_pipe_reg[1]/C
  -------------------------------------------------------------------    -------------------
    SLICE_X23Y120        FDCE (Prop_EFF2_SLICEL_C_Q)
                                                      0.040     2.022 r  rst100_pipe_reg[1]/Q
                         net (fo=1150, routed)        0.668     2.690    u_rf/u_ad9361_spi_n_1
    SLICE_X20Y162        FDCE                                         f  u_rf/txnrx_reg/CLR  (IS_INVERTED)
  -------------------------------------------------------------------    -------------------

                         (clock clk_20M_clk_gen rise edge)
                                                      0.000     0.000 r  
    K4                                                0.000     0.000 r  sysclk_p (IN)
                         net (fo=0)                   0.100     0.100    u_clk/inst/clkin1_ibufds/I
    HPIOBDIFFINBUF_X0Y58 DIFFINBUF (Prop_DIFFINBUF_HPIOBDIFFINBUF_DIFF_IN_P_O)
                                                      0.414     0.514 r  u_clk/inst/clkin1_ibufds/DIFFINBUF_INST/O
                         net (fo=1, routed)           0.050     0.564    u_clk/inst/clkin1_ibufds/OUT
    K4                   IBUFCTRL (Prop_IBUFCTRL_HPIOB_M_I_O)
                                                      0.000     0.564 r  u_clk/inst/clkin1_ibufds/IBUFCTRL_INST/O
                         net (fo=1, routed)           0.235     0.799    u_clk/inst/clk_in1_clk_gen_buf
    BUFGCE_X0Y64         BUFGCE (Prop_BUFCE_BUFGCE_I_O)
                                                      0.019     0.818 r  u_clk/inst/clkin1_bufg1/O
                         net (fo=1, routed)           0.338     1.156    u_clk/inst/clk_in1_clk_gen
    MMCM_X0Y2            MMCME4_ADV (Prop_MMCM_CLKIN1_CLKOUT1)
                                                     -0.295     0.861 r  u_clk/inst/mmcme4_adv_inst/CLKOUT1
                         net (fo=1, routed)           0.169     1.030    u_clk/inst/clk_20M_clk_gen
    BUFGCE_X0Y68         BUFGCE (Prop_BUFCE_BUFGCE_I_O)
                                                      0.019     1.049 r  u_clk/inst/clkout2_buf/O
    X1Y2 (CLOCK_ROOT)    net (fo=1134, routed)        0.898     1.947    u_rf/clk_20M
    SLICE_X20Y162        FDCE                                         r  u_rf/txnrx_reg/C
                         clock pessimism              0.311     2.258    
                         clock uncertainty            0.213     2.471    
    SLICE_X20Y162        FDCE (Remov_EFF_SLICEM_C_CLR)
                                                     -0.020     2.451    u_rf/txnrx_reg
  -------------------------------------------------------------------
                         required time                         -2.451    
                         arrival time                           2.690    
  -------------------------------------------------------------------
                         slack                                  0.238    





---------------------------------------------------------------------------------------------------
Path Group:  **async_default**
From Clock:  clk_20M_clk_gen
  To Clock:  clk_20M_clk_gen

Setup :            0  Failing Endpoints,  Worst Slack       48.297ns,  Total Violation        0.000ns
Hold  :            0  Failing Endpoints,  Worst Slack        0.071ns,  Total Violation        0.000ns
---------------------------------------------------------------------------------------------------


Max Delay Paths
--------------------------------------------------------------------------------------
Slack (MET) :             48.297ns  (required time - arrival time)
  Source:                 dbg_hub/inst/BSCANID.u_xsdbm_id/CORE_XSDB.UUT_MASTER/U_ICON_INTERFACE/U_CMD1/ctl_reg_reg[0]/C
                            (rising edge-triggered cell FDRE clocked by clk_20M_clk_gen  {rise@0.000ns fall@25.000ns period=50.000ns})
  Destination:            dbg_hub/inst/BSCANID.u_xsdbm_id/CORE_XSDB.UUT_MASTER/U_XSDB_BUS_CONTROLLER/dec_wdc_r_reg/CLR
                            (recovery check against rising-edge clock clk_20M_clk_gen  {rise@0.000ns fall@25.000ns period=50.000ns})
  Path Group:             **async_default**
  Path Type:              Recovery (Max at Slow Process Corner)
  Requirement:            50.000ns  (clk_20M_clk_gen rise@50.000ns - clk_20M_clk_gen rise@0.000ns)
  Data Path Delay:        1.373ns  (logic 0.079ns (5.753%)  route 1.294ns (94.247%))
  Logic Levels:           0  
  Clock Path Skew:        -0.171ns (DCD - SCD + CPR)
    Destination Clock Delay (DCD):    3.599ns = ( 53.599 - 50.000 ) 
    Source Clock Delay      (SCD):    3.307ns
    Clock Pessimism Removal (CPR):    -0.463ns
  Clock Uncertainty:      0.093ns  ((TSJ^2 + DJ^2)^1/2) / 2 + PE
    Total System Jitter     (TSJ):    0.071ns
    Discrete Jitter          (DJ):    0.173ns
    Phase Error              (PE):    0.000ns
  Clock Net Delay (Source):      1.457ns (routing 0.171ns, distribution 1.286ns)
  Clock Net Delay (Destination): 1.270ns (routing 0.155ns, distribution 1.115ns)

    Location             Delay type                Incr(ns)  Path(ns)    Netlist Resource(s)
  -------------------------------------------------------------------    -------------------
                         (clock clk_20M_clk_gen rise edge)
                                                      0.000     0.000 r  
    K4                                                0.000     0.000 r  sysclk_p (IN)
                         net (fo=0)                   0.100     0.100    u_clk/inst/clkin1_ibufds/I
    HPIOBDIFFINBUF_X0Y58 DIFFINBUF (Prop_DIFFINBUF_HPIOBDIFFINBUF_DIFF_IN_P_O)
                                                      0.643     0.743 r  u_clk/inst/clkin1_ibufds/DIFFINBUF_INST/O
                         net (fo=1, routed)           0.050     0.793    u_clk/inst/clkin1_ibufds/OUT
    K4                   IBUFCTRL (Prop_IBUFCTRL_HPIOB_M_I_O)
                                                      0.000     0.793 r  u_clk/inst/clkin1_ibufds/IBUFCTRL_INST/O
                         net (fo=1, routed)           0.336     1.129    u_clk/inst/clk_in1_clk_gen_buf
    BUFGCE_X0Y64         BUFGCE (Prop_BUFCE_BUFGCE_I_O)
                                                      0.028     1.157 r  u_clk/inst/clkin1_bufg1/O
                         net (fo=1, routed)           0.542     1.699    u_clk/inst/clk_in1_clk_gen
    MMCM_X0Y2            MMCME4_ADV (Prop_MMCM_CLKIN1_CLKOUT1)
                                                     -0.127     1.572 r  u_clk/inst/mmcme4_adv_inst/CLKOUT1
                         net (fo=1, routed)           0.250     1.822    u_clk/inst/clk_20M_clk_gen
    BUFGCE_X0Y68         BUFGCE (Prop_BUFCE_BUFGCE_I_O)
                                                      0.028     1.850 r  u_clk/inst/clkout2_buf/O
    X1Y2 (CLOCK_ROOT)    net (fo=1134, routed)        1.457     3.307    dbg_hub/inst/BSCANID.u_xsdbm_id/CORE_XSDB.UUT_MASTER/U_ICON_INTERFACE/U_CMD1/clk
    SLICE_X11Y180        FDRE                                         r  dbg_hub/inst/BSCANID.u_xsdbm_id/CORE_XSDB.UUT_MASTER/U_ICON_INTERFACE/U_CMD1/ctl_reg_reg[0]/C
  -------------------------------------------------------------------    -------------------
    SLICE_X11Y180        FDRE (Prop_DFF_SLICEL_C_Q)
                                                      0.079     3.386 f  dbg_hub/inst/BSCANID.u_xsdbm_id/CORE_XSDB.UUT_MASTER/U_ICON_INTERFACE/U_CMD1/ctl_reg_reg[0]/Q
                         net (fo=176, routed)         1.294     4.680    dbg_hub/inst/BSCANID.u_xsdbm_id/CORE_XSDB.UUT_MASTER/U_XSDB_BUS_CONTROLLER/out[0]
    SLICE_X9Y179         FDCE                                         f  dbg_hub/inst/BSCANID.u_xsdbm_id/CORE_XSDB.UUT_MASTER/U_XSDB_BUS_CONTROLLER/dec_wdc_r_reg/CLR
  -------------------------------------------------------------------    -------------------

                         (clock clk_20M_clk_gen rise edge)
                                                     50.000    50.000 r  
    K4                                                0.000    50.000 r  sysclk_p (IN)
                         net (fo=0)                   0.079    50.079    u_clk/inst/clkin1_ibufds/I
    HPIOBDIFFINBUF_X0Y58 DIFFINBUF (Prop_DIFFINBUF_HPIOBDIFFINBUF_DIFF_IN_P_O)
                                                      0.533    50.612 r  u_clk/inst/clkin1_ibufds/DIFFINBUF_INST/O
                         net (fo=1, routed)           0.040    50.652    u_clk/inst/clkin1_ibufds/OUT
    K4                   IBUFCTRL (Prop_IBUFCTRL_HPIOB_M_I_O)
                                                      0.000    50.652 r  u_clk/inst/clkin1_ibufds/IBUFCTRL_INST/O
                         net (fo=1, routed)           0.300    50.952    u_clk/inst/clk_in1_clk_gen_buf
    BUFGCE_X0Y64         BUFGCE (Prop_BUFCE_BUFGCE_I_O)
                                                      0.024    50.976 r  u_clk/inst/clkin1_bufg1/O
                         net (fo=1, routed)           0.480    51.456    u_clk/inst/clk_in1_clk_gen
    MMCM_X0Y2            MMCME4_ADV (Prop_MMCM_CLKIN1_CLKOUT1)
                                                      0.630    52.086 r  u_clk/inst/mmcme4_adv_inst/CLKOUT1
                         net (fo=1, routed)           0.219    52.305    u_clk/inst/clk_20M_clk_gen
    BUFGCE_X0Y68         BUFGCE (Prop_BUFCE_BUFGCE_I_O)
                                                      0.024    52.329 r  u_clk/inst/clkout2_buf/O
    X1Y2 (CLOCK_ROOT)    net (fo=1134, routed)        1.270    53.599    dbg_hub/inst/BSCANID.u_xsdbm_id/CORE_XSDB.UUT_MASTER/U_XSDB_BUS_CONTROLLER/clk
    SLICE_X9Y179         FDCE                                         r  dbg_hub/inst/BSCANID.u_xsdbm_id/CORE_XSDB.UUT_MASTER/U_XSDB_BUS_CONTROLLER/dec_wdc_r_reg/C
                         clock pessimism             -0.463    53.136    
                         clock uncertainty           -0.093    53.043    
    SLICE_X9Y179         FDCE (Recov_DFF_SLICEL_C_CLR)
                                                     -0.066    52.977    dbg_hub/inst/BSCANID.u_xsdbm_id/CORE_XSDB.UUT_MASTER/U_XSDB_BUS_CONTROLLER/dec_wdc_r_reg
  -------------------------------------------------------------------
                         required time                         52.977    
                         arrival time                          -4.680    
  -------------------------------------------------------------------
                         slack                                 48.297    





Min Delay Paths
--------------------------------------------------------------------------------------
Slack (MET) :             0.071ns  (arrival time - required time)
  Source:                 dbg_hub/inst/BSCANID.u_xsdbm_id/CORE_XSDB.UUT_MASTER/U_XSDB_BUS_CONTROLLER/clr_abort_rd_reg/C
                            (rising edge-triggered cell FDCE clocked by clk_20M_clk_gen  {rise@0.000ns fall@25.000ns period=50.000ns})
  Destination:            dbg_hub/inst/BSCANID.u_xsdbm_id/CORE_XSDB.UUT_MASTER/U_XSDB_BUS_CONTROLLER/U_RD_ABORT_FLAG/G_NEG_EDGE.flag_reg/CLR
                            (removal check against rising-edge clock clk_20M_clk_gen  {rise@0.000ns fall@25.000ns period=50.000ns})
  Path Group:             **async_default**
  Path Type:              Removal (Min at Fast Process Corner)
  Requirement:            0.000ns  (clk_20M_clk_gen rise@0.000ns - clk_20M_clk_gen rise@0.000ns)
  Data Path Delay:        0.130ns  (logic 0.039ns (29.979%)  route 0.091ns (70.022%))
  Logic Levels:           0  
  Clock Path Skew:        0.079ns (DCD - SCD - CPR)
    Destination Clock Delay (DCD):    1.981ns
    Source Clock Delay      (SCD):    2.178ns
    Clock Pessimism Removal (CPR):    -0.276ns
  Clock Net Delay (Source):      0.842ns (routing 0.096ns, distribution 0.746ns)
  Clock Net Delay (Destination): 0.932ns (routing 0.108ns, distribution 0.824ns)

    Location             Delay type                Incr(ns)  Path(ns)    Netlist Resource(s)
  -------------------------------------------------------------------    -------------------
                         (clock clk_20M_clk_gen rise edge)
                                                      0.000     0.000 r  
    K4                                                0.000     0.000 r  sysclk_p (IN)
                         net (fo=0)                   0.079     0.079    u_clk/inst/clkin1_ibufds/I
    HPIOBDIFFINBUF_X0Y58 DIFFINBUF (Prop_DIFFINBUF_HPIOBDIFFINBUF_DIFF_IN_P_O)
                                                      0.309     0.388 r  u_clk/inst/clkin1_ibufds/DIFFINBUF_INST/O
                         net (fo=1, routed)           0.040     0.428    u_clk/inst/clkin1_ibufds/OUT
    K4                   IBUFCTRL (Prop_IBUFCTRL_HPIOB_M_I_O)
                                                      0.000     0.428 r  u_clk/inst/clkin1_ibufds/IBUFCTRL_INST/O
                         net (fo=1, routed)           0.194     0.622    u_clk/inst/clk_in1_clk_gen_buf
    BUFGCE_X0Y64         BUFGCE (Prop_BUFCE_BUFGCE_I_O)
                                                      0.017     0.639 r  u_clk/inst/clkin1_bufg1/O
                         net (fo=1, routed)           0.303     0.942    u_clk/inst/clk_in1_clk_gen
    MMCM_X0Y2            MMCME4_ADV (Prop_MMCM_CLKIN1_CLKOUT1)
                                                      0.230     1.172 r  u_clk/inst/mmcme4_adv_inst/CLKOUT1
                         net (fo=1, routed)           0.148     1.320    u_clk/inst/clk_20M_clk_gen
    BUFGCE_X0Y68         BUFGCE (Prop_BUFCE_BUFGCE_I_O)
                                                      0.017     1.337 r  u_clk/inst/clkout2_buf/O
    X1Y2 (CLOCK_ROOT)    net (fo=1134, routed)        0.842     2.178    dbg_hub/inst/BSCANID.u_xsdbm_id/CORE_XSDB.UUT_MASTER/U_XSDB_BUS_CONTROLLER/clk
    SLICE_X9Y180         FDCE                                         r  dbg_hub/inst/BSCANID.u_xsdbm_id/CORE_XSDB.UUT_MASTER/U_XSDB_BUS_CONTROLLER/clr_abort_rd_reg/C
  -------------------------------------------------------------------    -------------------
    SLICE_X9Y180         FDCE (Prop_HFF_SLICEL_C_Q)
                                                      0.039     2.217 f  dbg_hub/inst/BSCANID.u_xsdbm_id/CORE_XSDB.UUT_MASTER/U_XSDB_BUS_CONTROLLER/clr_abort_rd_reg/Q
                         net (fo=2, routed)           0.091     2.309    dbg_hub/inst/BSCANID.u_xsdbm_id/CORE_XSDB.UUT_MASTER/U_XSDB_BUS_CONTROLLER/U_RD_ABORT_FLAG/clr_abort_rd
    SLICE_X9Y179         FDCE                                         f  dbg_hub/inst/BSCANID.u_xsdbm_id/CORE_XSDB.UUT_MASTER/U_XSDB_BUS_CONTROLLER/U_RD_ABORT_FLAG/G_NEG_EDGE.flag_reg/CLR
  -------------------------------------------------------------------    -------------------

                         (clock clk_20M_clk_gen rise edge)
                                                      0.000     0.000 r  
    K4                                                0.000     0.000 r  sysclk_p (IN)
                         net (fo=0)                   0.100     0.100    u_clk/inst/clkin1_ibufds/I
    HPIOBDIFFINBUF_X0Y58 DIFFINBUF (Prop_DIFFINBUF_HPIOBDIFFINBUF_DIFF_IN_P_O)
                                                      0.414     0.514 r  u_clk/inst/clkin1_ibufds/DIFFINBUF_INST/O
                         net (fo=1, routed)           0.050     0.564    u_clk/inst/clkin1_ibufds/OUT
    K4                   IBUFCTRL (Prop_IBUFCTRL_HPIOB_M_I_O)
                                                      0.000     0.564 r  u_clk/inst/clkin1_ibufds/IBUFCTRL_INST/O
                         net (fo=1, routed)           0.235     0.799    u_clk/inst/clk_in1_clk_gen_buf
    BUFGCE_X0Y64         BUFGCE (Prop_BUFCE_BUFGCE_I_O)
                                                      0.019     0.818 r  u_clk/inst/clkin1_bufg1/O
                         net (fo=1, routed)           0.338     1.156    u_clk/inst/clk_in1_clk_gen
    MMCM_X0Y2            MMCME4_ADV (Prop_MMCM_CLKIN1_CLKOUT1)
                                                     -0.295     0.861 r  u_clk/inst/mmcme4_adv_inst/CLKOUT1
                         net (fo=1, routed)           0.169     1.030    u_clk/inst/clk_20M_clk_gen
    BUFGCE_X0Y68         BUFGCE (Prop_BUFCE_BUFGCE_I_O)
                                                      0.019     1.049 r  u_clk/inst/clkout2_buf/O
    X1Y2 (CLOCK_ROOT)    net (fo=1134, routed)        0.932     1.981    dbg_hub/inst/BSCANID.u_xsdbm_id/CORE_XSDB.UUT_MASTER/U_XSDB_BUS_CONTROLLER/U_RD_ABORT_FLAG/clk
    SLICE_X9Y179         FDCE                                         r  dbg_hub/inst/BSCANID.u_xsdbm_id/CORE_XSDB.UUT_MASTER/U_XSDB_BUS_CONTROLLER/U_RD_ABORT_FLAG/G_NEG_EDGE.flag_reg/C
                         clock pessimism              0.276     2.257    
    SLICE_X9Y179         FDCE (Remov_HFF2_SLICEL_C_CLR)
                                                     -0.020     2.237    dbg_hub/inst/BSCANID.u_xsdbm_id/CORE_XSDB.UUT_MASTER/U_XSDB_BUS_CONTROLLER/U_RD_ABORT_FLAG/G_NEG_EDGE.flag_reg
  -------------------------------------------------------------------
                         required time                         -2.237    
                         arrival time                           2.309    
  -------------------------------------------------------------------
                         slack                                  0.071    





---------------------------------------------------------------------------------------------------
Path Group:  **async_default**
From Clock:  clk_250M_clk_gen
  To Clock:  clk_250M_clk_gen

Setup :            0  Failing Endpoints,  Worst Slack        0.598ns,  Total Violation        0.000ns
Hold  :            0  Failing Endpoints,  Worst Slack        0.061ns,  Total Violation        0.000ns
---------------------------------------------------------------------------------------------------


Max Delay Paths
--------------------------------------------------------------------------------------
Slack (MET) :             0.598ns  (required time - arrival time)
  Source:                 rst250_pipe_reg[1]_replica_29/C
                            (rising edge-triggered cell FDCE clocked by clk_250M_clk_gen  {rise@0.000ns fall@2.000ns period=4.000ns})
  Destination:            u_encoder/u_lb_enc_3_a1_c1/cur_w_reg[8]/CLR
                            (recovery check against rising-edge clock clk_250M_clk_gen  {rise@0.000ns fall@2.000ns period=4.000ns})
  Path Group:             **async_default**
  Path Type:              Recovery (Max at Slow Process Corner)
  Requirement:            4.000ns  (clk_250M_clk_gen rise@4.000ns - clk_250M_clk_gen rise@0.000ns)
  Data Path Delay:        3.109ns  (logic 0.079ns (2.541%)  route 3.030ns (97.459%))
  Logic Levels:           0  
  Clock Path Skew:        -0.163ns (DCD - SCD + CPR)
    Destination Clock Delay (DCD):    3.548ns = ( 7.548 - 4.000 ) 
    Source Clock Delay      (SCD):    3.256ns
    Clock Pessimism Removal (CPR):    -0.455ns
  Clock Uncertainty:      0.063ns  ((TSJ^2 + DJ^2)^1/2) / 2 + PE
    Total System Jitter     (TSJ):    0.071ns
    Discrete Jitter          (DJ):    0.105ns
    Phase Error              (PE):    0.000ns
  Clock Net Delay (Source):      1.408ns (routing 0.171ns, distribution 1.237ns)
  Clock Net Delay (Destination): 1.220ns (routing 0.155ns, distribution 1.065ns)

    Location             Delay type                Incr(ns)  Path(ns)    Netlist Resource(s)
  -------------------------------------------------------------------    -------------------
                         (clock clk_250M_clk_gen rise edge)
                                                      0.000     0.000 r  
    K4                                                0.000     0.000 r  sysclk_p (IN)
                         net (fo=0)                   0.100     0.100    u_clk/inst/clkin1_ibufds/I
    HPIOBDIFFINBUF_X0Y58 DIFFINBUF (Prop_DIFFINBUF_HPIOBDIFFINBUF_DIFF_IN_P_O)
                                                      0.643     0.743 r  u_clk/inst/clkin1_ibufds/DIFFINBUF_INST/O
                         net (fo=1, routed)           0.050     0.793    u_clk/inst/clkin1_ibufds/OUT
    K4                   IBUFCTRL (Prop_IBUFCTRL_HPIOB_M_I_O)
                                                      0.000     0.793 r  u_clk/inst/clkin1_ibufds/IBUFCTRL_INST/O
                         net (fo=1, routed)           0.336     1.129    u_clk/inst/clk_in1_clk_gen_buf
    BUFGCE_X0Y64         BUFGCE (Prop_BUFCE_BUFGCE_I_O)
                                                      0.028     1.157 r  u_clk/inst/clkin1_bufg1/O
                         net (fo=1, routed)           0.542     1.699    u_clk/inst/clk_in1_clk_gen
    MMCM_X0Y2            MMCME4_ADV (Prop_MMCM_CLKIN1_CLKOUT2)
                                                     -0.127     1.572 r  u_clk/inst/mmcme4_adv_inst/CLKOUT2
                         net (fo=1, routed)           0.248     1.820    u_clk/inst/clk_250M_clk_gen
    BUFGCE_X0Y53         BUFGCE (Prop_BUFCE_BUFGCE_I_O)
                                                      0.028     1.848 r  u_clk/inst/clkout3_buf/O
    X1Y2 (CLOCK_ROOT)    net (fo=52090, routed)       1.408     3.256    clk250
    SLICE_X48Y61         FDCE                                         r  rst250_pipe_reg[1]_replica_29/C
  -------------------------------------------------------------------    -------------------
    SLICE_X48Y61         FDCE (Prop_EFF_SLICEL_C_Q)
                                                      0.079     3.335 r  rst250_pipe_reg[1]_replica_29/Q
                         net (fo=419, routed)         3.030     6.365    u_encoder/u_lb_enc_3_a1_c1/rst250_n_repN_29_alias
    SLICE_X43Y58         FDCE                                         f  u_encoder/u_lb_enc_3_a1_c1/cur_w_reg[8]/CLR  (IS_INVERTED)
  -------------------------------------------------------------------    -------------------

                         (clock clk_250M_clk_gen rise edge)
                                                      4.000     4.000 r  
    K4                                                0.000     4.000 r  sysclk_p (IN)
                         net (fo=0)                   0.079     4.079    u_clk/inst/clkin1_ibufds/I
    HPIOBDIFFINBUF_X0Y58 DIFFINBUF (Prop_DIFFINBUF_HPIOBDIFFINBUF_DIFF_IN_P_O)
                                                      0.533     4.612 r  u_clk/inst/clkin1_ibufds/DIFFINBUF_INST/O
                         net (fo=1, routed)           0.040     4.652    u_clk/inst/clkin1_ibufds/OUT
    K4                   IBUFCTRL (Prop_IBUFCTRL_HPIOB_M_I_O)
                                                      0.000     4.652 r  u_clk/inst/clkin1_ibufds/IBUFCTRL_INST/O
                         net (fo=1, routed)           0.300     4.952    u_clk/inst/clk_in1_clk_gen_buf
    BUFGCE_X0Y64         BUFGCE (Prop_BUFCE_BUFGCE_I_O)
                                                      0.024     4.976 r  u_clk/inst/clkin1_bufg1/O
                         net (fo=1, routed)           0.480     5.456    u_clk/inst/clk_in1_clk_gen
    MMCM_X0Y2            MMCME4_ADV (Prop_MMCM_CLKIN1_CLKOUT2)
                                                      0.630     6.086 r  u_clk/inst/mmcme4_adv_inst/CLKOUT2
                         net (fo=1, routed)           0.218     6.304    u_clk/inst/clk_250M_clk_gen
    BUFGCE_X0Y53         BUFGCE (Prop_BUFCE_BUFGCE_I_O)
                                                      0.024     6.328 r  u_clk/inst/clkout3_buf/O
    X1Y2 (CLOCK_ROOT)    net (fo=52090, routed)       1.220     7.548    u_encoder/u_lb_enc_3_a1_c1/clk_250M
    SLICE_X43Y58         FDCE                                         r  u_encoder/u_lb_enc_3_a1_c1/cur_w_reg[8]/C
                         clock pessimism             -0.455     7.093    
                         clock uncertainty           -0.063     7.029    
    SLICE_X43Y58         FDCE (Recov_AFF_SLICEM_C_CLR)
                                                     -0.066     6.963    u_encoder/u_lb_enc_3_a1_c1/cur_w_reg[8]
  -------------------------------------------------------------------
                         required time                          6.963    
                         arrival time                          -6.365    
  -------------------------------------------------------------------
                         slack                                  0.598    





Min Delay Paths
--------------------------------------------------------------------------------------
Slack (MET) :             0.061ns  (arrival time - required time)
  Source:                 rst250_pipe_reg[1]_replica_38/C
                            (rising edge-triggered cell FDCE clocked by clk_250M_clk_gen  {rise@0.000ns fall@2.000ns period=4.000ns})
  Destination:            u_encoder/u_fifo_enc_1_out_b/g_packed.w_word_reg[6]/CLR
                            (removal check against rising-edge clock clk_250M_clk_gen  {rise@0.000ns fall@2.000ns period=4.000ns})
  Path Group:             **async_default**
  Path Type:              Removal (Min at Slow Process Corner)
  Requirement:            0.000ns  (clk_250M_clk_gen rise@0.000ns - clk_250M_clk_gen rise@0.000ns)
  Data Path Delay:        0.200ns  (logic 0.058ns (29.028%)  route 0.142ns (70.972%))
  Logic Levels:           0  
  Clock Path Skew:        0.171ns (DCD - SCD - CPR)
    Destination Clock Delay (DCD):    3.279ns
    Source Clock Delay      (SCD):    3.503ns
    Clock Pessimism Removal (CPR):    -0.395ns
  Clock Net Delay (Source):      1.175ns (routing 0.155ns, distribution 1.020ns)
  Clock Net Delay (Destination): 1.431ns (routing 0.171ns, distribution 1.260ns)

    Location             Delay type                Incr(ns)  Path(ns)    Netlist Resource(s)
  -------------------------------------------------------------------    -------------------
                         (clock clk_250M_clk_gen rise edge)
                                                      0.000     0.000 r  
    K4                                                0.000     0.000 r  sysclk_p (IN)
                         net (fo=0)                   0.079     0.079    u_clk/inst/clkin1_ibufds/I
    HPIOBDIFFINBUF_X0Y58 DIFFINBUF (Prop_DIFFINBUF_HPIOBDIFFINBUF_DIFF_IN_P_O)
                                                      0.533     0.612 r  u_clk/inst/clkin1_ibufds/DIFFINBUF_INST/O
                         net (fo=1, routed)           0.040     0.652    u_clk/inst/clkin1_ibufds/OUT
    K4                   IBUFCTRL (Prop_IBUFCTRL_HPIOB_M_I_O)
                                                      0.000     0.652 r  u_clk/inst/clkin1_ibufds/IBUFCTRL_INST/O
                         net (fo=1, routed)           0.300     0.952    u_clk/inst/clk_in1_clk_gen_buf
    BUFGCE_X0Y64         BUFGCE (Prop_BUFCE_BUFGCE_I_O)
                                                      0.024     0.976 r  u_clk/inst/clkin1_bufg1/O
                         net (fo=1, routed)           0.480     1.456    u_clk/inst/clk_in1_clk_gen
    MMCM_X0Y2            MMCME4_ADV (Prop_MMCM_CLKIN1_CLKOUT2)
                                                      0.630     2.086 r  u_clk/inst/mmcme4_adv_inst/CLKOUT2
                         net (fo=1, routed)           0.218     2.304    u_clk/inst/clk_250M_clk_gen
    BUFGCE_X0Y53         BUFGCE (Prop_BUFCE_BUFGCE_I_O)
                                                      0.024     2.328 r  u_clk/inst/clkout3_buf/O
    X1Y2 (CLOCK_ROOT)    net (fo=52090, routed)       1.175     3.503    clk250
    SLICE_X40Y182        FDCE                                         r  rst250_pipe_reg[1]_replica_38/C
  -------------------------------------------------------------------    -------------------
    SLICE_X40Y182        FDCE (Prop_EFF_SLICEM_C_Q)
                                                      0.058     3.561 r  rst250_pipe_reg[1]_replica_38/Q
                         net (fo=441, routed)         0.142     3.703    u_encoder/u_fifo_enc_1_out_b/rst250_n_repN_38_alias
    SLICE_X43Y182        FDCE                                         f  u_encoder/u_fifo_enc_1_out_b/g_packed.w_word_reg[6]/CLR  (IS_INVERTED)
  -------------------------------------------------------------------    -------------------

                         (clock clk_250M_clk_gen rise edge)
                                                      0.000     0.000 r  
    K4                                                0.000     0.000 r  sysclk_p (IN)
                         net (fo=0)                   0.100     0.100    u_clk/inst/clkin1_ibufds/I
    HPIOBDIFFINBUF_X0Y58 DIFFINBUF (Prop_DIFFINBUF_HPIOBDIFFINBUF_DIFF_IN_P_O)
                                                      0.643     0.743 r  u_clk/inst/clkin1_ibufds/DIFFINBUF_INST/O
                         net (fo=1, routed)           0.050     0.793    u_clk/inst/clkin1_ibufds/OUT
    K4                   IBUFCTRL (Prop_IBUFCTRL_HPIOB_M_I_O)
                                                      0.000     0.793 r  u_clk/inst/clkin1_ibufds/IBUFCTRL_INST/O
                         net (fo=1, routed)           0.336     1.129    u_clk/inst/clk_in1_clk_gen_buf
    BUFGCE_X0Y64         BUFGCE (Prop_BUFCE_BUFGCE_I_O)
                                                      0.028     1.157 r  u_clk/inst/clkin1_bufg1/O
                         net (fo=1, routed)           0.542     1.699    u_clk/inst/clk_in1_clk_gen
    MMCM_X0Y2            MMCME4_ADV (Prop_MMCM_CLKIN1_CLKOUT2)
                                                     -0.127     1.572 r  u_clk/inst/mmcme4_adv_inst/CLKOUT2
                         net (fo=1, routed)           0.248     1.820    u_clk/inst/clk_250M_clk_gen
    BUFGCE_X0Y53         BUFGCE (Prop_BUFCE_BUFGCE_I_O)
                                                      0.028     1.848 r  u_clk/inst/clkout3_buf/O
    X1Y2 (CLOCK_ROOT)    net (fo=52090, routed)       1.431     3.279    u_encoder/u_fifo_enc_1_out_b/clk_250M
    SLICE_X43Y182        FDCE                                         r  u_encoder/u_fifo_enc_1_out_b/g_packed.w_word_reg[6]/C
                         clock pessimism              0.395     3.674    
    SLICE_X43Y182        FDCE (Remov_DFF_SLICEM_C_CLR)
                                                     -0.032     3.642    u_encoder/u_fifo_enc_1_out_b/g_packed.w_word_reg[6]
  -------------------------------------------------------------------
                         required time                         -3.642    
                         arrival time                           3.703    
  -------------------------------------------------------------------
                         slack                                  0.061    





---------------------------------------------------------------------------------------------------
Path Group:  **async_default**
From Clock:  dbg_hub/inst/BSCANID.u_xsdbm_id/SWITCH_N_EXT_BSCAN.bscan_inst/SERIES7_BSCAN.bscan_inst/INTERNAL_TCK
  To Clock:  dbg_hub/inst/BSCANID.u_xsdbm_id/SWITCH_N_EXT_BSCAN.bscan_inst/SERIES7_BSCAN.bscan_inst/INTERNAL_TCK

Setup :            0  Failing Endpoints,  Worst Slack       47.393ns,  Total Violation        0.000ns
Hold  :            0  Failing Endpoints,  Worst Slack        0.107ns,  Total Violation        0.000ns
---------------------------------------------------------------------------------------------------


Max Delay Paths
--------------------------------------------------------------------------------------
Slack (MET) :             47.393ns  (required time - arrival time)
  Source:                 dbg_hub/inst/BSCANID.u_xsdbm_id/SWITCH_N_EXT_BSCAN.bscan_switch/portno_reg[5]/C
                            (rising edge-triggered cell FDRE clocked by dbg_hub/inst/BSCANID.u_xsdbm_id/SWITCH_N_EXT_BSCAN.bscan_inst/SERIES7_BSCAN.bscan_inst/INTERNAL_TCK  {rise@0.000ns fall@25.000ns period=50.000ns})
  Destination:            dbg_hub/inst/BSCANID.u_xsdbm_id/CORE_XSDB.U_ICON/U_CMD/iTARGET_reg[10]/CLR
                            (recovery check against rising-edge clock dbg_hub/inst/BSCANID.u_xsdbm_id/SWITCH_N_EXT_BSCAN.bscan_inst/SERIES7_BSCAN.bscan_inst/INTERNAL_TCK  {rise@0.000ns fall@25.000ns period=50.000ns})
  Path Group:             **async_default**
  Path Type:              Recovery (Max at Slow Process Corner)
  Requirement:            50.000ns  (dbg_hub/inst/BSCANID.u_xsdbm_id/SWITCH_N_EXT_BSCAN.bscan_inst/SERIES7_BSCAN.bscan_inst/INTERNAL_TCK rise@50.000ns - dbg_hub/inst/BSCANID.u_xsdbm_id/SWITCH_N_EXT_BSCAN.bscan_inst/SERIES7_BSCAN.bscan_inst/INTERNAL_TCK rise@0.000ns)
  Data Path Delay:        2.447ns  (logic 0.306ns (12.505%)  route 2.141ns (87.495%))
  Logic Levels:           2  (LUT4=1 LUT6=1)
  Clock Path Skew:        -0.058ns (DCD - SCD + CPR)
    Destination Clock Delay (DCD):    2.561ns = ( 52.561 - 50.000 ) 
    Source Clock Delay      (SCD):    6.976ns
    Clock Pessimism Removal (CPR):    4.357ns
  Clock Uncertainty:      0.035ns  ((TSJ^2 + TIJ^2)^1/2 + DJ) / 2 + PE
    Total System Jitter     (TSJ):    0.071ns
    Total Input Jitter      (TIJ):    0.000ns
    Discrete Jitter          (DJ):    0.000ns
    Phase Error              (PE):    0.000ns
  Clock Net Delay (Source):      1.263ns (routing 0.170ns, distribution 1.093ns)
  Clock Net Delay (Destination): 1.132ns (routing 0.155ns, distribution 0.977ns)

    Location             Delay type                Incr(ns)  Path(ns)    Netlist Resource(s)
  -------------------------------------------------------------------    -------------------
                         (clock dbg_hub/inst/BSCANID.u_xsdbm_id/SWITCH_N_EXT_BSCAN.bscan_inst/SERIES7_BSCAN.bscan_inst/INTERNAL_TCK rise edge)
                                                      0.000     0.000 r  
    CONFIG_SITE_X0Y0     BSCANE2                      0.000     0.000 r  dbg_hub/inst/BSCANID.u_xsdbm_id/SWITCH_N_EXT_BSCAN.bscan_inst/SERIES7_BSCAN.bscan_inst/INTERNAL_TCK
    CONFIG_SITE_X0Y0     BSCANE2 (Prop_BSCAN1_CONFIG_SITE_INTERNAL_TCK_TCK)
                                                      4.300     4.300 r  dbg_hub/inst/BSCANID.u_xsdbm_id/SWITCH_N_EXT_BSCAN.bscan_inst/SERIES7_BSCAN.bscan_inst/TCK
                         net (fo=1, routed)           1.385     5.685    dbg_hub/inst/BSCANID.u_xsdbm_id/tck_bs
    BUFGCE_X0Y76         BUFGCE (Prop_BUFCE_BUFGCE_I_O)
                                                      0.028     5.713 r  dbg_hub/inst/BSCANID.u_xsdbm_id/SWITCH_N_EXT_BSCAN.u_bufg_icon_tck/O
    X1Y3 (CLOCK_ROOT)    net (fo=478, routed)         1.263     6.976    dbg_hub/inst/BSCANID.u_xsdbm_id/SWITCH_N_EXT_BSCAN.bscan_switch/s_bscan_tck
    SLICE_X44Y170        FDRE                                         r  dbg_hub/inst/BSCANID.u_xsdbm_id/SWITCH_N_EXT_BSCAN.bscan_switch/portno_reg[5]/C
  -------------------------------------------------------------------    -------------------
    SLICE_X44Y170        FDRE (Prop_GFF2_SLICEL_C_Q)
                                                      0.081     7.057 f  dbg_hub/inst/BSCANID.u_xsdbm_id/SWITCH_N_EXT_BSCAN.bscan_switch/portno_reg[5]/Q
                         net (fo=1, routed)           0.510     7.567    dbg_hub/inst/BSCANID.u_xsdbm_id/SWITCH_N_EXT_BSCAN.bscan_switch/portno[5]
    SLICE_X44Y170        LUT6 (Prop_H6LUT_SLICEL_I5_O)
                                                      0.090     7.657 f  dbg_hub/inst/BSCANID.u_xsdbm_id/SWITCH_N_EXT_BSCAN.bscan_switch/m_bscan_drck[0]_INST_0_i_1/O
                         net (fo=5, routed)           0.406     8.063    dbg_hub/inst/BSCANID.u_xsdbm_id/SWITCH_N_EXT_BSCAN.bscan_switch/m_bscan_drck[0]_INST_0_i_1_n_0
    SLICE_X41Y168        LUT4 (Prop_D5LUT_SLICEM_I3_O)
                                                      0.135     8.198 r  dbg_hub/inst/BSCANID.u_xsdbm_id/SWITCH_N_EXT_BSCAN.bscan_switch/m_bscan_sel[0]_INST_0/O
                         net (fo=11, routed)          1.225     9.423    dbg_hub/inst/BSCANID.u_xsdbm_id/CORE_XSDB.U_ICON/U_CMD/iTARGET_reg[6]_0
    SLICE_X13Y175        FDCE                                         f  dbg_hub/inst/BSCANID.u_xsdbm_id/CORE_XSDB.U_ICON/U_CMD/iTARGET_reg[10]/CLR  (IS_INVERTED)
  -------------------------------------------------------------------    -------------------

                         (clock dbg_hub/inst/BSCANID.u_xsdbm_id/SWITCH_N_EXT_BSCAN.bscan_inst/SERIES7_BSCAN.bscan_inst/INTERNAL_TCK rise edge)
                                                     50.000    50.000 r  
    CONFIG_SITE_X0Y0     BSCANE2                      0.000    50.000 r  dbg_hub/inst/BSCANID.u_xsdbm_id/SWITCH_N_EXT_BSCAN.bscan_inst/SERIES7_BSCAN.bscan_inst/INTERNAL_TCK
    CONFIG_SITE_X0Y0     BSCANE2 (Prop_BSCAN1_CONFIG_SITE_INTERNAL_TCK_TCK)
                                                      0.465    50.465 r  dbg_hub/inst/BSCANID.u_xsdbm_id/SWITCH_N_EXT_BSCAN.bscan_inst/SERIES7_BSCAN.bscan_inst/TCK
                         net (fo=1, routed)           0.940    51.405    dbg_hub/inst/BSCANID.u_xsdbm_id/tck_bs
    BUFGCE_X0Y76         BUFGCE (Prop_BUFCE_BUFGCE_I_O)
                                                      0.024    51.429 r  dbg_hub/inst/BSCANID.u_xsdbm_id/SWITCH_N_EXT_BSCAN.u_bufg_icon_tck/O
    X1Y3 (CLOCK_ROOT)    net (fo=478, routed)         1.132    52.561    dbg_hub/inst/BSCANID.u_xsdbm_id/CORE_XSDB.U_ICON/U_CMD/m_bscan_tck[0]
    SLICE_X13Y175        FDCE                                         r  dbg_hub/inst/BSCANID.u_xsdbm_id/CORE_XSDB.U_ICON/U_CMD/iTARGET_reg[10]/C
                         clock pessimism              4.357    56.918    
                         clock uncertainty           -0.035    56.882    
    SLICE_X13Y175        FDCE (Recov_AFF_SLICEM_C_CLR)
                                                     -0.066    56.816    dbg_hub/inst/BSCANID.u_xsdbm_id/CORE_XSDB.U_ICON/U_CMD/iTARGET_reg[10]
  -------------------------------------------------------------------
                         required time                         56.816    
                         arrival time                          -9.423    
  -------------------------------------------------------------------
                         slack                                 47.393    





Min Delay Paths
--------------------------------------------------------------------------------------
Slack (MET) :             0.107ns  (arrival time - required time)
  Source:                 dbg_hub/inst/BSCANID.u_xsdbm_id/CORE_XSDB.UUT_MASTER/U_ICON_INTERFACE/U_CMD6_WR/U_WR_FIFO/SUBCORE_FIFO.xsdbm_v3_0_5_wrfifo_inst/inst_fifo_gen/gconvfifo.rf/grf.rf/rstblk/ngwrdrst.grst.g7serrst.wr_rst_reg_reg[0]/C
                            (rising edge-triggered cell FDPE clocked by dbg_hub/inst/BSCANID.u_xsdbm_id/SWITCH_N_EXT_BSCAN.bscan_inst/SERIES7_BSCAN.bscan_inst/INTERNAL_TCK  {rise@0.000ns fall@25.000ns period=50.000ns})
  Destination:            dbg_hub/inst/BSCANID.u_xsdbm_id/CORE_XSDB.UUT_MASTER/U_ICON_INTERFACE/U_CMD6_WR/U_WR_FIFO/SUBCORE_FIFO.xsdbm_v3_0_5_wrfifo_inst/inst_fifo_gen/gconvfifo.rf/grf.rf/gntv_or_sync_fifo.gcx.clkx/gnxpm_cdc.wr_pntr_gc_reg[0]/CLR
                            (removal check against rising-edge clock dbg_hub/inst/BSCANID.u_xsdbm_id/SWITCH_N_EXT_BSCAN.bscan_inst/SERIES7_BSCAN.bscan_inst/INTERNAL_TCK  {rise@0.000ns fall@25.000ns period=50.000ns})
  Path Group:             **async_default**
  Path Type:              Removal (Min at Fast Process Corner)
  Requirement:            0.000ns  (dbg_hub/inst/BSCANID.u_xsdbm_id/SWITCH_N_EXT_BSCAN.bscan_inst/SERIES7_BSCAN.bscan_inst/INTERNAL_TCK rise@0.000ns - dbg_hub/inst/BSCANID.u_xsdbm_id/SWITCH_N_EXT_BSCAN.bscan_inst/SERIES7_BSCAN.bscan_inst/INTERNAL_TCK rise@0.000ns)
  Data Path Delay:        0.141ns  (logic 0.038ns (26.939%)  route 0.103ns (73.061%))
  Logic Levels:           0  
  Clock Path Skew:        0.054ns (DCD - SCD - CPR)
    Destination Clock Delay (DCD):    6.126ns
    Source Clock Delay      (SCD):    1.947ns
    Clock Pessimism Removal (CPR):    4.125ns
  Clock Net Delay (Source):      0.731ns (routing 0.096ns, distribution 0.635ns)
  Clock Net Delay (Destination): 0.833ns (routing 0.108ns, distribution 0.725ns)

    Location             Delay type                Incr(ns)  Path(ns)    Netlist Resource(s)
  -------------------------------------------------------------------    -------------------
                         (clock dbg_hub/inst/BSCANID.u_xsdbm_id/SWITCH_N_EXT_BSCAN.bscan_inst/SERIES7_BSCAN.bscan_inst/INTERNAL_TCK rise edge)
                                                      0.000     0.000 r  
    CONFIG_SITE_X0Y0     BSCANE2                      0.000     0.000 r  dbg_hub/inst/BSCANID.u_xsdbm_id/SWITCH_N_EXT_BSCAN.bscan_inst/SERIES7_BSCAN.bscan_inst/INTERNAL_TCK
    CONFIG_SITE_X0Y0     BSCANE2 (Prop_BSCAN1_CONFIG_SITE_INTERNAL_TCK_TCK)
                                                      0.465     0.465 r  dbg_hub/inst/BSCANID.u_xsdbm_id/SWITCH_N_EXT_BSCAN.bscan_inst/SERIES7_BSCAN.bscan_inst/TCK
                         net (fo=1, routed)           0.734     1.199    dbg_hub/inst/BSCANID.u_xsdbm_id/tck_bs
    BUFGCE_X0Y76         BUFGCE (Prop_BUFCE_BUFGCE_I_O)
                                                      0.017     1.216 r  dbg_hub/inst/BSCANID.u_xsdbm_id/SWITCH_N_EXT_BSCAN.u_bufg_icon_tck/O
    X1Y3 (CLOCK_ROOT)    net (fo=478, routed)         0.731     1.947    dbg_hub/inst/BSCANID.u_xsdbm_id/CORE_XSDB.UUT_MASTER/U_ICON_INTERFACE/U_CMD6_WR/U_WR_FIFO/SUBCORE_FIFO.xsdbm_v3_0_5_wrfifo_inst/inst_fifo_gen/gconvfifo.rf/grf.rf/rstblk/wr_clk
    SLICE_X10Y193        FDPE                                         r  dbg_hub/inst/BSCANID.u_xsdbm_id/CORE_XSDB.UUT_MASTER/U_ICON_INTERFACE/U_CMD6_WR/U_WR_FIFO/SUBCORE_FIFO.xsdbm_v3_0_5_wrfifo_inst/inst_fifo_gen/gconvfifo.rf/grf.rf/rstblk/ngwrdrst.grst.g7serrst.wr_rst_reg_reg[0]/C
  -------------------------------------------------------------------    -------------------
    SLICE_X10Y193        FDPE (Prop_EFF_SLICEM_C_Q)
                                                      0.038     1.985 f  dbg_hub/inst/BSCANID.u_xsdbm_id/CORE_XSDB.UUT_MASTER/U_ICON_INTERFACE/U_CMD6_WR/U_WR_FIFO/SUBCORE_FIFO.xsdbm_v3_0_5_wrfifo_inst/inst_fifo_gen/gconvfifo.rf/grf.rf/rstblk/ngwrdrst.grst.g7serrst.wr_rst_reg_reg[0]/Q
                         net (fo=18, routed)          0.103     2.088    dbg_hub/inst/BSCANID.u_xsdbm_id/CORE_XSDB.UUT_MASTER/U_ICON_INTERFACE/U_CMD6_WR/U_WR_FIFO/SUBCORE_FIFO.xsdbm_v3_0_5_wrfifo_inst/inst_fifo_gen/gconvfifo.rf/grf.rf/gntv_or_sync_fifo.gcx.clkx/AR[0]
    SLICE_X9Y193         FDCE                                         f  dbg_hub/inst/BSCANID.u_xsdbm_id/CORE_XSDB.UUT_MASTER/U_ICON_INTERFACE/U_CMD6_WR/U_WR_FIFO/SUBCORE_FIFO.xsdbm_v3_0_5_wrfifo_inst/inst_fifo_gen/gconvfifo.rf/grf.rf/gntv_or_sync_fifo.gcx.clkx/gnxpm_cdc.wr_pntr_gc_reg[0]/CLR
  -------------------------------------------------------------------    -------------------

                         (clock dbg_hub/inst/BSCANID.u_xsdbm_id/SWITCH_N_EXT_BSCAN.bscan_inst/SERIES7_BSCAN.bscan_inst/INTERNAL_TCK rise edge)
                                                      0.000     0.000 r  
    CONFIG_SITE_X0Y0     BSCANE2                      0.000     0.000 r  dbg_hub/inst/BSCANID.u_xsdbm_id/SWITCH_N_EXT_BSCAN.bscan_inst/SERIES7_BSCAN.bscan_inst/INTERNAL_TCK
    CONFIG_SITE_X0Y0     BSCANE2 (Prop_BSCAN1_CONFIG_SITE_INTERNAL_TCK_TCK)
                                                      4.300     4.300 r  dbg_hub/inst/BSCANID.u_xsdbm_id/SWITCH_N_EXT_BSCAN.bscan_inst/SERIES7_BSCAN.bscan_inst/TCK
                         net (fo=1, routed)           0.974     5.274    dbg_hub/inst/BSCANID.u_xsdbm_id/tck_bs
    BUFGCE_X0Y76         BUFGCE (Prop_BUFCE_BUFGCE_I_O)
                                                      0.019     5.293 r  dbg_hub/inst/BSCANID.u_xsdbm_id/SWITCH_N_EXT_BSCAN.u_bufg_icon_tck/O
    X1Y3 (CLOCK_ROOT)    net (fo=478, routed)         0.833     6.126    dbg_hub/inst/BSCANID.u_xsdbm_id/CORE_XSDB.UUT_MASTER/U_ICON_INTERFACE/U_CMD6_WR/U_WR_FIFO/SUBCORE_FIFO.xsdbm_v3_0_5_wrfifo_inst/inst_fifo_gen/gconvfifo.rf/grf.rf/gntv_or_sync_fifo.gcx.clkx/wr_clk
    SLICE_X9Y193         FDCE                                         r  dbg_hub/inst/BSCANID.u_xsdbm_id/CORE_XSDB.UUT_MASTER/U_ICON_INTERFACE/U_CMD6_WR/U_WR_FIFO/SUBCORE_FIFO.xsdbm_v3_0_5_wrfifo_inst/inst_fifo_gen/gconvfifo.rf/grf.rf/gntv_or_sync_fifo.gcx.clkx/gnxpm_cdc.wr_pntr_gc_reg[0]/C
                         clock pessimism             -4.125     2.001    
    SLICE_X9Y193         FDCE (Remov_HFF_SLICEL_C_CLR)
                                                     -0.020     1.981    dbg_hub/inst/BSCANID.u_xsdbm_id/CORE_XSDB.UUT_MASTER/U_ICON_INTERFACE/U_CMD6_WR/U_WR_FIFO/SUBCORE_FIFO.xsdbm_v3_0_5_wrfifo_inst/inst_fifo_gen/gconvfifo.rf/grf.rf/gntv_or_sync_fifo.gcx.clkx/gnxpm_cdc.wr_pntr_gc_reg[0]
  -------------------------------------------------------------------
                         required time                         -1.981    
                         arrival time                           2.088    
  -------------------------------------------------------------------
                         slack                                  0.107    





