t,name,value
1791368270.342674,clk,-44902450897226
1791368270.342674,clk_rtt,617
1791368270.366654,SYNC_CNT,176624
1791368270.366837,IMG_FRAMES,176141
1791368270.366837,IMG_SENT,176101
1791368270.369363,PHY_FRAMES,176624
1791368270.376063,ps_img,176101
1791368270.399405,SYNC_CNT,176625
1791368270.399761,IMG_FRAMES,176142
1791368270.399761,IMG_SENT,176102
1791368270.402137,PHY_FRAMES,176625
1791368270.409431,ps_img,176102
1791368270.432215,SYNC_CNT,176626
1791368270.432516,IMG_FRAMES,176143
1791368270.432516,IMG_SENT,176103
1791368270.434949,PHY_FRAMES,176626
1791368270.441542,ps_img,176103
1791368270.465354,IMG_FRAMES,176144
1791368270.465354,IMG_SENT,176104
1791368270.467224,SYNC_CNT,176627
1791368270.469944,PHY_FRAMES,176627
1791368270.472227,ps_img,176104
1791368270.499894,SYNC_CNT,176628
1791368270.500305,IMG_FRAMES,176145
1791368270.500305,IMG_SENT,176105
1791368270.502570,PHY_FRAMES,176628
1791368270.507661,ps_img,176105
1791368270.532945,IMG_SENT,176106
1791368270.533008,IMG_FRAMES,176146
1791368270.533129,SYNC_CNT,176629
1791368270.535800,PHY_FRAMES,176629
1791368270.540478,ps_img,176106
1791368270.566205,IMG_FRAMES,176147
1791368270.566205,IMG_SENT,176107
1791368270.567100,SYNC_CNT,176630
1791368270.569850,PHY_FRAMES,176630
1791368270.575442,ps_img,176107
1791368270.600210,IMG_FRAMES,176148
1791368270.600210,IMG_SENT,176108
1791368270.600280,SYNC_CNT,176631
1791368270.602985,PHY_FRAMES,176631
1791368270.607408,ps_img,176108
1791368270.633349,IMG_FRAMES,176149
1791368270.633349,IMG_SENT,176109
1791368270.633825,SYNC_CNT,176632
1791368270.636556,PHY_FRAMES,176632
1791368270.641860,ps_img,176109
1791368270.666865,SYNC_CNT,176633
1791368270.666931,IMG_FRAMES,176150
1791368270.666931,IMG_SENT,176110
1791368270.669540,PHY_FRAMES,176633
1791368270.675716,ps_img,176110
1791368270.699939,IMG_FRAMES,176151
1791368270.699939,IMG_SENT,176111
1791368270.700183,SYNC_CNT,176634
1791368270.702868,PHY_FRAMES,176634
1791368270.709094,ps_img,176111
1791368270.733278,IMG_FRAMES,176152
1791368270.733278,IMG_SENT,176112
1791368270.733751,SYNC_CNT,176635
1791368270.736470,PHY_FRAMES,176635
1791368270.740430,ps_img,176112
1791368270.766846,IMG_FRAMES,176153
1791368270.766846,IMG_SENT,176113
1791368270.767214,SYNC_CNT,176636
1791368270.769936,PHY_FRAMES,176636
1791368270.783159,ps_img,176113
1791368270.799954,SYNC_CNT,176637
1791368270.800317,IMG_FRAMES,176154
1791368270.800317,IMG_SENT,176114
1791368270.802660,PHY_FRAMES,176637
1791368270.816936,ps_img,176114
1791368270.833077,IMG_FRAMES,176155
1791368270.833077,IMG_SENT,176115
1791368270.833149,SYNC_CNT,176638
1791368270.835836,PHY_FRAMES,176638
1791368270.841840,ps_img,176115
1791368270.866220,IMG_FRAMES,176156
1791368270.866220,IMG_SENT,176116
1791368270.867161,SYNC_CNT,176639
1791368270.869902,PHY_FRAMES,176639
1791368270.881674,ps_img,176116
1791368270.900234,IMG_SENT,176117
1791368270.900301,SYNC_CNT,176640
1791368270.900301,IMG_FRAMES,176157
1791368270.903001,PHY_FRAMES,176640
1791368270.911679,ps_img,176117
1791368270.933142,SYNC_CNT,176641
1791368270.933384,IMG_FRAMES,176158
1791368270.933384,IMG_SENT,176118
1791368270.935870,PHY_FRAMES,176641
1791368270.942045,ps_img,176118
1791368270.966259,SYNC_CNT,176642
1791368270.966259,IMG_FRAMES,176159
1791368270.966259,IMG_SENT,176119
1791368270.969015,PHY_FRAMES,176642
1791368270.977269,ps_img,176119
1791368270.999355,IMG_FRAMES,176160
1791368270.999355,IMG_SENT,176120
1791368270.999424,SYNC_CNT,176643
1791368271.002160,PHY_FRAMES,176643
1791368271.010053,ps_img,176120
1791368271.032074,SYNC_CNT,176644
1791368271.032544,IMG_FRAMES,176161
1791368271.032544,IMG_SENT,176121
1791368271.034817,PHY_FRAMES,176644
1791368271.042288,ps_img,176121
1791368271.065160,IMG_SENT,176122
1791368271.065226,IMG_FRAMES,176162
1791368271.067164,SYNC_CNT,176645
1791368271.069905,PHY_FRAMES,176645
1791368271.074786,ps_img,176122
1791368271.099960,SYNC_CNT,176646
1791368271.100258,IMG_FRAMES,176163
1791368271.100258,IMG_SENT,176123
1791368271.102641,PHY_FRAMES,176646
1791368271.108825,ps_img,176123
1791368271.133070,IMG_FRAMES,176164
1791368271.133070,IMG_SENT,176124
1791368271.133138,SYNC_CNT,176647
1791368271.135820,PHY_FRAMES,176647
1791368271.142425,ps_img,176124
1791368271.166226,IMG_FRAMES,176165
1791368271.166226,IMG_SENT,176125
1791368271.166933,SYNC_CNT,176648
1791368271.169679,PHY_FRAMES,176648
1791368271.174415,ps_img,176125
1791368271.199698,SYNC_CNT,176649
1791368271.200053,IMG_FRAMES,176166
1791368271.200053,IMG_SENT,176126
1791368271.202388,PHY_FRAMES,176649
1791368271.207645,ps_img,176126
1791368271.232758,IMG_SENT,176127
1791368271.232823,IMG_FRAMES,176167
1791368271.233754,SYNC_CNT,176650
1791368271.236473,PHY_FRAMES,176650
1791368271.240429,ps_img,176127
1791368271.266862,SYNC_CNT,176651
1791368271.266862,IMG_FRAMES,176168
1791368271.266862,IMG_SENT,176128
1791368271.269531,PHY_FRAMES,176651
1791368271.281120,ps_img,176128
1791368271.299960,IMG_FRAMES,176169
1791368271.299960,IMG_SENT,176129
1791368271.300148,SYNC_CNT,176652
1791368271.302832,PHY_FRAMES,176652
1791368271.310040,ps_img,176129
1791368271.333263,IMG_FRAMES,176170
1791368271.333263,IMG_SENT,176130
1791368271.333392,SYNC_CNT,176653
1791368271.336088,PHY_FRAMES,176653
1791368271.347726,ps_img,176130
1791368271.366486,IMG_FRAMES,176171
1791368271.366486,IMG_SENT,176131
1791368271.367194,SYNC_CNT,176654
1791368271.369883,PHY_FRAMES,176654
1791368271.377481,ps_img,176131
1791368271.399981,SYNC_CNT,176655
1791368271.400278,IMG_FRAMES,176172
1791368271.400278,IMG_SENT,176132
1791368271.402689,PHY_FRAMES,176655
1791368271.407862,ps_img,176132
1791368271.432890,SYNC_CNT,176656
1791368271.433073,IMG_FRAMES,176173
1791368271.433073,IMG_SENT,176133
1791368271.435620,PHY_FRAMES,176656
1791368271.442174,ps_img,176133
1791368271.465962,IMG_FRAMES,176174
1791368271.465962,IMG_SENT,176134
1791368271.467122,SYNC_CNT,176657
1791368271.469874,PHY_FRAMES,176657
1791368271.473443,ps_img,176134
1791368271.500254,SYNC_CNT,176658
1791368271.500254,IMG_FRAMES,176175
1791368271.500254,IMG_SENT,176135
1791368271.502984,PHY_FRAMES,176658
1791368271.508818,ps_img,176135
1791368271.533406,IMG_FRAMES,176176
1791368271.533406,IMG_SENT,176136
1791368271.533706,SYNC_CNT,176659
1791368271.536417,PHY_FRAMES,176659
1791368271.540166,ps_img,176136
1791368271.566627,SYNC_CNT,176660
1791368271.566810,IMG_FRAMES,176177
1791368271.566810,IMG_SENT,176137
1791368271.569392,PHY_FRAMES,176660
1791368271.574521,ps_img,176137
1791368271.599375,SYNC_CNT,176661
1791368271.599728,IMG_SENT,176138
1791368271.599790,IMG_FRAMES,176178
1791368271.602106,PHY_FRAMES,176661
1791368271.608380,ps_img,176138
1791368271.632503,IMG_FRAMES,176179
1791368271.632503,IMG_SENT,176139
1791368271.633734,SYNC_CNT,176662
1791368271.636462,PHY_FRAMES,176662
1791368271.639400,ps_img,176139
1791368271.666850,IMG_FRAMES,176180
1791368271.666850,IMG_SENT,176140
1791368271.667093,SYNC_CNT,176663
1791368271.669833,PHY_FRAMES,176663
1791368271.675654,ps_img,176140
1791368271.700085,SYNC_CNT,176664
1791368271.700210,IMG_FRAMES,176181
1791368271.700210,IMG_SENT,176141
1791368271.702817,PHY_FRAMES,176664
1791368271.707211,ps_img,176141
1791368271.733082,SYNC_CNT,176665
1791368271.733204,IMG_FRAMES,176182
1791368271.733204,IMG_SENT,176142
1791368271.735800,PHY_FRAMES,176665
1791368271.740100,ps_img,176142
1791368271.766203,IMG_FRAMES,176183
1791368271.766203,IMG_SENT,176143
1791368271.767127,SYNC_CNT,176666
1791368271.769836,PHY_FRAMES,176666
1791368271.784768,ps_img,176143
1791368271.800250,SYNC_CNT,176667
1791368271.800250,IMG_FRAMES,176184
1791368271.800250,IMG_SENT,176144
1791368271.802947,PHY_FRAMES,176667
1791368271.818738,ps_img,176144
1791368271.833824,SYNC_CNT,176668
1791368271.834941,IMG_SENT,176145
1791368271.835005,IMG_FRAMES,176185
1791368271.836529,PHY_FRAMES,176668
1791368271.844383,ps_img,176145
1791368271.866879,SYNC_CNT,176669
1791368271.866879,IMG_SENT,176146
1791368271.867005,IMG_FRAMES,176186
1791368271.869620,PHY_FRAMES,176669
1791368271.879559,ps_img,176146
1791368271.899978,IMG_FRAMES,176187
1791368271.899978,IMG_SENT,176147
1791368271.900172,SYNC_CNT,176670
1791368271.902883,PHY_FRAMES,176670
1791368271.909039,ps_img,176147
1791368271.933221,IMG_SENT,176148
1791368271.933288,IMG_FRAMES,176188
1791368271.933351,SYNC_CNT,176671
1791368271.936113,PHY_FRAMES,176671
1791368271.942800,ps_img,176148
1791368271.966471,IMG_FRAMES,176189
1791368271.966471,IMG_SENT,176149
1791368271.967183,SYNC_CNT,176672
1791368271.969919,PHY_FRAMES,176672
1791368271.976007,ps_img,176149
1791368272.000291,IMG_FRAMES,176190
1791368272.000291,IMG_SENT,176150
1791368272.001878,SYNC_CNT,176673
1791368272.004634,PHY_FRAMES,176673
1791368272.007777,ps_img,176150
1791368272.034912,SYNC_CNT,176674
1791368272.034978,IMG_FRAMES,176191
1791368272.034978,IMG_SENT,176151
1791368272.037649,PHY_FRAMES,176674
1791368272.044132,ps_img,176151
1791368272.068002,IMG_FRAMES,176192
1791368272.068002,IMG_SENT,176152
1791368272.068189,SYNC_CNT,176675
1791368272.070916,PHY_FRAMES,176675
1791368272.077500,ps_img,176152
1791368272.101307,IMG_FRAMES,176193
1791368272.101307,IMG_SENT,176153
1791368272.101377,SYNC_CNT,176676
1791368272.104105,PHY_FRAMES,176676
1791368272.110483,ps_img,176153
1791368272.134244,SYNC_CNT,176677
1791368272.134482,IMG_FRAMES,176194
1791368272.134482,IMG_SENT,176154
1791368272.136961,PHY_FRAMES,176677
1791368272.142867,ps_img,176154
1791368272.167338,IMG_SENT,176155
1791368272.167403,SYNC_CNT,176678
1791368272.167403,IMG_FRAMES,176195
1791368272.170080,PHY_FRAMES,176678
1791368272.176192,ps_img,176155
1791368272.200476,IMG_FRAMES,176196
1791368272.200476,IMG_SENT,176156
1791368272.200764,SYNC_CNT,176679
1791368272.203490,PHY_FRAMES,176679
1791368272.207607,ps_img,176156
1791368272.233882,IMG_FRAMES,176197
1791368272.233882,IMG_SENT,176157
1791368272.233950,SYNC_CNT,176680
1791368272.236694,PHY_FRAMES,176680
1791368272.242630,ps_img,176157
1791368272.267071,IMG_FRAMES,176198
1791368272.267071,IMG_SENT,176158
1791368272.267141,SYNC_CNT,176681
1791368272.269866,PHY_FRAMES,176681
1791368272.279504,ps_img,176158
1791368272.300229,IMG_FRAMES,176199
1791368272.300229,IMG_SENT,176159
1791368272.300664,SYNC_CNT,176682
1791368272.303376,PHY_FRAMES,176682
1791368272.308746,ps_img,176159
1791368272.333675,SYNC_CNT,176683
1791368272.333742,IMG_FRAMES,176200
1791368272.333742,IMG_SENT,176160
1791368272.336413,PHY_FRAMES,176683
1791368272.348660,ps_img,176160
1791368272.366769,IMG_SENT,176161
1791368272.366838,IMG_FRAMES,176201
1791368272.367141,SYNC_CNT,176684
1791368272.369903,PHY_FRAMES,176684
1791368272.375490,ps_img,176161
1791368272.400234,SYNC_CNT,176685
1791368272.400234,IMG_FRAMES,176202
1791368272.400234,IMG_SENT,176162
1791368272.402957,PHY_FRAMES,176685
1791368272.408170,ps_img,176162
1791368272.433337,IMG_FRAMES,176203
1791368272.433337,IMG_SENT,176163
1791368272.433698,SYNC_CNT,176686
1791368272.436415,PHY_FRAMES,176686
1791368272.442260,ps_img,176163
1791368272.466785,IMG_FRAMES,176204
1791368272.466785,IMG_SENT,176164
1791368272.466854,SYNC_CNT,176687
1791368272.469536,PHY_FRAMES,176687
1791368272.476239,ps_img,176164
1791368272.499924,IMG_FRAMES,176205
1791368272.499924,IMG_SENT,176165
1791368272.500167,SYNC_CNT,176688
1791368272.502895,PHY_FRAMES,176688
1791368272.507518,ps_img,176165
1791368272.533227,IMG_SENT,176166
1791368272.533293,IMG_FRAMES,176206
1791368272.533702,SYNC_CNT,176689
1791368272.536417,PHY_FRAMES,176689
1791368272.542293,ps_img,176166
1791368272.566824,IMG_FRAMES,176207
1791368272.566824,IMG_SENT,176167
1791368272.567074,SYNC_CNT,176690
1791368272.569750,PHY_FRAMES,176690
1791368272.576651,ps_img,176167
1791368272.600145,IMG_FRAMES,176208
1791368272.600145,IMG_SENT,176168
1791368272.600507,SYNC_CNT,176691
1791368272.603211,PHY_FRAMES,176691
1791368272.609284,ps_img,176168
1791368272.633632,IMG_FRAMES,176209
1791368272.633632,IMG_SENT,176169
1791368272.633701,SYNC_CNT,176692
1791368272.636403,PHY_FRAMES,176692
1791368272.642451,ps_img,176169
1791368272.666784,IMG_FRAMES,176210
1791368272.666784,IMG_SENT,176170
1791368272.667143,SYNC_CNT,176693
1791368272.669843,PHY_FRAMES,176693
1791368272.676155,ps_img,176170
1791368272.700229,SYNC_CNT,176694
1791368272.700229,IMG_FRAMES,176211
1791368272.700229,IMG_SENT,176171
1791368272.702965,PHY_FRAMES,176694
1791368272.709294,ps_img,176171
1791368272.733340,IMG_FRAMES,176212
1791368272.733340,IMG_SENT,176172
1791368272.733696,SYNC_CNT,176695
1791368272.736393,PHY_FRAMES,176695
1791368272.742491,ps_img,176172
1791368272.766633,SYNC_CNT,176696
1791368272.766818,IMG_FRAMES,176213
1791368272.766818,IMG_SENT,176173
1791368272.769347,PHY_FRAMES,176696
1791368272.776227,ps_img,176173
1791368272.799388,SYNC_CNT,176697
1791368272.799749,IMG_FRAMES,176214
1791368272.799749,IMG_SENT,176174
1791368272.802093,PHY_FRAMES,176697
1791368272.810318,ps_img,176174
1791368272.832231,SYNC_CNT,176698
1791368272.832472,IMG_FRAMES,176215
1791368272.832472,IMG_SENT,176175
1791368272.834956,PHY_FRAMES,176698
1791368272.841725,ps_img,176175
1791368272.865322,IMG_FRAMES,176216
1791368272.865322,IMG_SENT,176176
1791368272.867065,SYNC_CNT,176699
1791368272.869792,PHY_FRAMES,176699
1791368272.877366,ps_img,176176
1791368272.900140,IMG_FRAMES,176217
1791368272.900140,IMG_SENT,176177
1791368272.900383,SYNC_CNT,176700
1791368272.903114,PHY_FRAMES,176700
1791368272.908889,ps_img,176177
1791368272.933467,IMG_SENT,176178
1791368272.933533,IMG_FRAMES,176218
1791368272.933711,SYNC_CNT,176701
1791368272.936388,PHY_FRAMES,176701
1791368272.942351,ps_img,176178
1791368272.966802,IMG_FRAMES,176219
1791368272.966802,IMG_SENT,176179
1791368272.967062,SYNC_CNT,176702
1791368272.969881,PHY_FRAMES,176702
1791368272.979243,ps_img,176179
1791368273.000171,IMG_FRAMES,176220
1791368273.000171,IMG_SENT,176180
1791368273.000240,SYNC_CNT,176703
1791368273.002959,PHY_FRAMES,176703
1791368273.008295,ps_img,176180
1791368273.032896,SYNC_CNT,176704
1791368273.033366,IMG_FRAMES,176221
1791368273.033366,IMG_SENT,176181
1791368273.035635,PHY_FRAMES,176704
1791368273.041244,ps_img,176181
1791368273.065650,SYNC_CNT,176705
1791368273.066018,IMG_FRAMES,176222
1791368273.066018,IMG_SENT,176182
1791368273.068375,PHY_FRAMES,176705
1791368273.077562,ps_img,176182
1791368273.098732,IMG_FRAMES,176223
1791368273.098732,IMG_SENT,176183
1791368273.099359,SYNC_CNT,176706
1791368273.102110,PHY_FRAMES,176706
1791368273.108336,ps_img,176183
1791368273.132460,IMG_FRAMES,176224
1791368273.132460,IMG_SENT,176184
1791368273.133764,SYNC_CNT,176707
1791368273.136494,PHY_FRAMES,176707
1791368273.141494,ps_img,176184
1791368273.166832,SYNC_CNT,176708
1791368273.166898,IMG_FRAMES,176225
1791368273.166898,IMG_SENT,176185
1791368273.169531,PHY_FRAMES,176708
1791368273.177265,ps_img,176185
1791368273.199923,IMG_FRAMES,176226
1791368273.199923,IMG_SENT,176186
1791368273.200396,SYNC_CNT,176709
1791368273.203120,PHY_FRAMES,176709
1791368273.208401,ps_img,176186
1791368273.233477,IMG_FRAMES,176227
1791368273.233477,IMG_SENT,176187
1791368273.233662,SYNC_CNT,176710
1791368273.236369,PHY_FRAMES,176710
1791368273.245623,ps_img,176187
1791368273.266725,IMG_SENT,176188
1791368273.266791,IMG_FRAMES,176228
1791368273.267088,SYNC_CNT,176711
1791368273.269802,PHY_FRAMES,176711
1791368273.300221,IMG_FRAMES,176229
1791368273.300221,IMG_SENT,176189
1791368273.300293,SYNC_CNT,176712
1791368273.302742,ps_img,176188
1791368273.303059,PHY_FRAMES,176712
1791368273.317807,ps_img,176189
1791368273.333389,IMG_FRAMES,176230
1791368273.333389,IMG_SENT,176190
1791368273.333694,SYNC_CNT,176713
1791368273.336381,PHY_FRAMES,176713
1791368273.348560,ps_img,176190
1791368273.366831,SYNC_CNT,176714
1791368273.366831,IMG_FRAMES,176231
1791368273.366831,IMG_SENT,176191
1791368273.369525,PHY_FRAMES,176714
1791368273.378887,ps_img,176191
1791368273.399949,IMG_FRAMES,176232
1791368273.399949,IMG_SENT,176192
1791368273.400196,SYNC_CNT,176715
1791368273.402899,PHY_FRAMES,176715
1791368273.407892,ps_img,176192
1791368273.433257,IMG_FRAMES,176233
1791368273.433257,IMG_SENT,176193
1791368273.433385,SYNC_CNT,176716
1791368273.436081,PHY_FRAMES,176716
1791368273.443178,ps_img,176193
1791368273.466506,IMG_FRAMES,176234
1791368273.466506,IMG_SENT,176194
1791368273.467125,SYNC_CNT,176717
1791368273.469864,PHY_FRAMES,176717
1791368273.477902,ps_img,176194
1791368273.500237,IMG_FRAMES,176235
1791368273.500237,IMG_SENT,176195
1791368273.500637,SYNC_CNT,176718
1791368273.503339,PHY_FRAMES,176718
1791368273.509018,ps_img,176195
1791368273.533685,SYNC_CNT,176719
1791368273.533751,IMG_FRAMES,176236
1791368273.533751,IMG_SENT,176196
1791368273.536408,PHY_FRAMES,176719
1791368273.540874,ps_img,176196
1791368273.566788,IMG_FRAMES,176237
1791368273.566788,IMG_SENT,176197
1791368273.567087,SYNC_CNT,176720
1791368273.569776,PHY_FRAMES,176720
1791368273.575897,ps_img,176197
1791368273.600192,IMG_FRAMES,176238
1791368273.600192,IMG_SENT,176198
1791368273.600262,SYNC_CNT,176721
1791368273.602958,PHY_FRAMES,176721
1791368273.609456,ps_img,176198
1791368273.633325,IMG_FRAMES,176239
1791368273.633325,IMG_SENT,176199
1791368273.633740,SYNC_CNT,176722
1791368273.636434,PHY_FRAMES,176722
1791368273.642221,ps_img,176199
1791368273.666834,SYNC_CNT,176723
1791368273.666834,IMG_FRAMES,176240
1791368273.666834,IMG_SENT,176200
1791368273.669528,PHY_FRAMES,176723
1791368273.675312,ps_img,176200
1791368273.699966,IMG_FRAMES,176241
1791368273.699966,IMG_SENT,176201
1791368273.700150,SYNC_CNT,176724
1791368273.702810,PHY_FRAMES,176724
1791368273.708455,ps_img,176201
1791368273.733216,IMG_FRAMES,176242
1791368273.733216,IMG_SENT,176202
1791368273.733342,SYNC_CNT,176725
1791368273.736052,PHY_FRAMES,176725
1791368273.740191,ps_img,176202
1791368273.766429,IMG_SENT,176203
1791368273.766496,IMG_FRAMES,176243
1791368273.767220,SYNC_CNT,176726
1791368273.769942,PHY_FRAMES,176726
1791368273.786355,ps_img,176203
1791368273.800144,SYNC_CNT,176727
1791368273.800329,IMG_FRAMES,176244
1791368273.800329,IMG_SENT,176204
1791368273.802892,PHY_FRAMES,176727
1791368273.815012,ps_img,176204
1791368273.833117,SYNC_CNT,176728
1791368273.833241,IMG_FRAMES,176245
1791368273.833241,IMG_SENT,176205
1791368273.835819,PHY_FRAMES,176728
1791368273.850103,ps_img,176205
1791368273.866212,IMG_FRAMES,176246
1791368273.866212,IMG_SENT,176206
1791368273.867113,SYNC_CNT,176729
1791368273.869852,PHY_FRAMES,176729
1791368273.882664,ps_img,176206
1791368273.900221,SYNC_CNT,176730
1791368273.900221,IMG_FRAMES,176247
1791368273.900221,IMG_SENT,176207
1791368273.902947,PHY_FRAMES,176730
1791368273.909059,ps_img,176207
1791368273.933342,IMG_FRAMES,176248
1791368273.933342,IMG_SENT,176208
1791368273.933713,SYNC_CNT,176731
1791368273.936406,PHY_FRAMES,176731
1791368273.942206,ps_img,176208
1791368273.966770,IMG_FRAMES,176249
1791368273.966770,IMG_SENT,176209
1791368273.966841,SYNC_CNT,176732
1791368273.969569,PHY_FRAMES,176732
1791368273.989079,ps_img,176209
1791368274.000015,IMG_SENT,176210
1791368274.000080,IMG_FRAMES,176250
1791368274.000142,SYNC_CNT,176733
1791368274.002860,PHY_FRAMES,176733
1791368274.007499,ps_img,176210
1791368274.033233,IMG_FRAMES,176251
1791368274.033233,IMG_SENT,176211
1791368274.033358,SYNC_CNT,176734
1791368274.036055,PHY_FRAMES,176734
1791368274.041625,ps_img,176211
1791368274.066459,IMG_FRAMES,176252
1791368274.066459,IMG_SENT,176212
1791368274.067113,SYNC_CNT,176735
1791368274.069797,PHY_FRAMES,176735
1791368274.077430,ps_img,176212
1791368274.100162,IMG_SENT,176213
1791368274.100239,IMG_FRAMES,176253
1791368274.100486,SYNC_CNT,176736
1791368274.103192,PHY_FRAMES,176736
1791368274.111147,ps_img,176213
1791368274.133565,IMG_FRAMES,176254
1791368274.133565,IMG_SENT,176214
1791368274.133633,SYNC_CNT,176737
1791368274.136332,PHY_FRAMES,176737
1791368274.141269,ps_img,176214
1791368274.166717,IMG_SENT,176215
1791368274.166784,IMG_FRAMES,176255
1791368274.167023,SYNC_CNT,176738
1791368274.169765,PHY_FRAMES,176738
1791368274.175821,ps_img,176215
1791368274.200132,IMG_FRAMES,176256
1791368274.200132,IMG_SENT,176216
1791368274.200200,SYNC_CNT,176739
1791368274.202911,PHY_FRAMES,176739
1791368274.209291,ps_img,176216
1791368274.233325,IMG_FRAMES,176257
1791368274.233325,IMG_SENT,176217
1791368274.233509,SYNC_CNT,176740
1791368274.236210,PHY_FRAMES,176740
1791368274.242645,ps_img,176217
1791368274.266587,IMG_FRAMES,176258
1791368274.266587,IMG_SENT,176218
1791368274.266715,SYNC_CNT,176741
1791368274.269437,PHY_FRAMES,176741
1791368274.279929,ps_img,176218
1791368274.299881,IMG_FRAMES,176259
1791368274.299881,IMG_SENT,176219
1791368274.300138,SYNC_CNT,176742
1791368274.302865,PHY_FRAMES,176742
1791368274.313796,ps_img,176219
1791368274.333270,SYNC_CNT,176743
1791368274.333270,IMG_FRAMES,176260
1791368274.333270,IMG_SENT,176220
1791368274.335964,PHY_FRAMES,176743
1791368274.344508,ps_img,176220
1791368274.366388,IMG_FRAMES,176261
1791368274.366388,IMG_SENT,176221
1791368274.366887,SYNC_CNT,176744
1791368274.369558,PHY_FRAMES,176744
1791368274.383681,ps_img,176221
1791368274.399991,IMG_FRAMES,176262
1791368274.399991,IMG_SENT,176222
1791368274.400411,SYNC_CNT,176745
1791368274.403156,PHY_FRAMES,176745
1791368274.410831,ps_img,176222
1791368274.433086,SYNC_CNT,176746
1791368274.433558,IMG_FRAMES,176263
1791368274.433558,IMG_SENT,176223
1791368274.435813,PHY_FRAMES,176746
1791368274.443275,ps_img,176223
1791368274.466200,IMG_FRAMES,176264
1791368274.466200,IMG_SENT,176224
1791368274.467022,SYNC_CNT,176747
1791368274.469745,PHY_FRAMES,176747
1791368274.479063,ps_img,176224
1791368274.500110,IMG_FRAMES,176265
1791368274.500110,IMG_SENT,176225
1791368274.500236,SYNC_CNT,176748
1791368274.502940,PHY_FRAMES,176748
1791368274.509349,ps_img,176225
1791368274.533325,IMG_SENT,176226
1791368274.533389,IMG_FRAMES,176266
1791368274.533624,SYNC_CNT,176749
1791368274.536371,PHY_FRAMES,176749
1791368274.542592,ps_img,176226
1791368274.566765,IMG_FRAMES,176267
1791368274.566765,IMG_SENT,176227
1791368274.566834,SYNC_CNT,176750
1791368274.569647,PHY_FRAMES,176750
1791368274.575849,ps_img,176227
1791368274.599953,IMG_FRAMES,176268
1791368274.599953,IMG_SENT,176228
1791368274.600139,SYNC_CNT,176751
1791368274.602884,PHY_FRAMES,176751
1791368274.609372,ps_img,176228
1791368274.633222,IMG_SENT,176229
1791368274.633286,IMG_FRAMES,176269
1791368274.633348,SYNC_CNT,176752
1791368274.636096,PHY_FRAMES,176752
1791368274.642382,ps_img,176229
1791368274.666496,IMG_FRAMES,176270
1791368274.666496,IMG_SENT,176230
1791368274.667147,SYNC_CNT,176753
1791368274.669848,PHY_FRAMES,176753
1791368274.675811,ps_img,176230
1791368274.700116,SYNC_CNT,176754
1791368274.700240,IMG_FRAMES,176271
1791368274.700240,IMG_SENT,176231
1791368274.702791,PHY_FRAMES,176754
1791368274.707718,ps_img,176231
1791368274.733091,SYNC_CNT,176755
1791368274.733214,IMG_FRAMES,176272
1791368274.733214,IMG_SENT,176232
1791368274.735814,PHY_FRAMES,176755
1791368274.742527,ps_img,176232
1791368274.766208,IMG_FRAMES,176273
1791368274.766208,IMG_SENT,176233
1791368274.767040,SYNC_CNT,176756
1791368274.769779,PHY_FRAMES,176756
1791368274.794572,ps_img,176233
1791368274.800198,IMG_FRAMES,176274
1791368274.800198,IMG_SENT,176234
1791368274.800272,SYNC_CNT,176757
1791368274.802935,PHY_FRAMES,176757
1791368274.814464,ps_img,176234
1791368274.833345,IMG_FRAMES,176275
1791368274.833345,IMG_SENT,176235
1791368274.833656,SYNC_CNT,176758
1791368274.836356,PHY_FRAMES,176758
1791368274.848788,ps_img,176235
1791368274.866747,IMG_FRAMES,176276
1791368274.866747,IMG_SENT,176236
1791368274.866816,SYNC_CNT,176759
1791368274.869535,PHY_FRAMES,176759
1791368274.886918,ps_img,176236
1791368274.899899,IMG_FRAMES,176277
1791368274.899899,IMG_SENT,176237
1791368274.900176,SYNC_CNT,176760
1791368274.902869,PHY_FRAMES,176760
1791368274.907641,ps_img,176237
1791368274.933274,IMG_FRAMES,176278
1791368274.933274,IMG_SENT,176238
1791368274.933345,SYNC_CNT,176761
1791368274.936048,PHY_FRAMES,176761
1791368274.941181,ps_img,176238
1791368274.966424,IMG_SENT,176239
1791368274.966493,IMG_FRAMES,176279
1791368274.967143,SYNC_CNT,176762
1791368274.969854,PHY_FRAMES,176762
1791368274.981560,ps_img,176239
1791368275.000237,IMG_FRAMES,176280
1791368275.000237,IMG_SENT,176240
1791368275.001351,SYNC_CNT,176763
1791368275.004085,PHY_FRAMES,176763
1791368275.007317,ps_img,176240
1791368275.034228,SYNC_CNT,176764
1791368275.034466,IMG_FRAMES,176281
1791368275.034466,IMG_SENT,176241
1791368275.036950,PHY_FRAMES,176764
1791368275.042629,ps_img,176241
1791368275.067041,SYNC_CNT,176765
1791368275.067282,IMG_SENT,176242
1791368275.067344,IMG_FRAMES,176282
1791368275.069788,PHY_FRAMES,176765
1791368275.079154,ps_img,176242
1791368275.100141,IMG_SENT,176243
1791368275.100208,IMG_FRAMES,176283
1791368275.100269,SYNC_CNT,176766
1791368275.102973,PHY_FRAMES,176766
1791368275.111061,ps_img,176243
1791368275.133373,IMG_FRAMES,176284
1791368275.133373,IMG_SENT,176244
1791368275.133673,SYNC_CNT,176767
1791368275.136379,PHY_FRAMES,176767
1791368275.141107,ps_img,176244
1791368275.166755,IMG_FRAMES,176285
1791368275.166755,IMG_SENT,176245
1791368275.166852,SYNC_CNT,176768
1791368275.169554,PHY_FRAMES,176768
1791368275.179051,ps_img,176245
1791368275.199965,IMG_FRAMES,176286
1791368275.199965,IMG_SENT,176246
1791368275.200354,SYNC_CNT,176769
1791368275.202837,PHY_FRAMES,176769
1791368275.208778,ps_img,176246
1791368275.233248,IMG_FRAMES,176287
1791368275.233248,IMG_SENT,176247
1791368275.233374,SYNC_CNT,176770
1791368275.236077,PHY_FRAMES,176770
1791368275.240968,ps_img,176247
1791368275.266475,IMG_FRAMES,176288
1791368275.266475,IMG_SENT,176248
1791368275.267018,SYNC_CNT,176771
1791368275.269738,PHY_FRAMES,176771
1791368275.296281,ps_img,176248
1791368275.300085,IMG_SENT,176249
1791368275.300152,IMG_FRAMES,176289
1791368275.300337,SYNC_CNT,176772
1791368275.303170,PHY_FRAMES,176772
1791368275.324959,ps_img,176249
1791368275.333094,SYNC_CNT,176773
1791368275.333433,IMG_FRAMES,176290
1791368275.333433,IMG_SENT,176250
1791368275.335841,PHY_FRAMES,176773
1791368275.342662,clk,-44902450897208
1791368275.342662,clk_rtt,587
1791368275.344788,ps_img,176250
1791368275.366194,IMG_FRAMES,176291
1791368275.366194,IMG_SENT,176251
1791368275.367030,SYNC_CNT,176774
1791368275.369753,PHY_FRAMES,176774
1791368275.385378,ps_img,176251
1791368275.400121,IMG_FRAMES,176292
1791368275.400121,IMG_SENT,176252
1791368275.400198,SYNC_CNT,176775
1791368275.402951,PHY_FRAMES,176775
1791368275.408502,ps_img,176252
1791368275.433114,SYNC_CNT,176776
1791368275.433354,IMG_FRAMES,176293
1791368275.433354,IMG_SENT,176253
1791368275.435827,PHY_FRAMES,176776
1791368275.441246,ps_img,176253
1791368275.466242,SYNC_CNT,176777
1791368275.466242,IMG_FRAMES,176294
1791368275.466242,IMG_SENT,176254
1791368275.468940,PHY_FRAMES,176777
1791368275.479294,ps_img,176254
1791368275.499368,SYNC_CNT,176778
1791368275.499368,IMG_FRAMES,176295
1791368275.499368,IMG_SENT,176255
1791368275.502108,PHY_FRAMES,176778
1791368275.507275,ps_img,176255
1791368275.532471,IMG_FRAMES,176296
1791368275.532471,IMG_SENT,176256
1791368275.533760,SYNC_CNT,176779
1791368275.536484,PHY_FRAMES,176779
1791368275.540132,ps_img,176256
1791368275.566853,IMG_FRAMES,176297
1791368275.566853,IMG_SENT,176257
1791368275.567096,SYNC_CNT,176780
1791368275.569764,PHY_FRAMES,176780
1791368275.579363,ps_img,176257
1791368275.600184,IMG_FRAMES,176298
1791368275.600184,IMG_SENT,176258
1791368275.600312,SYNC_CNT,176781
1791368275.603072,PHY_FRAMES,176781
1791368275.609698,ps_img,176258
1791368275.633062,SYNC_CNT,176782
1791368275.633419,IMG_FRAMES,176299
1791368275.633419,IMG_SENT,176259
1791368275.635791,PHY_FRAMES,176782
1791368275.640985,ps_img,176259
1791368275.666184,IMG_FRAMES,176300
1791368275.666184,IMG_SENT,176260
1791368275.667060,SYNC_CNT,176783
1791368275.669795,PHY_FRAMES,176783
1791368275.680887,ps_img,176260
1791368275.700196,SYNC_CNT,176784
1791368275.700196,IMG_FRAMES,176301
1791368275.700196,IMG_SENT,176261
1791368275.702866,PHY_FRAMES,176784
1791368275.708026,ps_img,176261
1791368275.733301,IMG_FRAMES,176302
1791368275.733301,IMG_SENT,176262
1791368275.733659,SYNC_CNT,176785
1791368275.736379,PHY_FRAMES,176785
1791368275.740834,ps_img,176262
1791368275.766771,IMG_FRAMES,176303
1791368275.766771,IMG_SENT,176263
1791368275.766842,SYNC_CNT,176786
1791368275.769562,PHY_FRAMES,176786
1791368275.784638,ps_img,176263
1791368275.799894,IMG_SENT,176264
1791368275.799960,IMG_FRAMES,176304
1791368275.800139,SYNC_CNT,176787
1791368275.802961,PHY_FRAMES,176787
1791368275.811584,ps_img,176264
1791368275.833233,IMG_FRAMES,176305
1791368275.833233,IMG_SENT,176265
1791368275.833389,SYNC_CNT,176788
1791368275.836123,PHY_FRAMES,176788
1791368275.847034,ps_img,176265
1791368275.866524,IMG_FRAMES,176306
1791368275.866524,IMG_SENT,176266
1791368275.867063,SYNC_CNT,176789
1791368275.869742,PHY_FRAMES,176789
1791368275.890758,ps_img,176266
1791368275.900014,SYNC_CNT,176790
1791368275.900144,IMG_FRAMES,176307
1791368275.900144,IMG_SENT,176267
1791368275.902701,PHY_FRAMES,176790
1791368275.911481,ps_img,176267
1791368275.933090,SYNC_CNT,176791
1791368275.933090,IMG_FRAMES,176308
1791368275.933090,IMG_SENT,176268
1791368275.935819,PHY_FRAMES,176791
1791368275.941705,ps_img,176268
1791368275.966213,IMG_FRAMES,176309
1791368275.966213,IMG_SENT,176269
1791368275.967101,SYNC_CNT,176792
1791368275.969796,PHY_FRAMES,176792
1791368275.980043,ps_img,176269
1791368276.000198,IMG_FRAMES,176310
1791368276.000198,IMG_SENT,176270
1791368276.000291,SYNC_CNT,176793
1791368276.002917,PHY_FRAMES,176793
1791368276.008999,ps_img,176270
1791368276.033320,IMG_FRAMES,176311
1791368276.033320,IMG_SENT,176271
1791368276.033679,SYNC_CNT,176794
1791368276.036356,PHY_FRAMES,176794
1791368276.041861,ps_img,176271
1791368276.066743,IMG_SENT,176272
1791368276.066807,SYNC_CNT,176795
1791368276.066807,IMG_FRAMES,176312
1791368276.069503,PHY_FRAMES,176795
1791368276.087595,ps_img,176272
1791368276.099909,IMG_FRAMES,176313
1791368276.099909,IMG_SENT,176273
1791368276.100098,SYNC_CNT,176796
1791368276.102818,PHY_FRAMES,176796
1791368276.108468,ps_img,176273
1791368276.132782,SYNC_CNT,176797
1791368276.133193,IMG_SENT,176274
1791368276.133255,IMG_FRAMES,176314
1791368276.135515,PHY_FRAMES,176797
1791368276.142183,ps_img,176274
1791368276.165865,IMG_SENT,176275
1791368276.165930,IMG_FRAMES,176315
1791368276.166629,SYNC_CNT,176798
1791368276.169336,PHY_FRAMES,176798
1791368276.178462,ps_img,176275
1791368276.199725,IMG_FRAMES,176316
1791368276.199725,IMG_SENT,176276
1791368276.200320,SYNC_CNT,176799
1791368276.203015,PHY_FRAMES,176799
1791368276.208571,ps_img,176276
1791368276.233084,SYNC_CNT,176800
1791368276.233437,IMG_FRAMES,176317
1791368276.233437,IMG_SENT,176277
1791368276.235763,PHY_FRAMES,176800
1791368276.240446,ps_img,176277
1791368276.266166,IMG_FRAMES,176318
1791368276.266166,IMG_SENT,176278
1791368276.267052,SYNC_CNT,176801
1791368276.269791,PHY_FRAMES,176801
1791368276.287758,ps_img,176278
1791368276.300196,SYNC_CNT,176802
1791368276.300196,IMG_FRAMES,176319
1791368276.300196,IMG_SENT,176279
1791368276.302952,PHY_FRAMES,176802
1791368276.318034,ps_img,176279
1791368276.333314,IMG_FRAMES,176320
1791368276.333314,IMG_SENT,176280
1791368276.333735,SYNC_CNT,176803
1791368276.336468,PHY_FRAMES,176803
1791368276.350646,ps_img,176280
1791368276.366835,SYNC_CNT,176804
1791368276.366835,IMG_FRAMES,176321
1791368276.366835,IMG_SENT,176281
1791368276.369538,PHY_FRAMES,176804
1791368276.385250,ps_img,176281
1791368276.399923,IMG_FRAMES,176322
1791368276.399923,IMG_SENT,176282
1791368276.400167,SYNC_CNT,176805
1791368276.402849,PHY_FRAMES,176805
1791368276.410458,ps_img,176282
1791368276.433259,IMG_FRAMES,176323
1791368276.433259,IMG_SENT,176283
1791368276.433359,SYNC_CNT,176806
1791368276.436092,PHY_FRAMES,176806
1791368276.442450,ps_img,176283
1791368276.466468,IMG_FRAMES,176324
1791368276.466468,IMG_SENT,176284
1791368276.467057,SYNC_CNT,176807
1791368276.469782,PHY_FRAMES,176807
1791368276.473821,ps_img,176284
1791368276.500029,SYNC_CNT,176808
1791368276.500209,IMG_FRAMES,176325
1791368276.500209,IMG_SENT,176285
1791368276.502773,PHY_FRAMES,176808
1791368276.509168,ps_img,176285
1791368276.533051,SYNC_CNT,176809
1791368276.533117,IMG_SENT,176286
1791368276.533178,IMG_FRAMES,176326
1791368276.535790,PHY_FRAMES,176809
1791368276.541259,ps_img,176286
1791368276.566182,IMG_FRAMES,176327
1791368276.566182,IMG_SENT,176287
1791368276.567063,SYNC_CNT,176810
1791368276.569798,PHY_FRAMES,176810
1791368276.574919,ps_img,176287
1791368276.600178,IMG_FRAMES,176328
1791368276.600178,IMG_SENT,176288
1791368276.600246,SYNC_CNT,176811
1791368276.602942,PHY_FRAMES,176811
1791368276.609377,ps_img,176288
1791368276.633303,SYNC_CNT,176812
1791368276.633303,IMG_FRAMES,176329
1791368276.633303,IMG_SENT,176289
1791368276.636034,PHY_FRAMES,176812
1791368276.641873,ps_img,176289
1791368276.666270,SYNC_CNT,176813
1791368276.666393,IMG_FRAMES,176330
1791368276.666393,IMG_SENT,176290
1791368276.668962,PHY_FRAMES,176813
1791368276.675236,ps_img,176290
1791368276.699359,SYNC_CNT,176814
1791368276.699359,IMG_FRAMES,176331
1791368276.699359,IMG_SENT,176291
1791368276.702113,PHY_FRAMES,176814
1791368276.708292,ps_img,176291
1791368276.732485,IMG_FRAMES,176332
1791368276.732485,IMG_SENT,176292
1791368276.733661,SYNC_CNT,176815
1791368276.736400,PHY_FRAMES,176815
1791368276.739722,ps_img,176292
1791368276.766738,IMG_FRAMES,176333
1791368276.766738,IMG_SENT,176293
1791368276.767099,SYNC_CNT,176816
1791368276.769835,PHY_FRAMES,176816
1791368276.788131,ps_img,176293
1791368276.800036,SYNC_CNT,176817
1791368276.800221,IMG_FRAMES,176334
1791368276.800221,IMG_SENT,176294
1791368276.802758,PHY_FRAMES,176817
1791368276.826318,ps_img,176294
1791368276.833135,SYNC_CNT,176818
1791368276.834297,IMG_FRAMES,176335
1791368276.834297,IMG_SENT,176295
1791368276.835745,PHY_FRAMES,176818
1791368276.845260,ps_img,176295
1791368276.866134,IMG_SENT,176296
1791368276.866199,IMG_FRAMES,176336
1791368276.867074,SYNC_CNT,176819
1791368276.869787,PHY_FRAMES,176819
1791368276.883639,ps_img,176296
1791368276.900172,IMG_FRAMES,176337
1791368276.900172,IMG_SENT,176297
1791368276.900242,SYNC_CNT,176820
1791368276.902969,PHY_FRAMES,176820
1791368276.910176,ps_img,176297
1791368276.933373,IMG_FRAMES,176338
1791368276.933373,IMG_SENT,176298
1791368276.933674,SYNC_CNT,176821
1791368276.936363,PHY_FRAMES,176821
1791368276.942495,ps_img,176298
1791368276.966792,SYNC_CNT,176822
1791368276.966792,IMG_FRAMES,176339
1791368276.966792,IMG_SENT,176299
1791368276.969522,PHY_FRAMES,176822
1791368276.976040,ps_img,176299
1791368276.999879,IMG_SENT,176300
1791368276.999944,IMG_FRAMES,176340
1791368277.000124,SYNC_CNT,176823
1791368277.002810,PHY_FRAMES,176823
1791368277.008658,ps_img,176300
1791368277.033239,IMG_FRAMES,176341
1791368277.033239,IMG_SENT,176301
1791368277.034061,SYNC_CNT,176824
1791368277.036821,PHY_FRAMES,176824
1791368277.040271,ps_img,176301
1791368277.067044,SYNC_CNT,176825
1791368277.067168,IMG_FRAMES,176342
1791368277.067168,IMG_SENT,176302
1791368277.069796,PHY_FRAMES,176825
1791368277.076247,ps_img,176302
1791368277.100133,IMG_SENT,176303
1791368277.100198,IMG_FRAMES,176343
1791368277.100376,SYNC_CNT,176826
1791368277.103053,PHY_FRAMES,176826
1791368277.107883,ps_img,176303
1791368277.133054,SYNC_CNT,176827
1791368277.133466,IMG_FRAMES,176344
1791368277.133466,IMG_SENT,176304
1791368277.135788,PHY_FRAMES,176827
1791368277.142290,ps_img,176304
1791368277.166179,IMG_FRAMES,176345
1791368277.166179,IMG_SENT,176305
1791368277.167057,SYNC_CNT,176828
1791368277.169817,PHY_FRAMES,176828
1791368277.175131,ps_img,176305
1791368277.200192,IMG_FRAMES,176346
1791368277.200192,IMG_SENT,176306
1791368277.200260,SYNC_CNT,176829
1791368277.202955,PHY_FRAMES,176829
1791368277.207432,ps_img,176306
1791368277.233322,IMG_FRAMES,176347
1791368277.233322,IMG_SENT,176307
1791368277.233679,SYNC_CNT,176830
1791368277.236375,PHY_FRAMES,176830
1791368277.242446,ps_img,176307
1791368277.266806,SYNC_CNT,176831
1791368277.266806,IMG_FRAMES,176348
1791368277.266806,IMG_SENT,176308
1791368277.269512,PHY_FRAMES,176831
1791368277.283574,ps_img,176308
1791368277.299877,IMG_FRAMES,176349
1791368277.299877,IMG_SENT,176309
1791368277.300118,SYNC_CNT,176832
1791368277.302829,PHY_FRAMES,176832
1791368277.320288,ps_img,176309
1791368277.333203,IMG_FRAMES,176350
1791368277.333203,IMG_SENT,176310
1791368277.333333,SYNC_CNT,176833
1791368277.336157,PHY_FRAMES,176833
1791368277.347035,ps_img,176310
1791368277.366451,IMG_FRAMES,176351
1791368277.366451,IMG_SENT,176311
1791368277.367109,SYNC_CNT,176834
1791368277.369848,PHY_FRAMES,176834
1791368277.376300,ps_img,176311
1791368277.400200,IMG_FRAMES,176352
1791368277.400200,IMG_SENT,176312
1791368277.400506,SYNC_CNT,176835
1791368277.403205,PHY_FRAMES,176835
1791368277.409883,ps_img,176312
1791368277.433630,IMG_FRAMES,176353
1791368277.433630,IMG_SENT,176313
1791368277.433700,SYNC_CNT,176836
1791368277.436366,PHY_FRAMES,176836
1791368277.444719,ps_img,176313
1791368277.466773,IMG_FRAMES,176354
1791368277.466773,IMG_SENT,176314
1791368277.467075,SYNC_CNT,176837
1791368277.469790,PHY_FRAMES,176837
1791368277.475922,ps_img,176314
1791368277.500190,IMG_FRAMES,176355
1791368277.500190,IMG_SENT,176315
1791368277.500258,SYNC_CNT,176838
1791368277.502972,PHY_FRAMES,176838
1791368277.507510,ps_img,176315
1791368277.533347,IMG_FRAMES,176356
1791368277.533347,IMG_SENT,176316
1791368277.533705,SYNC_CNT,176839
1791368277.536409,PHY_FRAMES,176839
1791368277.542308,ps_img,176316
1791368277.566782,IMG_FRAMES,176357
1791368277.566782,IMG_SENT,176317
1791368277.566849,SYNC_CNT,176840
1791368277.569554,PHY_FRAMES,176840
1791368277.575657,ps_img,176317
1791368277.599899,IMG_SENT,176318
1791368277.599965,IMG_FRAMES,176358
1791368277.600142,SYNC_CNT,176841
1791368277.602830,PHY_FRAMES,176841
1791368277.609983,ps_img,176318
1791368277.633237,IMG_FRAMES,176359
1791368277.633237,IMG_SENT,176319
1791368277.633363,SYNC_CNT,176842
1791368277.636071,PHY_FRAMES,176842
1791368277.642434,ps_img,176319
1791368277.666476,IMG_FRAMES,176360
1791368277.666476,IMG_SENT,176320
1791368277.667125,SYNC_CNT,176843
1791368277.669841,PHY_FRAMES,176843
1791368277.675914,ps_img,176320
1791368277.700208,IMG_SENT,176321
1791368277.700274,IMG_FRAMES,176361
1791368277.701296,SYNC_CNT,176844
1791368277.704005,PHY_FRAMES,176844
1791368277.709712,ps_img,176321
1791368277.734269,SYNC_CNT,176845
1791368277.734393,IMG_FRAMES,176362
1791368277.734393,IMG_SENT,176322
1791368277.736948,PHY_FRAMES,176845
1791368277.741873,ps_img,176322
1791368277.767105,SYNC_CNT,176846
1791368277.767349,IMG_FRAMES,176363
1791368277.767349,IMG_SENT,176323
1791368277.769825,PHY_FRAMES,176846
1791368277.777814,ps_img,176323
1791368277.800197,SYNC_CNT,176847
1791368277.800197,IMG_FRAMES,176364
1791368277.800197,IMG_SENT,176324
1791368277.802941,PHY_FRAMES,176847
1791368277.812505,ps_img,176324
1791368277.833277,IMG_SENT,176325
1791368277.833344,IMG_FRAMES,176365
1791368277.833700,SYNC_CNT,176848
1791368277.836404,PHY_FRAMES,176848
1791368277.850396,ps_img,176325
1791368277.866797,SYNC_CNT,176849
1791368277.866797,IMG_FRAMES,176366
1791368277.866797,IMG_SENT,176326
1791368277.869504,PHY_FRAMES,176849
1791368277.877246,ps_img,176326
1791368277.899895,IMG_FRAMES,176367
1791368277.899895,IMG_SENT,176327
1791368277.900081,SYNC_CNT,176850
1791368277.902804,PHY_FRAMES,176850
1791368277.911804,ps_img,176327
1791368277.933193,IMG_FRAMES,176368
1791368277.933193,IMG_SENT,176328
1791368277.933332,SYNC_CNT,176851
1791368277.936085,PHY_FRAMES,176851
1791368277.942851,ps_img,176328
1791368277.966467,IMG_FRAMES,176369
1791368277.966467,IMG_SENT,176329
1791368277.967055,SYNC_CNT,176852
1791368277.969753,PHY_FRAMES,176852
1791368277.976039,ps_img,176329
1791368278.000174,IMG_FRAMES,176370
1791368278.000174,IMG_SENT,176330
1791368278.000359,SYNC_CNT,176853
1791368278.003046,PHY_FRAMES,176853
1791368278.008244,ps_img,176330
1791368278.033099,SYNC_CNT,176854
1791368278.033452,IMG_FRAMES,176371
1791368278.033452,IMG_SENT,176331
1791368278.035781,PHY_FRAMES,176854
1791368278.041706,ps_img,176331
1791368278.066192,IMG_FRAMES,176372
1791368278.066192,IMG_SENT,176332
1791368278.067074,SYNC_CNT,176855
1791368278.069782,PHY_FRAMES,176855
1791368278.074070,ps_img,176332
1791368278.100162,IMG_FRAMES,176373
1791368278.100162,IMG_SENT,176333
1791368278.100231,SYNC_CNT,176856
1791368278.102905,PHY_FRAMES,176856
1791368278.108943,ps_img,176333
1791368278.133292,IMG_FRAMES,176374
1791368278.133292,IMG_SENT,176334
1791368278.133504,SYNC_CNT,176857
1791368278.136229,PHY_FRAMES,176857
1791368278.142207,ps_img,176334
1791368278.166236,SYNC_CNT,176858
1791368278.166589,IMG_FRAMES,176375
1791368278.166589,IMG_SENT,176335
1791368278.168978,PHY_FRAMES,176858
1791368278.176891,ps_img,176335
1791368278.199327,IMG_FRAMES,176376
1791368278.199327,IMG_SENT,176336
1791368278.199397,SYNC_CNT,176859
1791368278.202084,PHY_FRAMES,176859
1791368278.207259,ps_img,176336
1791368278.232054,SYNC_CNT,176860
1791368278.232465,IMG_FRAMES,176377
1791368278.232465,IMG_SENT,176337
1791368278.234728,PHY_FRAMES,176860
1791368278.243039,ps_img,176337
1791368278.265123,IMG_FRAMES,176378
1791368278.265123,IMG_SENT,176338
1791368278.266994,SYNC_CNT,176861
1791368278.269728,PHY_FRAMES,176861
1791368278.284845,ps_img,176338
1791368278.300122,IMG_FRAMES,176379
1791368278.300122,IMG_SENT,176339
1791368278.300364,SYNC_CNT,176862
1791368278.303067,PHY_FRAMES,176862
1791368278.316772,ps_img,176339
1791368278.333447,IMG_SENT,176340
1791368278.333513,IMG_FRAMES,176380
1791368278.333634,SYNC_CNT,176863
1791368278.336354,PHY_FRAMES,176863
1791368278.343020,ps_img,176340
1791368278.366711,IMG_FRAMES,176381
1791368278.366711,IMG_SENT,176341
1791368278.367017,SYNC_CNT,176864
1791368278.369735,PHY_FRAMES,176864
1791368278.375828,ps_img,176341
1791368278.400112,IMG_SENT,176342
1791368278.400178,SYNC_CNT,176865
1791368278.400178,IMG_FRAMES,176382
1791368278.402913,PHY_FRAMES,176865
1791368278.411246,ps_img,176342
1791368278.433310,IMG_FRAMES,176383
1791368278.433310,IMG_SENT,176343
1791368278.433726,SYNC_CNT,176866
1791368278.436414,PHY_FRAMES,176866
1791368278.442913,ps_img,176343
1791368278.466796,IMG_FRAMES,176384
1791368278.466796,IMG_SENT,176344
1791368278.467156,SYNC_CNT,176867
1791368278.469892,PHY_FRAMES,176867
1791368278.475691,ps_img,176344
1791368278.500067,SYNC_CNT,176868
1791368278.500246,IMG_SENT,176345
1791368278.500307,IMG_FRAMES,176385
1791368278.502837,PHY_FRAMES,176868
1791368278.508892,ps_img,176345
1791368278.533193,IMG_FRAMES,176386
1791368278.533193,IMG_SENT,176346
1791368278.533319,SYNC_CNT,176869
1791368278.536031,PHY_FRAMES,176869
1791368278.542331,ps_img,176346
1791368278.566443,IMG_FRAMES,176387
1791368278.566443,IMG_SENT,176347
1791368278.567086,SYNC_CNT,176870
1791368278.569825,PHY_FRAMES,176870
1791368278.575285,ps_img,176347
1791368278.600233,IMG_FRAMES,176388
1791368278.600233,IMG_SENT,176348
1791368278.601325,SYNC_CNT,176871
1791368278.604029,PHY_FRAMES,176871
1791368278.609548,ps_img,176348
1791368278.634234,SYNC_CNT,176872
1791368278.634418,IMG_FRAMES,176389
1791368278.634418,IMG_SENT,176349
1791368278.636915,PHY_FRAMES,176872
1791368278.643084,ps_img,176349
1791368278.667081,SYNC_CNT,176873
1791368278.667319,IMG_FRAMES,176390
1791368278.667319,IMG_SENT,176350
1791368278.669824,PHY_FRAMES,176873
1791368278.676149,ps_img,176350
1791368278.700219,SYNC_CNT,176874
1791368278.700219,IMG_FRAMES,176391
1791368278.700219,IMG_SENT,176351
1791368278.702925,PHY_FRAMES,176874
1791368278.708786,ps_img,176351
1791368278.733336,IMG_FRAMES,176392
1791368278.733336,IMG_SENT,176352
1791368278.733463,SYNC_CNT,176875
1791368278.736177,PHY_FRAMES,176875
1791368278.742607,ps_img,176352
1791368278.766268,SYNC_CNT,176876
1791368278.766570,IMG_FRAMES,176393
1791368278.766570,IMG_SENT,176353
1791368278.768945,PHY_FRAMES,176876
1791368278.788353,ps_img,176353
1791368278.799328,SYNC_CNT,176877
1791368278.799328,IMG_FRAMES,176394
1791368278.799328,IMG_SENT,176354
1791368278.802065,PHY_FRAMES,176877
1791368278.815079,ps_img,176354
1791368278.832425,IMG_SENT,176355
1791368278.832492,IMG_FRAMES,176395
1791368278.833632,SYNC_CNT,176878
1791368278.836388,PHY_FRAMES,176878
1791368278.849023,ps_img,176355
1791368278.866743,IMG_FRAMES,176396
1791368278.866743,IMG_SENT,176356
1791368278.867047,SYNC_CNT,176879
1791368278.869794,PHY_FRAMES,176879
1791368278.878418,ps_img,176356
1791368278.899820,SYNC_CNT,176880
1791368278.900177,IMG_FRAMES,176397
1791368278.900177,IMG_SENT,176357
1791368278.902540,PHY_FRAMES,176880
1791368278.908642,ps_img,176357
1791368278.932932,IMG_FRAMES,176398
1791368278.932932,IMG_SENT,176358
1791368278.933059,SYNC_CNT,176881
1791368278.935773,PHY_FRAMES,176881
1791368278.942772,ps_img,176358
1791368278.966172,IMG_FRAMES,176399
1791368278.966172,IMG_SENT,176359
1791368278.967056,SYNC_CNT,176882
1791368278.969821,PHY_FRAMES,176882
1791368278.975778,ps_img,176359
1791368279.000107,SYNC_CNT,176883
1791368279.000173,IMG_FRAMES,176400
1791368279.000173,IMG_SENT,176360
1791368279.002789,PHY_FRAMES,176883
1791368279.007429,ps_img,176360
1791368279.033187,IMG_FRAMES,176401
1791368279.033187,IMG_SENT,176361
1791368279.033661,SYNC_CNT,176884
1791368279.036391,PHY_FRAMES,176884
1791368279.041094,ps_img,176361
1791368279.066764,SYNC_CNT,176885
1791368279.066764,IMG_FRAMES,176402
1791368279.066764,IMG_SENT,176362
1791368279.069520,PHY_FRAMES,176885
1791368279.075274,ps_img,176362
1791368279.099896,IMG_FRAMES,176403
1791368279.099896,IMG_SENT,176363
1791368279.100140,SYNC_CNT,176886
1791368279.102844,PHY_FRAMES,176886
1791368279.108940,ps_img,176363
1791368279.133245,IMG_FRAMES,176404
1791368279.133245,IMG_SENT,176364
1791368279.133404,SYNC_CNT,176887
1791368279.136088,PHY_FRAMES,176887
1791368279.142010,ps_img,176364
1791368279.166461,IMG_FRAMES,176405
1791368279.166461,IMG_SENT,176365
1791368279.167107,SYNC_CNT,176888
1791368279.169792,PHY_FRAMES,176888
1791368279.175416,ps_img,176365
1791368279.199976,SYNC_CNT,176889
1791368279.200216,IMG_FRAMES,176406
1791368279.200216,IMG_SENT,176366
1791368279.202722,PHY_FRAMES,176889
1791368279.209229,ps_img,176366
1791368279.233088,SYNC_CNT,176890
1791368279.233088,IMG_FRAMES,176407
1791368279.233088,IMG_SENT,176367
1791368279.235765,PHY_FRAMES,176890
1791368279.240551,ps_img,176367
1791368279.266165,IMG_FRAMES,176408
1791368279.266165,IMG_SENT,176368
1791368279.267106,SYNC_CNT,176891
1791368279.269855,PHY_FRAMES,176891
1791368279.293231,ps_img,176368
1791368279.300203,SYNC_CNT,176892
1791368279.300203,IMG_FRAMES,176409
1791368279.300203,IMG_SENT,176369
1791368279.302853,PHY_FRAMES,176892
1791368279.307626,ps_img,176369
1791368279.333244,IMG_FRAMES,176410
1791368279.333244,IMG_SENT,176370
1791368279.333606,SYNC_CNT,176893
1791368279.336345,PHY_FRAMES,176893
1791368279.340868,ps_img,176370
1791368279.366735,IMG_FRAMES,176411
1791368279.366735,IMG_SENT,176371
1791368279.366808,SYNC_CNT,176894
1791368279.369517,PHY_FRAMES,176894
1791368279.375195,ps_img,176371
1791368279.399891,IMG_FRAMES,176412
1791368279.399891,IMG_SENT,176372
1791368279.400103,SYNC_CNT,176895
1791368279.402797,PHY_FRAMES,176895
1791368279.407546,ps_img,176372
1791368279.433188,IMG_FRAMES,176413
1791368279.433188,IMG_SENT,176373
1791368279.433778,SYNC_CNT,176896
1791368279.436460,PHY_FRAMES,176896
1791368279.440943,ps_img,176373
1791368279.466846,IMG_FRAMES,176414
1791368279.466846,IMG_SENT,176374
1791368279.467086,SYNC_CNT,176897
1791368279.469749,PHY_FRAMES,176897
1791368279.475003,ps_img,176374
1791368279.499986,SYNC_CNT,176898
1791368279.500166,IMG_FRAMES,176415
1791368279.500166,IMG_SENT,176375
1791368279.502707,PHY_FRAMES,176898
1791368279.508557,ps_img,176375
1791368279.533052,SYNC_CNT,176899
1791368279.533117,IMG_FRAMES,176416
1791368279.533117,IMG_SENT,176376
1791368279.535751,PHY_FRAMES,176899
1791368279.542479,ps_img,176376
1791368279.566180,IMG_FRAMES,176417
1791368279.566180,IMG_SENT,176377
1791368279.566823,SYNC_CNT,176900
1791368279.569543,PHY_FRAMES,176900
1791368279.574452,ps_img,176377
1791368279.599658,SYNC_CNT,176901
1791368279.599958,IMG_FRAMES,176418
1791368279.599958,IMG_SENT,176378
1791368279.602360,PHY_FRAMES,176901
1791368279.609497,ps_img,176378
1791368279.632751,IMG_FRAMES,176419
1791368279.632751,IMG_SENT,176379
1791368279.633623,SYNC_CNT,176902
1791368279.636335,PHY_FRAMES,176902
1791368279.640211,ps_img,176379
1791368279.666722,IMG_FRAMES,176420
1791368279.666722,IMG_SENT,176380
1791368279.666790,SYNC_CNT,176903
1791368279.669515,PHY_FRAMES,176903
1791368279.675802,ps_img,176380
1791368279.699882,IMG_FRAMES,176421
1791368279.699882,IMG_SENT,176381
1791368279.700068,SYNC_CNT,176904
1791368279.702785,PHY_FRAMES,176904
1791368279.711776,ps_img,176381
1791368279.733199,IMG_FRAMES,176422
1791368279.733199,IMG_SENT,176382
1791368279.733324,SYNC_CNT,176905
1791368279.736077,PHY_FRAMES,176905
1791368279.741705,ps_img,176382
1791368279.766431,IMG_FRAMES,176423
1791368279.766431,IMG_SENT,176383
1791368279.766972,SYNC_CNT,176906
1791368279.769706,PHY_FRAMES,176906
1791368279.784031,ps_img,176383
1791368279.800083,IMG_FRAMES,176424
1791368279.800083,IMG_SENT,176384
1791368279.800442,SYNC_CNT,176907
1791368279.803158,PHY_FRAMES,176907
1791368279.812938,ps_img,176384
1791368279.833561,IMG_FRAMES,176425
1791368279.833561,IMG_SENT,176385
1791368279.833662,SYNC_CNT,176908
1791368279.836367,PHY_FRAMES,176908
1791368279.852261,ps_img,176385
1791368279.866751,IMG_FRAMES,176426
1791368279.866751,IMG_SENT,176386
1791368279.867064,SYNC_CNT,176909
1791368279.869821,PHY_FRAMES,176909
1791368279.876888,ps_img,176386
1791368279.900164,IMG_FRAMES,176427
1791368279.900164,IMG_SENT,176387
1791368279.900233,SYNC_CNT,176910
1791368279.902938,PHY_FRAMES,176910
1791368279.910351,ps_img,176387
1791368279.933308,IMG_FRAMES,176428
1791368279.933308,IMG_SENT,176388
1791368279.933667,SYNC_CNT,176911
1791368279.936331,PHY_FRAMES,176911
1791368279.942885,ps_img,176388
1791368279.966757,IMG_FRAMES,176429
1791368279.966757,IMG_SENT,176389
1791368279.966828,SYNC_CNT,176912
1791368279.969528,PHY_FRAMES,176912
1791368279.974513,ps_img,176389
1791368279.999918,IMG_FRAMES,176430
1791368279.999918,IMG_SENT,176390
1791368280.000101,SYNC_CNT,176913
1791368280.002796,PHY_FRAMES,176913
1791368280.009319,ps_img,176390
1791368280.033190,IMG_FRAMES,176431
1791368280.033190,IMG_SENT,176391
1791368280.033718,SYNC_CNT,176914
1791368280.036423,PHY_FRAMES,176914
1791368280.042176,ps_img,176391
1791368280.066823,IMG_FRAMES,176432
1791368280.066823,IMG_SENT,176392
1791368280.067007,SYNC_CNT,176915
1791368280.069716,PHY_FRAMES,176915
1791368280.077071,ps_img,176392
1791368280.100082,IMG_FRAMES,176433
1791368280.100082,IMG_SENT,176393
1791368280.100326,SYNC_CNT,176916
1791368280.103048,PHY_FRAMES,176916
1791368280.108884,ps_img,176393
1791368280.133060,SYNC_CNT,176917
1791368280.133414,IMG_FRAMES,176434
1791368280.133414,IMG_SENT,176394
1791368280.135773,PHY_FRAMES,176917
1791368280.143451,ps_img,176394
1791368280.166124,IMG_SENT,176395
1791368280.166188,IMG_FRAMES,176435
1791368280.167053,SYNC_CNT,176918
1791368280.169761,PHY_FRAMES,176918
1791368280.174783,ps_img,176395
1791368280.200150,IMG_FRAMES,176436
1791368280.200150,IMG_SENT,176396
1791368280.200218,SYNC_CNT,176919
1791368280.202927,PHY_FRAMES,176919
1791368280.207415,ps_img,176396
1791368280.233306,IMG_FRAMES,176437
1791368280.233306,IMG_SENT,176397
1791368280.233658,SYNC_CNT,176920
1791368280.236401,PHY_FRAMES,176920
1791368280.241715,ps_img,176397
1791368280.266742,IMG_SENT,176398
1791368280.266808,SYNC_CNT,176921
1791368280.266808,IMG_FRAMES,176438
1791368280.269548,PHY_FRAMES,176921
1791368280.281684,ps_img,176398
1791368280.299919,IMG_FRAMES,176439
1791368280.299919,IMG_SENT,176399
1791368280.300103,SYNC_CNT,176922
1791368280.302892,PHY_FRAMES,176922
1791368280.310713,ps_img,176399
1791368280.333164,IMG_SENT,176400
1791368280.333231,IMG_FRAMES,176440
1791368280.333295,SYNC_CNT,176923
1791368280.336039,PHY_FRAMES,176923
1791368280.342708,clk,-44902450897173
1791368280.342708,clk_rtt,584
1791368280.347539,ps_img,176400
1791368280.366428,IMG_FRAMES,176441
1791368280.366428,IMG_SENT,176401
1791368280.367138,SYNC_CNT,176924
1791368280.369831,PHY_FRAMES,176924
1791368280.375941,ps_img,176401
1791368280.400205,IMG_FRAMES,176442
1791368280.400205,IMG_SENT,176402
1791368280.400338,SYNC_CNT,176925
1791368280.403006,PHY_FRAMES,176925
1791368280.407990,ps_img,176402
1791368280.433037,SYNC_CNT,176926
1791368280.433392,IMG_SENT,176403
1791368280.433454,IMG_FRAMES,176443
1791368280.435741,PHY_FRAMES,176926
1791368280.442781,ps_img,176403
1791368280.466121,IMG_FRAMES,176444
1791368280.466121,IMG_SENT,176404
1791368280.467058,SYNC_CNT,176927
1791368280.469822,PHY_FRAMES,176927
1791368280.474777,ps_img,176404
1791368280.500171,IMG_FRAMES,176445
1791368280.500171,IMG_SENT,176405
1791368280.500239,SYNC_CNT,176928
1791368280.502930,PHY_FRAMES,176928
1791368280.509238,ps_img,176405
1791368280.533356,IMG_FRAMES,176446
1791368280.533356,IMG_SENT,176406
1791368280.533624,SYNC_CNT,176929
1791368280.536345,PHY_FRAMES,176929
1791368280.542117,ps_img,176406
1791368280.566727,IMG_FRAMES,176447
1791368280.566727,IMG_SENT,176407
1791368280.566795,SYNC_CNT,176930
1791368280.569479,PHY_FRAMES,176930
1791368280.575246,ps_img,176407
1791368280.599883,IMG_FRAMES,176448
1791368280.599883,IMG_SENT,176408
1791368280.600066,SYNC_CNT,176931
1791368280.602807,PHY_FRAMES,176931
1791368280.609540,ps_img,176408
1791368280.633152,IMG_SENT,176409
1791368280.633219,IMG_FRAMES,176449
1791368280.633697,SYNC_CNT,176932
1791368280.636439,PHY_FRAMES,176932
1791368280.643695,ps_img,176409
1791368280.666827,IMG_FRAMES,176450
1791368280.666827,IMG_SENT,176410
1791368280.666980,SYNC_CNT,176933
1791368280.669719,PHY_FRAMES,176933
1791368280.675393,ps_img,176410
1791368280.700083,IMG_FRAMES,176451
1791368280.700083,IMG_SENT,176411
1791368280.700498,SYNC_CNT,176934
1791368280.703185,PHY_FRAMES,176934
1791368280.708387,ps_img,176411
1791368280.733615,IMG_FRAMES,176452
1791368280.733615,IMG_SENT,176412
1791368280.733682,SYNC_CNT,176935
1791368280.736346,PHY_FRAMES,176935
1791368280.742223,ps_img,176412
1791368280.766770,IMG_FRAMES,176453
1791368280.766770,IMG_SENT,176413
1791368280.766958,SYNC_CNT,176936
1791368280.769668,PHY_FRAMES,176936
1791368280.781435,ps_img,176413
1791368280.800108,IMG_FRAMES,176454
1791368280.800108,IMG_SENT,176414
1791368280.800177,SYNC_CNT,176937
1791368280.802955,PHY_FRAMES,176937
1791368280.810081,ps_img,176414
1791368280.833310,IMG_FRAMES,176455
1791368280.833310,IMG_SENT,176415
1791368280.833616,SYNC_CNT,176938
1791368280.836379,PHY_FRAMES,176938
1791368280.848459,ps_img,176415
1791368280.866719,IMG_SENT,176416
1791368280.866785,IMG_FRAMES,176456
1791368280.867025,SYNC_CNT,176939
1791368280.869776,PHY_FRAMES,176939
1791368280.880092,ps_img,176416
1791368280.900124,SYNC_CNT,176940
1791368280.900124,IMG_FRAMES,176457
1791368280.900124,IMG_SENT,176417
1791368280.902817,PHY_FRAMES,176940
1791368280.910140,ps_img,176417
1791368280.933210,IMG_FRAMES,176458
1791368280.933210,IMG_SENT,176418
1791368280.933338,SYNC_CNT,176941
1791368280.936048,PHY_FRAMES,176941
1791368280.941881,ps_img,176418
1791368280.966442,IMG_FRAMES,176459
1791368280.966442,IMG_SENT,176419
1791368280.966978,SYNC_CNT,176942
1791368280.969721,PHY_FRAMES,176942
1791368280.977420,ps_img,176419
1791368281.000060,IMG_SENT,176420
1791368281.000125,IMG_FRAMES,176460
1791368281.000447,SYNC_CNT,176943
1791368281.003134,PHY_FRAMES,176943
1791368281.010136,ps_img,176420
1791368281.033544,IMG_FRAMES,176461
1791368281.033544,IMG_SENT,176421
1791368281.033671,SYNC_CNT,176944
1791368281.036391,PHY_FRAMES,176944
1791368281.041487,ps_img,176421
1791368281.066780,IMG_FRAMES,176462
1791368281.066780,IMG_SENT,176422
1791368281.067022,SYNC_CNT,176945
1791368281.069762,PHY_FRAMES,176945
1791368281.074620,ps_img,176422
1791368281.100142,IMG_FRAMES,176463
1791368281.100142,IMG_SENT,176423
1791368281.100210,SYNC_CNT,176946
1791368281.102894,PHY_FRAMES,176946
1791368281.108228,ps_img,176423
1791368281.133330,IMG_FRAMES,176464
1791368281.133330,IMG_SENT,176424
1791368281.133654,SYNC_CNT,176947
1791368281.136339,PHY_FRAMES,176947
1791368281.141976,ps_img,176424
1791368281.166757,IMG_FRAMES,176465
1791368281.166757,IMG_SENT,176425
1791368281.166826,SYNC_CNT,176948
1791368281.169510,PHY_FRAMES,176948
1791368281.174211,ps_img,176425
1791368281.199870,IMG_FRAMES,176466
1791368281.199870,IMG_SENT,176426
1791368281.200109,SYNC_CNT,176949
1791368281.202874,PHY_FRAMES,176949
1791368281.209263,ps_img,176426
1791368281.233169,IMG_FRAMES,176467
1791368281.233169,IMG_SENT,176427
1791368281.233296,SYNC_CNT,176950
1791368281.236019,PHY_FRAMES,176950
1791368281.241527,ps_img,176427
1791368281.266420,IMG_FRAMES,176468
1791368281.266420,IMG_SENT,176428
1791368281.267130,SYNC_CNT,176951
1791368281.269838,PHY_FRAMES,176951
1791368281.285278,ps_img,176428
1791368281.299785,SYNC_CNT,176952
1791368281.300203,IMG_FRAMES,176469
1791368281.300203,IMG_SENT,176429
1791368281.302515,PHY_FRAMES,176952
1791368281.308552,ps_img,176429
1791368281.332893,IMG_FRAMES,176470
1791368281.332893,IMG_SENT,176430
1791368281.333020,SYNC_CNT,176953
1791368281.335762,PHY_FRAMES,176953
1791368281.344654,ps_img,176430
1791368281.366124,IMG_FRAMES,176471
1791368281.366124,IMG_SENT,176431
1791368281.367009,SYNC_CNT,176954
1791368281.369745,PHY_FRAMES,176954
1791368281.375495,ps_img,176431
1791368281.400103,IMG_FRAMES,176472
1791368281.400103,IMG_SENT,176432
1791368281.400176,SYNC_CNT,176955
1791368281.402918,PHY_FRAMES,176955
1791368281.408543,ps_img,176432
1791368281.433267,IMG_FRAMES,176473
1791368281.433267,IMG_SENT,176433
1791368281.433631,SYNC_CNT,176956
1791368281.436387,PHY_FRAMES,176956
1791368281.441730,ps_img,176433
1791368281.466753,SYNC_CNT,176957
1791368281.466753,IMG_FRAMES,176474
1791368281.466753,IMG_SENT,176434
1791368281.469480,PHY_FRAMES,176957
1791368281.475442,ps_img,176434
1791368281.499882,IMG_FRAMES,176475
1791368281.499882,IMG_SENT,176435
1791368281.500123,SYNC_CNT,176958
1791368281.502809,PHY_FRAMES,176958
1791368281.508452,ps_img,176435
1791368281.533222,IMG_FRAMES,176476
1791368281.533222,IMG_SENT,176436
1791368281.533348,SYNC_CNT,176959
1791368281.536017,PHY_FRAMES,176959
1791368281.541167,ps_img,176436
1791368281.566418,IMG_FRAMES,176477
1791368281.566418,IMG_SENT,176437
1791368281.567065,SYNC_CNT,176960
1791368281.569757,PHY_FRAMES,176960
1791368281.574617,ps_img,176437
1791368281.600175,IMG_FRAMES,176478
1791368281.600175,IMG_SENT,176438
1791368281.600360,SYNC_CNT,176961
1791368281.603103,PHY_FRAMES,176961
1791368281.610102,ps_img,176438
1791368281.633466,IMG_FRAMES,176479
1791368281.633466,IMG_SENT,176439
1791368281.633595,SYNC_CNT,176962
1791368281.636295,PHY_FRAMES,176962
1791368281.641923,ps_img,176439
1791368281.666730,IMG_FRAMES,176480
1791368281.666730,IMG_SENT,176440
1791368281.667032,SYNC_CNT,176963
1791368281.669728,PHY_FRAMES,176963
1791368281.674472,ps_img,176440
1791368281.700146,IMG_FRAMES,176481
1791368281.700146,IMG_SENT,176441
1791368281.700215,SYNC_CNT,176964
1791368281.702949,PHY_FRAMES,176964
1791368281.708364,ps_img,176441
1791368281.733329,IMG_FRAMES,176482
1791368281.733329,IMG_SENT,176442
1791368281.733627,SYNC_CNT,176965
1791368281.736340,PHY_FRAMES,176965
1791368281.742028,ps_img,176442
1791368281.766768,SYNC_CNT,176966
1791368281.766768,IMG_FRAMES,176483
1791368281.766768,IMG_SENT,176443
1791368281.769539,PHY_FRAMES,176966
1791368281.785396,ps_img,176443
1791368281.799895,IMG_FRAMES,176484
1791368281.799895,IMG_SENT,176444
1791368281.800125,SYNC_CNT,176967
1791368281.802863,PHY_FRAMES,176967
1791368281.815240,ps_img,176444
1791368281.833230,IMG_FRAMES,176485
1791368281.833230,IMG_SENT,176445
1791368281.833301,SYNC_CNT,176968
1791368281.836046,PHY_FRAMES,176968
1791368281.847000,ps_img,176445
1791368281.866437,IMG_FRAMES,176486
1791368281.866437,IMG_SENT,176446
1791368281.867033,SYNC_CNT,176969
1791368281.869743,PHY_FRAMES,176969
1791368281.879613,ps_img,176446
1791368281.899990,SYNC_CNT,176970
1791368281.900116,IMG_FRAMES,176487
1791368281.900116,IMG_SENT,176447
1791368281.902676,PHY_FRAMES,176970
1791368281.916009,ps_img,176447
1791368281.933061,SYNC_CNT,176971
1791368281.933061,IMG_FRAMES,176488
1791368281.933061,IMG_SENT,176448
1791368281.935778,PHY_FRAMES,176971
1791368281.942811,ps_img,176448
1791368281.966143,IMG_FRAMES,176489
1791368281.966143,IMG_SENT,176449
1791368281.967148,SYNC_CNT,176972
1791368281.969886,PHY_FRAMES,176972
1791368281.977513,ps_img,176449
1791368282.000228,SYNC_CNT,176973
1791368282.000294,IMG_FRAMES,176490
1791368282.000294,IMG_SENT,176450
1791368282.002913,PHY_FRAMES,176973
1791368282.011525,ps_img,176450
1791368282.033343,IMG_FRAMES,176491
1791368282.033343,IMG_SENT,176451
1791368282.033642,SYNC_CNT,176974
1791368282.036329,PHY_FRAMES,176974
1791368282.042623,ps_img,176451
1791368282.066732,IMG_FRAMES,176492
1791368282.066732,IMG_SENT,176452
1791368282.067144,SYNC_CNT,176975
1791368282.069848,PHY_FRAMES,176975
1791368282.075680,ps_img,176452
1791368282.100044,SYNC_CNT,176976
1791368282.100226,IMG_FRAMES,176493
1791368282.100226,IMG_SENT,176453
1791368282.102774,PHY_FRAMES,176976
1791368282.111556,ps_img,176453
1791368282.133134,IMG_SENT,176454
1791368282.133200,IMG_FRAMES,176494
1791368282.133319,SYNC_CNT,176977
1791368282.136027,PHY_FRAMES,176977
1791368282.143096,ps_img,176454
1791368282.166389,IMG_SENT,176455
1791368282.166454,IMG_FRAMES,176495
1791368282.167031,SYNC_CNT,176978
1791368282.169737,PHY_FRAMES,176978
1791368282.175533,ps_img,176455
1791368282.200120,IMG_FRAMES,176496
1791368282.200120,IMG_SENT,176456
1791368282.200612,SYNC_CNT,176979
1791368282.203330,PHY_FRAMES,176979
1791368282.211313,ps_img,176456
1791368282.233645,SYNC_CNT,176980
1791368282.233711,IMG_FRAMES,176497
1791368282.233711,IMG_SENT,176457
1791368282.236344,PHY_FRAMES,176980
1791368282.242917,ps_img,176457
1791368282.266752,IMG_FRAMES,176498
1791368282.266752,IMG_SENT,176458
1791368282.267112,SYNC_CNT,176981
1791368282.269803,PHY_FRAMES,176981
1791368282.285574,ps_img,176458
1791368282.300201,SYNC_CNT,176982
1791368282.300201,IMG_FRAMES,176499
1791368282.300201,IMG_SENT,176459
1791368282.302884,PHY_FRAMES,176982
1791368282.311703,ps_img,176459
1791368282.333275,IMG_FRAMES,176500
1791368282.333275,IMG_SENT,176460
1791368282.333700,SYNC_CNT,176983
1791368282.336367,PHY_FRAMES,176983
1791368282.348621,ps_img,176460
1791368282.366782,IMG_FRAMES,176501
1791368282.366782,IMG_SENT,176461
1791368282.366882,SYNC_CNT,176984
1791368282.369530,PHY_FRAMES,176984
1791368282.376226,ps_img,176461
1791368282.399914,IMG_FRAMES,176502
1791368282.399914,IMG_SENT,176462
1791368282.400104,SYNC_CNT,176985
1791368282.402775,PHY_FRAMES,176985
1791368282.412920,ps_img,176462
1791368282.433158,IMG_FRAMES,176503
1791368282.433158,IMG_SENT,176463
1791368282.433750,SYNC_CNT,176986
1791368282.436438,PHY_FRAMES,176986
1791368282.441804,ps_img,176463
1791368282.466842,IMG_FRAMES,176504
1791368282.466842,IMG_SENT,176464
1791368282.467143,SYNC_CNT,176987
1791368282.469845,PHY_FRAMES,176987
1791368282.475215,ps_img,176464
1791368282.500219,IMG_FRAMES,176505
1791368282.500219,IMG_SENT,176465
1791368282.500346,SYNC_CNT,176988
1791368282.503030,PHY_FRAMES,176988
1791368282.511843,ps_img,176465
1791368282.533046,SYNC_CNT,176989
1791368282.533456,IMG_FRAMES,176506
1791368282.533456,IMG_SENT,176466
1791368282.535778,PHY_FRAMES,176989
1791368282.541671,ps_img,176466
1791368282.566179,IMG_FRAMES,176507
1791368282.566179,IMG_SENT,176467
1791368282.567000,SYNC_CNT,176990
1791368282.569711,PHY_FRAMES,176990
1791368282.574598,ps_img,176467
1791368282.600096,IMG_FRAMES,176508
1791368282.600096,IMG_SENT,176468
1791368282.600165,SYNC_CNT,176991
1791368282.602883,PHY_FRAMES,176991
1791368282.612775,ps_img,176468
1791368282.633245,IMG_FRAMES,176509
1791368282.633245,IMG_SENT,176469
1791368282.633665,SYNC_CNT,176992
1791368282.636367,PHY_FRAMES,176992
1791368282.643435,ps_img,176469
1791368282.666733,IMG_FRAMES,176510
1791368282.666733,IMG_SENT,176470
1791368282.666801,SYNC_CNT,176993
1791368282.669473,PHY_FRAMES,176993
1791368282.674850,ps_img,176470
1791368282.699852,IMG_FRAMES,176511
1791368282.699852,IMG_SENT,176471
1791368282.700096,SYNC_CNT,176994
1791368282.702831,PHY_FRAMES,176994
1791368282.712072,ps_img,176471
1791368282.733209,IMG_FRAMES,176512
1791368282.733209,IMG_SENT,176472
1791368282.733335,SYNC_CNT,176995
1791368282.736052,PHY_FRAMES,176995
1791368282.742774,ps_img,176472
1791368282.766392,IMG_SENT,176473
1791368282.766459,IMG_FRAMES,176513
1791368282.766989,SYNC_CNT,176996
1791368282.769700,PHY_FRAMES,176996
1791368282.785867,ps_img,176473
1791368282.800088,IMG_FRAMES,176514
1791368282.800088,IMG_SENT,176474
1791368282.800334,SYNC_CNT,176997
1791368282.803050,PHY_FRAMES,176997
1791368282.815319,ps_img,176474
1791368282.833072,SYNC_CNT,176998
1791368282.833439,IMG_FRAMES,176515
1791368282.833439,IMG_SENT,176475
1791368282.835766,PHY_FRAMES,176998
1791368282.844044,ps_img,176475
1791368282.866170,IMG_FRAMES,176516
1791368282.866170,IMG_SENT,176476
1791368282.866942,SYNC_CNT,176999
1791368282.869688,PHY_FRAMES,176999
1791368282.877556,ps_img,176476
1791368282.900046,IMG_FRAMES,176517
1791368282.900046,IMG_SENT,176477
1791368282.900236,SYNC_CNT,177000
1791368282.902945,PHY_FRAMES,177000
1791368282.913750,ps_img,176477
1791368282.933318,IMG_FRAMES,176518
1791368282.933318,IMG_SENT,176478
1791368282.933620,SYNC_CNT,177001
1791368282.936329,PHY_FRAMES,177001
1791368282.941974,ps_img,176478
1791368282.966707,IMG_FRAMES,176519
1791368282.966707,IMG_SENT,176479
1791368282.967012,SYNC_CNT,177002
1791368282.969731,PHY_FRAMES,177002
1791368282.975575,ps_img,176479
1791368283.000123,SYNC_CNT,177003
1791368283.000123,IMG_FRAMES,176520
1791368283.000123,IMG_SENT,176480
1791368283.002870,PHY_FRAMES,177003
1791368283.012161,ps_img,176480
1791368283.033124,SYNC_CNT,177004
1791368283.033248,IMG_FRAMES,176521
1791368283.033248,IMG_SENT,176481
1791368283.035806,PHY_FRAMES,177004
1791368283.041928,ps_img,176481
1791368283.066226,IMG_FRAMES,176522
1791368283.066226,IMG_SENT,176482
1791368283.066988,SYNC_CNT,177005
1791368283.069683,PHY_FRAMES,177005
1791368283.075155,ps_img,176482
1791368283.100055,IMG_SENT,176483
1791368283.100120,IMG_FRAMES,176523
1791368283.100354,SYNC_CNT,177006
1791368283.103032,PHY_FRAMES,177006
1791368283.110981,ps_img,176483
1791368283.133441,IMG_FRAMES,176524
1791368283.133441,IMG_SENT,176484
1791368283.133627,SYNC_CNT,177007
1791368283.136333,PHY_FRAMES,177007
1791368283.142702,ps_img,176484
1791368283.166713,IMG_FRAMES,176525
1791368283.166713,IMG_SENT,176485
1791368283.166840,SYNC_CNT,177008
1791368283.169525,PHY_FRAMES,177008
1791368283.175526,ps_img,176485
1791368283.199601,SYNC_CNT,177009
1791368283.199953,IMG_FRAMES,176526
1791368283.199953,IMG_SENT,176486
1791368283.202336,PHY_FRAMES,177009
1791368283.212516,ps_img,176486
1791368283.232712,IMG_FRAMES,176527
1791368283.232712,IMG_SENT,176487
1791368283.233592,SYNC_CNT,177010
1791368283.236322,PHY_FRAMES,177010
1791368283.241567,ps_img,176487
1791368283.266717,IMG_FRAMES,176528
1791368283.266717,IMG_SENT,176488
1791368283.266787,SYNC_CNT,177011
1791368283.269466,PHY_FRAMES,177011
1791368283.280339,ps_img,176488
1791368283.299847,IMG_FRAMES,176529
1791368283.299847,IMG_SENT,176489
1791368283.300090,SYNC_CNT,177012
1791368283.302834,PHY_FRAMES,177012
1791368283.309531,ps_img,176489
1791368283.333214,IMG_FRAMES,176530
1791368283.333214,IMG_SENT,176490
1791368283.333284,SYNC_CNT,177013
1791368283.336046,PHY_FRAMES,177013
1791368283.358684,ps_img,176490
1791368283.367109,SYNC_CNT,177014
1791368283.369761,PHY_FRAMES,177014
1791368283.370118,IMG_FRAMES,176531
1791368283.370118,IMG_SENT,176491
1791368283.377900,ps_img,176491
1791368283.400146,IMG_SENT,176492
1791368283.400212,IMG_FRAMES,176532
1791368283.400332,SYNC_CNT,177015
1791368283.403029,PHY_FRAMES,177015
1791368283.420904,ps_img,176492
1791368283.432995,SYNC_CNT,177016
1791368283.433409,IMG_FRAMES,176533
1791368283.433409,IMG_SENT,176493
1791368283.435688,PHY_FRAMES,177016
1791368283.443943,ps_img,176493
1791368283.466092,IMG_FRAMES,176534
1791368283.466092,IMG_SENT,176494
1791368283.467080,SYNC_CNT,177017
1791368283.469764,PHY_FRAMES,177017
1791368283.478194,ps_img,176494
1791368283.500167,SYNC_CNT,177018
1791368283.500167,IMG_FRAMES,176535
1791368283.500167,IMG_SENT,176495
1791368283.502885,PHY_FRAMES,177018
1791368283.522865,ps_img,176495
1791368283.533276,IMG_FRAMES,176536
1791368283.533276,IMG_SENT,176496
1791368283.533632,SYNC_CNT,177019
1791368283.536330,PHY_FRAMES,177019
1791368283.542213,ps_img,176496
1791368283.566564,SYNC_CNT,177020
1791368283.566746,IMG_FRAMES,176537
1791368283.566746,IMG_SENT,176497
1791368283.569285,PHY_FRAMES,177020
1791368283.575669,ps_img,176497
1791368283.599402,SYNC_CNT,177021
1791368283.599639,IMG_SENT,176498
1791368283.599700,IMG_FRAMES,176538
1791368283.602121,PHY_FRAMES,177021
1791368283.620879,ps_img,176498
1791368283.632481,IMG_FRAMES,176539
1791368283.632481,IMG_SENT,176499
1791368283.633677,SYNC_CNT,177022
1791368283.636381,PHY_FRAMES,177022
1791368283.642689,ps_img,176499
1791368283.666751,IMG_FRAMES,176540
1791368283.666751,IMG_SENT,176500
1791368283.666993,SYNC_CNT,177023
1791368283.669759,PHY_FRAMES,177023
1791368283.675683,ps_img,176500
1791368283.699778,SYNC_CNT,177024
1791368283.700131,IMG_FRAMES,176541
1791368283.700131,IMG_SENT,176501
1791368283.702497,PHY_FRAMES,177024
1791368283.710655,ps_img,176501
1791368283.732895,IMG_FRAMES,176542
1791368283.732895,IMG_SENT,176502
1791368283.733022,SYNC_CNT,177025
1791368283.735713,PHY_FRAMES,177025
1791368283.741038,ps_img,176502
1791368283.766096,IMG_SENT,176503
1791368283.766189,IMG_FRAMES,176543
1791368283.767008,SYNC_CNT,177026
1791368283.769716,PHY_FRAMES,177026
1791368283.785446,ps_img,176503
1791368283.800104,IMG_SENT,176504
1791368283.800172,IMG_FRAMES,176544
1791368283.800235,SYNC_CNT,177027
1791368283.802925,PHY_FRAMES,177027
1791368283.810592,ps_img,176504
1791368283.833258,SYNC_CNT,177028
1791368283.833359,IMG_FRAMES,176545
1791368283.833359,IMG_SENT,176505
1791368283.836017,PHY_FRAMES,177028
1791368283.845086,ps_img,176505
1791368283.866150,SYNC_CNT,177029
1791368283.866391,IMG_FRAMES,176546
1791368283.866391,IMG_SENT,176506
1791368283.868913,PHY_FRAMES,177029
1791368283.875536,ps_img,176506
1791368283.899285,IMG_FRAMES,176547
1791368283.899285,IMG_SENT,176507
1791368283.899470,SYNC_CNT,177030
1791368283.902174,PHY_FRAMES,177030
1791368283.907832,ps_img,176507
1791368283.932116,SYNC_CNT,177031
1791368283.932530,IMG_FRAMES,176548
1791368283.932530,IMG_SENT,176508
1791368283.934846,PHY_FRAMES,177031
1791368283.942268,ps_img,176508
1791368283.965236,IMG_FRAMES,176549
1791368283.965236,IMG_SENT,176509
1791368283.966878,SYNC_CNT,177032
1791368283.969627,PHY_FRAMES,177032
1791368283.973763,ps_img,176509
1791368283.999969,IMG_FRAMES,176550
1791368283.999969,IMG_SENT,176510
1791368284.001781,SYNC_CNT,177033
1791368284.004508,PHY_FRAMES,177033
1791368284.007998,ps_img,176510
1791368284.034749,SYNC_CNT,177034
1791368284.034872,IMG_SENT,176511
1791368284.034932,IMG_FRAMES,176551
1791368284.037493,PHY_FRAMES,177034
1791368284.042970,ps_img,176511
1791368284.067631,SYNC_CNT,177035
1791368284.067840,IMG_FRAMES,176552
1791368284.067840,IMG_SENT,176512
1791368284.070338,PHY_FRAMES,177035
1791368284.076212,ps_img,176512
1791368284.100769,IMG_FRAMES,176553
1791368284.100769,IMG_SENT,176513
1791368284.100837,SYNC_CNT,177036
1791368284.103553,PHY_FRAMES,177036
1791368284.109095,ps_img,176513
1791368284.133904,IMG_SENT,176514
1791368284.133972,IMG_FRAMES,176554
1791368284.134154,SYNC_CNT,177037
1791368284.136880,PHY_FRAMES,177037
1791368284.142604,ps_img,176514
1791368284.167288,IMG_FRAMES,176555
1791368284.167288,IMG_SENT,176515
1791368284.167356,SYNC_CNT,177038
1791368284.170038,PHY_FRAMES,177038
1791368284.174946,ps_img,176515
1791368284.200425,IMG_FRAMES,176556
1791368284.200425,IMG_SENT,176516
1791368284.200678,SYNC_CNT,177039
1791368284.203396,PHY_FRAMES,177039
1791368284.208956,ps_img,176516
1791368284.233765,IMG_FRAMES,176557
1791368284.233765,IMG_SENT,176517
1791368284.233893,SYNC_CNT,177040
1791368284.236625,PHY_FRAMES,177040
1791368284.242039,ps_img,176517
1791368284.267000,IMG_FRAMES,176558
1791368284.267000,IMG_SENT,176518
1791368284.267069,SYNC_CNT,177041
1791368284.269756,PHY_FRAMES,177041
1791368284.282359,ps_img,176518
1791368284.299965,SYNC_CNT,177042
1791368284.300145,IMG_FRAMES,176559
1791368284.300145,IMG_SENT,176519
1791368284.302693,PHY_FRAMES,177042
1791368284.307621,ps_img,176519
1791368284.333080,IMG_FRAMES,176560
1791368284.333080,IMG_SENT,176520
1791368284.333682,SYNC_CNT,177043
1791368284.336386,PHY_FRAMES,177043
1791368284.346251,ps_img,176520
1791368284.366762,IMG_FRAMES,176561
1791368284.366762,IMG_SENT,176521
1791368284.367066,SYNC_CNT,177044
1791368284.369769,PHY_FRAMES,177044
1791368284.375437,ps_img,176521
1791368284.400030,SYNC_CNT,177045
1791368284.400154,IMG_FRAMES,176562
1791368284.400154,IMG_SENT,176522
1791368284.402744,PHY_FRAMES,177045
1791368284.409016,ps_img,176522
1791368284.433130,IMG_SENT,176523
1791368284.433196,IMG_FRAMES,176563
1791368284.433609,SYNC_CNT,177046
1791368284.436308,PHY_FRAMES,177046
1791368284.443353,ps_img,176523
1791368284.466674,IMG_FRAMES,176564
1791368284.466674,IMG_SENT,176524
1791368284.466745,SYNC_CNT,177047
1791368284.469489,PHY_FRAMES,177047
1791368284.477883,ps_img,176524
1791368284.499807,SYNC_CNT,177048
1791368284.499807,IMG_FRAMES,176565
1791368284.499807,IMG_SENT,176525
1791368284.502523,PHY_FRAMES,177048
1791368284.507959,ps_img,176525
1791368284.532922,IMG_FRAMES,176566
1791368284.532922,IMG_SENT,176526
1791368284.533628,SYNC_CNT,177049
1791368284.536304,PHY_FRAMES,177049
1791368284.540778,ps_img,176526
1791368284.566681,IMG_SENT,176527
1791368284.566745,IMG_FRAMES,176567
1791368284.566980,SYNC_CNT,177050
1791368284.569712,PHY_FRAMES,177050
1791368284.576675,ps_img,176527
1791368284.599947,SYNC_CNT,177051
1791368284.600070,IMG_FRAMES,176568
1791368284.600070,IMG_SENT,176528
1791368284.602690,PHY_FRAMES,177051
1791368284.608399,ps_img,176528
1791368284.632791,SYNC_CNT,177052
1791368284.633093,IMG_FRAMES,176569
1791368284.633093,IMG_SENT,176529
1791368284.635489,PHY_FRAMES,177052
1791368284.644850,ps_img,176529
1791368284.665877,IMG_FRAMES,176570
1791368284.665877,IMG_SENT,176530
1791368284.666989,SYNC_CNT,177053
1791368284.669702,PHY_FRAMES,177053
1791368284.673134,ps_img,176530
1791368284.700091,IMG_FRAMES,176571
1791368284.700091,IMG_SENT,176531
1791368284.700160,SYNC_CNT,177054
1791368284.702907,PHY_FRAMES,177054
1791368284.707901,ps_img,176531
1791368284.733291,IMG_FRAMES,176572
1791368284.733291,IMG_SENT,176532
1791368284.733592,SYNC_CNT,177055
1791368284.736328,PHY_FRAMES,177055
1791368284.744150,ps_img,176532
1791368284.766721,IMG_FRAMES,176573
1791368284.766721,IMG_SENT,176533
1791368284.766794,SYNC_CNT,177056
1791368284.769461,PHY_FRAMES,177056
1791368284.780018,ps_img,176533
1791368284.799865,IMG_FRAMES,176574
1791368284.799865,IMG_SENT,176534
1791368284.800054,SYNC_CNT,177057
1791368284.802773,PHY_FRAMES,177057
1791368284.809792,ps_img,176534
1791368284.833199,IMG_FRAMES,176575
1791368284.833199,IMG_SENT,176535
1791368284.833326,SYNC_CNT,177058
1791368284.836023,PHY_FRAMES,177058
1791368284.845973,ps_img,176535
1791368284.866378,IMG_SENT,176536
1791368284.866445,IMG_FRAMES,176576
1791368284.867037,SYNC_CNT,177059
1791368284.869757,PHY_FRAMES,177059
1791368284.879359,ps_img,176536
1791368284.900119,IMG_FRAMES,176577
1791368284.900119,IMG_SENT,176537
1791368284.900306,SYNC_CNT,177060
1791368284.903000,PHY_FRAMES,177060
1791368284.910495,ps_img,176537
1791368284.933033,SYNC_CNT,177061
1791368284.933391,IMG_FRAMES,176578
1791368284.933391,IMG_SENT,176538
1791368284.935703,PHY_FRAMES,177061
1791368284.942104,ps_img,176538
1791368284.966138,IMG_FRAMES,176579
1791368284.966138,IMG_SENT,176539
1791368284.967016,SYNC_CNT,177062
1791368284.969744,PHY_FRAMES,177062
1791368284.976338,ps_img,176539
1791368285.000103,IMG_FRAMES,176580
1791368285.000103,IMG_SENT,176540
1791368285.000171,SYNC_CNT,177063
1791368285.002898,PHY_FRAMES,177063
1791368285.007364,ps_img,176540
1791368285.033268,IMG_FRAMES,176581
1791368285.033268,IMG_SENT,176541
1791368285.033625,SYNC_CNT,177064
1791368285.036333,PHY_FRAMES,177064
1791368285.040093,ps_img,176541
1791368285.066710,IMG_FRAMES,176582
1791368285.066710,IMG_SENT,176542
1791368285.066778,SYNC_CNT,177065
1791368285.069486,PHY_FRAMES,177065
1791368285.074919,ps_img,176542
1791368285.099842,IMG_FRAMES,176583
1791368285.099842,IMG_SENT,176543
1791368285.100084,SYNC_CNT,177066
1791368285.102813,PHY_FRAMES,177066
1791368285.108204,ps_img,176543
1791368285.133186,IMG_FRAMES,176584
1791368285.133186,IMG_SENT,176544
1791368285.133316,SYNC_CNT,177067
1791368285.136003,PHY_FRAMES,177067
1791368285.142421,ps_img,176544
1791368285.166414,SYNC_CNT,177068
1791368285.166414,IMG_FRAMES,176585
1791368285.166414,IMG_SENT,176545
1791368285.169096,PHY_FRAMES,177068
1791368285.175429,ps_img,176545
1791368285.199408,SYNC_CNT,177069
1791368285.199475,IMG_SENT,176546
1791368285.199537,IMG_FRAMES,176586
1791368285.202128,PHY_FRAMES,177069
1791368285.208145,ps_img,176546
1791368285.232509,IMG_FRAMES,176587
1791368285.232509,IMG_SENT,176547
1791368285.233028,SYNC_CNT,177070
1791368285.235754,PHY_FRAMES,177070
1791368285.242586,ps_img,176547
1791368285.266105,IMG_FRAMES,176588
1791368285.266105,IMG_SENT,176548
1791368285.267047,SYNC_CNT,177071
1791368285.269787,PHY_FRAMES,177071
1791368285.282874,ps_img,176548
1791368285.300144,SYNC_CNT,177072
1791368285.300144,IMG_FRAMES,176589
1791368285.300144,IMG_SENT,176549
1791368285.302829,PHY_FRAMES,177072
1791368285.309056,ps_img,176549
1791368285.333225,IMG_FRAMES,176590
1791368285.333225,IMG_SENT,176550
1791368285.333647,SYNC_CNT,177073
1791368285.336327,PHY_FRAMES,177073
1791368285.342688,clk,-44902450897128
1791368285.342688,clk_rtt,563
1791368285.347096,ps_img,176550
1791368285.366703,IMG_SENT,176551
1791368285.366769,SYNC_CNT,177074
1791368285.366769,IMG_FRAMES,176591
1791368285.369493,PHY_FRAMES,177074
1791368285.377044,ps_img,176551
1791368285.399882,IMG_FRAMES,176592
1791368285.399882,IMG_SENT,176552
1791368285.400125,SYNC_CNT,177075
1791368285.402831,PHY_FRAMES,177075
1791368285.408507,ps_img,176552
1791368285.433191,IMG_FRAMES,176593
1791368285.433191,IMG_SENT,176553
1791368285.433318,SYNC_CNT,177076
1791368285.436004,PHY_FRAMES,177076
1791368285.442379,ps_img,176553
1791368285.466425,IMG_FRAMES,176594
1791368285.466425,IMG_SENT,176554
1791368285.467079,SYNC_CNT,177077
1791368285.469803,PHY_FRAMES,177077
1791368285.475470,ps_img,176554
1791368285.499953,SYNC_CNT,177078
1791368285.500134,IMG_SENT,176555
1791368285.500195,IMG_FRAMES,176595
1791368285.502695,PHY_FRAMES,177078
1791368285.508766,ps_img,176555
1791368285.533033,SYNC_CNT,177079
1791368285.533033,IMG_SENT,176556
1791368285.533102,IMG_FRAMES,176596
1791368285.535747,PHY_FRAMES,177079
1791368285.542367,ps_img,176556
1791368285.566113,IMG_FRAMES,176597
1791368285.566113,IMG_SENT,176557
1791368285.566816,SYNC_CNT,177080
1791368285.569511,PHY_FRAMES,177080
1791368285.575613,ps_img,176557
1791368285.599614,SYNC_CNT,177081
1791368285.599909,IMG_FRAMES,176598
1791368285.599909,IMG_SENT,176558
1791368285.602347,PHY_FRAMES,177081
1791368285.607301,ps_img,176558
1791368285.632725,IMG_FRAMES,176599
1791368285.632725,IMG_SENT,176559
1791368285.633658,SYNC_CNT,177082
1791368285.636385,PHY_FRAMES,177082
1791368285.641632,ps_img,176559
1791368285.666742,SYNC_CNT,177083
1791368285.666742,IMG_FRAMES,176600
1791368285.666742,IMG_SENT,176560
1791368285.669456,PHY_FRAMES,177083
1791368285.675790,ps_img,176560
1791368285.699866,IMG_FRAMES,176601
1791368285.699866,IMG_SENT,176561
1791368285.700079,SYNC_CNT,177084
1791368285.702756,PHY_FRAMES,177084
1791368285.708766,ps_img,176561
1791368285.733166,IMG_FRAMES,176602
1791368285.733166,IMG_SENT,176562
1791368285.733296,SYNC_CNT,177085
1791368285.736000,PHY_FRAMES,177085
1791368285.746099,ps_img,176562
1791368285.766427,IMG_FRAMES,176603
1791368285.766427,IMG_SENT,176563
1791368285.767074,SYNC_CNT,177086
1791368285.769786,PHY_FRAMES,177086
1791368285.788771,ps_img,176563
1791368285.800137,IMG_FRAMES,176604
1791368285.800137,IMG_SENT,176564
1791368285.800323,SYNC_CNT,177087
1791368285.802993,PHY_FRAMES,177087
1791368285.807837,ps_img,176564
1791368285.832924,SYNC_CNT,177088
1791368285.833395,IMG_FRAMES,176605
1791368285.833395,IMG_SENT,176565
1791368285.835666,PHY_FRAMES,177088
1791368285.842669,ps_img,176565
1791368285.866073,IMG_FRAMES,176606
1791368285.866073,IMG_SENT,176566
1791368285.867012,SYNC_CNT,177089
1791368285.869686,PHY_FRAMES,177089
1791368285.875588,ps_img,176566
1791368285.900117,IMG_FRAMES,176607
1791368285.900117,IMG_SENT,176567
1791368285.900186,SYNC_CNT,177090
1791368285.902913,PHY_FRAMES,177090
1791368285.909854,ps_img,176567
1791368285.933268,IMG_FRAMES,176608
1791368285.933268,IMG_SENT,176568
1791368285.933570,SYNC_CNT,177091
1791368285.936335,PHY_FRAMES,177091
1791368285.942713,ps_img,176568
1791368285.966514,SYNC_CNT,177092
1791368285.966696,IMG_FRAMES,176609
1791368285.966696,IMG_SENT,176569
1791368285.969258,PHY_FRAMES,177092
1791368285.975563,ps_img,176569
1791368285.999296,SYNC_CNT,177093
1791368285.999646,IMG_FRAMES,176610
1791368285.999646,IMG_SENT,176570
1791368286.002029,PHY_FRAMES,177093
1791368286.008408,ps_img,176570
1791368286.032112,SYNC_CNT,177094
1791368286.032408,IMG_FRAMES,176611
1791368286.032408,IMG_SENT,176571
1791368286.034839,PHY_FRAMES,177094
1791368286.039755,ps_img,176571
1791368286.065233,IMG_FRAMES,176612
1791368286.065233,IMG_SENT,176572
1791368286.066918,SYNC_CNT,177095
1791368286.069679,PHY_FRAMES,177095
1791368286.073923,ps_img,176572
1791368286.099647,SYNC_CNT,177096
1791368286.100057,IMG_FRAMES,176613
1791368286.100057,IMG_SENT,176573
1791368286.102389,PHY_FRAMES,177096
1791368286.108459,ps_img,176573
1791368286.132774,IMG_FRAMES,176614
1791368286.132774,IMG_SENT,176574
1791368286.133015,SYNC_CNT,177097
1791368286.135733,PHY_FRAMES,177097
1791368286.141475,ps_img,176574
1791368286.166137,IMG_FRAMES,176615
1791368286.166137,IMG_SENT,176575
1791368286.166986,SYNC_CNT,177098
1791368286.169703,PHY_FRAMES,177098
1791368286.174579,ps_img,176575
1791368286.200094,SYNC_CNT,177099
1791368286.200094,IMG_FRAMES,176616
1791368286.200094,IMG_SENT,176576
1791368286.202831,PHY_FRAMES,177099
1791368286.208947,ps_img,176576
1791368286.233245,SYNC_CNT,177100
1791368286.233245,IMG_FRAMES,176617
1791368286.233245,IMG_SENT,176577
1791368286.235947,PHY_FRAMES,177100
1791368286.240404,ps_img,176577
1791368286.266345,IMG_FRAMES,176618
1791368286.266345,IMG_SENT,176578
1791368286.267001,SYNC_CNT,177101
1791368286.269732,PHY_FRAMES,177101
1791368286.284459,ps_img,176578
1791368286.300086,SYNC_CNT,177102
1791368286.300086,IMG_FRAMES,176619
1791368286.300086,IMG_SENT,176579
1791368286.302777,PHY_FRAMES,177102
1791368286.311313,ps_img,176579
1791368286.333176,IMG_FRAMES,176620
1791368286.333176,IMG_SENT,176580
1791368286.333310,SYNC_CNT,177103
1791368286.335992,PHY_FRAMES,177103
1791368286.342786,ps_img,176580
1791368286.366412,IMG_FRAMES,176621
1791368286.366412,IMG_SENT,176581
1791368286.367022,SYNC_CNT,177104
1791368286.369711,PHY_FRAMES,177104
1791368286.375980,ps_img,176581
1791368286.400134,SYNC_CNT,177105
1791368286.400134,IMG_FRAMES,176622
1791368286.400134,IMG_SENT,176582
1791368286.402826,PHY_FRAMES,177105
1791368286.410111,ps_img,176582
1791368286.433001,SYNC_CNT,177106
1791368286.433244,IMG_FRAMES,176623
1791368286.433244,IMG_SENT,176583
1791368286.435704,PHY_FRAMES,177106
1791368286.442980,ps_img,176583
1791368286.466094,IMG_FRAMES,176624
1791368286.466094,IMG_SENT,176584
1791368286.466977,SYNC_CNT,177107
1791368286.469675,PHY_FRAMES,177107
1791368286.475606,ps_img,176584
1791368286.499927,SYNC_CNT,177108
1791368286.500050,IMG_SENT,176585
1791368286.500111,IMG_FRAMES,176625
1791368286.502672,PHY_FRAMES,177108
1791368286.508375,ps_img,176585
1791368286.533063,IMG_FRAMES,176626
1791368286.533063,IMG_SENT,176586
1791368286.533592,SYNC_CNT,177109
1791368286.536326,PHY_FRAMES,177109
1791368286.541198,ps_img,176586
1791368286.566696,IMG_FRAMES,176627
1791368286.566696,IMG_SENT,176587
1791368286.566764,SYNC_CNT,177110
1791368286.569456,PHY_FRAMES,177110
1791368286.574468,ps_img,176587
1791368286.599820,IMG_FRAMES,176628
1791368286.599820,IMG_SENT,176588
1791368286.600086,SYNC_CNT,177111
1791368286.602773,PHY_FRAMES,177111
1791368286.608318,ps_img,176588
1791368286.633151,IMG_FRAMES,176629
1791368286.633151,IMG_SENT,176589
1791368286.633334,SYNC_CNT,177112
1791368286.636050,PHY_FRAMES,177112
1791368286.643582,ps_img,176589
1791368286.666443,IMG_FRAMES,176630
1791368286.666443,IMG_SENT,176590
1791368286.666972,SYNC_CNT,177113
1791368286.669712,PHY_FRAMES,177113
1791368286.675138,ps_img,176590
1791368286.700094,IMG_FRAMES,176631
1791368286.700094,IMG_SENT,176591
1791368286.700452,SYNC_CNT,177114
1791368286.703143,PHY_FRAMES,177114
1791368286.708097,ps_img,176591
1791368286.733518,IMG_FRAMES,176632
1791368286.733518,IMG_SENT,176592
1791368286.733587,SYNC_CNT,177115
1791368286.736281,PHY_FRAMES,177115
1791368286.752278,ps_img,176592
1791368286.766870,SYNC_CNT,177116
1791368286.766937,IMG_FRAMES,176633
1791368286.766937,IMG_SENT,176593
1791368286.769547,PHY_FRAMES,177116
1791368286.790904,ps_img,176593
1791368286.799570,SYNC_CNT,177117
1791368286.799927,IMG_SENT,176594
1791368286.799990,IMG_FRAMES,176634
1791368286.802294,PHY_FRAMES,177117
1791368286.808140,ps_img,176594
1791368286.832663,IMG_SENT,176595
1791368286.832730,IMG_FRAMES,176635
1791368286.833435,SYNC_CNT,177118
1791368286.836133,PHY_FRAMES,177118
1791368286.840050,ps_img,176595
1791368286.866180,SYNC_CNT,177119
1791368286.866537,IMG_FRAMES,176636
1791368286.866537,IMG_SENT,176596
1791368286.868910,PHY_FRAMES,177119
1791368286.875904,ps_img,176596
1791368286.899311,SYNC_CNT,177120
1791368286.899311,IMG_FRAMES,176637
1791368286.899311,IMG_SENT,176597
1791368286.902029,PHY_FRAMES,177120
1791368286.908949,ps_img,176597
1791368286.932433,IMG_FRAMES,176638
1791368286.932433,IMG_SENT,176598
1791368286.933641,SYNC_CNT,177121
1791368286.936363,PHY_FRAMES,177121
1791368286.942016,ps_img,176598
1791368286.966747,IMG_FRAMES,176639
1791368286.966747,IMG_SENT,176599
1791368286.967104,SYNC_CNT,177122
1791368286.969823,PHY_FRAMES,177122
1791368286.975933,ps_img,176599
1791368287.000206,IMG_FRAMES,176640
1791368287.000206,IMG_SENT,176600
1791368287.001217,SYNC_CNT,177123
1791368287.003954,PHY_FRAMES,177123
1791368287.008796,ps_img,176600
1791368287.034169,SYNC_CNT,177124
1791368287.034320,IMG_FRAMES,176641
1791368287.034320,IMG_SENT,176601
1791368287.036894,PHY_FRAMES,177124
1791368287.043127,ps_img,176601
1791368287.066992,SYNC_CNT,177125
1791368287.067286,IMG_FRAMES,176642
1791368287.067286,IMG_SENT,176602
1791368287.069735,PHY_FRAMES,177125
1791368287.076116,ps_img,176602
1791368287.100080,IMG_SENT,176603
1791368287.100142,IMG_FRAMES,176643
1791368287.107364,SYNC_CNT,177126
1791368287.107665,ps_img,176603
1791368287.110062,PHY_FRAMES,177126
1791368287.140485,IMG_FRAMES,176644
1791368287.140485,IMG_SENT,176604
1791368287.140553,SYNC_CNT,177127
1791368287.143235,PHY_FRAMES,177127
1791368287.149027,ps_img,176604
1791368287.173621,IMG_FRAMES,176645
1791368287.173621,IMG_SENT,176605
1791368287.173749,SYNC_CNT,177128
1791368287.176421,PHY_FRAMES,177128
1791368287.182377,ps_img,176605
1791368287.206846,IMG_FRAMES,176646
1791368287.206846,IMG_SENT,176606
1791368287.206915,SYNC_CNT,177129
1791368287.209656,PHY_FRAMES,177129
1791368287.215368,ps_img,176606
1791368287.239886,SYNC_CNT,177130
1791368287.240011,IMG_FRAMES,176647
1791368287.240011,IMG_SENT,176607
1791368287.242640,PHY_FRAMES,177130
1791368287.255225,ps_img,176607
1791368287.272788,SYNC_CNT,177131
1791368287.273029,IMG_FRAMES,176648
1791368287.273029,IMG_SENT,176608
1791368287.275491,PHY_FRAMES,177131
1791368287.295358,ps_img,176608
1791368287.305979,SYNC_CNT,177132
1791368287.306046,IMG_FRAMES,176649
1791368287.306046,IMG_SENT,176609
1791368287.308687,PHY_FRAMES,177132
1791368287.315221,ps_img,176609
1791368287.339063,SYNC_CNT,177133
1791368287.339063,IMG_SENT,176610
1791368287.339134,IMG_FRAMES,176650
1791368287.341775,PHY_FRAMES,177133
1791368287.347561,ps_img,176610
1791368287.372027,SYNC_CNT,177134
1791368287.372152,IMG_FRAMES,176651
1791368287.372152,IMG_SENT,176611
1791368287.374749,PHY_FRAMES,177134
1791368287.381266,ps_img,176611
1791368287.405014,SYNC_CNT,177135
1791368287.405140,IMG_FRAMES,176652
1791368287.405140,IMG_SENT,176612
1791368287.407679,PHY_FRAMES,177135
1791368287.412819,ps_img,176612
1791368287.438117,SYNC_CNT,177136
1791368287.438117,IMG_FRAMES,176653
1791368287.438117,IMG_SENT,176613
1791368287.440821,PHY_FRAMES,177136
1791368287.447271,ps_img,176613
1791368287.470910,SYNC_CNT,177137
1791368287.471208,IMG_FRAMES,176654
1791368287.471208,IMG_SENT,176614
1791368287.473649,PHY_FRAMES,177137
1791368287.479652,ps_img,176614
1791368287.503925,SYNC_CNT,177138
1791368287.504048,IMG_FRAMES,176655
1791368287.504048,IMG_SENT,176615
1791368287.506605,PHY_FRAMES,177138
1791368287.511253,ps_img,176615
1791368287.536994,SYNC_CNT,177139
1791368287.536994,IMG_FRAMES,176656
1791368287.536994,IMG_SENT,176616
1791368287.539714,PHY_FRAMES,177139
1791368287.543876,ps_img,176616
1791368287.569930,SYNC_CNT,177140
1791368287.570111,IMG_FRAMES,176657
1791368287.570111,IMG_SENT,176617
1791368287.572667,PHY_FRAMES,177140
1791368287.577069,ps_img,176617
1791368287.602918,SYNC_CNT,177141
1791368287.603013,IMG_SENT,176618
1791368287.603077,IMG_FRAMES,176658
1791368287.605621,PHY_FRAMES,177141
1791368287.611549,ps_img,176618
1791368287.635867,SYNC_CNT,177142
1791368287.635992,IMG_FRAMES,176659
1791368287.635992,IMG_SENT,176619
1791368287.638606,PHY_FRAMES,177142
1791368287.644804,ps_img,176619
1791368287.668872,SYNC_CNT,177143
1791368287.668996,IMG_FRAMES,176660
1791368287.668996,IMG_SENT,176620
1791368287.671586,PHY_FRAMES,177143
1791368287.676083,ps_img,176620
1791368287.701934,SYNC_CNT,177144
1791368287.701934,IMG_SENT,176621
1791368287.702003,IMG_FRAMES,176661
1791368287.704653,PHY_FRAMES,177144
1791368287.710953,ps_img,176621
1791368287.734848,SYNC_CNT,177145
1791368287.735032,IMG_FRAMES,176662
1791368287.735032,IMG_SENT,176622
1791368287.737567,PHY_FRAMES,177145
1791368287.744068,ps_img,176622
1791368287.767924,SYNC_CNT,177146
1791368287.767924,IMG_FRAMES,176663
1791368287.767924,IMG_SENT,176623
1791368287.770622,PHY_FRAMES,177146
1791368287.781448,ps_img,176623
1791368287.800981,IMG_SENT,176624
1791368287.801047,SYNC_CNT,177147
1791368287.801047,IMG_FRAMES,176664
1791368287.803789,PHY_FRAMES,177147
1791368287.818504,ps_img,176624
1791368287.834156,SYNC_CNT,177148
1791368287.834156,IMG_FRAMES,176665
1791368287.834156,IMG_SENT,176625
1791368287.836905,PHY_FRAMES,177148
1791368287.843232,ps_img,176625
1791368287.866997,SYNC_CNT,177149
1791368287.867295,IMG_FRAMES,176666
1791368287.867295,IMG_SENT,176626
1791368287.869715,PHY_FRAMES,177149
1791368287.876560,ps_img,176626
1791368287.899950,SYNC_CNT,177150
1791368287.900135,IMG_FRAMES,176667
1791368287.900135,IMG_SENT,176627
1791368287.902689,PHY_FRAMES,177150
1791368287.907822,ps_img,176627
1791368287.933022,SYNC_CNT,177151
1791368287.933088,IMG_FRAMES,176668
1791368287.933088,IMG_SENT,176628
1791368287.935723,PHY_FRAMES,177151
1791368287.942728,ps_img,176628
1791368287.966129,IMG_FRAMES,176669
1791368287.966129,IMG_SENT,176629
1791368287.966795,SYNC_CNT,177152
1791368287.969482,PHY_FRAMES,177152
1791368287.975599,ps_img,176629
1791368287.999494,SYNC_CNT,177153
1791368287.999852,IMG_SENT,176630
1791368287.999914,IMG_FRAMES,176670
1791368288.002208,PHY_FRAMES,177153
1791368288.007676,ps_img,176630
1791368288.032614,IMG_FRAMES,176671
1791368288.032614,IMG_SENT,176631
1791368288.033383,SYNC_CNT,177154
1791368288.036102,PHY_FRAMES,177154
1791368288.041478,ps_img,176631
1791368288.066155,SYNC_CNT,177155
1791368288.066478,IMG_SENT,176632
1791368288.066539,IMG_FRAMES,176672
1791368288.068883,PHY_FRAMES,177155
1791368288.075035,ps_img,176632
1791368288.099088,SYNC_CNT,177156
1791368288.099269,IMG_FRAMES,176673
1791368288.099269,IMG_SENT,176633
1791368288.101787,PHY_FRAMES,177156
1791368288.108126,ps_img,176633
1791368288.132139,IMG_FRAMES,176674
1791368288.132139,IMG_SENT,176634
1791368288.133565,SYNC_CNT,177157
1791368288.136307,PHY_FRAMES,177157
1791368288.141161,ps_img,176634
1791368288.166687,IMG_FRAMES,176675
1791368288.166687,IMG_SENT,176635
1791368288.167045,SYNC_CNT,177158
1791368288.169779,PHY_FRAMES,177158
1791368288.175702,ps_img,176635
1791368288.199955,SYNC_CNT,177159
1791368288.200194,IMG_FRAMES,176676
1791368288.200194,IMG_SENT,176636
1791368288.202628,PHY_FRAMES,177159
1791368288.209019,ps_img,176636
1791368288.232757,SYNC_CNT,177160
1791368288.233058,IMG_FRAMES,176677
1791368288.233058,IMG_SENT,176637
1791368288.235470,PHY_FRAMES,177160
1791368288.242681,ps_img,176637
1791368288.265882,IMG_FRAMES,176678
1791368288.265882,IMG_SENT,176638
1791368288.267005,SYNC_CNT,177161
1791368288.269725,PHY_FRAMES,177161
1791368288.277001,ps_img,176638
1791368288.300112,IMG_FRAMES,176679
1791368288.300112,IMG_SENT,176639
1791368288.300225,SYNC_CNT,177162
1791368288.302875,PHY_FRAMES,177162
1791368288.313813,ps_img,176639
1791368288.333224,IMG_FRAMES,176680
1791368288.333224,IMG_SENT,176640
1791368288.333586,SYNC_CNT,177163
1791368288.336328,PHY_FRAMES,177163
1791368288.343510,ps_img,176640
1791368288.366714,SYNC_CNT,177164
1791368288.366714,IMG_FRAMES,176681
1791368288.366714,IMG_SENT,176641
1791368288.369472,PHY_FRAMES,177164
1791368288.376806,ps_img,176641
1791368288.399863,IMG_FRAMES,176682
1791368288.399863,IMG_SENT,176642
1791368288.400107,SYNC_CNT,177165
1791368288.402783,PHY_FRAMES,177165
1791368288.409504,ps_img,176642
1791368288.433266,SYNC_CNT,177166
1791368288.433266,IMG_FRAMES,176683
1791368288.433266,IMG_SENT,176643
1791368288.436017,PHY_FRAMES,177166
1791368288.442437,ps_img,176643
1791368288.466406,IMG_FRAMES,176684
1791368288.466406,IMG_SENT,176644
1791368288.467060,SYNC_CNT,177167
1791368288.469789,PHY_FRAMES,177167
1791368288.474634,ps_img,176644
1791368288.499718,SYNC_CNT,177168
1791368288.500188,IMG_FRAMES,176685
1791368288.500188,IMG_SENT,176645
1791368288.502445,PHY_FRAMES,177168
1791368288.508185,ps_img,176645
1791368288.532876,IMG_FRAMES,176686
1791368288.532876,IMG_SENT,176646
1791368288.533025,SYNC_CNT,177169
1791368288.535691,PHY_FRAMES,177169
1791368288.541114,ps_img,176646
1791368288.566069,IMG_SENT,176647
1791368288.566134,IMG_FRAMES,176687
1791368288.566999,SYNC_CNT,177170
1791368288.569686,PHY_FRAMES,177170
1791368288.573037,ps_img,176647
1791368288.600114,IMG_FRAMES,176688
1791368288.600114,IMG_SENT,176648
1791368288.600182,SYNC_CNT,177171
1791368288.602846,PHY_FRAMES,177171
1791368288.608332,ps_img,176648
1791368288.633224,IMG_FRAMES,176689
1791368288.633224,IMG_SENT,176649
1791368288.633639,SYNC_CNT,177172
1791368288.636352,PHY_FRAMES,177172
1791368288.644278,ps_img,176649
1791368288.666744,SYNC_CNT,177173
1791368288.666744,IMG_FRAMES,176690
1791368288.666744,IMG_SENT,176650
1791368288.669425,PHY_FRAMES,177173
1791368288.674457,ps_img,176650
1791368288.699842,IMG_FRAMES,176691
1791368288.699842,IMG_SENT,176651
1791368288.700025,SYNC_CNT,177174
1791368288.702744,PHY_FRAMES,177174
1791368288.708759,ps_img,176651
1791368288.733245,IMG_FRAMES,176692
1791368288.733245,IMG_SENT,176652
1791368288.733417,SYNC_CNT,177175
1791368288.735973,PHY_FRAMES,177175
1791368288.744852,ps_img,176652
1791368288.766357,IMG_SENT,176653
1791368288.766424,IMG_FRAMES,176693
1791368288.766954,SYNC_CNT,177176
1791368288.769637,PHY_FRAMES,177176
1791368288.778687,ps_img,176653
1791368288.800022,IMG_SENT,176654
1791368288.800087,IMG_FRAMES,176694
1791368288.800208,SYNC_CNT,177177
1791368288.802927,PHY_FRAMES,177177
1791368288.814738,ps_img,176654
1791368288.833006,SYNC_CNT,177178
1791368288.833312,IMG_SENT,176655
1791368288.833376,IMG_FRAMES,176695
1791368288.835807,PHY_FRAMES,177178
1791368288.850855,ps_img,176655
1791368288.866995,SYNC_CNT,177179
1791368288.867302,IMG_FRAMES,176696
1791368288.867302,IMG_SENT,176656
1791368288.869722,PHY_FRAMES,177179
1791368288.878946,ps_img,176656
1791368288.900096,IMG_FRAMES,176697
1791368288.900096,IMG_SENT,176657
1791368288.900166,SYNC_CNT,177180
1791368288.902870,PHY_FRAMES,177180
1791368288.910220,ps_img,176657
1791368288.933278,IMG_FRAMES,176698
1791368288.933278,IMG_SENT,176658
1791368288.933585,SYNC_CNT,177181
1791368288.936273,PHY_FRAMES,177181
1791368288.941919,ps_img,176658
1791368288.966689,IMG_FRAMES,176699
1791368288.966689,IMG_SENT,176659
1791368288.966759,SYNC_CNT,177182
1791368288.969454,PHY_FRAMES,177182
1791368288.974690,ps_img,176659
1791368288.999876,IMG_FRAMES,176700
1791368288.999876,IMG_SENT,176660
1791368289.000088,SYNC_CNT,177183
1791368289.002769,PHY_FRAMES,177183
1791368289.007452,ps_img,176660
1791368289.033163,IMG_FRAMES,176701
1791368289.033163,IMG_SENT,176661
1791368289.033638,SYNC_CNT,177184
1791368289.036371,PHY_FRAMES,177184
1791368289.043596,ps_img,176661
1791368289.066778,IMG_FRAMES,176702
1791368289.066778,IMG_SENT,176662
1791368289.066965,SYNC_CNT,177185
1791368289.069679,PHY_FRAMES,177185
1791368289.075879,ps_img,176662
1791368289.100066,IMG_SENT,176663
1791368289.100131,IMG_FRAMES,176703
1791368289.100251,SYNC_CNT,177186
1791368289.102983,PHY_FRAMES,177186
1791368289.109264,ps_img,176663
1791368289.132969,SYNC_CNT,177187
1791368289.133365,IMG_FRAMES,176704
1791368289.133365,IMG_SENT,176664
1791368289.135707,PHY_FRAMES,177187
1791368289.143675,ps_img,176664
1791368289.166069,IMG_FRAMES,176705
1791368289.166069,IMG_SENT,176665
1791368289.167007,SYNC_CNT,177188
1791368289.169689,PHY_FRAMES,177188
1791368289.175364,ps_img,176665
1791368289.200109,IMG_FRAMES,176706
1791368289.200109,IMG_SENT,176666
1791368289.200178,SYNC_CNT,177189
1791368289.202843,PHY_FRAMES,177189
1791368289.207875,ps_img,176666
1791368289.233358,IMG_FRAMES,176707
1791368289.233358,IMG_SENT,176667
1791368289.233599,SYNC_CNT,177190
1791368289.236331,PHY_FRAMES,177190
1791368289.244511,ps_img,176667
1791368289.266706,SYNC_CNT,177191
1791368289.266706,IMG_FRAMES,176708
1791368289.266706,IMG_SENT,176668
1791368289.269434,PHY_FRAMES,177191
1791368289.285076,ps_img,176668
1791368289.299844,IMG_FRAMES,176709
1791368289.299844,IMG_SENT,176669
1791368289.300090,SYNC_CNT,177192
1791368289.302812,PHY_FRAMES,177192
1791368289.319081,ps_img,176669
1791368289.333165,IMG_FRAMES,176710
1791368289.333165,IMG_SENT,176670
1791368289.333291,SYNC_CNT,177193
1791368289.335985,PHY_FRAMES,177193
1791368289.346554,ps_img,176670
1791368289.366384,IMG_FRAMES,176711
1791368289.366384,IMG_SENT,176671
1791368289.366977,SYNC_CNT,177194
1791368289.369726,PHY_FRAMES,177194
1791368289.376523,ps_img,176671
1791368289.399907,SYNC_CNT,177195
1791368289.400090,IMG_FRAMES,176712
1791368289.400090,IMG_SENT,176672
1791368289.402656,PHY_FRAMES,177195
1791368289.411028,ps_img,176672
1791368289.432822,SYNC_CNT,177196
1791368289.433006,IMG_SENT,176673
1791368289.433068,IMG_FRAMES,176713
1791368289.435512,PHY_FRAMES,177196
1791368289.445737,ps_img,176673
1791368289.465933,IMG_FRAMES,176714
1791368289.465933,IMG_SENT,176674
1791368289.466936,SYNC_CNT,177197
1791368289.469650,PHY_FRAMES,177197
1791368289.476251,ps_img,176674
1791368289.500043,IMG_FRAMES,176715
1791368289.500043,IMG_SENT,176675
1791368289.500169,SYNC_CNT,177198
1791368289.502873,PHY_FRAMES,177198
1791368289.508185,ps_img,176675
1791368289.533262,IMG_FRAMES,176716
1791368289.533262,IMG_SENT,176676
1791368289.533624,SYNC_CNT,177199
1791368289.536307,PHY_FRAMES,177199
1791368289.542071,ps_img,176676
1791368289.566700,SYNC_CNT,177200
1791368289.566700,IMG_FRAMES,176717
1791368289.566700,IMG_SENT,176677
1791368289.569457,PHY_FRAMES,177200
1791368289.576461,ps_img,176677
1791368289.599808,IMG_FRAMES,176718
1791368289.599808,IMG_SENT,176678
1791368289.600050,SYNC_CNT,177201
1791368289.602772,PHY_FRAMES,177201
1791368289.608463,ps_img,176678
1791368289.633156,IMG_FRAMES,176719
1791368289.633156,IMG_SENT,176679
1791368289.633284,SYNC_CNT,177202
1791368289.635995,PHY_FRAMES,177202
1791368289.641942,ps_img,176679
1791368289.666371,IMG_FRAMES,176720
1791368289.666371,IMG_SENT,176680
1791368289.667124,SYNC_CNT,177203
1791368289.669855,PHY_FRAMES,177203
1791368289.674887,ps_img,176680
1791368289.699767,SYNC_CNT,177204
1791368289.700233,IMG_FRAMES,176721
1791368289.700233,IMG_SENT,176681
1791368289.702477,PHY_FRAMES,177204
1791368289.708702,ps_img,176681
1791368289.732881,IMG_FRAMES,176722
1791368289.732881,IMG_SENT,176682
1791368289.733008,SYNC_CNT,177205
1791368289.735740,PHY_FRAMES,177205
1791368289.740305,ps_img,176682
1791368289.766087,IMG_SENT,176683
1791368289.766154,IMG_FRAMES,176723
1791368289.767025,SYNC_CNT,177206
1791368289.769686,PHY_FRAMES,177206
1791368289.781885,ps_img,176683
1791368289.800087,SYNC_CNT,177207
1791368289.800087,IMG_FRAMES,176724
1791368289.800087,IMG_SENT,176684
1791368289.802829,PHY_FRAMES,177207
1791368289.814705,ps_img,176684
1791368289.833281,SYNC_CNT,177208
1791368289.833281,IMG_FRAMES,176725
1791368289.833281,IMG_SENT,176685
1791368289.835991,PHY_FRAMES,177208
1791368289.843441,ps_img,176685
1791368289.866150,SYNC_CNT,177209
1791368289.866390,IMG_FRAMES,176726
1791368289.866390,IMG_SENT,176686
1791368289.868879,PHY_FRAMES,177209
1791368289.875557,ps_img,176686
1791368289.899249,IMG_FRAMES,176727
1791368289.899249,IMG_SENT,176687
1791368289.899319,SYNC_CNT,177210
1791368289.902004,PHY_FRAMES,177210
1791368289.910792,ps_img,176687
1791368289.932091,SYNC_CNT,177211
1791368289.932457,IMG_FRAMES,176728
1791368289.932457,IMG_SENT,176688
1791368289.934777,PHY_FRAMES,177211
1791368289.942015,ps_img,176688
1791368289.965182,IMG_FRAMES,176729
1791368289.965182,IMG_SENT,176689
1791368289.966880,SYNC_CNT,177212
1791368289.969575,PHY_FRAMES,177212
1791368289.973281,ps_img,176689
1791368289.999986,IMG_FRAMES,176730
1791368289.999986,IMG_SENT,176690
1791368290.001312,SYNC_CNT,177213
1791368290.004041,PHY_FRAMES,177213
1791368290.008093,ps_img,176690
1791368290.034088,SYNC_CNT,177214
1791368290.034441,IMG_FRAMES,176731
1791368290.034441,IMG_SENT,176691
1791368290.036833,PHY_FRAMES,177214
1791368290.042668,ps_img,176691
1791368290.066995,SYNC_CNT,177215
1791368290.067176,IMG_FRAMES,176732
1791368290.067176,IMG_SENT,176692
1791368290.069684,PHY_FRAMES,177215
1791368290.074487,ps_img,176692
1791368290.100079,IMG_FRAMES,176733
1791368290.100079,IMG_SENT,176693
1791368290.100147,SYNC_CNT,177216
1791368290.102873,PHY_FRAMES,177216
1791368290.107833,ps_img,176693
1791368290.133245,IMG_FRAMES,176734
1791368290.133245,IMG_SENT,176694
1791368290.133543,SYNC_CNT,177217
1791368290.136258,PHY_FRAMES,177217
1791368290.141307,ps_img,176694
1791368290.166619,IMG_SENT,176695
1791368290.166684,IMG_FRAMES,176735
1791368290.166746,SYNC_CNT,177218
1791368290.169418,PHY_FRAMES,177218
1791368290.175281,ps_img,176695
1791368290.199833,IMG_FRAMES,176736
1791368290.199833,IMG_SENT,176696
1791368290.200017,SYNC_CNT,177219
1791368290.202768,PHY_FRAMES,177219
1791368290.210722,ps_img,176696
1791368290.233109,SYNC_CNT,177220
1791368290.233109,IMG_FRAMES,176737
1791368290.233109,IMG_SENT,176697
1791368290.235782,PHY_FRAMES,177220
1791368290.241597,ps_img,176697
1791368290.266118,IMG_SENT,176698
1791368290.266183,IMG_FRAMES,176738
1791368290.267184,SYNC_CNT,177221
1791368290.269858,PHY_FRAMES,177221
1791368290.277458,ps_img,176698
1791368290.300271,SYNC_CNT,177222
1791368290.300271,IMG_FRAMES,176739
1791368290.300271,IMG_SENT,176699
1791368290.302995,PHY_FRAMES,177222
1791368290.311328,ps_img,176699
1791368290.332953,SYNC_CNT,177223
1791368290.333371,IMG_FRAMES,176740
1791368290.333371,IMG_SENT,176700
1791368290.335763,PHY_FRAMES,177223
1791368290.342770,clk,-44902450897125
1791368290.342770,clk_rtt,597
1791368290.344956,ps_img,176700
1791368290.366053,IMG_FRAMES,176741
1791368290.366053,IMG_SENT,176701
1791368290.366821,SYNC_CNT,177224
1791368290.369513,PHY_FRAMES,177224
1791368290.377191,ps_img,176701
1791368290.399507,SYNC_CNT,177225
1791368290.399921,IMG_FRAMES,176742
1791368290.399921,IMG_SENT,176702
1791368290.402190,PHY_FRAMES,177225
1791368290.410051,ps_img,176702
1791368290.432572,IMG_FRAMES,176743
1791368290.432572,IMG_SENT,176703
1791368290.433544,SYNC_CNT,177226
1791368290.436259,PHY_FRAMES,177226
1791368290.441450,ps_img,176703
1791368290.466670,IMG_FRAMES,176744
1791368290.466670,IMG_SENT,176704
1791368290.466739,SYNC_CNT,177227
1791368290.469409,PHY_FRAMES,177227
1791368290.475834,ps_img,176704
1791368290.499766,SYNC_CNT,177228
1791368290.499833,IMG_FRAMES,176745
1791368290.499833,IMG_SENT,176705
1791368290.502456,PHY_FRAMES,177228
1791368290.508078,ps_img,176705
1791368290.532894,IMG_FRAMES,176746
1791368290.532894,IMG_SENT,176706
1791368290.533571,SYNC_CNT,177229
1791368290.536304,PHY_FRAMES,177229
1791368290.540467,ps_img,176706
1791368290.566723,IMG_FRAMES,176747
1791368290.566723,IMG_SENT,176707
1791368290.566963,SYNC_CNT,177230
1791368290.569642,PHY_FRAMES,177230
1791368290.574970,ps_img,176707
1791368290.600061,IMG_FRAMES,176748
1791368290.600061,IMG_SENT,176708
1791368290.600245,SYNC_CNT,177231
1791368290.602974,PHY_FRAMES,177231
1791368290.608912,ps_img,176708
1791368290.633036,SYNC_CNT,177232
1791368290.633382,IMG_FRAMES,176749
1791368290.633382,IMG_SENT,176709
1791368290.635606,PHY_FRAMES,177232
1791368290.641814,ps_img,176709
1791368290.665987,IMG_FRAMES,176750
1791368290.665987,IMG_SENT,176710
1791368290.666979,SYNC_CNT,177233
1791368290.669664,PHY_FRAMES,177233
1791368290.674128,ps_img,176710
1791368290.700025,SYNC_CNT,177234
1791368290.700025,IMG_SENT,176711
1791368290.700094,IMG_FRAMES,176751
1791368290.702743,PHY_FRAMES,177234
1791368290.709265,ps_img,176711
1791368290.733101,IMG_FRAMES,176752
1791368290.733101,IMG_SENT,176712
1791368290.733522,SYNC_CNT,177235
1791368290.736254,PHY_FRAMES,177235
1791368290.741973,ps_img,176712
1791368290.766512,SYNC_CNT,177236
1791368290.766638,IMG_FRAMES,176753
1791368290.766638,IMG_SENT,176713
1791368290.769211,PHY_FRAMES,177236
1791368290.775987,ps_img,176713
1791368290.799301,SYNC_CNT,177237
1791368290.799603,IMG_FRAMES,176754
1791368290.799603,IMG_SENT,176714
1791368290.802034,PHY_FRAMES,177237
1791368290.818914,ps_img,176714
1791368290.832403,IMG_FRAMES,176755
1791368290.832403,IMG_SENT,176715
1791368290.833578,SYNC_CNT,177238
1791368290.836317,PHY_FRAMES,177238
1791368290.851046,ps_img,176715
1791368290.866680,IMG_FRAMES,176756
1791368290.866680,IMG_SENT,176716
1791368290.867047,SYNC_CNT,177239
1791368290.869773,PHY_FRAMES,177239
1791368290.875726,ps_img,176716
1791368290.900149,IMG_FRAMES,176757
1791368290.900149,IMG_SENT,176717
1791368290.901232,SYNC_CNT,177240
1791368290.903921,PHY_FRAMES,177240
1791368290.907515,ps_img,176717
1791368290.934080,SYNC_CNT,177241
1791368290.934321,IMG_FRAMES,176758
1791368290.934321,IMG_SENT,176718
1791368290.936799,PHY_FRAMES,177241
1791368290.947647,ps_img,176718
1791368290.967020,SYNC_CNT,177242
1791368290.967202,IMG_FRAMES,176759
1791368290.967202,IMG_SENT,176719
1791368290.969720,PHY_FRAMES,177242
1791368290.976425,ps_img,176719
1791368291.000086,IMG_FRAMES,176760
1791368291.000086,IMG_SENT,176720
1791368291.000156,SYNC_CNT,177243
1791368291.002898,PHY_FRAMES,177243
1791368291.007680,ps_img,176720
1791368291.033289,IMG_FRAMES,176761
1791368291.033289,IMG_SENT,176721
1791368291.033610,SYNC_CNT,177244
1791368291.036317,PHY_FRAMES,177244
1791368291.046116,ps_img,176721
1791368291.066673,SYNC_CNT,177245
1791368291.066673,IMG_FRAMES,176762
1791368291.066673,IMG_SENT,176722
1791368291.069429,PHY_FRAMES,177245
1791368291.077239,ps_img,176722
1791368291.099776,IMG_SENT,176723
1791368291.099841,IMG_FRAMES,176763
1791368291.100017,SYNC_CNT,177246
1791368291.102740,PHY_FRAMES,177246
1791368291.107486,ps_img,176723
1791368291.133170,IMG_FRAMES,176764
1791368291.133170,IMG_SENT,176724
1791368291.133335,SYNC_CNT,177247
1791368291.135988,PHY_FRAMES,177247
1791368291.143170,ps_img,176724
1791368291.166388,IMG_FRAMES,176765
1791368291.166388,IMG_SENT,176725
1791368291.166919,SYNC_CNT,177248
1791368291.169664,PHY_FRAMES,177248
1791368291.175355,ps_img,176725
1791368291.200044,IMG_FRAMES,176766
1791368291.200044,IMG_SENT,176726
1791368291.200170,SYNC_CNT,177249
1791368291.202891,PHY_FRAMES,177249
1791368291.207854,ps_img,176726
1791368291.232957,SYNC_CNT,177250
1791368291.233303,IMG_FRAMES,176767
1791368291.233303,IMG_SENT,176727
1791368291.235685,PHY_FRAMES,177250
1791368291.244646,ps_img,176727
1791368291.266062,IMG_FRAMES,176768
1791368291.266062,IMG_SENT,176728
1791368291.266979,SYNC_CNT,177251
1791368291.269666,PHY_FRAMES,177251
1791368291.273720,ps_img,176728
1791368291.299943,SYNC_CNT,177252
1791368291.300070,IMG_FRAMES,176769
1791368291.300070,IMG_SENT,176729
1791368291.302638,PHY_FRAMES,177252
1791368291.316916,ps_img,176729
1791368291.333021,IMG_FRAMES,176770
1791368291.333021,IMG_SENT,176730
1791368291.333565,SYNC_CNT,177253
1791368291.336272,PHY_FRAMES,177253
1791368291.347661,ps_img,176730
1791368291.366686,SYNC_CNT,177254
1791368291.366686,IMG_FRAMES,176771
1791368291.366686,IMG_SENT,176731
1791368291.369431,PHY_FRAMES,177254
1791368291.376293,ps_img,176731
1791368291.399823,IMG_FRAMES,176772
1791368291.399823,IMG_SENT,176732
1791368291.400009,SYNC_CNT,177255
1791368291.402713,PHY_FRAMES,177255
1791368291.407583,ps_img,176732
1791368291.433036,SYNC_CNT,177256
1791368291.433103,IMG_FRAMES,176773
1791368291.433103,IMG_SENT,176733
1791368291.435711,PHY_FRAMES,177256
1791368291.443791,ps_img,176733
1791368291.466114,IMG_FRAMES,176774
1791368291.466114,IMG_SENT,176734
1791368291.466934,SYNC_CNT,177257
1791368291.469638,PHY_FRAMES,177257
1791368291.475357,ps_img,176734
1791368291.500042,IMG_FRAMES,176775
1791368291.500042,IMG_SENT,176735
1791368291.500708,SYNC_CNT,177258
1791368291.503412,PHY_FRAMES,177258
1791368291.508614,ps_img,176735
1791368291.533561,SYNC_CNT,177259
1791368291.533798,IMG_SENT,176736
1791368291.533859,IMG_FRAMES,176776
1791368291.536259,PHY_FRAMES,177259
1791368291.546821,ps_img,176736
1791368291.566656,IMG_FRAMES,176777
1791368291.566656,IMG_SENT,176737
1791368291.566958,SYNC_CNT,177260
1791368291.569706,PHY_FRAMES,177260
1791368291.575520,ps_img,176737
1791368291.600069,IMG_FRAMES,176778
1791368291.600069,IMG_SENT,176738
1791368291.600137,SYNC_CNT,177261
1791368291.602859,PHY_FRAMES,177261
1791368291.608787,ps_img,176738
1791368291.633223,IMG_FRAMES,176779
1791368291.633223,IMG_SENT,176739
1791368291.633407,SYNC_CNT,177262
1791368291.636090,PHY_FRAMES,177262
1791368291.647034,ps_img,176739
1791368291.666169,SYNC_CNT,177263
1791368291.666466,IMG_FRAMES,176780
1791368291.666466,IMG_SENT,176740
1791368291.668858,PHY_FRAMES,177263
1791368291.675824,ps_img,176740
1791368291.699016,SYNC_CNT,177264
1791368291.699256,IMG_FRAMES,176781
1791368291.699256,IMG_SENT,176741
1791368291.701766,PHY_FRAMES,177264
1791368291.708135,ps_img,176741
1791368291.732130,IMG_FRAMES,176782
1791368291.732130,IMG_SENT,176742
1791368291.733613,SYNC_CNT,177265
1791368291.736293,PHY_FRAMES,177265
1791368291.742010,ps_img,176742
1791368291.766697,IMG_FRAMES,176783
1791368291.766697,IMG_SENT,176743
1791368291.767059,SYNC_CNT,177266
1791368291.769746,PHY_FRAMES,177266
1791368291.776335,ps_img,176743
1791368291.799860,SYNC_CNT,177267
1791368291.800159,IMG_FRAMES,176784
1791368291.800159,IMG_SENT,176744
1791368291.802577,PHY_FRAMES,177267
1791368291.815191,ps_img,176744
1791368291.832962,IMG_FRAMES,176785
1791368291.832962,IMG_SENT,176745
1791368291.833676,SYNC_CNT,177268
1791368291.836378,PHY_FRAMES,177268
1791368291.855007,ps_img,176745
1791368291.866901,SYNC_CNT,177269
1791368291.869627,PHY_FRAMES,177269
1791368291.869694,IMG_FRAMES,176786
1791368291.869694,IMG_SENT,176746
1791368291.880002,ps_img,176746
1791368291.900048,IMG_FRAMES,176787
1791368291.900048,IMG_SENT,176747
1791368291.900118,SYNC_CNT,177270
1791368291.902881,PHY_FRAMES,177270
1791368291.907664,ps_img,176747
1791368291.933248,IMG_FRAMES,176788
1791368291.933248,IMG_SENT,176748
1791368291.933621,SYNC_CNT,177271
1791368291.936299,PHY_FRAMES,177271
1791368291.946514,ps_img,176748
1791368291.966721,SYNC_CNT,177272
1791368291.966721,IMG_FRAMES,176789
1791368291.966721,IMG_SENT,176749
1791368291.969432,PHY_FRAMES,177272
1791368291.977973,ps_img,176749
1791368291.999847,IMG_FRAMES,176790
1791368291.999847,IMG_SENT,176750
1791368292.000031,SYNC_CNT,177273
1791368292.002745,PHY_FRAMES,177273
1791368292.007819,ps_img,176750
1791368292.033147,IMG_FRAMES,176791
1791368292.033147,IMG_SENT,176751
1791368292.033277,SYNC_CNT,177274
1791368292.036005,PHY_FRAMES,177274
1791368292.044243,ps_img,176751
1791368292.066410,IMG_FRAMES,176792
1791368292.066410,IMG_SENT,176752
1791368292.066951,SYNC_CNT,177275
1791368292.069651,PHY_FRAMES,177275
1791368292.075740,ps_img,176752
1791368292.100042,IMG_FRAMES,176793
1791368292.100042,IMG_SENT,176753
1791368292.100342,SYNC_CNT,177276
1791368292.103077,PHY_FRAMES,177276
1791368292.108610,ps_img,176753
1791368292.133441,IMG_FRAMES,176794
1791368292.133441,IMG_SENT,176754
1791368292.134153,SYNC_CNT,177277
1791368292.136858,PHY_FRAMES,177277
1791368292.141978,ps_img,176754
1791368292.166975,SYNC_CNT,177278
1791368292.167273,IMG_FRAMES,176795
1791368292.167273,IMG_SENT,176755
1791368292.169686,PHY_FRAMES,177278
1791368292.175893,ps_img,176755
1791368292.200100,SYNC_CNT,177279
1791368292.200100,IMG_FRAMES,176796
1791368292.200100,IMG_SENT,176756
1791368292.202833,PHY_FRAMES,177279
1791368292.207878,ps_img,176756
1791368292.233232,IMG_FRAMES,176797
1791368292.233232,IMG_SENT,176757
1791368292.233599,SYNC_CNT,177280
1791368292.236283,PHY_FRAMES,177280
1791368292.243330,ps_img,176757
1791368292.266658,IMG_FRAMES,176798
1791368292.266658,IMG_SENT,176758
1791368292.266729,SYNC_CNT,177281
1791368292.269412,PHY_FRAMES,177281
1791368292.285666,ps_img,176758
1791368292.299810,IMG_FRAMES,176799
1791368292.299810,IMG_SENT,176759
1791368292.300061,SYNC_CNT,177282
1791368292.302788,PHY_FRAMES,177282
1791368292.318769,ps_img,176759
1791368292.333169,IMG_FRAMES,176800
1791368292.333169,IMG_SENT,176760
1791368292.333239,SYNC_CNT,177283
1791368292.335984,PHY_FRAMES,177283
1791368292.347495,ps_img,176760
1791368292.366360,IMG_FRAMES,176801
1791368292.366360,IMG_SENT,176761
1791368292.366664,SYNC_CNT,177284
1791368292.369377,PHY_FRAMES,177284
1791368292.374993,ps_img,176761
1791368292.399804,IMG_FRAMES,176802
1791368292.399804,IMG_SENT,176762
1791368292.400512,SYNC_CNT,177285
1791368292.403198,PHY_FRAMES,177285
1791368292.408895,ps_img,176762
1791368292.433531,SYNC_CNT,177286
1791368292.433599,IMG_FRAMES,176803
1791368292.433599,IMG_SENT,176763
1791368292.436269,PHY_FRAMES,177286
1791368292.449925,ps_img,176763
1791368292.466610,IMG_SENT,176764
1791368292.466675,IMG_FRAMES,176804
1791368292.466910,SYNC_CNT,177287
1791368292.469668,PHY_FRAMES,177287
1791368292.475012,ps_img,176764
1791368292.499914,SYNC_CNT,177288
1791368292.500039,IMG_FRAMES,176805
1791368292.500039,IMG_SENT,176765
1791368292.502612,PHY_FRAMES,177288
1791368292.509216,ps_img,176765
1791368292.532978,IMG_FRAMES,176806
1791368292.532978,IMG_SENT,176766
1791368292.533537,SYNC_CNT,177289
1791368292.536250,PHY_FRAMES,177289
1791368292.547323,ps_img,176766
1791368292.566663,IMG_FRAMES,176807
1791368292.566663,IMG_SENT,176767
1791368292.566733,SYNC_CNT,177290
1791368292.569439,PHY_FRAMES,177290
1791368292.575031,ps_img,176767
1791368292.599851,IMG_FRAMES,176808
1791368292.599851,IMG_SENT,176768
1791368292.600034,SYNC_CNT,177291
1791368292.602768,PHY_FRAMES,177291
1791368292.607038,ps_img,176768
1791368292.633141,IMG_FRAMES,176809
1791368292.633141,IMG_SENT,176769
1791368292.633268,SYNC_CNT,177292
1791368292.635977,PHY_FRAMES,177292
1791368292.646387,ps_img,176769
1791368292.666342,IMG_FRAMES,176810
1791368292.666342,IMG_SENT,176770
1791368292.667222,SYNC_CNT,177293
1791368292.669930,PHY_FRAMES,177293
1791368292.674961,ps_img,176770
1791368292.700274,IMG_SENT,176771
1791368292.700339,IMG_FRAMES,176811
1791368292.700519,SYNC_CNT,177294
1791368292.703207,PHY_FRAMES,177294
1791368292.707447,ps_img,176771
1791368292.733512,SYNC_CNT,177295
1791368292.733636,IMG_FRAMES,176812
1791368292.733636,IMG_SENT,176772
1791368292.736237,PHY_FRAMES,177295
1791368292.747693,ps_img,176772
1791368292.766645,IMG_FRAMES,176813
1791368292.766645,IMG_SENT,176773
1791368292.767008,SYNC_CNT,177296
1791368292.769718,PHY_FRAMES,177296
1791368292.775286,ps_img,176773
1791368292.800082,IMG_SENT,176774
1791368292.800148,SYNC_CNT,177297
1791368292.800148,IMG_FRAMES,176814
1791368292.802815,PHY_FRAMES,177297
1791368292.815441,ps_img,176774
1791368292.833237,IMG_FRAMES,176815
1791368292.833237,IMG_SENT,176775
1791368292.833537,SYNC_CNT,177298
1791368292.836268,PHY_FRAMES,177298
1791368292.847764,ps_img,176775
1791368292.866644,IMG_FRAMES,176816
1791368292.866644,IMG_SENT,176776
1791368292.866714,SYNC_CNT,177299
1791368292.869420,PHY_FRAMES,177299
1791368292.877158,ps_img,176776
1791368292.899810,IMG_FRAMES,176817
1791368292.899810,IMG_SENT,176777
1791368292.899997,SYNC_CNT,177300
1791368292.902750,PHY_FRAMES,177300
1791368292.911175,ps_img,176777
1791368292.933103,IMG_FRAMES,176818
1791368292.933103,IMG_SENT,176778
1791368292.933234,SYNC_CNT,177301
1791368292.935973,PHY_FRAMES,177301
1791368292.947165,ps_img,176778
1791368292.966347,IMG_FRAMES,176819
1791368292.966347,IMG_SENT,176779
1791368292.966980,SYNC_CNT,177302
1791368292.969691,PHY_FRAMES,177302
1791368292.974710,ps_img,176779
1791368293.000102,IMG_FRAMES,176820
1791368293.000102,IMG_SENT,176780
1791368293.001159,SYNC_CNT,177303
1791368293.003834,PHY_FRAMES,177303
1791368293.008612,ps_img,176780
1791368293.034158,SYNC_CNT,177304
1791368293.034224,IMG_SENT,176781
1791368293.034285,IMG_FRAMES,176821
1791368293.036849,PHY_FRAMES,177304
1791368293.047714,ps_img,176781
1791368293.066956,SYNC_CNT,177305
1791368293.067257,IMG_FRAMES,176822
1791368293.067257,IMG_SENT,176782
1791368293.069669,PHY_FRAMES,177305
1791368293.075918,ps_img,176782
1791368293.100002,SYNC_CNT,177306
1791368293.100068,IMG_FRAMES,176823
1791368293.100068,IMG_SENT,176783
1791368293.102684,PHY_FRAMES,177306
1791368293.108767,ps_img,176783
1791368293.133099,IMG_FRAMES,176824
1791368293.133099,IMG_SENT,176784
1791368293.133572,SYNC_CNT,177307
1791368293.136276,PHY_FRAMES,177307
1791368293.144716,ps_img,176784
1791368293.166680,IMG_FRAMES,176825
1791368293.166680,IMG_SENT,176785
1791368293.166749,SYNC_CNT,177308
1791368293.169433,PHY_FRAMES,177308
1791368293.175006,ps_img,176785
1791368293.199811,IMG_FRAMES,176826
1791368293.199811,IMG_SENT,176786
1791368293.200053,SYNC_CNT,177309
1791368293.202727,PHY_FRAMES,177309
1791368293.208588,ps_img,176786
1791368293.233147,IMG_FRAMES,176827
1791368293.233147,IMG_SENT,176787
1791368293.233217,SYNC_CNT,177310
1791368293.235958,PHY_FRAMES,177310
1791368293.248861,ps_img,176787
1791368293.266345,IMG_FRAMES,176828
1791368293.266345,IMG_SENT,176788
1791368293.266994,SYNC_CNT,177311
1791368293.269706,PHY_FRAMES,177311
1791368293.276394,ps_img,176788
1791368293.299644,SYNC_CNT,177312
1791368293.300125,IMG_FRAMES,176829
1791368293.300125,IMG_SENT,176789
1791368293.302380,PHY_FRAMES,177312
1791368293.314068,ps_img,176789
1791368293.332784,IMG_FRAMES,176830
1791368293.332784,IMG_SENT,176790
1791368293.332973,SYNC_CNT,177313
1791368293.335705,PHY_FRAMES,177313
1791368293.346488,ps_img,176790
1791368293.366072,IMG_FRAMES,176831
1791368293.366072,IMG_SENT,176791
1791368293.366830,SYNC_CNT,177314
1791368293.369573,PHY_FRAMES,177314
1791368293.374713,ps_img,176791
1791368293.399503,SYNC_CNT,177315
1791368293.399916,IMG_FRAMES,176832
1791368293.399916,IMG_SENT,176792
1791368293.402251,PHY_FRAMES,177315
1791368293.411345,ps_img,176792
1791368293.432638,IMG_FRAMES,176833
1791368293.432638,IMG_SENT,176793
1791368293.433230,SYNC_CNT,177316
1791368293.435924,PHY_FRAMES,177316
1791368293.444122,ps_img,176793
1791368293.466082,SYNC_CNT,177317
1791368293.466324,IMG_FRAMES,176834
1791368293.466324,IMG_SENT,176794
1791368293.468822,PHY_FRAMES,177317
1791368293.479483,ps_img,176794
1791368293.499182,IMG_FRAMES,176835
1791368293.499182,IMG_SENT,176795
1791368293.499250,SYNC_CNT,177318
1791368293.501918,PHY_FRAMES,177318
1791368293.508110,ps_img,176795
1791368293.532080,SYNC_CNT,177319
1791368293.532318,IMG_FRAMES,176836
1791368293.532318,IMG_SENT,176796
1791368293.534777,PHY_FRAMES,177319
1791368293.545859,ps_img,176796
1791368293.565164,IMG_SENT,176797
1791368293.565230,IMG_FRAMES,176837
1791368293.566978,SYNC_CNT,177320
1791368293.569662,PHY_FRAMES,177320
1791368293.574966,ps_img,176797
1791368293.600075,IMG_FRAMES,176838
1791368293.600075,IMG_SENT,176798
1791368293.600260,SYNC_CNT,177321
1791368293.602993,PHY_FRAMES,177321
1791368293.608863,ps_img,176798
1791368293.633394,IMG_FRAMES,176839
1791368293.633394,IMG_SENT,176799
1791368293.633579,SYNC_CNT,177322
1791368293.636238,PHY_FRAMES,177322
1791368293.646400,ps_img,176799
1791368293.666667,IMG_FRAMES,176840
1791368293.666667,IMG_SENT,176800
1791368293.667029,SYNC_CNT,177323
1791368293.669709,PHY_FRAMES,177323
1791368293.675553,ps_img,176800
1791368293.700105,IMG_FRAMES,176841
1791368293.700105,IMG_SENT,176801
1791368293.700173,SYNC_CNT,177324
1791368293.702860,PHY_FRAMES,177324
1791368293.707464,ps_img,176801
1791368293.733224,IMG_FRAMES,176842
1791368293.733224,IMG_SENT,176802
1791368293.733528,SYNC_CNT,177325
1791368293.736276,PHY_FRAMES,177325
1791368293.744993,ps_img,176802
1791368293.766612,IMG_SENT,176803
1791368293.766678,SYNC_CNT,177326
1791368293.766678,IMG_FRAMES,176843
1791368293.769442,PHY_FRAMES,177326
1791368293.775833,ps_img,176803
1791368293.799787,IMG_FRAMES,176844
1791368293.799787,IMG_SENT,176804
1791368293.799787,ps_img,176804
1791368293.799787,ps_img,176805
1791368293.963665,SYNC_CNT,177331
1791368293.963665,PHY_FRAMES,177331
1791368293.963665,IMG_FRAMES,176848
1791368293.963665,IMG_SENT,176808
1791368293.966093,IMG_FRAMES,176849
1791368293.966093,IMG_SENT,176809
1791368293.966800,SYNC_CNT,177332
1791368293.969519,PHY_FRAMES,177332
1791368293.975207,ps_img,176809
1791368293.999563,SYNC_CNT,177333
1791368293.999916,IMG_FRAMES,176850
1791368293.999916,IMG_SENT,176810
1791368294.002297,PHY_FRAMES,177333
1791368294.008366,ps_img,176810
1791368294.032662,IMG_FRAMES,176851
1791368294.032662,IMG_SENT,176811
1791368294.033539,SYNC_CNT,177334
1791368294.036249,PHY_FRAMES,177334
1791368294.039699,ps_img,176811
1791368294.066636,IMG_FRAMES,176852
1791368294.066636,IMG_SENT,176812
1791368294.066705,SYNC_CNT,177335
1791368294.069381,PHY_FRAMES,177335
1791368294.076183,ps_img,176812
1791368294.099763,SYNC_CNT,177336
1791368294.099763,IMG_SENT,176813
1791368294.099832,IMG_FRAMES,176853
1791368294.102447,PHY_FRAMES,177336
1791368294.109015,ps_img,176813
1791368294.132851,IMG_FRAMES,176854
1791368294.132851,IMG_SENT,176814
1791368294.133611,SYNC_CNT,177337
1791368294.136316,PHY_FRAMES,177337
1791368294.141796,ps_img,176814
1791368294.166731,IMG_FRAMES,176855
1791368294.166731,IMG_SENT,176815
1791368294.166916,SYNC_CNT,177338
1791368294.169589,PHY_FRAMES,177338
1791368294.174776,ps_img,176815
1791368294.199979,IMG_FRAMES,176856
1791368294.199979,IMG_SENT,176816
1791368294.200220,SYNC_CNT,177339
1791368294.202941,PHY_FRAMES,177339
1791368294.208924,ps_img,176816
1791368294.232954,SYNC_CNT,177340
1791368294.233307,IMG_FRAMES,176857
1791368294.233307,IMG_SENT,176817
1791368294.235674,PHY_FRAMES,177340
1791368294.240577,ps_img,176817
1791368294.266031,IMG_SENT,176818
1791368294.266097,IMG_FRAMES,176858
1791368294.267101,SYNC_CNT,177341
1791368294.269805,PHY_FRAMES,177341
1791368294.281554,ps_img,176818
1791368294.300142,SYNC_CNT,177342
1791368294.300209,IMG_FRAMES,176859
1791368294.300209,IMG_SENT,176819
1791368294.302845,PHY_FRAMES,177342
1791368294.315148,ps_img,176819
1791368294.333212,IMG_FRAMES,176860
1791368294.333212,IMG_SENT,176820
1791368294.333574,SYNC_CNT,177343
1791368294.336279,PHY_FRAMES,177343
1791368294.341889,ps_img,176820
1791368294.366459,SYNC_CNT,177344
1791368294.366642,IMG_SENT,176821
1791368294.366703,IMG_FRAMES,176861
1791368294.369213,PHY_FRAMES,177344
1791368294.376748,ps_img,176821
1791368294.399291,SYNC_CNT,177345
1791368294.399589,IMG_FRAMES,176862
1791368294.399589,IMG_SENT,176822
1791368294.401995,PHY_FRAMES,177345
1791368294.411176,ps_img,176822
1791368294.432091,SYNC_CNT,177346
1791368294.432390,IMG_FRAMES,176863
1791368294.432390,IMG_SENT,176823
1791368294.434795,PHY_FRAMES,177346
1791368294.440701,ps_img,176823
1791368294.465188,IMG_FRAMES,176864
1791368294.465188,IMG_SENT,176824
1791368294.466940,SYNC_CNT,177347
1791368294.469643,PHY_FRAMES,177347
1791368294.477737,ps_img,176824
1791368294.500042,IMG_FRAMES,176865
1791368294.500042,IMG_SENT,176825
1791368294.500227,SYNC_CNT,177348
1791368294.502959,PHY_FRAMES,177348
1791368294.507244,ps_img,176825
1791368294.533380,IMG_FRAMES,176866
1791368294.533380,IMG_SENT,176826
1791368294.533506,SYNC_CNT,177349
1791368294.536258,PHY_FRAMES,177349
1791368294.540463,ps_img,176826
1791368294.566608,IMG_FRAMES,176867
1791368294.566608,IMG_SENT,176827
1791368294.566906,SYNC_CNT,177350
1791368294.569623,PHY_FRAMES,177350
1791368294.575456,ps_img,176827
1791368294.600026,SYNC_CNT,177351
1791368294.600026,IMG_FRAMES,176868
1791368294.600026,IMG_SENT,176828
1791368294.602730,PHY_FRAMES,177351
1791368294.608025,ps_img,176828
1791368294.633112,IMG_FRAMES,176869
1791368294.633112,IMG_SENT,176829
1791368294.633527,SYNC_CNT,177352
1791368294.636245,PHY_FRAMES,177352
1791368294.641664,ps_img,176829
1791368294.666627,IMG_SENT,176830
1791368294.666691,SYNC_CNT,177353
1791368294.666691,IMG_FRAMES,176870
1791368294.669414,PHY_FRAMES,177353
1791368294.675282,ps_img,176830
1791368294.699783,IMG_FRAMES,176871
1791368294.699783,IMG_SENT,176831
1791368294.700023,SYNC_CNT,177354
1791368294.702749,PHY_FRAMES,177354
1791368294.708706,ps_img,176831
1791368294.733115,IMG_FRAMES,176872
1791368294.733115,IMG_SENT,176832
1791368294.733241,SYNC_CNT,177355
1791368294.735963,PHY_FRAMES,177355
1791368294.741904,ps_img,176832
1791368294.766330,IMG_FRAMES,176873
1791368294.766330,IMG_SENT,176833
1791368294.766802,SYNC_CNT,177356
1791368294.769551,PHY_FRAMES,177356
1791368294.775763,ps_img,176833
1791368294.799910,IMG_FRAMES,176874
1791368294.799910,IMG_SENT,176834
1791368294.801682,SYNC_CNT,177357
1791368294.804349,PHY_FRAMES,177357
1791368294.812373,ps_img,176834
1791368294.834707,SYNC_CNT,177358
1791368294.834774,IMG_FRAMES,176875
1791368294.834774,IMG_SENT,176835
1791368294.837426,PHY_FRAMES,177358
1791368294.847106,ps_img,176835
1791368294.867716,SYNC_CNT,177359
1791368294.867782,IMG_FRAMES,176876
1791368294.867782,IMG_SENT,176836
1791368294.870390,PHY_FRAMES,177359
1791368294.878128,ps_img,176836
1791368294.900455,SYNC_CNT,177360
1791368294.900781,IMG_FRAMES,176877
1791368294.900781,IMG_SENT,176837
1791368294.903209,PHY_FRAMES,177360
1791368294.910657,ps_img,176837
1791368294.933555,SYNC_CNT,177361
1791368294.933555,IMG_FRAMES,176878
1791368294.933555,IMG_SENT,176838
1791368294.936304,PHY_FRAMES,177361
1791368294.945042,ps_img,176838
1791368294.966640,IMG_SENT,176839
1791368294.966706,SYNC_CNT,177362
1791368294.966706,IMG_FRAMES,176879
1791368294.969422,PHY_FRAMES,177362
1791368294.974152,ps_img,176839
1791368294.999806,IMG_FRAMES,176880
1791368294.999806,IMG_SENT,176840
1791368294.999992,SYNC_CNT,177363
1791368295.002742,PHY_FRAMES,177363
1791368295.010648,ps_img,176840
1791368295.032993,SYNC_CNT,177364
1791368295.033116,IMG_FRAMES,176881
1791368295.033116,IMG_SENT,176841
1791368295.035719,PHY_FRAMES,177364
1791368295.042749,ps_img,176841
1791368295.066108,IMG_FRAMES,176882
1791368295.066108,IMG_SENT,176842
1791368295.067049,SYNC_CNT,177365
1791368295.069722,PHY_FRAMES,177365
1791368295.074354,ps_img,176842
1791368295.100114,IMG_FRAMES,176883
1791368295.100114,IMG_SENT,176843
1791368295.101196,SYNC_CNT,177366
1791368295.103930,PHY_FRAMES,177366
1791368295.109080,ps_img,176843
1791368295.134059,SYNC_CNT,177367
1791368295.134298,IMG_SENT,176844
1791368295.134360,IMG_FRAMES,176884
1791368295.136741,PHY_FRAMES,177367
1791368295.143156,ps_img,176844
1791368295.166706,SYNC_CNT,177368
1791368295.167118,IMG_SENT,176845
1791368295.167181,IMG_FRAMES,176885
1791368295.169438,PHY_FRAMES,177368
1791368295.175543,ps_img,176845
1791368295.199512,SYNC_CNT,177369
1791368295.199807,IMG_FRAMES,176886
1791368295.199807,IMG_SENT,176846
1791368295.202250,PHY_FRAMES,177369
1791368295.207724,ps_img,176846
1791368295.232622,IMG_FRAMES,176887
1791368295.232622,IMG_SENT,176847
1791368295.233560,SYNC_CNT,177370
1791368295.236229,PHY_FRAMES,177370
1791368295.241378,ps_img,176847
1791368295.266626,IMG_FRAMES,176888
1791368295.266626,IMG_SENT,176848
1791368295.267098,SYNC_CNT,177371
1791368295.269789,PHY_FRAMES,177371
1791368295.275643,ps_img,176848
1791368295.299728,SYNC_CNT,177372
1791368295.300202,IMG_FRAMES,176889
1791368295.300202,IMG_SENT,176849
1791368295.302463,PHY_FRAMES,177372
1791368295.319182,ps_img,176849
1791368295.332847,IMG_FRAMES,176890
1791368295.332847,IMG_SENT,176850
1791368295.333561,SYNC_CNT,177373
1791368295.336239,PHY_FRAMES,177373
1791368295.342721,clk,-44902450897079
1791368295.342721,clk_rtt,549
1791368295.344484,ps_img,176850
1791368295.366635,IMG_FRAMES,176891
1791368295.366635,IMG_SENT,176851
1791368295.366994,SYNC_CNT,177374
1791368295.369740,PHY_FRAMES,177374
1791368295.376160,ps_img,176851
1791368295.400130,IMG_FRAMES,176892
1791368295.400130,IMG_SENT,176852
1791368295.401272,SYNC_CNT,177375
1791368295.403965,PHY_FRAMES,177375
1791368295.407497,ps_img,176852
1791368295.433928,SYNC_CNT,177376
1791368295.434344,IMG_FRAMES,176893
1791368295.434344,IMG_SENT,176853
1791368295.436631,PHY_FRAMES,177376
1791368295.442870,ps_img,176853
1791368295.466943,SYNC_CNT,177377
1791368295.467008,IMG_FRAMES,176894
1791368295.467008,IMG_SENT,176854
1791368295.469681,PHY_FRAMES,177377
1791368295.475428,ps_img,176854
1791368295.500065,SYNC_CNT,177378
1791368295.500065,IMG_FRAMES,176895
1791368295.500065,IMG_SENT,176855
1791368295.502818,PHY_FRAMES,177378
1791368295.507405,ps_img,176855
1791368295.533099,SYNC_CNT,177379
1791368295.533165,IMG_SENT,176856
1791368295.533226,IMG_FRAMES,176896
1791368295.535815,PHY_FRAMES,177379
1791368295.541319,ps_img,176856
1791368295.566143,SYNC_CNT,177380
1791368295.566209,IMG_FRAMES,176897
1791368295.566209,IMG_SENT,176857
1791368295.568816,PHY_FRAMES,177380
1791368295.575130,ps_img,176857
1791368295.599239,SYNC_CNT,177381
1791368295.599239,IMG_FRAMES,176898
1791368295.599239,IMG_SENT,176858
1791368295.601983,PHY_FRAMES,177381
1791368295.607681,ps_img,176858
1791368295.632046,SYNC_CNT,177382
1791368295.632340,IMG_FRAMES,176899
1791368295.632340,IMG_SENT,176859
1791368295.634775,PHY_FRAMES,177382
1791368295.640542,ps_img,176859
1791368295.665148,IMG_FRAMES,176900
1791368295.665148,IMG_SENT,176860
1791368295.666991,SYNC_CNT,177383
1791368295.669681,PHY_FRAMES,177383
1791368295.673363,ps_img,176860
1791368295.700077,IMG_FRAMES,176901
1791368295.700077,IMG_SENT,176861
1791368295.700431,SYNC_CNT,177384
1791368295.703152,PHY_FRAMES,177384
1791368295.708343,ps_img,176861
1791368295.733500,SYNC_CNT,177385
1791368295.733565,IMG_FRAMES,176902
1791368295.733565,IMG_SENT,176862
1791368295.736226,PHY_FRAMES,177385
1791368295.741756,ps_img,176862
1791368295.766600,IMG_FRAMES,176903
1791368295.766600,IMG_SENT,176863
1791368295.766961,SYNC_CNT,177386
1791368295.769711,PHY_FRAMES,177386
1791368295.776490,ps_img,176863
1791368295.799988,SYNC_CNT,177387
1791368295.800055,IMG_FRAMES,176904
1791368295.800055,IMG_SENT,176864
1791368295.802717,PHY_FRAMES,177387
1791368295.814582,ps_img,176864
1791368295.833074,IMG_FRAMES,176905
1791368295.833074,IMG_SENT,176865
1791368295.833181,SYNC_CNT,177388
1791368295.835860,PHY_FRAMES,177388
1791368295.846054,ps_img,176865
1791368295.866158,SYNC_CNT,177389
1791368295.866236,IMG_FRAMES,176906
1791368295.866236,IMG_SENT,176866
1791368295.868831,PHY_FRAMES,177389
1791368295.875841,ps_img,176866
1791368295.899214,SYNC_CNT,177390
1791368295.899214,IMG_FRAMES,176907
1791368295.899214,IMG_SENT,176867
1791368295.901925,PHY_FRAMES,177390
1791368295.908965,ps_img,176867
1791368295.932312,IMG_SENT,176868
1791368295.932378,IMG_FRAMES,176908
1791368295.933504,SYNC_CNT,177391
1791368295.936209,PHY_FRAMES,177391
1791368295.939892,ps_img,176868
1791368295.966604,IMG_FRAMES,176909
1791368295.966604,IMG_SENT,176869
1791368295.966963,SYNC_CNT,177392
1791368295.969670,PHY_FRAMES,177392
1791368295.975912,ps_img,176869
1791368296.000043,IMG_SENT,176870
1791368296.000108,IMG_FRAMES,176910
1791368296.000344,SYNC_CNT,177393
1791368296.003074,PHY_FRAMES,177393
1791368296.008720,ps_img,176870
1791368296.033473,IMG_FRAMES,176911
1791368296.033473,IMG_SENT,176871
1791368296.033541,SYNC_CNT,177394
1791368296.036254,PHY_FRAMES,177394
1791368296.042208,ps_img,176871
1791368296.066607,IMG_FRAMES,176912
1791368296.066607,IMG_SENT,176872
1791368296.066854,SYNC_CNT,177395
1791368296.069587,PHY_FRAMES,177395
1791368296.075863,ps_img,176872
1791368296.099852,SYNC_CNT,177396
1791368296.099976,IMG_FRAMES,176913
1791368296.099976,IMG_SENT,176873
1791368296.102596,PHY_FRAMES,177396
1791368296.109004,ps_img,176873
1791368296.132975,IMG_FRAMES,176914
1791368296.132975,IMG_SENT,176874
1791368296.133508,SYNC_CNT,177397
1791368296.136239,PHY_FRAMES,177397
1791368296.141767,ps_img,176874
1791368296.166587,IMG_FRAMES,176915
1791368296.166587,IMG_SENT,176875
1791368296.166711,SYNC_CNT,177398
1791368296.169385,PHY_FRAMES,177398
1791368296.175650,ps_img,176875
1791368296.199799,IMG_FRAMES,176916
1791368296.199799,IMG_SENT,176876
1791368296.200041,SYNC_CNT,177399
1791368296.202732,PHY_FRAMES,177399
1791368296.208384,ps_img,176876
1791368296.233013,SYNC_CNT,177400
1791368296.233137,IMG_FRAMES,176917
1791368296.233137,IMG_SENT,176877
1791368296.235691,PHY_FRAMES,177400
1791368296.240473,ps_img,176877
1791368296.266112,IMG_FRAMES,176918
1791368296.266112,IMG_SENT,176878
1791368296.266953,SYNC_CNT,177401
1791368296.269622,PHY_FRAMES,177401
1791368296.275443,ps_img,176878
1791368296.300045,IMG_FRAMES,176919
1791368296.300045,IMG_SENT,176879
1791368296.300347,SYNC_CNT,177402
1791368296.303061,PHY_FRAMES,177402
1791368296.327924,ps_img,176879
1791368296.333453,IMG_FRAMES,176920
1791368296.333453,IMG_SENT,176880
1791368296.333523,SYNC_CNT,177403
1791368296.336216,PHY_FRAMES,177403
1791368296.351213,ps_img,176880
1791368296.366599,IMG_SENT,176881
1791368296.366724,IMG_FRAMES,176921
1791368296.366864,SYNC_CNT,177404
1791368296.369588,PHY_FRAMES,177404
1791368296.382151,ps_img,176881
1791368296.399765,SYNC_CNT,177405
1791368296.400007,IMG_FRAMES,176922
1791368296.400007,IMG_SENT,176882
1791368296.402453,PHY_FRAMES,177405
1791368296.408530,ps_img,176882
1791368296.432841,IMG_FRAMES,176923
1791368296.432841,IMG_SENT,176883
1791368296.433595,SYNC_CNT,177406
1791368296.436345,PHY_FRAMES,177406
1791368296.440842,ps_img,176883
1791368296.466670,SYNC_CNT,177407
1791368296.466735,IMG_FRAMES,176924
1791368296.466735,IMG_SENT,176884
1791368296.469403,PHY_FRAMES,177407
1791368296.476836,ps_img,176884
1791368296.499729,SYNC_CNT,177408
1791368296.499729,IMG_SENT,176885
1791368296.499798,IMG_FRAMES,176925
1791368296.502447,PHY_FRAMES,177408
1791368296.511605,ps_img,176885
1791368296.532835,IMG_FRAMES,176926
1791368296.532835,IMG_SENT,176886
1791368296.533535,SYNC_CNT,177409
1791368296.536230,PHY_FRAMES,177409
1791368296.540555,ps_img,176886
1791368296.566610,IMG_SENT,176887
1791368296.566674,IMG_FRAMES,176927
1791368296.566967,SYNC_CNT,177410
1791368296.569664,PHY_FRAMES,177410
1791368296.576021,ps_img,176887
1791368296.600048,IMG_FRAMES,176928
1791368296.600048,IMG_SENT,176888
1791368296.600117,SYNC_CNT,177411
1791368296.602819,PHY_FRAMES,177411
1791368296.608288,ps_img,176888
1791368296.632767,SYNC_CNT,177412
1791368296.633177,IMG_FRAMES,176929
1791368296.633177,IMG_SENT,176889
1791368296.635466,PHY_FRAMES,177412
1791368296.641562,ps_img,176889
1791368296.665840,IMG_FRAMES,176930
1791368296.665840,IMG_SENT,176890
1791368296.666879,SYNC_CNT,177413
1791368296.669600,PHY_FRAMES,177413
1791368296.674878,ps_img,176890
1791368296.699996,IMG_FRAMES,176931
1791368296.699996,IMG_SENT,176891
1791368296.700121,SYNC_CNT,177414
1791368296.702836,PHY_FRAMES,177414
1791368296.709103,ps_img,176891
1791368296.732975,SYNC_CNT,177415
1791368296.733212,IMG_FRAMES,176932
1791368296.733212,IMG_SENT,176892
1791368296.735676,PHY_FRAMES,177415
1791368296.742523,ps_img,176892
1791368296.765849,SYNC_CNT,177416
1791368296.766091,IMG_FRAMES,176933
1791368296.766091,IMG_SENT,176893
1791368296.768581,PHY_FRAMES,177416
1791368296.775548,ps_img,176893
1791368296.798968,IMG_FRAMES,176934
1791368296.798968,IMG_SENT,176894
1791368296.799215,SYNC_CNT,177417
1791368296.801947,PHY_FRAMES,177417
1791368296.822417,ps_img,176894
1791368296.832031,SYNC_CNT,177418
1791368296.832341,IMG_FRAMES,176935
1791368296.832341,IMG_SENT,176895
1791368296.834758,PHY_FRAMES,177418
1791368296.846807,ps_img,176895
1791368296.865121,IMG_FRAMES,176936
1791368296.865121,IMG_SENT,176896
1791368296.866908,SYNC_CNT,177419
1791368296.869650,PHY_FRAMES,177419
1791368296.875172,ps_img,176896
1791368296.899604,SYNC_CNT,177420
1791368296.900022,IMG_FRAMES,176937
1791368296.900022,IMG_SENT,176897
1791368296.902337,PHY_FRAMES,177420
1791368296.908576,ps_img,176897
1791368296.932700,IMG_FRAMES,176938
1791368296.932700,IMG_SENT,176898
1791368296.932957,SYNC_CNT,177421
1791368296.935670,PHY_FRAMES,177421
1791368296.941214,ps_img,176898
1791368296.966086,IMG_FRAMES,176939
1791368296.966086,IMG_SENT,176899
1791368296.966957,SYNC_CNT,177422
1791368296.969690,PHY_FRAMES,177422
1791368296.974742,ps_img,176899
1791368297.000077,SYNC_CNT,177423
1791368297.000077,IMG_FRAMES,176940
1791368297.000077,IMG_SENT,176900
1791368297.002813,PHY_FRAMES,177423
1791368297.009005,ps_img,176900
1791368297.033201,SYNC_CNT,177424
1791368297.033201,IMG_FRAMES,176941
1791368297.033201,IMG_SENT,176901
1791368297.035916,PHY_FRAMES,177424
1791368297.040069,ps_img,176901
1791368297.066102,SYNC_CNT,177425
1791368297.066285,IMG_FRAMES,176942
1791368297.066285,IMG_SENT,176902
1791368297.068861,PHY_FRAMES,177425
1791368297.075480,ps_img,176902
1791368297.099230,SYNC_CNT,177426
1791368297.099230,IMG_FRAMES,176943
1791368297.099230,IMG_SENT,176903
1791368297.101903,PHY_FRAMES,177426
1791368297.107539,ps_img,176903
1791368297.132045,SYNC_CNT,177427
1791368297.132317,IMG_FRAMES,176944
1791368297.132317,IMG_SENT,176904
1791368297.134731,PHY_FRAMES,177427
1791368297.139751,ps_img,176904
1791368297.165110,IMG_SENT,176905
1791368297.165175,IMG_FRAMES,176945
1791368297.167365,SYNC_CNT,177428
1791368297.170078,PHY_FRAMES,177428
1791368297.172536,ps_img,176905
1791368297.200440,SYNC_CNT,177429
1791368297.200440,IMG_FRAMES,176946
1791368297.200440,IMG_SENT,176906
1791368297.203154,PHY_FRAMES,177429
1791368297.208166,ps_img,176906
1791368297.233516,SYNC_CNT,177430
1791368297.233516,IMG_FRAMES,176947
1791368297.233516,IMG_SENT,176907
1791368297.236218,PHY_FRAMES,177430
1791368297.241082,ps_img,176907
1791368297.266633,IMG_FRAMES,176948
1791368297.266633,IMG_SENT,176908
1791368297.266932,SYNC_CNT,177431
1791368297.269622,PHY_FRAMES,177431
1791368297.276502,ps_img,176908
1791368297.299881,SYNC_CNT,177432
1791368297.300005,IMG_FRAMES,176949
1791368297.300005,IMG_SENT,176909
1791368297.302581,PHY_FRAMES,177432
1791368297.311533,ps_img,176909
1791368297.332961,IMG_FRAMES,176950
1791368297.332961,IMG_SENT,176910
1791368297.333520,SYNC_CNT,177433
1791368297.336198,PHY_FRAMES,177433
1791368297.349434,ps_img,176910
1791368297.366629,IMG_FRAMES,176951
1791368297.366629,IMG_SENT,176911
1791368297.366698,SYNC_CNT,177434
1791368297.369375,PHY_FRAMES,177434
1791368297.376719,ps_img,176911
1791368297.399761,IMG_FRAMES,176952
1791368297.399761,IMG_SENT,176912
1791368297.400007,SYNC_CNT,177435
1791368297.402725,PHY_FRAMES,177435
1791368297.409540,ps_img,176912
1791368297.433076,IMG_SENT,176913
1791368297.433142,IMG_FRAMES,176953
1791368297.433262,SYNC_CNT,177436
1791368297.435980,PHY_FRAMES,177436
1791368297.442080,ps_img,176913
1791368297.466394,IMG_FRAMES,176954
1791368297.466394,IMG_SENT,176914
1791368297.467038,SYNC_CNT,177437
1791368297.469772,PHY_FRAMES,177437
1791368297.474857,ps_img,176914
1791368297.500137,IMG_FRAMES,176955
1791368297.500137,IMG_SENT,176915
1791368297.500320,SYNC_CNT,177438
1791368297.503031,PHY_FRAMES,177438
1791368297.508168,ps_img,176915
1791368297.533412,IMG_FRAMES,176956
1791368297.533412,IMG_SENT,176916
1791368297.533594,SYNC_CNT,177439
1791368297.536288,PHY_FRAMES,177439
1791368297.540653,ps_img,176916
1791368297.566666,IMG_FRAMES,176957
1791368297.566666,IMG_SENT,176917
1791368297.566910,SYNC_CNT,177440
1791368297.569643,PHY_FRAMES,177440
1791368297.576460,ps_img,176917
1791368297.600001,IMG_SENT,176918
1791368297.600065,IMG_FRAMES,176958
1791368297.600127,SYNC_CNT,177441
1791368297.602819,PHY_FRAMES,177441
1791368297.608554,ps_img,176918
1791368297.633197,IMG_FRAMES,176959
1791368297.633197,IMG_SENT,176919
1791368297.633555,SYNC_CNT,177442
1791368297.636258,PHY_FRAMES,177442
1791368297.640179,ps_img,176919
1791368297.666625,IMG_FRAMES,176960
1791368297.666625,IMG_SENT,176920
1791368297.666693,SYNC_CNT,177443
1791368297.669425,PHY_FRAMES,177443
1791368297.674390,ps_img,176920
1791368297.699739,SYNC_CNT,177444
1791368297.699804,IMG_FRAMES,176961
1791368297.699804,IMG_SENT,176921
1791368297.702475,PHY_FRAMES,177444
1791368297.708346,ps_img,176921
1791368297.732812,IMG_SENT,176922
1791368297.732877,IMG_FRAMES,176962
1791368297.733514,SYNC_CNT,177445
1791368297.736261,PHY_FRAMES,177445
1791368297.743084,ps_img,176922
1791368297.766634,IMG_FRAMES,176963
1791368297.766634,IMG_SENT,176923
1791368297.766935,SYNC_CNT,177446
1791368297.769660,PHY_FRAMES,177446
1791368297.774977,ps_img,176923
1791368297.800024,IMG_FRAMES,176964
1791368297.800024,IMG_SENT,176924
1791368297.800331,SYNC_CNT,177447
1791368297.803048,PHY_FRAMES,177447
1791368297.820303,ps_img,176924
1791368297.833446,IMG_FRAMES,176965
1791368297.833446,IMG_SENT,176925
1791368297.833524,SYNC_CNT,177448
1791368297.836217,PHY_FRAMES,177448
1791368297.845384,ps_img,176925
1791368297.866615,IMG_FRAMES,176966
1791368297.866615,IMG_SENT,176926
1791368297.867035,SYNC_CNT,177449
1791368297.869747,PHY_FRAMES,177449
1791368297.877811,ps_img,176926
1791368297.900081,SYNC_CNT,177450
1791368297.900148,IMG_FRAMES,176967
1791368297.900148,IMG_SENT,176927
1791368297.902797,PHY_FRAMES,177450
1791368297.908180,ps_img,176927
1791368297.933211,IMG_FRAMES,176968
1791368297.933211,IMG_SENT,176928
1791368297.933516,SYNC_CNT,177451
1791368297.936207,PHY_FRAMES,177451
1791368297.946641,ps_img,176928
1791368297.966601,IMG_FRAMES,176969
1791368297.966601,IMG_SENT,176929
1791368297.966727,SYNC_CNT,177452
1791368297.969467,PHY_FRAMES,177452
1791368297.975227,ps_img,176929
1791368297.999867,IMG_FRAMES,176970
1791368297.999867,IMG_SENT,176930
1791368297.999993,SYNC_CNT,177453
1791368298.002701,PHY_FRAMES,177453
1791368298.007889,ps_img,176930
1791368298.033110,IMG_FRAMES,176971
1791368298.033110,IMG_SENT,176931
1791368298.033179,SYNC_CNT,177454
1791368298.035929,PHY_FRAMES,177454
1791368298.041548,ps_img,176931
1791368298.066317,IMG_FRAMES,176972
1791368298.066317,IMG_SENT,176932
1791368298.066885,SYNC_CNT,177455
1791368298.069602,PHY_FRAMES,177455
1791368298.075360,ps_img,176932
1791368298.099990,IMG_FRAMES,176973
1791368298.099990,IMG_SENT,176933
1791368298.100124,SYNC_CNT,177456
1791368298.102841,PHY_FRAMES,177456
1791368298.108366,ps_img,176933
1791368298.132947,SYNC_CNT,177457
1791368298.133242,IMG_FRAMES,176974
1791368298.133242,IMG_SENT,176934
1791368298.135659,PHY_FRAMES,177457
1791368298.141217,ps_img,176934
1791368298.166052,IMG_FRAMES,176975
1791368298.166052,IMG_SENT,176935
1791368298.166925,SYNC_CNT,177458
1791368298.169615,PHY_FRAMES,177458
1791368298.175022,ps_img,176935
1791368298.200003,IMG_SENT,176936
1791368298.200068,IMG_FRAMES,176976
1791368298.200130,SYNC_CNT,177459
1791368298.202802,PHY_FRAMES,177459
1791368298.209593,ps_img,176936
1791368298.233214,IMG_FRAMES,176977
1791368298.233214,IMG_SENT,176937
1791368298.233513,SYNC_CNT,177460
1791368298.236209,PHY_FRAMES,177460
1791368298.240225,ps_img,176937
1791368298.266626,IMG_FRAMES,176978
1791368298.266626,IMG_SENT,176938
1791368298.266696,SYNC_CNT,177461
1791368298.269388,PHY_FRAMES,177461
1791368298.277163,ps_img,176938
1791368298.299779,IMG_FRAMES,176979
1791368298.299779,IMG_SENT,176939
1791368298.300022,SYNC_CNT,177462
1791368298.302724,PHY_FRAMES,177462
1791368298.328809,ps_img,176939
1791368298.333106,IMG_FRAMES,176980
1791368298.333106,IMG_SENT,176940
1791368298.333175,SYNC_CNT,177463
1791368298.335898,PHY_FRAMES,177463
1791368298.352162,ps_img,176940
1791368298.366296,IMG_FRAMES,176981
1791368298.366296,IMG_SENT,176941
1791368298.366891,SYNC_CNT,177464
1791368298.369576,PHY_FRAMES,177464
1791368298.381657,ps_img,176941
1791368298.399957,IMG_SENT,176942
1791368298.400023,IMG_FRAMES,176982
1791368298.400335,SYNC_CNT,177465
1791368298.403068,PHY_FRAMES,177465
1791368298.409530,ps_img,176942
1791368298.433433,IMG_SENT,176943
1791368298.433499,SYNC_CNT,177466
1791368298.433499,IMG_FRAMES,176983
1791368298.436226,PHY_FRAMES,177466
1791368298.441720,ps_img,176943
1791368298.466610,IMG_FRAMES,176984
1791368298.466610,IMG_SENT,176944
1791368298.466969,SYNC_CNT,177467
1791368298.469633,PHY_FRAMES,177467
1791368298.477924,ps_img,176944
1791368298.499998,SYNC_CNT,177468
1791368298.500062,IMG_FRAMES,176985
1791368298.500062,IMG_SENT,176945
1791368298.502679,PHY_FRAMES,177468
1791368298.508435,ps_img,176945
1791368298.533108,IMG_FRAMES,176986
1791368298.533108,IMG_SENT,176946
1791368298.533538,SYNC_CNT,177469
1791368298.536199,PHY_FRAMES,177469
1791368298.541529,ps_img,176946
1791368298.566638,IMG_FRAMES,176987
1791368298.566638,IMG_SENT,176947
1791368298.566709,SYNC_CNT,177470
1791368298.569376,PHY_FRAMES,177470
1791368298.575686,ps_img,176947
1791368298.599773,IMG_FRAMES,176988
1791368298.599773,IMG_SENT,176948
1791368298.599958,SYNC_CNT,177471
1791368298.602699,PHY_FRAMES,177471
1791368298.608171,ps_img,176948
1791368298.633063,IMG_SENT,176949
1791368298.633128,IMG_FRAMES,176989
1791368298.633247,SYNC_CNT,177472
1791368298.635908,PHY_FRAMES,177472
1791368298.642618,ps_img,176949
1791368298.666333,IMG_FRAMES,176990
1791368298.666333,IMG_SENT,176950
1791368298.666920,SYNC_CNT,177473
1791368298.669670,PHY_FRAMES,177473
1791368298.674483,ps_img,176950
1791368298.700048,IMG_FRAMES,176991
1791368298.700048,IMG_SENT,176951
1791368298.700230,SYNC_CNT,177474
1791368298.702955,PHY_FRAMES,177474
1791368298.708252,ps_img,176951
1791368298.732928,SYNC_CNT,177475
1791368298.733337,IMG_FRAMES,176992
1791368298.733337,IMG_SENT,176952
1791368298.735653,PHY_FRAMES,177475
1791368298.741735,ps_img,176952
1791368298.766026,IMG_FRAMES,176993
1791368298.766026,IMG_SENT,176953
1791368298.766910,SYNC_CNT,177476
1791368298.769602,PHY_FRAMES,177476
1791368298.774455,ps_img,176953
1791368298.799962,IMG_SENT,176954
1791368298.800028,IMG_FRAMES,176994
1791368298.800092,SYNC_CNT,177477
1791368298.802809,PHY_FRAMES,177477
1791368298.818769,ps_img,176954
1791368298.833219,IMG_FRAMES,176995
1791368298.833219,IMG_SENT,176955
1791368298.833523,SYNC_CNT,177478
1791368298.836215,PHY_FRAMES,177478
1791368298.845915,ps_img,176955
1791368298.866627,IMG_FRAMES,176996
1791368298.866627,IMG_SENT,176956
1791368298.866696,SYNC_CNT,177479
1791368298.869404,PHY_FRAMES,177479
1791368298.877552,ps_img,176956
1791368298.899795,IMG_FRAMES,176997
1791368298.899795,IMG_SENT,176957
1791368298.900040,SYNC_CNT,177480
1791368298.902748,PHY_FRAMES,177480
1791368298.909134,ps_img,176957
1791368298.933098,IMG_FRAMES,176998
1791368298.933098,IMG_SENT,176958
1791368298.933228,SYNC_CNT,177481
1791368298.935940,PHY_FRAMES,177481
1791368298.941990,ps_img,176958
1791368298.966321,IMG_FRAMES,176999
1791368298.966321,IMG_SENT,176959
1791368298.966913,SYNC_CNT,177482
1791368298.969612,PHY_FRAMES,177482
1791368298.974749,ps_img,176959
1791368299.000003,IMG_FRAMES,177000
1791368299.000003,IMG_SENT,176960
1791368299.000277,SYNC_CNT,177483
1791368299.002996,PHY_FRAMES,177483
1791368299.008027,ps_img,176960
1791368299.033392,IMG_FRAMES,177001
1791368299.033392,IMG_SENT,176961
1791368299.033576,SYNC_CNT,177484
1791368299.036293,PHY_FRAMES,177484
1791368299.043043,ps_img,176961
1791368299.066673,IMG_FRAMES,177002
1791368299.066673,IMG_SENT,176962
1791368299.067034,SYNC_CNT,177485
1791368299.069761,PHY_FRAMES,177485
1791368299.075050,ps_img,176962
1791368299.100134,IMG_SENT,176963
1791368299.100199,IMG_FRAMES,177003
1791368299.100435,SYNC_CNT,177486
1791368299.103175,PHY_FRAMES,177486
1791368299.107935,ps_img,176963
1791368299.133570,SYNC_CNT,177487
1791368299.133570,IMG_FRAMES,177004
1791368299.133570,IMG_SENT,176964
1791368299.136241,PHY_FRAMES,177487
1791368299.141523,ps_img,176964
1791368299.166433,SYNC_CNT,177488
1791368299.166670,IMG_FRAMES,177005
1791368299.166670,IMG_SENT,176965
1791368299.169172,PHY_FRAMES,177488
1791368299.175083,ps_img,176965
1791368299.199229,SYNC_CNT,177489
1791368299.199522,IMG_SENT,176966
1791368299.199582,IMG_FRAMES,177006
1791368299.201901,PHY_FRAMES,177489
1791368299.207405,ps_img,176966
1791368299.232089,SYNC_CNT,177490
1791368299.232327,IMG_FRAMES,177007
1791368299.232327,IMG_SENT,176967
1791368299.234771,PHY_FRAMES,177490
1791368299.240931,ps_img,176967
1791368299.265163,IMG_SENT,176968
1791368299.265227,IMG_FRAMES,177008
1791368299.266851,SYNC_CNT,177491
1791368299.269594,PHY_FRAMES,177491
1791368299.275226,ps_img,176968
1791368299.299939,IMG_SENT,176969
1791368299.300004,IMG_FRAMES,177009
1791368299.300297,SYNC_CNT,177492
1791368299.303048,PHY_FRAMES,177492
1791368299.333439,IMG_FRAMES,177010
1791368299.333439,IMG_SENT,176970
1791368299.333514,SYNC_CNT,177493
1791368299.336250,PHY_FRAMES,177493
1791368299.338454,ps_img,176969
1791368299.353566,ps_img,176970
1791368299.366679,IMG_FRAMES,177011
1791368299.366679,IMG_SENT,176971
1791368299.367005,SYNC_CNT,177494
1791368299.369643,PHY_FRAMES,177494
1791368299.383295,ps_img,176971
1791368299.399902,SYNC_CNT,177495
1791368299.400025,IMG_SENT,176972
1791368299.400087,IMG_FRAMES,177012
1791368299.402650,PHY_FRAMES,177495
1791368299.408798,ps_img,176972
1791368299.433003,IMG_SENT,176973
1791368299.433068,IMG_FRAMES,177013
1791368299.433306,SYNC_CNT,177496
1791368299.436057,PHY_FRAMES,177496
1791368299.442527,ps_img,176973
1791368299.466065,SYNC_CNT,177497
1791368299.466415,IMG_FRAMES,177014
1791368299.466415,IMG_SENT,176974
1791368299.468796,PHY_FRAMES,177497
1791368299.474404,ps_img,176974
1791368299.499163,IMG_SENT,176975
1791368299.499229,SYNC_CNT,177498
1791368299.499229,IMG_FRAMES,177015
1791368299.501941,PHY_FRAMES,177498
1791368299.507548,ps_img,176975
1791368299.532032,SYNC_CNT,177499
1791368299.532328,IMG_FRAMES,177016
1791368299.532328,IMG_SENT,176976
1791368299.534760,PHY_FRAMES,177499
1791368299.539333,ps_img,176976
1791368299.564834,SYNC_CNT,177500
1791368299.565139,IMG_FRAMES,177017
1791368299.565139,IMG_SENT,176977
1791368299.567566,PHY_FRAMES,177500
1791368299.575245,ps_img,176977
1791368299.597930,IMG_FRAMES,177018
1791368299.597930,IMG_SENT,176978
1791368299.600181,SYNC_CNT,177501
1791368299.602894,PHY_FRAMES,177501
1791368299.607550,ps_img,176978
1791368299.632891,SYNC_CNT,177502
1791368299.633300,IMG_FRAMES,177019
1791368299.633300,IMG_SENT,176979
1791368299.635610,PHY_FRAMES,177502
1791368299.640334,ps_img,176979
1791368299.666024,IMG_FRAMES,177020
1791368299.666024,IMG_SENT,176980
1791368299.666960,SYNC_CNT,177503
1791368299.669658,PHY_FRAMES,177503
1791368299.674943,ps_img,176980
1791368299.699866,SYNC_CNT,177504
1791368299.700047,IMG_FRAMES,177021
1791368299.700047,IMG_SENT,176981
1791368299.702608,PHY_FRAMES,177504
1791368299.708911,ps_img,176981
1791368299.732988,IMG_FRAMES,177022
1791368299.732988,IMG_SENT,176982
1791368299.733516,SYNC_CNT,177505
1791368299.736229,PHY_FRAMES,177505
1791368299.742215,ps_img,176982
1791368299.766618,IMG_FRAMES,177023
1791368299.766618,IMG_SENT,176983
1791368299.767039,SYNC_CNT,177506
1791368299.769757,PHY_FRAMES,177506
1791368299.775865,ps_img,176983
1791368299.800029,SYNC_CNT,177507
1791368299.800153,IMG_FRAMES,177024
1791368299.800153,IMG_SENT,176984
1791368299.802752,PHY_FRAMES,177507
1791368299.820554,ps_img,176984
1791368299.833095,IMG_FRAMES,177025
1791368299.833095,IMG_SENT,176985
1791368299.833225,SYNC_CNT,177508
1791368299.835893,PHY_FRAMES,177508
1791368299.845121,ps_img,176985
1791368299.866318,IMG_FRAMES,177026
1791368299.866318,IMG_SENT,176986
1791368299.866968,SYNC_CNT,177509
1791368299.869659,PHY_FRAMES,177509
1791368299.882831,ps_img,176986
1791368299.900092,IMG_FRAMES,177027
1791368299.900092,IMG_SENT,176987
1791368299.900354,SYNC_CNT,177510
1791368299.903042,PHY_FRAMES,177510
1791368299.910042,ps_img,176987
1791368299.933446,IMG_FRAMES,177028
1791368299.933446,IMG_SENT,176988
1791368299.933516,SYNC_CNT,177511
1791368299.936238,PHY_FRAMES,177511
1791368299.943333,ps_img,176988
1791368299.966592,IMG_FRAMES,177029
1791368299.966592,IMG_SENT,176989
1791368299.966891,SYNC_CNT,177512
1791368299.969575,PHY_FRAMES,177512
1791368299.975657,ps_img,176989
1791368299.999971,IMG_FRAMES,177030
1791368299.999971,IMG_SENT,176990
1791368300.000098,SYNC_CNT,177513
1791368300.002808,PHY_FRAMES,177513
1791368300.007345,ps_img,176990
1791368300.033207,IMG_FRAMES,177031
1791368300.033207,IMG_SENT,176991
1791368300.033334,SYNC_CNT,177514
1791368300.036083,PHY_FRAMES,177514
1791368300.041848,ps_img,176991
1791368300.066055,SYNC_CNT,177515
1791368300.066464,IMG_FRAMES,177032
1791368300.066464,IMG_SENT,176992
1791368300.068775,PHY_FRAMES,177515
1791368300.075603,ps_img,176992
1791368300.098992,SYNC_CNT,177516
1791368300.099174,IMG_FRAMES,177033
1791368300.099174,IMG_SENT,176993
1791368300.101672,PHY_FRAMES,177516
1791368300.109339,ps_img,176993
1791368300.131995,SYNC_CNT,177517
1791368300.132060,IMG_SENT,176994
1791368300.132121,IMG_FRAMES,177034
1791368300.134710,PHY_FRAMES,177517
1791368300.141944,ps_img,176994
1791368300.165133,IMG_FRAMES,177035
1791368300.165133,IMG_SENT,176995
1791368300.166916,SYNC_CNT,177518
1791368300.169607,PHY_FRAMES,177518
1791368300.173215,ps_img,176995
1791368300.199981,IMG_FRAMES,177036
1791368300.199981,IMG_SENT,176996
1791368300.200335,SYNC_CNT,177519
1791368300.203040,PHY_FRAMES,177519
1791368300.209180,ps_img,176996
1791368300.233397,IMG_FRAMES,177037
1791368300.233397,IMG_SENT,176997
1791368300.233524,SYNC_CNT,177520
1791368300.236211,PHY_FRAMES,177520
1791368300.242834,ps_img,176997
1791368300.266701,IMG_FRAMES,177038
1791368300.266701,IMG_SENT,176998
1791368300.266910,SYNC_CNT,177521
1791368300.269612,PHY_FRAMES,177521
1791368300.275925,ps_img,176998
1791368300.299997,IMG_SENT,176999
1791368300.300063,SYNC_CNT,177522
1791368300.300063,IMG_FRAMES,177039
1791368300.302786,PHY_FRAMES,177522
1791368300.317562,ps_img,176999
1791368300.333164,IMG_SENT,177000
1791368300.333235,IMG_FRAMES,177040
1791368300.333475,SYNC_CNT,177523
1791368300.336221,PHY_FRAMES,177523
1791368300.342794,clk,-44902450897034
1791368300.342794,clk_rtt,584
1791368300.355087,ps_img,177000
1791368300.366452,SYNC_CNT,177524
1791368300.366580,IMG_FRAMES,177041
1791368300.366580,IMG_SENT,177001
1791368300.369149,PHY_FRAMES,177524
1791368300.378336,ps_img,177001
1791368300.399224,SYNC_CNT,177525
1791368300.399532,IMG_FRAMES,177042
1791368300.399532,IMG_SENT,177002
1791368300.401953,PHY_FRAMES,177525
1791368300.409036,ps_img,177002
1791368300.431991,SYNC_CNT,177526
1791368300.432347,IMG_FRAMES,177043
1791368300.432347,IMG_SENT,177003
1791368300.434689,PHY_FRAMES,177526
1791368300.439785,ps_img,177003
1791368300.465112,IMG_FRAMES,177044
1791368300.465112,IMG_SENT,177004
1791368300.466902,SYNC_CNT,177527
1791368300.469624,PHY_FRAMES,177527
1791368300.478331,ps_img,177004
1791368300.500001,IMG_FRAMES,177045
1791368300.500001,IMG_SENT,177005
1791368300.500359,SYNC_CNT,177528
1791368300.503051,PHY_FRAMES,177528
1791368300.508453,ps_img,177005
1791368300.533432,IMG_FRAMES,177046
1791368300.533432,IMG_SENT,177006
1791368300.533500,SYNC_CNT,177529
1791368300.536217,PHY_FRAMES,177529
1791368300.540426,ps_img,177006
1791368300.566629,IMG_FRAMES,177047
1791368300.566629,IMG_SENT,177007
1791368300.566930,SYNC_CNT,177530
1791368300.569674,PHY_FRAMES,177530
1791368300.577162,ps_img,177007
1791368300.600040,IMG_FRAMES,177048
1791368300.600040,IMG_SENT,177008
1791368300.600110,SYNC_CNT,177531
1791368300.602816,PHY_FRAMES,177531
1791368300.609472,ps_img,177008
1791368300.633214,SYNC_CNT,177532
1791368300.633214,IMG_FRAMES,177049
1791368300.633214,IMG_SENT,177009
1791368300.635940,PHY_FRAMES,177532
1791368300.640380,ps_img,177009
1791368300.666111,SYNC_CNT,177533
1791368300.666290,IMG_FRAMES,177050
1791368300.666290,IMG_SENT,177010
1791368300.668789,PHY_FRAMES,177533
1791368300.675463,ps_img,177010
1791368300.699219,IMG_FRAMES,177051
1791368300.699219,IMG_SENT,177011
1791368300.699288,SYNC_CNT,177534
1791368300.702006,PHY_FRAMES,177534
1791368300.708155,ps_img,177011
1791368300.732367,IMG_FRAMES,177052
1791368300.732367,IMG_SENT,177012
1791368300.733602,SYNC_CNT,177535
1791368300.736274,PHY_FRAMES,177535
1791368300.740057,ps_img,177012
1791368300.766662,IMG_SENT,177013
1791368300.766729,IMG_FRAMES,177053
1791368300.766967,SYNC_CNT,177536
1791368300.769660,PHY_FRAMES,177536
1791368300.780444,ps_img,177013
1791368300.800095,IMG_FRAMES,177054
1791368300.800095,IMG_SENT,177014
1791368300.800344,SYNC_CNT,177537
1791368300.803034,PHY_FRAMES,177537
1791368300.818150,ps_img,177014
1791368300.833434,IMG_FRAMES,177055
1791368300.833434,IMG_SENT,177015
1791368300.833503,SYNC_CNT,177538
1791368300.836232,PHY_FRAMES,177538
1791368300.843386,ps_img,177015
1791368300.866614,IMG_FRAMES,177056
1791368300.866614,IMG_SENT,177016
1791368300.867190,SYNC_CNT,177539
1791368300.869904,PHY_FRAMES,177539
1791368300.877349,ps_img,177016
1791368300.900016,SYNC_CNT,177540
1791368300.900258,IMG_FRAMES,177057
1791368300.900258,IMG_SENT,177017
1791368300.902765,PHY_FRAMES,177540
1791368300.910121,ps_img,177017
1791368300.933157,IMG_FRAMES,177058
1791368300.933157,IMG_SENT,177018
1791368300.933517,SYNC_CNT,177541
1791368300.936231,PHY_FRAMES,177541
1791368300.942852,ps_img,177018
1791368300.966628,SYNC_CNT,177542
1791368300.966628,IMG_FRAMES,177059
1791368300.966628,IMG_SENT,177019
1791368300.969363,PHY_FRAMES,177542
1791368300.975795,ps_img,177019
1791368300.999752,IMG_FRAMES,177060
1791368300.999752,IMG_SENT,177020
1791368300.999992,SYNC_CNT,177543
1791368301.002703,PHY_FRAMES,177543
1791368301.007313,ps_img,177020
1791368301.032983,SYNC_CNT,177544
1791368301.033105,IMG_FRAMES,177061
1791368301.033105,IMG_SENT,177021
1791368301.035723,PHY_FRAMES,177544
1791368301.040806,ps_img,177021
1791368301.066110,IMG_FRAMES,177062
1791368301.066110,IMG_SENT,177022
1791368301.066866,SYNC_CNT,177545
1791368301.069590,PHY_FRAMES,177545
1791368301.074915,ps_img,177022
1791368301.099985,IMG_FRAMES,177063
1791368301.099985,IMG_SENT,177023
1791368301.100286,SYNC_CNT,177546
1791368301.103024,PHY_FRAMES,177546
1791368301.108066,ps_img,177023
1791368301.133396,IMG_FRAMES,177064
1791368301.133396,IMG_SENT,177024
1791368301.133522,SYNC_CNT,177547
1791368301.136269,PHY_FRAMES,177547
1791368301.142430,ps_img,177024
1791368301.166640,IMG_FRAMES,177065
1791368301.166640,IMG_SENT,177025
1791368301.166995,SYNC_CNT,177548
1791368301.169720,PHY_FRAMES,177548
1791368301.175493,ps_img,177025
1791368301.200071,SYNC_CNT,177549
1791368301.200071,IMG_FRAMES,177066
1791368301.200071,IMG_SENT,177026
1791368301.202791,PHY_FRAMES,177549
1791368301.209152,ps_img,177026
1791368301.233151,IMG_FRAMES,177067
1791368301.233151,IMG_SENT,177027
1791368301.233565,SYNC_CNT,177550
1791368301.236264,PHY_FRAMES,177550
1791368301.242218,ps_img,177027
1791368301.266672,SYNC_CNT,177551
1791368301.266672,IMG_FRAMES,177068
1791368301.266672,IMG_SENT,177028
1791368301.269384,PHY_FRAMES,177551
1791368301.277272,ps_img,177028
1791368301.299792,IMG_FRAMES,177069
1791368301.299792,IMG_SENT,177029
1791368301.299979,SYNC_CNT,177552
1791368301.302703,PHY_FRAMES,177552
1791368301.316379,ps_img,177029
1791368301.333055,IMG_FRAMES,177070
1791368301.333055,IMG_SENT,177030
1791368301.333214,SYNC_CNT,177553
1791368301.335927,PHY_FRAMES,177553
1791368301.349901,ps_img,177030
1791368301.366266,IMG_SENT,177031
1791368301.366332,IMG_FRAMES,177071
1791368301.366923,SYNC_CNT,177554
1791368301.369638,PHY_FRAMES,177554
1791368301.382219,ps_img,177031
1791368301.399992,IMG_FRAMES,177072
1791368301.399992,IMG_SENT,177032
1791368301.400122,SYNC_CNT,177555
1791368301.402812,PHY_FRAMES,177555
1791368301.410182,ps_img,177032
1791368301.432758,SYNC_CNT,177556
1791368301.433228,IMG_FRAMES,177073
1791368301.433228,IMG_SENT,177033
1791368301.435475,PHY_FRAMES,177556
1791368301.445668,ps_img,177033
1791368301.465865,IMG_FRAMES,177074
1791368301.465865,IMG_SENT,177034
1791368301.466915,SYNC_CNT,177557
1791368301.469648,PHY_FRAMES,177557
1791368301.482207,ps_img,177034
1791368301.500059,SYNC_CNT,177558
1791368301.500059,IMG_FRAMES,177075
1791368301.500059,IMG_SENT,177035
1791368301.502797,PHY_FRAMES,177558
1791368301.513477,ps_img,177035
1791368301.533130,IMG_SENT,177036
1791368301.533195,IMG_FRAMES,177076
1791368301.533486,SYNC_CNT,177559
1791368301.536187,PHY_FRAMES,177559
1791368301.541416,ps_img,177036
1791368301.566575,IMG_SENT,177037
1791368301.566640,IMG_FRAMES,177077
1791368301.566702,SYNC_CNT,177560
1791368301.569416,PHY_FRAMES,177560
1791368301.580983,ps_img,177037
1791368301.599773,IMG_SENT,177038
1791368301.599839,IMG_FRAMES,177078
1791368301.600020,SYNC_CNT,177561
1791368301.602741,PHY_FRAMES,177561
1791368301.607967,ps_img,177038
1791368301.633085,IMG_SENT,177039
1791368301.633150,SYNC_CNT,177562
1791368301.633150,IMG_FRAMES,177079
1791368301.635867,PHY_FRAMES,177562
1791368301.641798,ps_img,177039
1791368301.666279,IMG_FRAMES,177080
1791368301.666279,IMG_SENT,177040
1791368301.666937,SYNC_CNT,177563
1791368301.669663,PHY_FRAMES,177563
1791368301.675045,ps_img,177040
1791368301.700006,IMG_FRAMES,177081
1791368301.700006,IMG_SENT,177041
1791368301.700190,SYNC_CNT,177564
1791368301.702895,PHY_FRAMES,177564
1791368301.708017,ps_img,177041
1791368301.732907,SYNC_CNT,177565
1791368301.733261,IMG_FRAMES,177082
1791368301.733261,IMG_SENT,177042
1791368301.735636,PHY_FRAMES,177565
1791368301.741375,ps_img,177042
1791368301.766015,IMG_FRAMES,177083
1791368301.766015,IMG_SENT,177043
1791368301.766790,SYNC_CNT,177566
1791368301.769508,PHY_FRAMES,177566
1791368301.775352,ps_img,177043
1791368301.799479,SYNC_CNT,177567
1791368301.799907,IMG_FRAMES,177084
1791368301.799907,IMG_SENT,177044
1791368301.802228,PHY_FRAMES,177567
1791368301.817747,ps_img,177044
1791368301.832690,IMG_FRAMES,177085
1791368301.832690,IMG_SENT,177045
1791368301.833173,SYNC_CNT,177568
1791368301.835901,PHY_FRAMES,177568
1791368301.848376,ps_img,177045
1791368301.866069,SYNC_CNT,177569
1791368301.866256,IMG_SENT,177046
1791368301.866320,IMG_FRAMES,177086
1791368301.868806,PHY_FRAMES,177569
1791368301.875300,ps_img,177046
1791368301.899163,IMG_SENT,177047
1791368301.899230,SYNC_CNT,177570
1791368301.899230,IMG_FRAMES,177087
1791368301.901901,PHY_FRAMES,177570
1791368301.908357,ps_img,177047
1791368301.932039,SYNC_CNT,177571
1791368301.932279,IMG_FRAMES,177088
1791368301.932279,IMG_SENT,177048
1791368301.934769,PHY_FRAMES,177571
1791368301.939604,ps_img,177048
1791368301.965181,IMG_FRAMES,177089
1791368301.965181,IMG_SENT,177049
1791368301.966924,SYNC_CNT,177572
1791368301.969626,PHY_FRAMES,177572
1791368301.976104,ps_img,177049
1791368302.000057,IMG_FRAMES,177090
1791368302.000057,IMG_SENT,177050
1791368302.000354,SYNC_CNT,177573
1791368302.003078,PHY_FRAMES,177573
1791368302.007398,ps_img,177050
1791368302.033471,IMG_FRAMES,177091
1791368302.033471,IMG_SENT,177051
1791368302.033540,SYNC_CNT,177574
1791368302.036244,PHY_FRAMES,177574
1791368302.048093,ps_img,177051
1791368302.066604,IMG_FRAMES,177092
1791368302.066604,IMG_SENT,177052
1791368302.066848,SYNC_CNT,177575
1791368302.069583,PHY_FRAMES,177575
1791368302.078767,ps_img,177052
1791368302.099857,SYNC_CNT,177576
1791368302.099986,IMG_FRAMES,177093
1791368302.099986,IMG_SENT,177053
1791368302.102572,PHY_FRAMES,177576
1791368302.110722,ps_img,177053
1791368302.132962,IMG_FRAMES,177094
1791368302.132962,IMG_SENT,177054
1791368302.133347,SYNC_CNT,177577
1791368302.136048,PHY_FRAMES,177577
1791368302.141572,ps_img,177054
1791368302.166085,SYNC_CNT,177578
1791368302.166439,IMG_FRAMES,177095
1791368302.166439,IMG_SENT,177055
1791368302.168816,PHY_FRAMES,177578
1791368302.181576,ps_img,177055
1791368302.199203,IMG_FRAMES,177096
1791368302.199203,IMG_SENT,177056
1791368302.199672,SYNC_CNT,177579
1791368302.202390,PHY_FRAMES,177579
1791368302.208523,ps_img,177056
1791368302.232637,SYNC_CNT,177580
1791368302.232763,IMG_FRAMES,177097
1791368302.232763,IMG_SENT,177057
1791368302.235348,PHY_FRAMES,177580
1791368302.240508,ps_img,177057
1791368302.265703,IMG_FRAMES,177098
1791368302.265703,IMG_SENT,177058
1791368302.266444,SYNC_CNT,177581
1791368302.269160,PHY_FRAMES,177581
1791368302.278652,ps_img,177058
1791368302.299576,IMG_FRAMES,177099
1791368302.299576,IMG_SENT,177059
1791368302.300286,SYNC_CNT,177582
1791368302.303001,PHY_FRAMES,177582
1791368302.311083,ps_img,177059
1791368302.333405,SYNC_CNT,177583
1791368302.333405,IMG_FRAMES,177100
1791368302.333405,IMG_SENT,177060
1791368302.336135,PHY_FRAMES,177583
1791368302.345792,ps_img,177060
1791368302.366526,IMG_FRAMES,177101
1791368302.366526,IMG_SENT,177061
1791368302.366946,SYNC_CNT,177584
1791368302.369678,PHY_FRAMES,177584
1791368302.382879,ps_img,177061
1791368302.399888,SYNC_CNT,177585
1791368302.400070,IMG_FRAMES,177102
1791368302.400070,IMG_SENT,177062
1791368302.402629,PHY_FRAMES,177585
1791368302.409285,ps_img,177062
1791368302.432997,IMG_FRAMES,177103
1791368302.432997,IMG_SENT,177063
1791368302.433300,SYNC_CNT,177586
1791368302.435987,PHY_FRAMES,177586
1791368302.442862,ps_img,177063
1791368302.466068,SYNC_CNT,177587
1791368302.466424,IMG_FRAMES,177104
1791368302.466424,IMG_SENT,177064
1791368302.468801,PHY_FRAMES,177587
1791368302.482804,ps_img,177064
1791368302.499149,IMG_FRAMES,177105
1791368302.499149,IMG_SENT,177065
1791368302.499218,SYNC_CNT,177588
1791368302.501952,PHY_FRAMES,177588
1791368302.508101,ps_img,177065
1791368302.531999,SYNC_CNT,177589
1791368302.532352,IMG_FRAMES,177106
1791368302.532352,IMG_SENT,177066
1791368302.534732,PHY_FRAMES,177589
1791368302.539634,ps_img,177066
1791368302.565089,IMG_FRAMES,177107
1791368302.565089,IMG_SENT,177067
1791368302.566859,SYNC_CNT,177590
1791368302.569550,PHY_FRAMES,177590
1791368302.582215,ps_img,177067
1791368302.599928,IMG_FRAMES,177108
1791368302.599928,IMG_SENT,177068
1791368302.600293,SYNC_CNT,177591
1791368302.603037,PHY_FRAMES,177591
1791368302.609592,ps_img,177068
1791368302.633401,IMG_FRAMES,177109
1791368302.633401,IMG_SENT,177069
1791368302.633527,SYNC_CNT,177592
1791368302.636243,PHY_FRAMES,177592
1791368302.640452,ps_img,177069
1791368302.666629,IMG_FRAMES,177110
1791368302.666629,IMG_SENT,177070
1791368302.667042,SYNC_CNT,177593
1791368302.669773,PHY_FRAMES,177593
1791368302.680669,ps_img,177070
1791368302.700052,SYNC_CNT,177594
1791368302.700118,IMG_FRAMES,177111
1791368302.700118,IMG_SENT,177071
1791368302.702736,PHY_FRAMES,177594
1791368302.708845,ps_img,177071
1791368302.733137,IMG_FRAMES,177112
1791368302.733137,IMG_SENT,177072
1791368302.733495,SYNC_CNT,177595
1791368302.736214,PHY_FRAMES,177595
1791368302.742101,ps_img,177072
1791368302.766397,SYNC_CNT,177596
1791368302.766581,IMG_FRAMES,177113
1791368302.766581,IMG_SENT,177073
1791368302.769158,PHY_FRAMES,177596
1791368302.786087,ps_img,177073
1791368302.799220,SYNC_CNT,177597
1791368302.801171,IMG_FRAMES,177114
1791368302.801171,IMG_SENT,177074
1791368302.801934,PHY_FRAMES,177597
1791368302.812399,ps_img,177074
1791368302.832061,SYNC_CNT,177598
1791368302.832302,IMG_FRAMES,177115
1791368302.832302,IMG_SENT,177075
1791368302.834779,PHY_FRAMES,177598
1791368302.853730,ps_img,177075
1791368302.865196,IMG_FRAMES,177116
1791368302.865196,IMG_SENT,177076
1791368302.866898,SYNC_CNT,177599
1791368302.869629,PHY_FRAMES,177599
1791368302.880456,ps_img,177076
1791368302.899968,IMG_SENT,177077
1791368302.900033,IMG_FRAMES,177117
1791368302.900329,SYNC_CNT,177600
1791368302.903049,PHY_FRAMES,177600
1791368302.910334,ps_img,177077
1791368302.933466,SYNC_CNT,177601
1791368302.933466,IMG_FRAMES,177118
1791368302.933466,IMG_SENT,177078
1791368302.936219,PHY_FRAMES,177601
1791368302.943538,ps_img,177078
1791368302.966597,IMG_FRAMES,177119
1791368302.966597,IMG_SENT,177079
1791368302.967072,SYNC_CNT,177602
1791368302.969821,PHY_FRAMES,177602
1791368302.975628,ps_img,177079
1791368303.000073,SYNC_CNT,177603
1791368303.000196,IMG_FRAMES,177120
1791368303.000196,IMG_SENT,177080
1791368303.002741,PHY_FRAMES,177603
1791368303.008902,ps_img,177080
1791368303.033166,IMG_FRAMES,177121
1791368303.033166,IMG_SENT,177081
1791368303.033521,SYNC_CNT,177604
1791368303.036227,PHY_FRAMES,177604
1791368303.041793,ps_img,177081
1791368303.066603,IMG_FRAMES,177122
1791368303.066603,IMG_SENT,177082
1791368303.066675,SYNC_CNT,177605
1791368303.069337,PHY_FRAMES,177605
1791368303.076243,ps_img,177082
1791368303.099770,IMG_FRAMES,177123
1791368303.099770,IMG_SENT,177083
1791368303.099957,SYNC_CNT,177606
1791368303.102705,PHY_FRAMES,177606
1791368303.109017,ps_img,177083
1791368303.133070,IMG_FRAMES,177124
1791368303.133070,IMG_SENT,177084
1791368303.133196,SYNC_CNT,177607
1791368303.135901,PHY_FRAMES,177607
1791368303.141885,ps_img,177084
1791368303.166315,IMG_FRAMES,177125
1791368303.166315,IMG_SENT,177085
1791368303.166671,SYNC_CNT,177608
1791368303.169507,PHY_FRAMES,177608
1791368303.176505,ps_img,177085
1791368303.199807,IMG_FRAMES,177126
1791368303.199807,IMG_SENT,177086
1791368303.200163,SYNC_CNT,177609
1791368303.202867,PHY_FRAMES,177609
1791368303.208322,ps_img,177086
1791368303.232904,SYNC_CNT,177610
1791368303.233257,IMG_FRAMES,177127
1791368303.233257,IMG_SENT,177087
1791368303.235629,PHY_FRAMES,177610
1791368303.240284,ps_img,177087
1791368303.265970,IMG_SENT,177088
1791368303.266037,IMG_FRAMES,177128
1791368303.266739,SYNC_CNT,177611
1791368303.269464,PHY_FRAMES,177611
1791368303.277911,ps_img,177088
1791368303.299401,SYNC_CNT,177612
1791368303.299886,IMG_FRAMES,177129
1791368303.299886,IMG_SENT,177089
1791368303.302134,PHY_FRAMES,177612
1791368303.308894,ps_img,177089
1791368303.332521,IMG_FRAMES,177130
1791368303.332521,IMG_SENT,177090
1791368303.333488,SYNC_CNT,177613
1791368303.336208,PHY_FRAMES,177613
1791368303.354032,ps_img,177090
1791368303.366579,IMG_FRAMES,177131
1791368303.366579,IMG_SENT,177091
1791368303.366651,SYNC_CNT,177614
1791368303.369336,PHY_FRAMES,177614
1791368303.378598,ps_img,177091
1791368303.399719,IMG_SENT,177092
1791368303.399784,IMG_FRAMES,177132
1791368303.399962,SYNC_CNT,177615
1791368303.402672,PHY_FRAMES,177615
1791368303.408619,ps_img,177092
1791368303.433090,IMG_FRAMES,177133
1791368303.433090,IMG_SENT,177093
1791368303.433160,SYNC_CNT,177616
1791368303.435911,PHY_FRAMES,177616
1791368303.442073,ps_img,177093
1791368303.466298,IMG_FRAMES,177134
1791368303.466298,IMG_SENT,177094
1791368303.467000,SYNC_CNT,177617
1791368303.469697,PHY_FRAMES,177617
1791368303.481051,ps_img,177094
1791368303.500062,IMG_FRAMES,177135
1791368303.500062,IMG_SENT,177095
1791368303.501125,SYNC_CNT,177618
1791368303.503850,PHY_FRAMES,177618
1791368303.508277,ps_img,177095
1791368303.534071,SYNC_CNT,177619
1791368303.534251,IMG_FRAMES,177136
1791368303.534251,IMG_SENT,177096
1791368303.536747,PHY_FRAMES,177619
1791368303.542159,ps_img,177096
1791368303.566887,SYNC_CNT,177620
1791368303.567127,IMG_FRAMES,177137
1791368303.567127,IMG_SENT,177097
1791368303.569611,PHY_FRAMES,177620
1791368303.576441,ps_img,177097
1791368303.599995,IMG_FRAMES,177138
1791368303.599995,IMG_SENT,177098
1791368303.600411,SYNC_CNT,177621
1791368303.603117,PHY_FRAMES,177621
1791368303.607910,ps_img,177098
1791368303.633502,SYNC_CNT,177622
1791368303.633502,IMG_FRAMES,177139
1791368303.633502,IMG_SENT,177099
1791368303.636223,PHY_FRAMES,177622
1791368303.641705,ps_img,177099
1791368303.666579,IMG_FRAMES,177140
1791368303.666579,IMG_SENT,177100
1791368303.666649,SYNC_CNT,177623
1791368303.669379,PHY_FRAMES,177623
1791368303.678153,ps_img,177100
1791368303.699726,IMG_SENT,177101
1791368303.699790,IMG_FRAMES,177141
1791368303.699910,SYNC_CNT,177624
1791368303.702641,PHY_FRAMES,177624
1791368303.707594,ps_img,177101
1791368303.733029,IMG_FRAMES,177142
1791368303.733029,IMG_SENT,177102
1791368303.733214,SYNC_CNT,177625
1791368303.735941,PHY_FRAMES,177625
1791368303.740814,ps_img,177102
1791368303.766325,IMG_FRAMES,177143
1791368303.766325,IMG_SENT,177103
1791368303.766919,SYNC_CNT,177626
1791368303.769632,PHY_FRAMES,177626
1791368303.780581,ps_img,177103
1791368303.800035,IMG_FRAMES,177144
1791368303.800035,IMG_SENT,177104
1791368303.800165,SYNC_CNT,177627
1791368303.802862,PHY_FRAMES,177627
1791368303.808479,ps_img,177104
1791368303.832867,SYNC_CNT,177628
1791368303.833281,IMG_FRAMES,177145
1791368303.833281,IMG_SENT,177105
1791368303.835627,PHY_FRAMES,177628
1791368303.849216,ps_img,177105
1791368303.865991,IMG_FRAMES,177146
1791368303.865991,IMG_SENT,177106
1791368303.866823,SYNC_CNT,177629
1791368303.869544,PHY_FRAMES,177629
1791368303.881332,ps_img,177106
1791368303.899891,IMG_SENT,177107
1791368303.899958,SYNC_CNT,177630
1791368303.899958,IMG_FRAMES,177147
1791368303.902662,PHY_FRAMES,177630
1791368303.908785,ps_img,177107
1791368303.933010,IMG_SENT,177108
1791368303.933078,IMG_FRAMES,177148
1791368303.933314,SYNC_CNT,177631
1791368303.936033,PHY_FRAMES,177631
1791368303.941591,ps_img,177108
1791368303.966070,SYNC_CNT,177632
1791368303.966423,IMG_FRAMES,177149
1791368303.966423,IMG_SENT,177109
1791368303.968760,PHY_FRAMES,177632
1791368303.977508,ps_img,177109
1791368303.999171,SYNC_CNT,177633
1791368303.999171,IMG_FRAMES,177150
1791368303.999171,IMG_SENT,177110
1791368304.001868,PHY_FRAMES,177633
1791368304.007289,ps_img,177110
1791368304.032298,IMG_FRAMES,177151
1791368304.032298,IMG_SENT,177111
1791368304.033473,SYNC_CNT,177634
1791368304.036187,PHY_FRAMES,177634
1791368304.040545,ps_img,177111
1791368304.066559,IMG_FRAMES,177152
1791368304.066559,IMG_SENT,177112
1791368304.066858,SYNC_CNT,177635
1791368304.069554,PHY_FRAMES,177635
1791368304.079194,ps_img,177112
1791368304.099937,IMG_FRAMES,177153
1791368304.099937,IMG_SENT,177113
1791368304.100123,SYNC_CNT,177636
1791368304.102810,PHY_FRAMES,177636
1791368304.108575,ps_img,177113
1791368304.132901,SYNC_CNT,177637
1791368304.133196,IMG_FRAMES,177154
1791368304.133196,IMG_SENT,177114
1791368304.135624,PHY_FRAMES,177637
1791368304.141095,ps_img,177114
1791368304.165970,IMG_FRAMES,177155
1791368304.165970,IMG_SENT,177115
1791368304.166796,SYNC_CNT,177638
1791368304.169489,PHY_FRAMES,177638
1791368304.178818,ps_img,177115
1791368304.199887,IMG_FRAMES,177156
1791368304.199887,IMG_SENT,177116
1791368304.200013,SYNC_CNT,177639
1791368304.202711,PHY_FRAMES,177639
1791368304.207940,ps_img,177116
1791368304.233089,IMG_FRAMES,177157
1791368304.233089,IMG_SENT,177117
1791368304.233273,SYNC_CNT,177640
1791368304.235983,PHY_FRAMES,177640
1791368304.241233,ps_img,177117
1791368304.265940,SYNC_CNT,177641
1791368304.266389,IMG_FRAMES,177158
1791368304.266389,IMG_SENT,177118
1791368304.268660,PHY_FRAMES,177641
1791368304.284239,ps_img,177118
1791368304.299010,IMG_SENT,177119
1791368304.299076,SYNC_CNT,177642
1791368304.299076,IMG_FRAMES,177159
1791368304.301789,PHY_FRAMES,177642
1791368304.307021,ps_img,177119
1791368304.331929,SYNC_CNT,177643
1791368304.332173,IMG_FRAMES,177160
1791368304.332173,IMG_SENT,177120
1791368304.334618,PHY_FRAMES,177643
1791368304.352698,ps_img,177120
1791368304.365852,SYNC_CNT,177644
1791368304.368628,PHY_FRAMES,177644
1791368304.369108,IMG_FRAMES,177161
1791368304.369108,IMG_SENT,177121
1791368304.379779,ps_img,177121
1791368304.398943,IMG_FRAMES,177162
1791368304.398943,IMG_SENT,177122
1791368304.399991,SYNC_CNT,177645
1791368304.402659,PHY_FRAMES,177645
1791368304.407002,ps_img,177122
1791368304.432983,SYNC_CNT,177646
1791368304.433049,IMG_SENT,177123
1791368304.433110,IMG_FRAMES,177163
1791368304.435700,PHY_FRAMES,177646
1791368304.441176,ps_img,177123
1791368304.466043,IMG_FRAMES,177164
1791368304.466043,IMG_SENT,177124
1791368304.466748,SYNC_CNT,177647
1791368304.469423,PHY_FRAMES,177647
1791368304.482701,ps_img,177124
1791368304.499456,SYNC_CNT,177648
1791368304.499808,IMG_FRAMES,177165
1791368304.499808,IMG_SENT,177125
1791368304.502181,PHY_FRAMES,177648
1791368304.507758,ps_img,177125
1791368304.532271,SYNC_CNT,177649
1791368304.532565,IMG_FRAMES,177166
1791368304.532565,IMG_SENT,177126
1791368304.534994,PHY_FRAMES,177649
1791368304.541006,ps_img,177126
1791368304.565379,IMG_FRAMES,177167
1791368304.565379,IMG_SENT,177127
1791368304.565448,SYNC_CNT,177650
1791368304.568148,PHY_FRAMES,177650
1791368304.581481,ps_img,177127
1791368304.598530,IMG_SENT,177128
1791368304.598596,IMG_FRAMES,177168
1791368304.599181,SYNC_CNT,177651
1791368304.601898,PHY_FRAMES,177651
1791368304.606612,ps_img,177128
1791368304.632076,SYNC_CNT,177652
1791368304.632258,IMG_FRAMES,177169
1791368304.632258,IMG_SENT,177129
1791368304.634756,PHY_FRAMES,177652
1791368304.640178,ps_img,177129
1791368304.665146,IMG_FRAMES,177170
1791368304.665146,IMG_SENT,177130
1791368304.666899,SYNC_CNT,177653
1791368304.669641,PHY_FRAMES,177653
1791368304.680269,ps_img,177130
1791368304.700010,IMG_FRAMES,177171
1791368304.700010,IMG_SENT,177131
1791368304.700253,SYNC_CNT,177654
1791368304.702933,PHY_FRAMES,177654
1791368304.707812,ps_img,177131
1791368304.733327,IMG_FRAMES,177172
1791368304.733327,IMG_SENT,177132
1791368304.733454,SYNC_CNT,177655
1791368304.736168,PHY_FRAMES,177655
1791368304.741422,ps_img,177132
1791368304.766567,IMG_FRAMES,177173
1791368304.766567,IMG_SENT,177133
1791368304.766828,SYNC_CNT,177656
1791368304.769532,PHY_FRAMES,177656
1791368304.779299,ps_img,177133
1791368304.799941,IMG_FRAMES,177174
1791368304.799941,IMG_SENT,177134
1791368304.800012,SYNC_CNT,177657
1791368304.802717,PHY_FRAMES,177657
1791368304.818605,ps_img,177134
1791368304.833063,IMG_FRAMES,177175
1791368304.833063,IMG_SENT,177135
1791368304.833133,SYNC_CNT,177658
1791368304.835852,PHY_FRAMES,177658
1791368304.852357,ps_img,177135
1791368304.866036,SYNC_CNT,177659
1791368304.866222,IMG_FRAMES,177176
1791368304.866222,IMG_SENT,177136
1791368304.868766,PHY_FRAMES,177659
1791368304.879620,ps_img,177136
1791368304.899137,IMG_FRAMES,177177
1791368304.899137,IMG_SENT,177137
1791368304.899265,SYNC_CNT,177660
1791368304.901956,PHY_FRAMES,177660
1791368304.908880,ps_img,177137
1791368304.932059,SYNC_CNT,177661
1791368304.932355,IMG_FRAMES,177178
1791368304.932355,IMG_SENT,177138
1791368304.934762,PHY_FRAMES,177661
1791368304.940915,ps_img,177138
1791368304.965175,IMG_FRAMES,177179
1791368304.965175,IMG_SENT,177139
1791368304.966861,SYNC_CNT,177662
1791368304.969596,PHY_FRAMES,177662
1791368304.979300,ps_img,177139
1791368304.999933,IMG_SENT,177140
1791368304.999998,IMG_FRAMES,177180
1791368305.000174,SYNC_CNT,177663
1791368305.002888,PHY_FRAMES,177663
1791368305.010028,ps_img,177140
1791368305.032975,SYNC_CNT,177664
1791368305.033269,IMG_FRAMES,177181
1791368305.033269,IMG_SENT,177141
1791368305.035683,PHY_FRAMES,177664
1791368305.041547,ps_img,177141
1791368305.066031,IMG_FRAMES,177182
1791368305.066031,IMG_SENT,177142
1791368305.066790,SYNC_CNT,177665
1791368305.069476,PHY_FRAMES,177665
1791368305.079837,ps_img,177142
1791368305.099885,IMG_FRAMES,177183
1791368305.099885,IMG_SENT,177143
1791368305.100070,SYNC_CNT,177666
1791368305.102798,PHY_FRAMES,177666
1791368305.113068,ps_img,177143
1791368305.133151,IMG_FRAMES,177184
1791368305.133151,IMG_SENT,177144
1791368305.133507,SYNC_CNT,177667
1791368305.136232,PHY_FRAMES,177667
1791368305.141568,ps_img,177144
1791368305.166568,IMG_SENT,177145
1791368305.166634,SYNC_CNT,177668
1791368305.166634,IMG_FRAMES,177185
1791368305.169366,PHY_FRAMES,177668
1791368305.179506,ps_img,177145
1791368305.199749,IMG_FRAMES,177186
1791368305.199749,IMG_SENT,177146
1791368305.199931,SYNC_CNT,177669
1791368305.202657,PHY_FRAMES,177669
1791368305.208358,ps_img,177146
1791368305.233028,IMG_SENT,177147
1791368305.233093,IMG_FRAMES,177187
1791368305.233184,SYNC_CNT,177670
1791368305.235904,PHY_FRAMES,177670
1791368305.241269,ps_img,177147
1791368305.266248,IMG_SENT,177148
1791368305.266315,IMG_FRAMES,177188
1791368305.266901,SYNC_CNT,177671
1791368305.269620,PHY_FRAMES,177671
1791368305.281743,ps_img,177148
1791368305.300030,IMG_FRAMES,177189
1791368305.300030,IMG_SENT,177149
1791368305.301117,SYNC_CNT,177672
1791368305.303809,PHY_FRAMES,177672
1791368305.314399,ps_img,177149
1791368305.334044,SYNC_CNT,177673
1791368305.334230,IMG_FRAMES,177190
1791368305.334230,IMG_SENT,177150
1791368305.336755,PHY_FRAMES,177673
1791368305.342777,clk,-44902450897012
1791368305.342777,clk_rtt,547
1791368305.355042,ps_img,177150
1791368305.366836,SYNC_CNT,177674
1791368305.367137,IMG_SENT,177151
1791368305.367199,IMG_FRAMES,177191
1791368305.369544,PHY_FRAMES,177674
1791368305.385077,ps_img,177151
1791368305.399947,SYNC_CNT,177675
1791368305.401409,IMG_FRAMES,177192
1791368305.401409,IMG_SENT,177152
1791368305.402669,PHY_FRAMES,177675
1791368305.410194,ps_img,177152
1791368305.433021,IMG_FRAMES,177193
1791368305.433021,IMG_SENT,177153
1791368305.433497,SYNC_CNT,177676
1791368305.436207,PHY_FRAMES,177676
1791368305.441791,ps_img,177153
1791368305.466578,IMG_FRAMES,177194
1791368305.466578,IMG_SENT,177154
1791368305.466647,SYNC_CNT,177677
1791368305.469315,PHY_FRAMES,177677
1791368305.487418,ps_img,177154
1791368305.499701,IMG_FRAMES,177195
1791368305.499701,IMG_SENT,177155
1791368305.499941,SYNC_CNT,177678
1791368305.502671,PHY_FRAMES,177678
1791368305.508401,ps_img,177155
1791368305.533038,IMG_FRAMES,177196
1791368305.533038,IMG_SENT,177156
1791368305.533190,SYNC_CNT,177679
1791368305.535843,PHY_FRAMES,177679
1791368305.541931,ps_img,177156
1791368305.566257,IMG_FRAMES,177197
1791368305.566257,IMG_SENT,177157
1791368305.566902,SYNC_CNT,177680
1791368305.569588,PHY_FRAMES,177680
1791368305.589632,ps_img,177157
1791368305.599972,IMG_FRAMES,177198
1791368305.599972,IMG_SENT,177158
1791368305.600159,SYNC_CNT,177681
1791368305.602839,PHY_FRAMES,177681
1791368305.608994,ps_img,177158
1791368305.632864,SYNC_CNT,177682
1791368305.633219,IMG_SENT,177159
1791368305.633280,IMG_FRAMES,177199
1791368305.635577,PHY_FRAMES,177682
1791368305.642146,ps_img,177159
1791368305.665984,IMG_FRAMES,177200
1791368305.665984,IMG_SENT,177160
1791368305.666863,SYNC_CNT,177683
1791368305.669598,PHY_FRAMES,177683
1791368305.682865,ps_img,177160
1791368305.699993,IMG_FRAMES,177201
1791368305.699993,IMG_SENT,177161
1791368305.700061,SYNC_CNT,177684
1791368305.702773,PHY_FRAMES,177684
1791368305.708872,ps_img,177161
1791368305.733137,IMG_SENT,177162
1791368305.733202,IMG_FRAMES,177202
1791368305.733495,SYNC_CNT,177685
1791368305.736202,PHY_FRAMES,177685
1791368305.741906,ps_img,177162
1791368305.766605,SYNC_CNT,177686
1791368305.766605,IMG_FRAMES,177203
1791368305.766605,IMG_SENT,177163
1791368305.769355,PHY_FRAMES,177686
1791368305.782381,ps_img,177163
1791368305.799706,IMG_FRAMES,177204
1791368305.799706,IMG_SENT,177164
1791368305.799952,SYNC_CNT,177687
1791368305.802640,PHY_FRAMES,177687
1791368305.813084,ps_img,177164
1791368305.833073,IMG_FRAMES,177205
1791368305.833073,IMG_SENT,177165
1791368305.833204,SYNC_CNT,177688
1791368305.835867,PHY_FRAMES,177688
1791368305.852744,ps_img,177165
1791368305.866247,IMG_SENT,177166
1791368305.866314,IMG_FRAMES,177206
1791368305.866862,SYNC_CNT,177689
1791368305.869576,PHY_FRAMES,177689
1791368305.882317,ps_img,177166
1791368305.899947,IMG_FRAMES,177207
1791368305.899947,IMG_SENT,177167
1791368305.900153,SYNC_CNT,177690
1791368305.902863,PHY_FRAMES,177690
1791368305.912039,ps_img,177167
1791368305.932882,SYNC_CNT,177691
1791368305.933298,IMG_FRAMES,177208
1791368305.933298,IMG_SENT,177168
1791368305.935621,PHY_FRAMES,177691
1791368305.942819,ps_img,177168
1791368305.966019,IMG_FRAMES,177209
1791368305.966019,IMG_SENT,177169
1791368305.966888,SYNC_CNT,177692
1791368305.969613,PHY_FRAMES,177692
1791368305.983562,ps_img,177169
1791368306.000004,IMG_FRAMES,177210
1791368306.000004,IMG_SENT,177170
1791368306.000074,SYNC_CNT,177693
1791368306.002767,PHY_FRAMES,177693
1791368306.008981,ps_img,177170
1791368306.033144,IMG_FRAMES,177211
1791368306.033144,IMG_SENT,177171
1791368306.033270,SYNC_CNT,177694
1791368306.035973,PHY_FRAMES,177694
1791368306.042023,ps_img,177171
1791368306.066022,SYNC_CNT,177695
1791368306.066377,IMG_FRAMES,177212
1791368306.066377,IMG_SENT,177172
1791368306.068759,PHY_FRAMES,177695
1791368306.076796,ps_img,177172
1791368306.098984,SYNC_CNT,177696
1791368306.099109,IMG_SENT,177173
1791368306.099172,IMG_FRAMES,177213
1791368306.101690,PHY_FRAMES,177696
1791368306.108575,ps_img,177173
1791368306.131996,SYNC_CNT,177697
1791368306.132063,IMG_FRAMES,177214
1791368306.132063,IMG_SENT,177174
1791368306.134730,PHY_FRAMES,177697
1791368306.141372,ps_img,177174
1791368306.165118,IMG_FRAMES,177215
1791368306.165118,IMG_SENT,177175
1791368306.166849,SYNC_CNT,177698
1791368306.169581,PHY_FRAMES,177698
1791368306.174451,ps_img,177175
1791368306.199924,SYNC_CNT,177699
1791368306.199924,IMG_FRAMES,177216
1791368306.199924,IMG_SENT,177176
1791368306.202656,PHY_FRAMES,177699
1791368306.208760,ps_img,177176
1791368306.232899,SYNC_CNT,177700
1791368306.233021,IMG_FRAMES,177217
1791368306.233021,IMG_SENT,177177
1791368306.235609,PHY_FRAMES,177700
1791368306.242172,ps_img,177177
1791368306.266005,IMG_FRAMES,177218
1791368306.266005,IMG_SENT,177178
1791368306.266832,SYNC_CNT,177701
1791368306.269543,PHY_FRAMES,177701
1791368306.277905,ps_img,177178
1791368306.299932,IMG_FRAMES,177219
1791368306.299932,IMG_SENT,177179
1791368306.300001,SYNC_CNT,177702
1791368306.302767,PHY_FRAMES,177702
1791368306.323872,ps_img,177179
1791368306.333139,IMG_FRAMES,177220
1791368306.333139,IMG_SENT,177180
1791368306.333502,SYNC_CNT,177703
1791368306.336202,PHY_FRAMES,177703
1791368306.347839,ps_img,177180
1791368306.366553,IMG_SENT,177181
1791368306.366619,IMG_FRAMES,177221
1791368306.366917,SYNC_CNT,177704
1791368306.369678,PHY_FRAMES,177704
1791368306.375938,ps_img,177181
1791368306.399976,SYNC_CNT,177705
1791368306.400044,IMG_FRAMES,177222
1791368306.400044,IMG_SENT,177182
1791368306.402672,PHY_FRAMES,177705
1791368306.408044,ps_img,177182
1791368306.433052,IMG_FRAMES,177223
1791368306.433052,IMG_SENT,177183
1791368306.433180,SYNC_CNT,177706
1791368306.435853,PHY_FRAMES,177706
1791368306.442620,ps_img,177183
1791368306.466262,IMG_FRAMES,177224
1791368306.466262,IMG_SENT,177184
1791368306.466885,SYNC_CNT,177707
1791368306.469635,PHY_FRAMES,177707
1791368306.475603,ps_img,177184
1791368306.500000,IMG_FRAMES,177225
1791368306.500000,IMG_SENT,177185
1791368306.500354,SYNC_CNT,177708
1791368306.503048,PHY_FRAMES,177708
1791368306.508564,ps_img,177185
1791368306.533437,SYNC_CNT,177709
1791368306.533437,IMG_FRAMES,177226
1791368306.533437,IMG_SENT,177186
1791368306.536181,PHY_FRAMES,177709
1791368306.542510,ps_img,177186
1791368306.566563,IMG_FRAMES,177227
1791368306.566563,IMG_SENT,177187
1791368306.566859,SYNC_CNT,177710
1791368306.569566,PHY_FRAMES,177710
1791368306.573803,ps_img,177187
1791368306.599922,SYNC_CNT,177711
1791368306.599922,IMG_FRAMES,177228
1791368306.599922,IMG_SENT,177188
1791368306.602612,PHY_FRAMES,177711
1791368306.609792,ps_img,177188
1791368306.633013,IMG_FRAMES,177229
1791368306.633013,IMG_SENT,177189
1791368306.633082,SYNC_CNT,177712
1791368306.635818,PHY_FRAMES,177712
1791368306.644122,ps_img,177189
1791368306.666070,SYNC_CNT,177713
1791368306.666192,IMG_FRAMES,177230
1791368306.666192,IMG_SENT,177190
1791368306.668774,PHY_FRAMES,177713
1791368306.674947,ps_img,177190
1791368306.699142,SYNC_CNT,177714
1791368306.699142,IMG_FRAMES,177231
1791368306.699142,IMG_SENT,177191
1791368306.701862,PHY_FRAMES,177714
1791368306.707583,ps_img,177191
1791368306.732041,SYNC_CNT,177715
1791368306.732279,IMG_FRAMES,177232
1791368306.732279,IMG_SENT,177192
1791368306.734726,PHY_FRAMES,177715
1791368306.741965,ps_img,177192
1791368306.765094,IMG_FRAMES,177233
1791368306.765094,IMG_SENT,177193
1791368306.766889,SYNC_CNT,177716
1791368306.769577,PHY_FRAMES,177716
1791368306.774527,ps_img,177193
1791368306.800003,IMG_FRAMES,177234
1791368306.800003,IMG_SENT,177194
1791368306.800279,SYNC_CNT,177717
1791368306.803011,PHY_FRAMES,177717
1791368306.807632,ps_img,177194
1791368306.833352,IMG_SENT,177195
1791368306.833417,IMG_FRAMES,177235
1791368306.833482,SYNC_CNT,177718
1791368306.836175,PHY_FRAMES,177718
1791368306.850993,ps_img,177195
1791368306.866574,IMG_FRAMES,177236
1791368306.866574,IMG_SENT,177196
1791368306.866759,SYNC_CNT,177719
1791368306.869503,PHY_FRAMES,177719
1791368306.875880,ps_img,177196
1791368306.899852,IMG_SENT,177197
1791368306.899918,IMG_FRAMES,177237
1791368306.900037,SYNC_CNT,177720
1791368306.902744,PHY_FRAMES,177720
1791368306.907612,ps_img,177197
1791368306.933154,IMG_FRAMES,177238
1791368306.933154,IMG_SENT,177198
1791368306.933281,SYNC_CNT,177721
1791368306.936003,PHY_FRAMES,177721
1791368306.942422,ps_img,177198
1791368306.966057,SYNC_CNT,177722
1791368306.966410,IMG_FRAMES,177239
1791368306.966410,IMG_SENT,177199
1791368306.968735,PHY_FRAMES,177722
1791368306.975161,ps_img,177199
1791368306.999161,SYNC_CNT,177723
1791368306.999161,IMG_FRAMES,177240
1791368306.999161,IMG_SENT,177200
1791368307.001896,PHY_FRAMES,177723
1791368307.008437,ps_img,177200
1791368307.031997,SYNC_CNT,177724
1791368307.032291,IMG_FRAMES,177241
1791368307.032291,IMG_SENT,177201
1791368307.034725,PHY_FRAMES,177724
1791368307.041155,ps_img,177201
1791368307.065074,IMG_FRAMES,177242
1791368307.065074,IMG_SENT,177202
1791368307.066870,SYNC_CNT,177725
1791368307.069620,PHY_FRAMES,177725
1791368307.073960,ps_img,177202
1791368307.099973,IMG_FRAMES,177243
1791368307.099973,IMG_SENT,177203
1791368307.100340,SYNC_CNT,177726
1791368307.103047,PHY_FRAMES,177726
1791368307.109979,ps_img,177203
1791368307.133425,SYNC_CNT,177727
1791368307.133425,IMG_FRAMES,177244
1791368307.133425,IMG_SENT,177204
1791368307.136137,PHY_FRAMES,177727
1791368307.142470,ps_img,177204
1791368307.166565,IMG_FRAMES,177245
1791368307.166565,IMG_SENT,177205
1791368307.166863,SYNC_CNT,177728
1791368307.169597,PHY_FRAMES,177728
1791368307.175238,ps_img,177205
1791368307.199987,IMG_FRAMES,177246
1791368307.199987,IMG_SENT,177206
1791368307.200400,SYNC_CNT,177729
1791368307.203126,PHY_FRAMES,177729
1791368307.208697,ps_img,177206
1791368307.233442,SYNC_CNT,177730
1791368307.233506,IMG_FRAMES,177247
1791368307.233506,IMG_SENT,177207
1791368307.236156,PHY_FRAMES,177730
1791368307.242345,ps_img,177207
1791368307.266573,SYNC_CNT,177731
1791368307.266573,IMG_FRAMES,177248
1791368307.266573,IMG_SENT,177208
1791368307.269299,PHY_FRAMES,177731
1791368307.276055,ps_img,177208
1791368307.299718,IMG_FRAMES,177249
1791368307.299718,IMG_SENT,177209
1791368307.299904,SYNC_CNT,177732
1791368307.302616,PHY_FRAMES,177732
1791368307.307388,ps_img,177209
1791368307.333041,IMG_FRAMES,177250
1791368307.333041,IMG_SENT,177210
1791368307.333170,SYNC_CNT,177733
1791368307.335855,PHY_FRAMES,177733
1791368307.351860,ps_img,177210
1791368307.366252,IMG_FRAMES,177251
1791368307.366252,IMG_SENT,177211
1791368307.366845,SYNC_CNT,177734
1791368307.369555,PHY_FRAMES,177734
1791368307.376459,ps_img,177211
1791368307.399936,IMG_FRAMES,177252
1791368307.399936,IMG_SENT,177212
1791368307.400064,SYNC_CNT,177735
1791368307.402802,PHY_FRAMES,177735
1791368307.411424,ps_img,177212
1791368307.432901,SYNC_CNT,177736
1791368307.433203,IMG_FRAMES,177253
1791368307.433203,IMG_SENT,177213
1791368307.435593,PHY_FRAMES,177736
1791368307.442122,ps_img,177213
1791368307.465995,IMG_FRAMES,177254
1791368307.465995,IMG_SENT,177214
1791368307.466866,SYNC_CNT,177737
1791368307.469589,PHY_FRAMES,177737
1791368307.475944,ps_img,177214
1791368307.499972,IMG_FRAMES,177255
1791368307.499972,IMG_SENT,177215
1791368307.500041,SYNC_CNT,177738
1791368307.502764,PHY_FRAMES,177738
1791368307.507713,ps_img,177215
1791368307.533181,IMG_FRAMES,177256
1791368307.533181,IMG_SENT,177216
1791368307.533308,SYNC_CNT,177739
1791368307.536005,PHY_FRAMES,177739
1791368307.540203,ps_img,177216
1791368307.566046,SYNC_CNT,177740
1791368307.566398,IMG_FRAMES,177257
1791368307.566398,IMG_SENT,177217
1791368307.568770,PHY_FRAMES,177740
1791368307.573421,ps_img,177217
1791368307.599141,SYNC_CNT,177741
1791368307.599141,IMG_FRAMES,177258
1791368307.599141,IMG_SENT,177218
1791368307.601907,PHY_FRAMES,177741
1791368307.607924,ps_img,177218
1791368307.631967,SYNC_CNT,177742
1791368307.632262,IMG_FRAMES,177259
1791368307.632262,IMG_SENT,177219
1791368307.634706,PHY_FRAMES,177742
1791368307.642337,ps_img,177219
1791368307.665118,IMG_FRAMES,177260
1791368307.665118,IMG_SENT,177220
1791368307.666804,SYNC_CNT,177743
1791368307.669541,PHY_FRAMES,177743
1791368307.674193,ps_img,177220
1791368307.699920,IMG_FRAMES,177261
1791368307.699920,IMG_SENT,177221
1791368307.700048,SYNC_CNT,177744
1791368307.702780,PHY_FRAMES,177744
1791368307.708429,ps_img,177221
1791368307.732937,SYNC_CNT,177745
1791368307.733174,IMG_FRAMES,177262
1791368307.733174,IMG_SENT,177222
1791368307.735648,PHY_FRAMES,177745
1791368307.742535,ps_img,177222
1791368307.766022,IMG_FRAMES,177263
1791368307.766022,IMG_SENT,177223
1791368307.766988,SYNC_CNT,177746
1791368307.769687,PHY_FRAMES,177746
1791368307.777532,ps_img,177223
1791368307.800035,SYNC_CNT,177747
1791368307.800035,IMG_FRAMES,177264
1791368307.800035,IMG_SENT,177224
1791368307.802754,PHY_FRAMES,177747
1791368307.810343,ps_img,177224
1791368307.833138,IMG_FRAMES,177265
1791368307.833138,IMG_SENT,177225
1791368307.833462,SYNC_CNT,177748
1791368307.836149,PHY_FRAMES,177748
1791368307.841731,ps_img,177225
1791368307.866523,IMG_SENT,177226
1791368307.866590,SYNC_CNT,177749
1791368307.866590,IMG_FRAMES,177266
1791368307.869277,PHY_FRAMES,177749
1791368307.878544,ps_img,177226
1791368307.899704,IMG_FRAMES,177267
1791368307.899704,IMG_SENT,177227
1791368307.899918,SYNC_CNT,177750
1791368307.902648,PHY_FRAMES,177750
1791368307.907620,ps_img,177227
1791368307.933037,IMG_FRAMES,177268
1791368307.933037,IMG_SENT,177228
1791368307.933166,SYNC_CNT,177751
1791368307.935856,PHY_FRAMES,177751
1791368307.941771,ps_img,177228
1791368307.966250,IMG_FRAMES,177269
1791368307.966250,IMG_SENT,177229
1791368307.966784,SYNC_CNT,177752
1791368307.969529,PHY_FRAMES,177752
1791368307.975484,ps_img,177229
1791368307.999924,IMG_FRAMES,177270
1791368307.999924,IMG_SENT,177230
1791368308.000223,SYNC_CNT,177753
1791368308.002937,PHY_FRAMES,177753
1791368308.008641,ps_img,177230
1791368308.033367,IMG_FRAMES,177271
1791368308.033367,IMG_SENT,177231
1791368308.033493,SYNC_CNT,177754
1791368308.036192,PHY_FRAMES,177754
1791368308.040399,ps_img,177231
1791368308.066578,IMG_FRAMES,177272
1791368308.066578,IMG_SENT,177232
1791368308.066820,SYNC_CNT,177755
1791368308.069529,PHY_FRAMES,177755
1791368308.074268,ps_img,177232
1791368308.099967,IMG_FRAMES,177273
1791368308.099967,IMG_SENT,177233
1791368308.100038,SYNC_CNT,177756
1791368308.102724,PHY_FRAMES,177756
1791368308.107610,ps_img,177233
1791368308.133117,IMG_FRAMES,177274
1791368308.133117,IMG_SENT,177234
1791368308.133474,SYNC_CNT,177757
1791368308.136180,PHY_FRAMES,177757
1791368308.139943,ps_img,177234
1791368308.166548,IMG_FRAMES,177275
1791368308.166548,IMG_SENT,177235
1791368308.166615,SYNC_CNT,177758
1791368308.169331,PHY_FRAMES,177758
1791368308.175917,ps_img,177235
1791368308.199740,IMG_FRAMES,177276
1791368308.199740,IMG_SENT,177236
1791368308.199923,SYNC_CNT,177759
1791368308.202636,PHY_FRAMES,177759
1791368308.208057,ps_img,177236
1791368308.233000,IMG_SENT,177237
1791368308.233064,IMG_FRAMES,177277
1791368308.233184,SYNC_CNT,177760
1791368308.235879,PHY_FRAMES,177760
1791368308.240294,ps_img,177237
1791368308.266249,IMG_FRAMES,177278
1791368308.266249,IMG_SENT,177238
1791368308.266838,SYNC_CNT,177761
1791368308.269553,PHY_FRAMES,177761
1791368308.273896,ps_img,177238
1791368308.299979,IMG_FRAMES,177279
1791368308.299979,IMG_SENT,177239
1791368308.300163,SYNC_CNT,177762
1791368308.302887,PHY_FRAMES,177762
1791368308.311303,ps_img,177239
1791368308.332864,SYNC_CNT,177763
1791368308.333282,IMG_FRAMES,177280
1791368308.333282,IMG_SENT,177240
1791368308.335554,PHY_FRAMES,177763
1791368308.356384,ps_img,177240
1791368308.365937,IMG_FRAMES,177281
1791368308.365937,IMG_SENT,177241
1791368308.366826,SYNC_CNT,177764
1791368308.369539,PHY_FRAMES,177764
1791368308.374516,ps_img,177241
1791368308.399878,SYNC_CNT,177765
1791368308.399944,IMG_FRAMES,177282
1791368308.399944,IMG_SENT,177242
1791368308.402631,PHY_FRAMES,177765
1791368308.410561,ps_img,177242
1791368308.432997,IMG_FRAMES,177283
1791368308.432997,IMG_SENT,177243
1791368308.433468,SYNC_CNT,177766
1791368308.436168,PHY_FRAMES,177766
1791368308.440622,ps_img,177243
1791368308.466564,IMG_FRAMES,177284
1791368308.466564,IMG_SENT,177244
1791368308.466918,SYNC_CNT,177767
1791368308.469641,PHY_FRAMES,177767
1791368308.474602,ps_img,177244
1791368308.499901,SYNC_CNT,177768
1791368308.499995,IMG_FRAMES,177285
1791368308.499995,IMG_SENT,177245
1791368308.502631,PHY_FRAMES,177768
1791368308.507656,ps_img,177245
1791368308.532999,IMG_FRAMES,177286
1791368308.532999,IMG_SENT,177246
1791368308.533125,SYNC_CNT,177769
1791368308.535872,PHY_FRAMES,177769
1791368308.541037,ps_img,177246
1791368308.566257,IMG_FRAMES,177287
1791368308.566257,IMG_SENT,177247
1791368308.566841,SYNC_CNT,177770
1791368308.569554,PHY_FRAMES,177770
1791368308.574401,ps_img,177247
1791368308.599987,IMG_FRAMES,177288
1791368308.599987,IMG_SENT,177248
1791368308.600056,SYNC_CNT,177771
1791368308.602807,PHY_FRAMES,177771
1791368308.609513,ps_img,177248
1791368308.632864,SYNC_CNT,177772
1791368308.633160,IMG_FRAMES,177289
1791368308.633160,IMG_SENT,177249
1791368308.635567,PHY_FRAMES,177772
1791368308.641021,ps_img,177249
1791368308.665977,IMG_FRAMES,177290
1791368308.665977,IMG_SENT,177250
1791368308.666729,SYNC_CNT,177773
1791368308.669451,PHY_FRAMES,177773
1791368308.673700,ps_img,177250
1791368308.699473,SYNC_CNT,177774
1791368308.699826,IMG_SENT,177251
1791368308.699886,IMG_FRAMES,177291
1791368308.702193,PHY_FRAMES,177774
1791368308.707733,ps_img,177251
1791368308.732551,IMG_FRAMES,177292
1791368308.732551,IMG_SENT,177252
1791368308.733493,SYNC_CNT,177775
1791368308.736211,PHY_FRAMES,177775
1791368308.739583,ps_img,177252
1791368308.766555,IMG_FRAMES,177293
1791368308.766555,IMG_SENT,177253
1791368308.766625,SYNC_CNT,177776
1791368308.769326,PHY_FRAMES,177776
1791368308.774927,ps_img,177253
1791368308.799717,IMG_FRAMES,177294
1791368308.799717,IMG_SENT,177254
1791368308.799961,SYNC_CNT,177777
1791368308.802656,PHY_FRAMES,177777
1791368308.808223,ps_img,177254
1791368308.833032,IMG_FRAMES,177295
1791368308.833032,IMG_SENT,177255
1791368308.833161,SYNC_CNT,177778
1791368308.835828,PHY_FRAMES,177778
1791368308.854380,ps_img,177255
1791368308.866251,IMG_FRAMES,177296
1791368308.866251,IMG_SENT,177256
1791368308.866850,SYNC_CNT,177779
1791368308.869563,PHY_FRAMES,177779
1791368308.881230,ps_img,177256
1791368308.899555,SYNC_CNT,177780
1791368308.899972,IMG_FRAMES,177297
1791368308.899972,IMG_SENT,177257
1791368308.902254,PHY_FRAMES,177780
1791368308.913694,ps_img,177257
1791368308.932631,IMG_FRAMES,177298
1791368308.932631,IMG_SENT,177258
1791368308.932881,SYNC_CNT,177781
1791368308.935560,PHY_FRAMES,177781
1791368308.941004,ps_img,177258
1791368308.965955,IMG_FRAMES,177299
1791368308.965955,IMG_SENT,177259
1791368308.966720,SYNC_CNT,177782
1791368308.969449,PHY_FRAMES,177782
1791368308.974673,ps_img,177259
1791368308.999447,SYNC_CNT,177783
1791368308.999801,IMG_SENT,177260
1791368308.999862,IMG_FRAMES,177300
1791368309.002130,PHY_FRAMES,177783
1791368309.008355,ps_img,177260
1791368309.032515,IMG_SENT,177261
1791368309.032580,IMG_FRAMES,177301
1791368309.033463,SYNC_CNT,177784
1791368309.036129,PHY_FRAMES,177784
1791368309.039424,ps_img,177261
1791368309.066523,IMG_FRAMES,177302
1791368309.066523,IMG_SENT,177262
1791368309.066591,SYNC_CNT,177785
1791368309.069313,PHY_FRAMES,177785
1791368309.074686,ps_img,177262
1791368309.099714,IMG_FRAMES,177303
1791368309.099714,IMG_SENT,177263
1791368309.099958,SYNC_CNT,177786
1791368309.102659,PHY_FRAMES,177786
1791368309.107358,ps_img,177263
1791368309.133060,IMG_FRAMES,177304
1791368309.133060,IMG_SENT,177264
1791368309.133129,SYNC_CNT,177787
1791368309.135893,PHY_FRAMES,177787
1791368309.141111,ps_img,177264
1791368309.166260,IMG_FRAMES,177305
1791368309.166260,IMG_SENT,177265
1791368309.166904,SYNC_CNT,177788
1791368309.169642,PHY_FRAMES,177788
1791368309.174270,ps_img,177265
1791368309.200038,IMG_FRAMES,177306
1791368309.200038,IMG_SENT,177266
1791368309.201046,SYNC_CNT,177789
1791368309.203768,PHY_FRAMES,177789
1791368309.208781,ps_img,177266
1791368309.234006,SYNC_CNT,177790
1791368309.234129,IMG_SENT,177267
1791368309.234191,IMG_FRAMES,177307
1791368309.236737,PHY_FRAMES,177790
1791368309.241760,ps_img,177267
1791368309.266789,SYNC_CNT,177791
1791368309.267146,IMG_FRAMES,177308
1791368309.267146,IMG_SENT,177268
1791368309.269516,PHY_FRAMES,177791
1791368309.276379,ps_img,177268
1791368309.299927,SYNC_CNT,177792
1791368309.299927,IMG_FRAMES,177309
1791368309.299927,IMG_SENT,177269
1791368309.302634,PHY_FRAMES,177792
1791368309.315566,ps_img,177269
1791368309.333025,IMG_FRAMES,177310
1791368309.333025,IMG_SENT,177270
1791368309.333272,SYNC_CNT,177793
1791368309.336011,PHY_FRAMES,177793
1791368309.353311,ps_img,177270
1791368309.366030,SYNC_CNT,177794
1791368309.366385,IMG_FRAMES,177311
1791368309.366385,IMG_SENT,177271
1791368309.368728,PHY_FRAMES,177794
1791368309.375458,ps_img,177271
1791368309.399105,IMG_SENT,177272
1791368309.399168,SYNC_CNT,177795
1791368309.399168,IMG_FRAMES,177312
1791368309.401866,PHY_FRAMES,177795
1791368309.408462,ps_img,177272
1791368309.432006,SYNC_CNT,177796
1791368309.432243,IMG_SENT,177273
1791368309.432304,IMG_FRAMES,177313
1791368309.434744,PHY_FRAMES,177796
1791368309.441366,ps_img,177273
1791368309.465091,IMG_SENT,177274
1791368309.465155,IMG_FRAMES,177314
1791368309.466833,SYNC_CNT,177797
1791368309.469594,PHY_FRAMES,177797
1791368309.473950,ps_img,177274
1791368309.499951,IMG_FRAMES,177315
1791368309.499951,IMG_SENT,177275
1791368309.500076,SYNC_CNT,177798
1791368309.502810,PHY_FRAMES,177798
1791368309.508701,ps_img,177275
1791368309.532847,SYNC_CNT,177799
1791368309.533143,IMG_SENT,177276
1791368309.533204,IMG_FRAMES,177316
1791368309.535577,PHY_FRAMES,177799
1791368309.542056,ps_img,177276
1791368309.565980,IMG_FRAMES,177317
1791368309.565980,IMG_SENT,177277
1791368309.566682,SYNC_CNT,177800
1791368309.569369,PHY_FRAMES,177800
1791368309.574814,ps_img,177277
1791368309.599786,IMG_FRAMES,177318
1791368309.599786,IMG_SENT,177278
1791368309.599855,SYNC_CNT,177801
1791368309.602572,PHY_FRAMES,177801
1791368309.608927,ps_img,177278
1791368309.632984,IMG_FRAMES,177319
1791368309.632984,IMG_SENT,177279
1791368309.633281,SYNC_CNT,177802
1791368309.635985,PHY_FRAMES,177802
1791368309.640416,ps_img,177279
1791368309.666032,SYNC_CNT,177803
1791368309.666386,IMG_FRAMES,177320
1791368309.666386,IMG_SENT,177280
1791368309.668723,PHY_FRAMES,177803
1791368309.674877,ps_img,177280
1791368309.699130,IMG_FRAMES,177321
1791368309.699130,IMG_SENT,177281
1791368309.699198,SYNC_CNT,177804
1791368309.701890,PHY_FRAMES,177804
1791368309.707820,ps_img,177281
1791368309.731971,SYNC_CNT,177805
1791368309.732265,IMG_FRAMES,177322
1791368309.732265,IMG_SENT,177282
1791368309.734720,PHY_FRAMES,177805
1791368309.741068,ps_img,177282
1791368309.765060,IMG_FRAMES,177323
1791368309.765060,IMG_SENT,177283
1791368309.766925,SYNC_CNT,177806
1791368309.769587,PHY_FRAMES,177806
1791368309.774887,ps_img,177283
1791368309.800011,IMG_FRAMES,177324
1791368309.800011,IMG_SENT,177284
1791368309.801103,SYNC_CNT,177807
1791368309.803763,PHY_FRAMES,177807
1791368309.809284,ps_img,177284
1791368309.834058,SYNC_CNT,177808
1791368309.834186,IMG_FRAMES,177325
1791368309.834186,IMG_SENT,177285
1791368309.836745,PHY_FRAMES,177808
1791368309.857915,ps_img,177285
1791368309.866811,SYNC_CNT,177809
1791368309.867143,IMG_FRAMES,177326
1791368309.867143,IMG_SENT,177286
1791368309.869520,PHY_FRAMES,177809
1791368309.892202,ps_img,177286
1791368309.899935,IMG_FRAMES,177327
1791368309.899935,IMG_SENT,177287
1791368309.900005,SYNC_CNT,177810
1791368309.902719,PHY_FRAMES,177810
1791368309.918116,ps_img,177287
1791368309.932920,SYNC_CNT,177811
1791368309.933102,IMG_FRAMES,177328
1791368309.933102,IMG_SENT,177288
1791368309.935601,PHY_FRAMES,177811
1791368309.941372,ps_img,177288
1791368309.965801,SYNC_CNT,177812
1791368309.965981,IMG_FRAMES,177329
1791368309.965981,IMG_SENT,177289
1791368309.968519,PHY_FRAMES,177812
1791368309.974617,ps_img,177289
1791368309.998936,IMG_FRAMES,177330
1791368309.998936,IMG_SENT,177290
1791368309.999177,SYNC_CNT,177813
1791368310.001916,PHY_FRAMES,177813
1791368310.008842,ps_img,177290
1791368310.031968,SYNC_CNT,177814
1791368310.032264,IMG_FRAMES,177331
1791368310.032264,IMG_SENT,177291
1791368310.034704,PHY_FRAMES,177814
1791368310.040748,ps_img,177291
1791368310.065078,IMG_FRAMES,177332
1791368310.065078,IMG_SENT,177292
1791368310.066817,SYNC_CNT,177815
1791368310.069515,PHY_FRAMES,177815
1791368310.073218,ps_img,177292
1791368310.099915,IMG_FRAMES,177333
1791368310.099915,IMG_SENT,177293
1791368310.100216,SYNC_CNT,177816
1791368310.102931,PHY_FRAMES,177816
1791368310.107932,ps_img,177293
1791368310.133318,IMG_FRAMES,177334
1791368310.133318,IMG_SENT,177294
1791368310.133463,SYNC_CNT,177817
1791368310.136183,PHY_FRAMES,177817
1791368310.141886,ps_img,177294
1791368310.166550,IMG_FRAMES,177335
1791368310.166550,IMG_SENT,177295
1791368310.166850,SYNC_CNT,177818
1791368310.169554,PHY_FRAMES,177818
1791368310.174369,ps_img,177295
1791368310.199974,IMG_FRAMES,177336
1791368310.199974,IMG_SENT,177296
1791368310.200070,SYNC_CNT,177819
1791368310.202753,PHY_FRAMES,177819
1791368310.208623,ps_img,177296
1791368310.233134,IMG_FRAMES,177337
1791368310.233134,IMG_SENT,177297
1791368310.233436,SYNC_CNT,177820
1791368310.236156,PHY_FRAMES,177820
1791368310.240347,ps_img,177297
1791368310.266570,SYNC_CNT,177821
1791368310.266570,IMG_FRAMES,177338
1791368310.266570,IMG_SENT,177298
1791368310.269313,PHY_FRAMES,177821
1791368310.275056,ps_img,177298
1791368310.299700,IMG_FRAMES,177339
1791368310.299700,IMG_SENT,177299
1791368310.299940,SYNC_CNT,177822
1791368310.302604,PHY_FRAMES,177822
1791368310.308825,ps_img,177299
1791368310.333021,IMG_FRAMES,177340
1791368310.333021,IMG_SENT,177300
1791368310.333090,SYNC_CNT,177823
1791368310.335814,PHY_FRAMES,177823
1791368310.342810,clk,-44902450896966
1791368310.342810,clk_rtt,573
1791368310.353043,ps_img,177300
1791368310.366210,IMG_FRAMES,177341
1791368310.366210,IMG_SENT,177301
1791368310.366912,SYNC_CNT,177824
1791368310.369676,PHY_FRAMES,177824
1791368310.376132,ps_img,177301
1791368310.399709,SYNC_CNT,177825
1791368310.400065,IMG_FRAMES,177342
1791368310.400065,IMG_SENT,177302
1791368310.402453,PHY_FRAMES,177825
1791368310.408500,ps_img,177302
1791368310.432833,SYNC_CNT,177826
1791368310.432833,IMG_FRAMES,177343
1791368310.432833,IMG_SENT,177303
1791368310.435572,PHY_FRAMES,177826
1791368310.442240,ps_img,177303
1791368310.465941,IMG_FRAMES,177344
1791368310.465941,IMG_SENT,177304
1791368310.466870,SYNC_CNT,177827
1791368310.469552,PHY_FRAMES,177827
1791368310.474404,ps_img,177304
1791368310.499874,SYNC_CNT,177828
1791368310.499939,IMG_FRAMES,177345
1791368310.499939,IMG_SENT,177305
1791368310.502620,PHY_FRAMES,177828
1791368310.507097,ps_img,177305
1791368310.532970,IMG_SENT,177306
1791368310.533035,IMG_FRAMES,177346
1791368310.533384,SYNC_CNT,177829
1791368310.536149,PHY_FRAMES,177829
1791368310.541723,ps_img,177306
1791368310.566486,IMG_SENT,177307
1791368310.566551,IMG_FRAMES,177347
1791368310.566612,SYNC_CNT,177830
1791368310.569336,PHY_FRAMES,177830
1791368310.575411,ps_img,177307
1791368310.599698,IMG_FRAMES,177348
1791368310.599698,IMG_SENT,177308
1791368310.599939,SYNC_CNT,177831
1791368310.602628,PHY_FRAMES,177831
1791368310.609260,ps_img,177308
1791368310.632993,IMG_SENT,177309
1791368310.633064,IMG_FRAMES,177349
1791368310.633186,SYNC_CNT,177832
1791368310.635851,PHY_FRAMES,177832
1791368310.642195,ps_img,177309
1791368310.666281,IMG_FRAMES,177350
1791368310.666281,IMG_SENT,177310
1791368310.666981,SYNC_CNT,177833
1791368310.669717,PHY_FRAMES,177833
1791368310.675046,ps_img,177310
1791368310.700030,SYNC_CNT,177834
1791368310.700095,IMG_FRAMES,177351
1791368310.700095,IMG_SENT,177311
1791368310.702788,PHY_FRAMES,177834
1791368310.709157,ps_img,177311
1791368310.732861,SYNC_CNT,177835
1791368310.733156,IMG_FRAMES,177352
1791368310.733156,IMG_SENT,177312
1791368310.735582,PHY_FRAMES,177835
1791368310.740583,ps_img,177312
1791368310.765963,IMG_FRAMES,177353
1791368310.765963,IMG_SENT,177313
1791368310.766865,SYNC_CNT,177836
1791368310.769589,PHY_FRAMES,177836
1791368310.775182,ps_img,177313
1791368310.799981,IMG_FRAMES,177354
1791368310.799981,IMG_SENT,177314
1791368310.800050,SYNC_CNT,177837
1791368310.802725,PHY_FRAMES,177837
1791368310.810291,ps_img,177314
1791368310.833133,IMG_FRAMES,177355
1791368310.833133,IMG_SENT,177315
1791368310.833431,SYNC_CNT,177838
1791368310.836174,PHY_FRAMES,177838
1791368310.842572,ps_img,177315
1791368310.866544,IMG_FRAMES,177356
1791368310.866544,IMG_SENT,177316
1791368310.866613,SYNC_CNT,177839
1791368310.869268,PHY_FRAMES,177839
1791368310.882157,ps_img,177316
1791368310.899651,IMG_SENT,177317
1791368310.899716,IMG_FRAMES,177357
1791368310.899895,SYNC_CNT,177840
1791368310.902606,PHY_FRAMES,177840
1791368310.909135,ps_img,177317
1791368310.933029,IMG_FRAMES,177358
1791368310.933029,IMG_SENT,177318
1791368310.933099,SYNC_CNT,177841
1791368310.935857,PHY_FRAMES,177841
1791368310.941928,ps_img,177318
1791368310.966213,IMG_FRAMES,177359
1791368310.966213,IMG_SENT,177319
1791368310.966801,SYNC_CNT,177842
1791368310.969491,PHY_FRAMES,177842
1791368310.974532,ps_img,177319
1791368310.999871,IMG_FRAMES,177360
1791368310.999871,IMG_SENT,177320
1791368311.000053,SYNC_CNT,177843
1791368311.002775,PHY_FRAMES,177843
1791368311.009252,ps_img,177320
1791368311.032871,SYNC_CNT,177844
1791368311.033166,IMG_FRAMES,177361
1791368311.033166,IMG_SENT,177321
1791368311.035566,PHY_FRAMES,177844
1791368311.040246,ps_img,177321
1791368311.065999,IMG_FRAMES,177362
1791368311.065999,IMG_SENT,177322
1791368311.066874,SYNC_CNT,177845
1791368311.069568,PHY_FRAMES,177845
1791368311.074438,ps_img,177322
1791368311.099885,SYNC_CNT,177846
1791368311.099953,IMG_FRAMES,177363
1791368311.099953,IMG_SENT,177323
1791368311.102598,PHY_FRAMES,177846
1791368311.109425,ps_img,177323
1791368311.133027,IMG_FRAMES,177364
1791368311.133027,IMG_SENT,177324
1791368311.133271,SYNC_CNT,177847
1791368311.135991,PHY_FRAMES,177847
1791368311.139910,ps_img,177324
1791368311.165931,SYNC_CNT,177848
1791368311.166369,IMG_FRAMES,177365
1791368311.166369,IMG_SENT,177325
1791368311.168644,PHY_FRAMES,177848
1791368311.175169,ps_img,177325
1791368311.199013,IMG_FRAMES,177366
1791368311.199013,IMG_SENT,177326
1791368311.199140,SYNC_CNT,177849
1791368311.201877,PHY_FRAMES,177849
1791368311.207782,ps_img,177326
1791368311.231999,SYNC_CNT,177850
1791368311.232238,IMG_FRAMES,177367
1791368311.232238,IMG_SENT,177327
1791368311.234681,PHY_FRAMES,177850
1791368311.240900,ps_img,177327
1791368311.265088,IMG_FRAMES,177368
1791368311.265088,IMG_SENT,177328
1791368311.266835,SYNC_CNT,177851
1791368311.269572,PHY_FRAMES,177851
1791368311.275139,ps_img,177328
1791368311.299944,IMG_FRAMES,177369
1791368311.299944,IMG_SENT,177329
1791368311.300071,SYNC_CNT,177852
1791368311.302799,PHY_FRAMES,177852
1791368311.309036,ps_img,177329
1791368311.332854,SYNC_CNT,177853
1791368311.333210,IMG_FRAMES,177370
1791368311.333210,IMG_SENT,177330
1791368311.335585,PHY_FRAMES,177853
1791368311.345391,ps_img,177330
1791368311.365968,IMG_FRAMES,177371
1791368311.365968,IMG_SENT,177331
1791368311.366842,SYNC_CNT,177854
1791368311.369547,PHY_FRAMES,177854
1791368311.379537,ps_img,177331
1791368311.399923,IMG_FRAMES,177372
1791368311.399923,IMG_SENT,177332
1791368311.399992,SYNC_CNT,177855
1791368311.402733,PHY_FRAMES,177855
1791368311.407615,ps_img,177332
1791368311.433077,IMG_FRAMES,177373
1791368311.433077,IMG_SENT,177333
1791368311.433430,SYNC_CNT,177856
1791368311.436115,PHY_FRAMES,177856
1791368311.442163,ps_img,177333
1791368311.466482,IMG_SENT,177334
1791368311.466573,SYNC_CNT,177857
1791368311.466573,IMG_FRAMES,177374
1791368311.469294,PHY_FRAMES,177857
1791368311.475346,ps_img,177334
1791368311.499665,IMG_SENT,177335
1791368311.499730,IMG_FRAMES,177375
1791368311.499907,SYNC_CNT,177858
1791368311.502625,PHY_FRAMES,177858
1791368311.508975,ps_img,177335
1791368311.532988,IMG_FRAMES,177376
1791368311.532988,IMG_SENT,177336
1791368311.533114,SYNC_CNT,177859
1791368311.535858,PHY_FRAMES,177859
1791368311.542235,ps_img,177336
1791368311.566227,IMG_FRAMES,177377
1791368311.566227,IMG_SENT,177337
1791368311.566869,SYNC_CNT,177860
1791368311.569586,PHY_FRAMES,177860
1791368311.573917,ps_img,177337
1791368311.599968,IMG_FRAMES,177378
1791368311.599968,IMG_SENT,177338
1791368311.600327,SYNC_CNT,177861
1791368311.603025,PHY_FRAMES,177861
1791368311.607682,ps_img,177338
1791368311.633394,IMG_SENT,177339
1791368311.633461,SYNC_CNT,177862
1791368311.633461,IMG_FRAMES,177379
1791368311.636137,PHY_FRAMES,177862
1791368311.642271,ps_img,177339
1791368311.666551,IMG_FRAMES,177380
1791368311.666551,IMG_SENT,177340
1791368311.666734,SYNC_CNT,177863
1791368311.669498,PHY_FRAMES,177863
1791368311.675332,ps_img,177340
1791368311.699872,IMG_FRAMES,177381
1791368311.699872,IMG_SENT,177341
1791368311.700000,SYNC_CNT,177864
1791368311.702719,PHY_FRAMES,177864
1791368311.707424,ps_img,177341
1791368311.733140,IMG_FRAMES,177382
1791368311.733140,IMG_SENT,177342
1791368311.733266,SYNC_CNT,177865
1791368311.735954,PHY_FRAMES,177865
1791368311.742113,ps_img,177342
1791368311.766014,SYNC_CNT,177866
1791368311.766381,IMG_FRAMES,177383
1791368311.766381,IMG_SENT,177343
1791368311.768715,PHY_FRAMES,177866
1791368311.775886,ps_img,177343
1791368311.799123,IMG_FRAMES,177384
1791368311.799123,IMG_SENT,177344
1791368311.799191,SYNC_CNT,177867
1791368311.801890,PHY_FRAMES,177867
1791368311.809750,ps_img,177344
1791368311.831825,SYNC_CNT,177868
1791368311.832242,IMG_FRAMES,177385
1791368311.832242,IMG_SENT,177345
1791368311.834523,PHY_FRAMES,177868
1791368311.847283,ps_img,177345
1791368311.864927,IMG_FRAMES,177386
1791368311.864927,IMG_SENT,177346
1791368311.866851,SYNC_CNT,177869
1791368311.869581,PHY_FRAMES,177869
1791368311.883147,ps_img,177346
1791368311.899986,IMG_FRAMES,177387
1791368311.899986,IMG_SENT,177347
1791368311.900180,SYNC_CNT,177870
1791368311.902900,PHY_FRAMES,177870
1791368311.908134,ps_img,177347
1791368311.933292,IMG_FRAMES,177388
1791368311.933292,IMG_SENT,177348
1791368311.933477,SYNC_CNT,177871
1791368311.936161,PHY_FRAMES,177871
1791368311.943600,ps_img,177348
1791368311.966575,IMG_FRAMES,177389
1791368311.966575,IMG_SENT,177349
1791368311.966878,SYNC_CNT,177872
1791368311.969589,PHY_FRAMES,177872
1791368311.976954,ps_img,177349
1791368311.999843,SYNC_CNT,177873
1791368312.000025,IMG_FRAMES,177390
1791368312.000025,IMG_SENT,177350
1791368312.002597,PHY_FRAMES,177873
1791368312.009789,ps_img,177350
1791368312.032998,IMG_FRAMES,177391
1791368312.032998,IMG_SENT,177351
1791368312.033413,SYNC_CNT,177874
1791368312.036115,PHY_FRAMES,177874
1791368312.041438,ps_img,177351
1791368312.066509,IMG_FRAMES,177392
1791368312.066509,IMG_SENT,177352
1791368312.066577,SYNC_CNT,177875
1791368312.069300,PHY_FRAMES,177875
1791368312.075202,ps_img,177352
1791368312.099661,IMG_SENT,177353
1791368312.099725,IMG_FRAMES,177393
1791368312.099935,SYNC_CNT,177876
1791368312.102621,PHY_FRAMES,177876
1791368312.109197,ps_img,177353
1791368312.133014,IMG_FRAMES,177394
1791368312.133014,IMG_SENT,177354
1791368312.133141,SYNC_CNT,177877
1791368312.135836,PHY_FRAMES,177877
1791368312.143585,ps_img,177354
1791368312.166246,IMG_FRAMES,177395
1791368312.166246,IMG_SENT,177355
1791368312.166829,SYNC_CNT,177878
1791368312.169544,PHY_FRAMES,177878
1791368312.173803,ps_img,177355
1791368312.199905,IMG_FRAMES,177396
1791368312.199905,IMG_SENT,177356
1791368312.200202,SYNC_CNT,177879
1791368312.202934,PHY_FRAMES,177879
1791368312.208898,ps_img,177356
1791368312.233310,IMG_FRAMES,177397
1791368312.233310,IMG_SENT,177357
1791368312.233948,SYNC_CNT,177880
1791368312.236659,PHY_FRAMES,177880
1791368312.240964,ps_img,177357
1791368312.266824,SYNC_CNT,177881
1791368312.267064,IMG_FRAMES,177398
1791368312.267064,IMG_SENT,177358
1791368312.269523,PHY_FRAMES,177881
1791368312.276466,ps_img,177358
1791368312.299909,SYNC_CNT,177882
1791368312.299909,IMG_FRAMES,177399
1791368312.299909,IMG_SENT,177359
1791368312.302651,PHY_FRAMES,177882
1791368312.309545,ps_img,177359
1791368312.333058,IMG_FRAMES,177400
1791368312.333058,IMG_SENT,177360
1791368312.333477,SYNC_CNT,177883
1791368312.336147,PHY_FRAMES,177883
1791368312.348902,ps_img,177360
1791368312.366428,SYNC_CNT,177884
1791368312.366556,IMG_FRAMES,177401
1791368312.366556,IMG_SENT,177361
1791368312.369129,PHY_FRAMES,177884
1791368312.385689,ps_img,177361
1791368312.399145,SYNC_CNT,177885
1791368312.399511,IMG_FRAMES,177402
1791368312.399511,IMG_SENT,177362
1791368312.401877,PHY_FRAMES,177885
1791368312.411214,ps_img,177362
1791368312.431945,SYNC_CNT,177886
1791368312.432243,IMG_SENT,177363
1791368312.432306,IMG_FRAMES,177403
1791368312.434646,PHY_FRAMES,177886
1791368312.442450,ps_img,177363
1791368312.465057,IMG_FRAMES,177404
1791368312.465057,IMG_SENT,177364
1791368312.466951,SYNC_CNT,177887
1791368312.469617,PHY_FRAMES,177887
1791368312.474578,ps_img,177364
1791368312.500049,IMG_FRAMES,177405
1791368312.500049,IMG_SENT,177365
1791368312.501121,SYNC_CNT,177888
1791368312.503821,PHY_FRAMES,177888
1791368312.509810,ps_img,177365
1791368312.533994,SYNC_CNT,177889
1791368312.534175,IMG_SENT,177366
1791368312.534237,IMG_FRAMES,177406
1791368312.536734,PHY_FRAMES,177889
1791368312.544211,ps_img,177366
1791368312.567009,SYNC_CNT,177890
1791368312.567075,IMG_SENT,177367
1791368312.567136,IMG_FRAMES,177407
1791368312.569700,PHY_FRAMES,177890
1791368312.575619,ps_img,177367
1791368312.599937,SYNC_CNT,177891
1791368312.600118,IMG_FRAMES,177408
1791368312.600118,IMG_SENT,177368
1791368312.602660,PHY_FRAMES,177891
1791368312.609414,ps_img,177368
1791368312.633066,IMG_FRAMES,177409
1791368312.633066,IMG_SENT,177369
1791368312.633420,SYNC_CNT,177892
1791368312.636171,PHY_FRAMES,177892
1791368312.642011,ps_img,177369
1791368312.666559,SYNC_CNT,177893
1791368312.666559,IMG_FRAMES,177410
1791368312.666559,IMG_SENT,177370
1791368312.669276,PHY_FRAMES,177893
1791368312.673825,ps_img,177370
1791368312.699697,IMG_FRAMES,177411
1791368312.699697,IMG_SENT,177371
1791368312.699880,SYNC_CNT,177894
1791368312.702593,PHY_FRAMES,177894
1791368312.709394,ps_img,177371
1791368312.732988,IMG_FRAMES,177412
1791368312.732988,IMG_SENT,177372
1791368312.733140,SYNC_CNT,177895
1791368312.735822,PHY_FRAMES,177895
1791368312.742442,ps_img,177372
1791368312.766195,IMG_SENT,177373
1791368312.766263,IMG_FRAMES,177413
1791368312.766846,SYNC_CNT,177896
1791368312.769535,PHY_FRAMES,177896
1791368312.776372,ps_img,177373
1791368312.799914,IMG_FRAMES,177414
1791368312.799914,IMG_SENT,177374
1791368312.800241,SYNC_CNT,177897
1791368312.802991,PHY_FRAMES,177897
1791368312.810013,ps_img,177374
1791368312.833337,IMG_SENT,177375
1791368312.833403,IMG_FRAMES,177415
1791368312.833468,SYNC_CNT,177898
1791368312.836144,PHY_FRAMES,177898
1791368312.851493,ps_img,177375
1791368312.866513,IMG_FRAMES,177416
1791368312.866513,IMG_SENT,177376
1791368312.866820,SYNC_CNT,177899
1791368312.869483,PHY_FRAMES,177899
1791368312.887874,ps_img,177376
1791368312.899881,IMG_FRAMES,177417
1791368312.899881,IMG_SENT,177377
1791368312.900017,SYNC_CNT,177900
1791368312.902751,PHY_FRAMES,177900
1791368312.912492,ps_img,177377
1791368312.933119,IMG_FRAMES,177418
1791368312.933119,IMG_SENT,177378
1791368312.933247,SYNC_CNT,177901
1791368312.935973,PHY_FRAMES,177901
1791368312.941508,ps_img,177378
1791368312.966372,IMG_FRAMES,177419
1791368312.966372,IMG_SENT,177379
1791368312.966904,SYNC_CNT,177902
1791368312.969631,PHY_FRAMES,177902
1791368312.975483,ps_img,177379
1791368312.999875,SYNC_CNT,177903
1791368313.000000,IMG_SENT,177380
1791368313.000060,IMG_FRAMES,177420
1791368313.002634,PHY_FRAMES,177903
1791368313.008781,ps_img,177380
1791368313.032878,SYNC_CNT,177904
1791368313.032970,IMG_FRAMES,177421
1791368313.032970,IMG_SENT,177381
1791368313.035642,PHY_FRAMES,177904
1791368313.041269,ps_img,177381
1791368313.066020,IMG_FRAMES,177422
1791368313.066020,IMG_SENT,177382
1791368313.066840,SYNC_CNT,177905
1791368313.069585,PHY_FRAMES,177905
1791368313.073281,ps_img,177382
1791368313.099959,IMG_FRAMES,177423
1791368313.099959,IMG_SENT,177383
1791368313.100088,SYNC_CNT,177906
1791368313.102833,PHY_FRAMES,177906
1791368313.109966,ps_img,177383
1791368313.132806,SYNC_CNT,177907
1791368313.133221,IMG_FRAMES,177424
1791368313.133221,IMG_SENT,177384
1791368313.135548,PHY_FRAMES,177907
1791368313.142259,ps_img,177384
1791368313.165905,IMG_SENT,177385
1791368313.165997,IMG_FRAMES,177425
1791368313.166638,SYNC_CNT,177908
1791368313.169327,PHY_FRAMES,177908
1791368313.174066,ps_img,177385
1791368313.199455,SYNC_CNT,177909
1791368313.199699,IMG_SENT,177386
1791368313.199855,IMG_FRAMES,177426
1791368313.202124,PHY_FRAMES,177909
1791368313.207435,ps_img,177386
1791368313.232495,IMG_FRAMES,177427
1791368313.232495,IMG_SENT,177387
1791368313.233385,SYNC_CNT,177910
1791368313.236109,PHY_FRAMES,177910
1791368313.240951,ps_img,177387
1791368313.266517,IMG_FRAMES,177428
1791368313.266517,IMG_SENT,177388
1791368313.266586,SYNC_CNT,177911
1791368313.269310,PHY_FRAMES,177911
1791368313.275225,ps_img,177388
1791368313.299674,IMG_FRAMES,177429
1791368313.299674,IMG_SENT,177389
1791368313.299955,SYNC_CNT,177912
1791368313.302606,PHY_FRAMES,177912
1791368313.307441,ps_img,177389
1791368313.333001,IMG_FRAMES,177430
1791368313.333001,IMG_SENT,177390
1791368313.333129,SYNC_CNT,177913
1791368313.335824,PHY_FRAMES,177913
1791368313.340465,ps_img,177390
1791368313.366189,IMG_FRAMES,177431
1791368313.366189,IMG_SENT,177391
1791368313.366872,SYNC_CNT,177914
1791368313.369601,PHY_FRAMES,177914
1791368313.385725,ps_img,177391
1791368313.400011,IMG_FRAMES,177432
1791368313.400011,IMG_SENT,177392
1791368313.400140,SYNC_CNT,177915
1791368313.402854,PHY_FRAMES,177915
1791368313.416070,ps_img,177392
1791368313.432806,SYNC_CNT,177916
1791368313.433220,IMG_FRAMES,177433
1791368313.433220,IMG_SENT,177393
1791368313.435474,PHY_FRAMES,177916
1791368313.443390,ps_img,177393
1791368313.465868,IMG_FRAMES,177434
1791368313.465868,IMG_SENT,177394
1791368313.466854,SYNC_CNT,177917
1791368313.469530,PHY_FRAMES,177917
1791368313.473760,ps_img,177394
1791368313.499963,SYNC_CNT,177918
1791368313.499963,IMG_FRAMES,177435
1791368313.499963,IMG_SENT,177395
1791368313.502606,PHY_FRAMES,177918
1791368313.507929,ps_img,177395
1791368313.532970,IMG_SENT,177396
1791368313.533035,IMG_FRAMES,177436
1791368313.533383,SYNC_CNT,177919
1791368313.536123,PHY_FRAMES,177919
1791368313.541326,ps_img,177396
1791368313.566345,SYNC_CNT,177920
1791368313.566526,IMG_FRAMES,177437
1791368313.566526,IMG_SENT,177397
1791368313.569057,PHY_FRAMES,177920
1791368313.574698,ps_img,177397
1791368313.599157,SYNC_CNT,177921
1791368313.599455,IMG_FRAMES,177438
1791368313.599455,IMG_SENT,177398
1791368313.601835,PHY_FRAMES,177921
1791368313.607152,ps_img,177398
1791368313.631983,SYNC_CNT,177922
1791368313.632223,IMG_FRAMES,177439
1791368313.632223,IMG_SENT,177399
1791368313.634695,PHY_FRAMES,177922
1791368313.641996,ps_img,177399
1791368313.665091,IMG_FRAMES,177440
1791368313.665091,IMG_SENT,177400
1791368313.666813,SYNC_CNT,177923
1791368313.669538,PHY_FRAMES,177923
1791368313.673629,ps_img,177400
1791368313.699440,SYNC_CNT,177924
1791368313.699972,IMG_FRAMES,177441
1791368313.699972,IMG_SENT,177401
1791368313.702161,PHY_FRAMES,177924
1791368313.708342,ps_img,177401
1791368313.732566,IMG_FRAMES,177442
1791368313.732566,IMG_SENT,177402
1791368313.732821,SYNC_CNT,177925
1791368313.735573,PHY_FRAMES,177925
1791368313.740118,ps_img,177402
1791368313.765938,IMG_FRAMES,177443
1791368313.765938,IMG_SENT,177403
1791368313.766819,SYNC_CNT,177926
1791368313.769540,PHY_FRAMES,177926
1791368313.778952,ps_img,177403
1791368313.799888,SYNC_CNT,177927
1791368313.799888,IMG_SENT,177404
1791368313.799961,IMG_FRAMES,177444
1791368313.802568,PHY_FRAMES,177927
1791368313.810466,ps_img,177404
1791368313.832960,IMG_FRAMES,177445
1791368313.832960,IMG_SENT,177405
1791368313.833029,SYNC_CNT,177928
1791368313.835760,PHY_FRAMES,177928
1791368313.852800,ps_img,177405
1791368313.866004,SYNC_CNT,177929
1791368313.866132,IMG_FRAMES,177446
1791368313.866132,IMG_SENT,177406
1791368313.868722,PHY_FRAMES,177929
1791368313.880998,ps_img,177406
1791368313.899091,IMG_FRAMES,177447
1791368313.899091,IMG_SENT,177407
1791368313.899161,SYNC_CNT,177930
1791368313.901853,PHY_FRAMES,177930
1791368313.913672,ps_img,177407
1791368313.931964,SYNC_CNT,177931
1791368313.932927,IMG_FRAMES,177448
1791368313.932927,IMG_SENT,177408
1791368313.934669,PHY_FRAMES,177931
1791368313.942974,ps_img,177408
1791368313.965058,IMG_FRAMES,177449
1791368313.965058,IMG_SENT,177409
1791368313.966648,SYNC_CNT,177932
1791368313.969372,PHY_FRAMES,177932
1791368313.975626,ps_img,177409
1791368313.999737,IMG_FRAMES,177450
1791368313.999737,IMG_SENT,177410
1791368314.000040,SYNC_CNT,177933
1791368314.002739,PHY_FRAMES,177933
1791368314.007948,ps_img,177410
1791368314.032806,SYNC_CNT,177934
1791368314.033100,IMG_FRAMES,177451
1791368314.033100,IMG_SENT,177411
1791368314.035565,PHY_FRAMES,177934
1791368314.041388,ps_img,177411
1791368314.065918,IMG_FRAMES,177452
1791368314.065918,IMG_SENT,177412
1791368314.066790,SYNC_CNT,177935
1791368314.069476,PHY_FRAMES,177935
1791368314.077506,ps_img,177412
1791368314.099725,SYNC_CNT,177936
1791368314.099849,IMG_FRAMES,177453
1791368314.099849,IMG_SENT,177413
1791368314.102430,PHY_FRAMES,177936
1791368314.107819,ps_img,177413
1791368314.132788,IMG_SENT,177414
1791368314.132855,IMG_FRAMES,177454
1791368314.133207,SYNC_CNT,177937
1791368314.135919,PHY_FRAMES,177937
1791368314.141012,ps_img,177414
1791368314.165996,SYNC_CNT,177938
1791368314.166290,IMG_SENT,177415
1791368314.166351,IMG_FRAMES,177455
1791368314.168737,PHY_FRAMES,177938
1791368314.173940,ps_img,177415
1791368314.199100,SYNC_CNT,177939
1791368314.199100,IMG_FRAMES,177456
1791368314.199100,IMG_SENT,177416
1791368314.201849,PHY_FRAMES,177939
1791368314.207435,ps_img,177416
1791368314.231769,SYNC_CNT,177940
1791368314.232234,IMG_FRAMES,177457
1791368314.232234,IMG_SENT,177417
1791368314.234494,PHY_FRAMES,177940
1791368314.240040,ps_img,177417
1791368314.264875,IMG_FRAMES,177458
1791368314.264875,IMG_SENT,177418
1791368314.266839,SYNC_CNT,177941
1791368314.269530,PHY_FRAMES,177941
1791368314.272665,ps_img,177418
1791368314.299902,IMG_FRAMES,177459
1791368314.299902,IMG_SENT,177419
1791368314.300270,SYNC_CNT,177942
1791368314.302980,PHY_FRAMES,177942
1791368314.309406,ps_img,177419
1791368314.333346,IMG_FRAMES,177460
1791368314.333346,IMG_SENT,177420
1791368314.333416,SYNC_CNT,177943
1791368314.336146,PHY_FRAMES,177943
1791368314.348722,ps_img,177420
1791368314.366550,IMG_FRAMES,177461
1791368314.366550,IMG_SENT,177421
1791368314.366793,SYNC_CNT,177944
1791368314.369487,PHY_FRAMES,177944
1791368314.387357,ps_img,177421
1791368314.399873,SYNC_CNT,177945
1791368314.399873,IMG_FRAMES,177462
1791368314.399873,IMG_SENT,177422
1791368314.402597,PHY_FRAMES,177945
1791368314.418654,ps_img,177422
1791368314.432967,IMG_FRAMES,177463
1791368314.432967,IMG_SENT,177423
1791368314.433251,SYNC_CNT,177946
1791368314.436000,PHY_FRAMES,177946
1791368314.442266,ps_img,177423
1791368314.465998,SYNC_CNT,177947
1791368314.466351,IMG_FRAMES,177464
1791368314.466351,IMG_SENT,177424
1791368314.468690,PHY_FRAMES,177947
1791368314.475367,ps_img,177424
1791368314.498869,SYNC_CNT,177948
1791368314.499108,IMG_FRAMES,177465
1791368314.499108,IMG_SENT,177425
1791368314.501583,PHY_FRAMES,177948
1791368314.512671,ps_img,177425
1791368314.531977,IMG_FRAMES,177466
1791368314.531977,IMG_SENT,177426
1791368314.533368,SYNC_CNT,177949
1791368314.536083,PHY_FRAMES,177949
1791368314.539599,ps_img,177426
1791368314.566466,IMG_SENT,177427
1791368314.566531,IMG_FRAMES,177467
1791368314.566824,SYNC_CNT,177950
1791368314.569568,PHY_FRAMES,177950
1791368314.576120,ps_img,177427
1791368314.599942,IMG_FRAMES,177468
1791368314.599942,IMG_SENT,177428
1791368314.600188,SYNC_CNT,177951
1791368314.602915,PHY_FRAMES,177951
1791368314.611663,ps_img,177428
1791368314.633217,SYNC_CNT,177952
1791368314.633284,IMG_FRAMES,177469
1791368314.633284,IMG_SENT,177429
1791368314.635885,PHY_FRAMES,177952
1791368314.640933,ps_img,177429
1791368314.666270,IMG_SENT,177430
1791368314.666335,IMG_FRAMES,177470
1791368314.666800,SYNC_CNT,177953
1791368314.669536,PHY_FRAMES,177953
1791368314.673687,ps_img,177430
1791368314.699856,SYNC_CNT,177954
1791368314.699921,IMG_FRAMES,177471
1791368314.699921,IMG_SENT,177431
1791368314.702591,PHY_FRAMES,177954
1791368314.721224,ps_img,177431
1791368314.732872,SYNC_CNT,177955
1791368314.732995,IMG_FRAMES,177472
1791368314.732995,IMG_SENT,177432
1791368314.735586,PHY_FRAMES,177955
1791368314.740403,ps_img,177432
1791368314.765948,IMG_FRAMES,177473
1791368314.765948,IMG_SENT,177433
1791368314.766019,SYNC_CNT,177956
1791368314.768694,PHY_FRAMES,177956
1791368314.773678,ps_img,177433
1791368314.799092,SYNC_CNT,177957
1791368314.799092,IMG_FRAMES,177474
1791368314.799092,IMG_SENT,177434
1791368314.801852,PHY_FRAMES,177957
1791368314.817158,ps_img,177434
1791368314.831996,SYNC_CNT,177958
1791368314.832240,IMG_FRAMES,177475
1791368314.832240,IMG_SENT,177435
1791368314.834666,PHY_FRAMES,177958
1791368314.842376,ps_img,177435
1791368314.865049,IMG_SENT,177436
1791368314.865225,IMG_FRAMES,177476
1791368314.866816,SYNC_CNT,177959
1791368314.869494,PHY_FRAMES,177959
1791368314.880463,ps_img,177436
1791368314.899917,IMG_FRAMES,177477
1791368314.899917,IMG_SENT,177437
1791368314.900059,SYNC_CNT,177960
1791368314.902750,PHY_FRAMES,177960
1791368314.914059,ps_img,177437
1791368314.932839,SYNC_CNT,177961
1791368314.933138,IMG_FRAMES,177478
1791368314.933138,IMG_SENT,177438
1791368314.935521,PHY_FRAMES,177961
1791368314.943406,ps_img,177438
1791368314.965960,IMG_FRAMES,177479
1791368314.965960,IMG_SENT,177439
1791368314.966781,SYNC_CNT,177962
1791368314.969460,PHY_FRAMES,177962
1791368314.975051,ps_img,177439
1791368314.999854,SYNC_CNT,177963
1791368314.999854,IMG_FRAMES,177480
1791368314.999854,IMG_SENT,177440
1791368315.002592,PHY_FRAMES,177963
1791368315.017411,ps_img,177440
1791368315.032992,IMG_FRAMES,177481
1791368315.032992,IMG_SENT,177441
1791368315.033464,SYNC_CNT,177964
1791368315.036172,PHY_FRAMES,177964
1791368315.041644,ps_img,177441
1791368315.066586,SYNC_CNT,177965
1791368315.066586,IMG_FRAMES,177482
1791368315.066586,IMG_SENT,177442
1791368315.069263,PHY_FRAMES,177965
1791368315.075335,ps_img,177442
1791368315.099664,IMG_FRAMES,177483
1791368315.099664,IMG_SENT,177443
1791368315.099847,SYNC_CNT,177966
1791368315.102566,PHY_FRAMES,177966
1791368315.115421,ps_img,177443
1791368315.132963,IMG_FRAMES,177484
1791368315.132963,IMG_SENT,177444
1791368315.133095,SYNC_CNT,177967
1791368315.135854,PHY_FRAMES,177967
1791368315.142086,ps_img,177444
1791368315.166219,IMG_FRAMES,177485
1791368315.166219,IMG_SENT,177445
1791368315.166865,SYNC_CNT,177968
1791368315.169552,PHY_FRAMES,177968
1791368315.174536,ps_img,177445
1791368315.199918,IMG_SENT,177446
1791368315.199983,IMG_FRAMES,177486
1791368315.200274,SYNC_CNT,177969
1791368315.202994,PHY_FRAMES,177969
1791368315.216477,ps_img,177446
1791368315.233376,IMG_FRAMES,177487
1791368315.233376,IMG_SENT,177447
1791368315.233443,SYNC_CNT,177970
1791368315.236154,PHY_FRAMES,177970
1791368315.242400,ps_img,177447
1791368315.266539,IMG_FRAMES,177488
1791368315.266539,IMG_SENT,177448
1791368315.266781,SYNC_CNT,177971
1791368315.269500,PHY_FRAMES,177971
1791368315.276253,ps_img,177448
1791368315.299860,IMG_FRAMES,177489
1791368315.299860,IMG_SENT,177449
1791368315.299987,SYNC_CNT,177972
1791368315.302720,PHY_FRAMES,177972
1791368315.310432,ps_img,177449
1791368315.333129,IMG_FRAMES,177490
1791368315.333129,IMG_SENT,177450
1791368315.333435,SYNC_CNT,177973
1791368315.336131,PHY_FRAMES,177973
1791368315.342825,clk,-44902450896951
1791368315.342825,clk_rtt,546
1791368315.350043,ps_img,177450
1791368315.366554,SYNC_CNT,177974
1791368315.366554,IMG_FRAMES,177491
1791368315.366554,IMG_SENT,177451
1791368315.369266,PHY_FRAMES,177974
1791368315.386198,ps_img,177451
1791368315.399673,IMG_FRAMES,177492
1791368315.399673,IMG_SENT,177452
1791368315.399918,SYNC_CNT,177975
1791368315.402611,PHY_FRAMES,177975
1791368315.415385,ps_img,177452
1791368315.433023,IMG_FRAMES,177493
1791368315.433023,IMG_SENT,177453
1791368315.433099,SYNC_CNT,177976
1791368315.435823,PHY_FRAMES,177976
1791368315.443534,ps_img,177453
1791368315.466219,IMG_FRAMES,177494
1791368315.466219,IMG_SENT,177454
1791368315.466871,SYNC_CNT,177977
1791368315.469583,PHY_FRAMES,177977
1791368315.475485,ps_img,177454
1791368315.499796,SYNC_CNT,177978
1791368315.499921,IMG_SENT,177455
1791368315.499983,IMG_FRAMES,177495
1791368315.502474,PHY_FRAMES,177978
1791368315.514790,ps_img,177455
1791368315.532825,SYNC_CNT,177979
1791368315.532890,IMG_FRAMES,177496
1791368315.532890,IMG_SENT,177456
1791368315.535546,PHY_FRAMES,177979
1791368315.540209,ps_img,177456
1791368315.565936,IMG_FRAMES,177497
1791368315.565936,IMG_SENT,177457
1791368315.566753,SYNC_CNT,177980
1791368315.569435,PHY_FRAMES,177980
1791368315.573547,ps_img,177457
1791368315.599860,IMG_FRAMES,177498
1791368315.599860,IMG_SENT,177458
1791368315.599988,SYNC_CNT,177981
1791368315.602724,PHY_FRAMES,177981
1791368315.614903,ps_img,177458
1791368315.633059,IMG_SENT,177459
1791368315.633125,IMG_FRAMES,177499
1791368315.633420,SYNC_CNT,177982
1791368315.636149,PHY_FRAMES,177982
1791368315.640680,ps_img,177459
1791368315.666519,IMG_SENT,177460
1791368315.666583,SYNC_CNT,177983
1791368315.666583,IMG_FRAMES,177500
1791368315.669306,PHY_FRAMES,177983
1791368315.675970,ps_img,177460
1791368315.699663,IMG_FRAMES,177501
1791368315.699663,IMG_SENT,177461
1791368315.699876,SYNC_CNT,177984
1791368315.702604,PHY_FRAMES,177984
1791368315.715587,ps_img,177461
1791368315.732988,IMG_FRAMES,177502
1791368315.732988,IMG_SENT,177462
1791368315.733114,SYNC_CNT,177985
1791368315.735832,PHY_FRAMES,177985
1791368315.740494,ps_img,177462
1791368315.766213,IMG_FRAMES,177503
1791368315.766213,IMG_SENT,177463
1791368315.766805,SYNC_CNT,177986
1791368315.769551,PHY_FRAMES,177986
1791368315.773706,ps_img,177463
1791368315.799779,SYNC_CNT,177987
1791368315.799908,IMG_FRAMES,177504
1791368315.799908,IMG_SENT,177464
1791368315.802457,PHY_FRAMES,177987
1791368315.815285,ps_img,177464
1791368315.832623,SYNC_CNT,177988
1791368315.832870,IMG_FRAMES,177505
1791368315.832870,IMG_SENT,177465
1791368315.835297,PHY_FRAMES,177988
1791368315.843503,ps_img,177465
1791368315.865707,IMG_FRAMES,177506
1791368315.865707,IMG_SENT,177466
1791368315.866763,SYNC_CNT,177989
1791368315.869526,PHY_FRAMES,177989
1791368315.881748,ps_img,177466
1791368315.899885,IMG_FRAMES,177507
1791368315.899885,IMG_SENT,177467
1791368315.899956,SYNC_CNT,177990
1791368315.902689,PHY_FRAMES,177990
1791368315.914366,ps_img,177467
1791368315.933082,IMG_FRAMES,177508
1791368315.933082,IMG_SENT,177468
1791368315.933383,SYNC_CNT,177991
1791368315.936122,PHY_FRAMES,177991
1791368315.940637,ps_img,177468
1791368315.966345,SYNC_CNT,177992
1791368315.966528,IMG_FRAMES,177509
1791368315.966528,IMG_SENT,177469
1791368315.969064,PHY_FRAMES,177992
1791368315.975927,ps_img,177469
1791368315.999115,SYNC_CNT,177993
1791368315.999467,IMG_FRAMES,177510
1791368315.999467,IMG_SENT,177470
1791368316.001851,PHY_FRAMES,177993
1791368316.017819,ps_img,177470
1791368316.031944,SYNC_CNT,177994
1791368316.032238,IMG_FRAMES,177511
1791368316.032238,IMG_SENT,177471
1791368316.034615,PHY_FRAMES,177994
1791368316.039392,ps_img,177471
1791368316.065046,IMG_FRAMES,177512
1791368316.065046,IMG_SENT,177472
1791368316.066784,SYNC_CNT,177995
1791368316.069539,PHY_FRAMES,177995
1791368316.073395,ps_img,177472
1791368316.099554,SYNC_CNT,177996
1791368316.099905,IMG_FRAMES,177513
1791368316.099905,IMG_SENT,177473
1791368316.102285,PHY_FRAMES,177996
1791368316.112343,ps_img,177473
1791368316.132649,IMG_FRAMES,177514
1791368316.132649,IMG_SENT,177474
1791368316.132836,SYNC_CNT,177997
1791368316.135532,PHY_FRAMES,177997
1791368316.142299,ps_img,177474
1791368316.165914,IMG_FRAMES,177515
1791368316.165914,IMG_SENT,177475
1791368316.166791,SYNC_CNT,177998
1791368316.169482,PHY_FRAMES,177998
1791368316.174470,ps_img,177475
1791368316.199852,SYNC_CNT,177999
1791368316.199917,IMG_FRAMES,177516
1791368316.199917,IMG_SENT,177476
1791368316.202585,PHY_FRAMES,177999
1791368316.213103,ps_img,177476
1791368316.232994,IMG_FRAMES,177517
1791368316.232994,IMG_SENT,177477
1791368316.233062,SYNC_CNT,178000
1791368316.235724,PHY_FRAMES,178000
1791368316.239980,ps_img,177477
1791368316.265993,SYNC_CNT,178001
1791368316.266117,IMG_FRAMES,177518
1791368316.266117,IMG_SENT,177478
1791368316.268728,PHY_FRAMES,178001
1791368316.275440,ps_img,177478
1791368316.299063,IMG_SENT,177479
1791368316.299128,SYNC_CNT,178002
1791368316.299128,IMG_FRAMES,177519
1791368316.301813,PHY_FRAMES,178002
1791368316.310696,ps_img,177479
1791368316.331943,SYNC_CNT,178003
1791368316.332238,IMG_FRAMES,177520
1791368316.332238,IMG_SENT,177480
1791368316.334695,PHY_FRAMES,178003
1791368316.341000,ps_img,177480
1791368316.365078,IMG_FRAMES,177521
1791368316.365078,IMG_SENT,177481
1791368316.366820,SYNC_CNT,178004
1791368316.369521,PHY_FRAMES,178004
1791368316.379682,ps_img,177481
1791368316.399789,SYNC_CNT,178005
1791368316.399913,IMG_FRAMES,177522
1791368316.399913,IMG_SENT,177482
1791368316.402476,PHY_FRAMES,178005
1791368316.419188,ps_img,177482
1791368316.432811,SYNC_CNT,178006
1791368316.432878,IMG_FRAMES,177523
1791368316.432878,IMG_SENT,177483
1791368316.435510,PHY_FRAMES,178006
1791368316.449776,ps_img,177483
1791368316.465929,IMG_FRAMES,177524
1791368316.465929,IMG_SENT,177484
1791368316.466757,SYNC_CNT,178007
1791368316.469498,PHY_FRAMES,178007
1791368316.478278,ps_img,177484
1791368316.499666,SYNC_CNT,178008
1791368316.499851,IMG_FRAMES,177525
1791368316.499851,IMG_SENT,177485
1791368316.502357,PHY_FRAMES,178008
1791368316.518416,ps_img,177485
1791368316.532726,IMG_SENT,177486
1791368316.532794,IMG_FRAMES,177526
1791368316.533207,SYNC_CNT,178009
1791368316.535964,PHY_FRAMES,178009
1791368316.541392,ps_img,177486
1791368316.566000,SYNC_CNT,178010
1791368316.566295,IMG_SENT,177487
1791368316.566355,IMG_FRAMES,177527
1791368316.568675,PHY_FRAMES,178010
1791368316.574555,ps_img,177487
1791368316.599084,SYNC_CNT,178011
1791368316.599084,IMG_FRAMES,177528
1791368316.599084,IMG_SENT,177488
1791368316.601834,PHY_FRAMES,178011
1791368316.611969,ps_img,177488
1791368316.632020,SYNC_CNT,178012
1791368316.632202,IMG_FRAMES,177529
1791368316.632202,IMG_SENT,177489
1791368316.634717,PHY_FRAMES,178012
1791368316.640631,ps_img,177489
1791368316.665066,IMG_SENT,177490
1791368316.665130,IMG_FRAMES,177530
1791368316.666806,SYNC_CNT,178013
1791368316.669512,PHY_FRAMES,178013
1791368316.672550,ps_img,177490
1791368316.699774,SYNC_CNT,178014
1791368316.699898,IMG_FRAMES,177531
1791368316.699898,IMG_SENT,177491
1791368316.702464,PHY_FRAMES,178014
1791368316.712688,ps_img,177491
1791368316.732826,SYNC_CNT,178015
1791368316.732826,IMG_SENT,177492
1791368316.732898,IMG_FRAMES,177532
1791368316.735536,PHY_FRAMES,178015
1791368316.741902,ps_img,177492
1791368316.765933,IMG_FRAMES,177533
1791368316.765933,IMG_SENT,177493
1791368316.766600,SYNC_CNT,178016
1791368316.769337,PHY_FRAMES,178016
1791368316.776009,ps_img,177493
1791368316.799727,IMG_FRAMES,177534
1791368316.799727,IMG_SENT,177494
1791368316.799857,SYNC_CNT,178017
1791368316.802527,PHY_FRAMES,178017
1791368316.816095,ps_img,177494
1791368316.832926,IMG_FRAMES,177535
1791368316.832926,IMG_SENT,177495
1791368316.833229,SYNC_CNT,178018
1791368316.835926,PHY_FRAMES,178018
1791368316.841911,ps_img,177495
1791368316.866015,SYNC_CNT,178019
1791368316.866310,IMG_FRAMES,177536
1791368316.866310,IMG_SENT,177496
1791368316.868718,PHY_FRAMES,178019
1791368316.883155,ps_img,177496
1791368316.899102,SYNC_CNT,178020
1791368316.899102,IMG_FRAMES,177537
1791368316.899102,IMG_SENT,177497
1791368316.901844,PHY_FRAMES,178020
1791368316.912340,ps_img,177497
1791368316.931915,SYNC_CNT,178021
1791368316.932222,IMG_FRAMES,177538
1791368316.932222,IMG_SENT,177498
1791368316.934658,PHY_FRAMES,178021
1791368316.949454,ps_img,177498
1791368316.965006,IMG_FRAMES,177539
1791368316.965006,IMG_SENT,177499
1791368316.966788,SYNC_CNT,178022
1791368316.969489,PHY_FRAMES,178022
1791368316.976389,ps_img,177499
1791368316.999741,SYNC_CNT,178023
1791368316.999867,IMG_SENT,177500
1791368316.999930,IMG_FRAMES,177540
1791368317.002474,PHY_FRAMES,178023
1791368317.014208,ps_img,177500
1791368317.032645,SYNC_CNT,178024
1791368317.032830,IMG_SENT,177501
1791368317.032892,IMG_FRAMES,177541
1791368317.035352,PHY_FRAMES,178024
1791368317.043246,ps_img,177501
1791368317.065725,IMG_FRAMES,177542
1791368317.065725,IMG_SENT,177502
1791368317.066777,SYNC_CNT,178025
1791368317.069535,PHY_FRAMES,178025
1791368317.072998,ps_img,177502
1791368317.099849,SYNC_CNT,178026
1791368317.099915,IMG_FRAMES,177543
1791368317.099915,IMG_SENT,177503
1791368317.102587,PHY_FRAMES,178026
1791368317.113177,ps_img,177503
1791368317.132954,IMG_FRAMES,177544
1791368317.132954,IMG_SENT,177504
1791368317.133217,SYNC_CNT,178027
1791368317.135925,PHY_FRAMES,178027
1791368317.143189,ps_img,177504
1791368317.165880,SYNC_CNT,178028
1791368317.166295,IMG_SENT,177505
1791368317.166356,IMG_FRAMES,177545
1791368317.168634,PHY_FRAMES,178028
1791368317.175321,ps_img,177505
1791368317.198954,IMG_FRAMES,177546
1791368317.198954,IMG_SENT,177506
1791368317.199138,SYNC_CNT,178029
1791368317.201830,PHY_FRAMES,178029
1791368317.207625,ps_img,177506
1791368317.231945,SYNC_CNT,178030
1791368317.232240,IMG_FRAMES,177547
1791368317.232240,IMG_SENT,177507
1791368317.234664,PHY_FRAMES,178030
1791368317.241127,ps_img,177507
1791368317.265018,IMG_FRAMES,177548
1791368317.265018,IMG_SENT,177508
1791368317.267134,SYNC_CNT,178031
1791368317.269828,PHY_FRAMES,178031
1791368317.272370,ps_img,177508
1791368317.300189,IMG_SENT,177509
1791368317.300254,IMG_FRAMES,177549
1791368317.300373,SYNC_CNT,178032
1791368317.303106,PHY_FRAMES,178032
1791368317.307560,ps_img,177509
1791368317.333353,SYNC_CNT,178033
1791368317.333475,IMG_FRAMES,177550
1791368317.333475,IMG_SENT,177510
1791368317.336077,PHY_FRAMES,178033
1791368317.342338,ps_img,177510
1791368317.366455,IMG_SENT,177511
1791368317.366519,IMG_FRAMES,177551
1791368317.366754,SYNC_CNT,178034
1791368317.369491,PHY_FRAMES,178034
1791368317.379573,ps_img,177511
1791368317.399796,SYNC_CNT,178035
1791368317.399887,IMG_FRAMES,177552
1791368317.399887,IMG_SENT,177512
1791368317.402513,PHY_FRAMES,178035
1791368317.407694,ps_img,177512
1791368317.432933,IMG_FRAMES,177553
1791368317.432933,IMG_SENT,177513
1791368317.433410,SYNC_CNT,178036
1791368317.436094,PHY_FRAMES,178036
1791368317.446213,ps_img,177513
1791368317.466481,IMG_FRAMES,177554
1791368317.466481,IMG_SENT,177514
1791368317.466552,SYNC_CNT,178037
1791368317.469256,PHY_FRAMES,178037
1791368317.474455,ps_img,177514
1791368317.499682,IMG_FRAMES,177555
1791368317.499682,IMG_SENT,177515
1791368317.499872,SYNC_CNT,178038
1791368317.502561,PHY_FRAMES,178038
1791368317.508310,ps_img,177515
1791368317.532964,IMG_FRAMES,177556
1791368317.532964,IMG_SENT,177516
1791368317.533326,SYNC_CNT,178039
1791368317.536060,PHY_FRAMES,178039
1791368317.541234,ps_img,177516
1791368317.566438,IMG_FRAMES,177557
1791368317.566438,IMG_SENT,177517
1791368317.566799,SYNC_CNT,178040
1791368317.569512,PHY_FRAMES,178040
1791368317.574365,ps_img,177517
1791368317.599771,SYNC_CNT,178041
1791368317.599894,IMG_FRAMES,177558
1791368317.599894,IMG_SENT,177518
1791368317.602455,PHY_FRAMES,178041
1791368317.608815,ps_img,177518
1791368317.632813,SYNC_CNT,178042
1791368317.632882,IMG_FRAMES,177559
1791368317.632882,IMG_SENT,177519
1791368317.635517,PHY_FRAMES,178042
1791368317.642545,ps_img,177519
1791368317.665877,IMG_SENT,177520
1791368317.665942,IMG_FRAMES,177560
1791368317.666756,SYNC_CNT,178043
1791368317.669460,PHY_FRAMES,178043
1791368317.675085,ps_img,177520
1791368317.699836,SYNC_CNT,178044
1791368317.699836,IMG_SENT,177521
1791368317.699905,IMG_FRAMES,177561
1791368317.702591,PHY_FRAMES,178044
1791368317.708540,ps_img,177521
1791368317.732950,IMG_FRAMES,177562
1791368317.732950,IMG_SENT,177522
1791368317.733193,SYNC_CNT,178045
1791368317.735908,PHY_FRAMES,178045
1791368317.739916,ps_img,177522
1791368317.766003,SYNC_CNT,178046
1791368317.766307,IMG_FRAMES,177563
1791368317.766307,IMG_SENT,177523
1791368317.768666,PHY_FRAMES,178046
1791368317.775887,ps_img,177523
1791368317.799103,SYNC_CNT,178047
1791368317.799103,IMG_FRAMES,177564
1791368317.799103,IMG_SENT,177524
1791368317.801835,PHY_FRAMES,178047
1791368317.808631,ps_img,177524
1791368317.832254,IMG_FRAMES,177565
1791368317.832254,IMG_SENT,177525
1791368317.833406,SYNC_CNT,178048
1791368317.836118,PHY_FRAMES,178048
1791368317.848439,ps_img,177525
1791368317.866500,IMG_FRAMES,177566
1791368317.866500,IMG_SENT,177526
1791368317.866800,SYNC_CNT,178049
1791368317.869477,PHY_FRAMES,178049
1791368317.887504,ps_img,177526
1791368317.899779,SYNC_CNT,178050
1791368317.899846,IMG_SENT,177527
1791368317.899909,IMG_FRAMES,177567
1791368317.902492,PHY_FRAMES,178050
1791368317.907783,ps_img,177527
1791368317.932806,SYNC_CNT,178051
1791368317.932873,IMG_FRAMES,177568
1791368317.932873,IMG_SENT,177528
1791368317.935538,PHY_FRAMES,178051
1791368317.942192,ps_img,177528
1791368317.965909,IMG_FRAMES,177569
1791368317.965909,IMG_SENT,177529
1791368317.966606,SYNC_CNT,178052
1791368317.969328,PHY_FRAMES,178052
1791368317.973802,ps_img,177529
1791368317.999380,SYNC_CNT,178053
1791368317.999674,IMG_FRAMES,177570
1791368317.999674,IMG_SENT,177530
1791368318.002092,PHY_FRAMES,178053
1791368318.008256,ps_img,177530
1791368318.032494,IMG_FRAMES,177571
1791368318.032494,IMG_SENT,177531
1791368318.033209,SYNC_CNT,178054
1791368318.035915,PHY_FRAMES,178054
1791368318.039479,ps_img,177531
1791368318.065992,SYNC_CNT,178055
1791368318.066287,IMG_FRAMES,177572
1791368318.066287,IMG_SENT,177532
1791368318.068699,PHY_FRAMES,178055
1791368318.075140,ps_img,177532
1791368318.098856,SYNC_CNT,178056
1791368318.099094,IMG_FRAMES,177573
1791368318.099094,IMG_SENT,177533
1791368318.101579,PHY_FRAMES,178056
1791368318.108780,ps_img,177533
1791368318.131970,IMG_FRAMES,177574
1791368318.131970,IMG_SENT,177534
1791368318.133346,SYNC_CNT,178057
1791368318.136050,PHY_FRAMES,178057
1791368318.141161,ps_img,177534
1791368318.166450,IMG_FRAMES,177575
1791368318.166450,IMG_SENT,177535
1791368318.166890,SYNC_CNT,178058
1791368318.169569,PHY_FRAMES,178058
1791368318.174891,ps_img,177535
1791368318.199996,IMG_FRAMES,177576
1791368318.199996,IMG_SENT,177536
1791368318.201001,SYNC_CNT,178059
1791368318.203720,PHY_FRAMES,178059
1791368318.208311,ps_img,177536
1791368318.233989,SYNC_CNT,178060
1791368318.234112,IMG_FRAMES,177577
1791368318.234112,IMG_SENT,177537
1791368318.236680,PHY_FRAMES,178060
1791368318.242559,ps_img,177537
1791368318.266771,SYNC_CNT,178061
1791368318.267069,IMG_FRAMES,177578
1791368318.267069,IMG_SENT,177538
1791368318.269473,PHY_FRAMES,178061
1791368318.276364,ps_img,177538
1791368318.299827,IMG_SENT,177539
1791368318.299892,IMG_FRAMES,177579
1791368318.299954,SYNC_CNT,178062
1791368318.302684,PHY_FRAMES,178062
1791368318.307665,ps_img,177539
1791368318.333048,IMG_SENT,177540
1791368318.333113,IMG_FRAMES,177580
1791368318.333233,SYNC_CNT,178063
1791368318.335936,PHY_FRAMES,178063
1791368318.340032,ps_img,177540
1791368318.365983,SYNC_CNT,178064
1791368318.366281,IMG_SENT,177541
1791368318.366342,IMG_FRAMES,177581
1791368318.368685,PHY_FRAMES,178064
1791368318.376990,ps_img,177541
1791368318.399042,IMG_SENT,177542
1791368318.399108,SYNC_CNT,178065
1791368318.399108,IMG_FRAMES,177582
1791368318.401783,PHY_FRAMES,178065
1791368318.407561,ps_img,177542
1791368318.432190,IMG_FRAMES,177583
1791368318.432190,IMG_SENT,177543
1791368318.433339,SYNC_CNT,178066
1791368318.436062,PHY_FRAMES,178066
1791368318.444027,ps_img,177543
1791368318.466441,IMG_FRAMES,177584
1791368318.466441,IMG_SENT,177544
1791368318.466747,SYNC_CNT,178067
1791368318.469500,PHY_FRAMES,178067
1791368318.480399,ps_img,177544
1791368318.499768,SYNC_CNT,178068
1791368318.499835,IMG_SENT,177545
1791368318.499897,IMG_FRAMES,177585
1791368318.502474,PHY_FRAMES,178068
1791368318.510118,ps_img,177545
1791368318.532838,SYNC_CNT,178069
1791368318.532838,IMG_FRAMES,177586
1791368318.532838,IMG_SENT,177546
1791368318.535519,PHY_FRAMES,178069
1791368318.542380,ps_img,177546
1791368318.565901,IMG_FRAMES,177587
1791368318.565901,IMG_SENT,177547
1791368318.566780,SYNC_CNT,178070
1791368318.569503,PHY_FRAMES,178070
1791368318.573481,ps_img,177547
1791368318.599902,IMG_FRAMES,177588
1791368318.599902,IMG_SENT,177548
1791368318.599971,SYNC_CNT,178071
1791368318.602660,PHY_FRAMES,178071
1791368318.608310,ps_img,177548
1791368318.633076,IMG_FRAMES,177589
1791368318.633076,IMG_SENT,177549
1791368318.633349,SYNC_CNT,178072
1791368318.636069,PHY_FRAMES,178072
1791368318.640998,ps_img,177549
1791368318.666445,IMG_SENT,177550
1791368318.666509,IMG_FRAMES,177590
1791368318.666595,SYNC_CNT,178073
1791368318.669234,PHY_FRAMES,178073
1791368318.673699,ps_img,177550
1791368318.699649,IMG_FRAMES,177591
1791368318.699649,IMG_SENT,177551
1791368318.699892,SYNC_CNT,178074
1791368318.702573,PHY_FRAMES,178074
1791368318.708841,ps_img,177551
1791368318.732963,IMG_FRAMES,177592
1791368318.732963,IMG_SENT,177552
1791368318.733448,SYNC_CNT,178075
1791368318.736144,PHY_FRAMES,178075
1791368318.747301,ps_img,177552
1791368318.766502,IMG_SENT,177553
1791368318.766569,IMG_FRAMES,177593
1791368318.766807,SYNC_CNT,178076
1791368318.769525,PHY_FRAMES,178076
1791368318.775371,ps_img,177553
1791368318.799724,SYNC_CNT,178077
1791368318.799909,IMG_FRAMES,177594
1791368318.799909,IMG_SENT,177554
1791368318.802448,PHY_FRAMES,178077
1791368318.808358,ps_img,177554
1791368318.832797,SYNC_CNT,178078
1791368318.832865,IMG_FRAMES,177595
1791368318.832865,IMG_SENT,177555
1791368318.835541,PHY_FRAMES,178078
1791368318.842286,ps_img,177555
1791368318.865877,IMG_SENT,177556
1791368318.865943,IMG_FRAMES,177596
1791368318.866815,SYNC_CNT,178079
1791368318.869515,PHY_FRAMES,178079
1791368318.884243,ps_img,177556
1791368318.899897,IMG_FRAMES,177597
1791368318.899897,IMG_SENT,177557
1791368318.899966,SYNC_CNT,178080
1791368318.902674,PHY_FRAMES,178080
1791368318.909018,ps_img,177557
1791368318.933091,IMG_FRAMES,177598
1791368318.933091,IMG_SENT,177558
1791368318.933335,SYNC_CNT,178081
1791368318.936098,PHY_FRAMES,178081
1791368318.940573,ps_img,177558
1791368318.966451,IMG_FRAMES,177599
1791368318.966451,IMG_SENT,177559
1791368318.966522,SYNC_CNT,178082
1791368318.969249,PHY_FRAMES,178082
1791368318.976206,ps_img,177559
1791368318.999631,IMG_FRAMES,177600
1791368318.999631,IMG_SENT,177560
1791368318.999876,SYNC_CNT,178083
1791368319.002582,PHY_FRAMES,178083
1791368319.008474,ps_img,177560
1791368319.033007,IMG_FRAMES,177601
1791368319.033007,IMG_SENT,177561
1791368319.033427,SYNC_CNT,178084
1791368319.036165,PHY_FRAMES,178084
1791368319.043447,ps_img,177561
1791368319.066524,IMG_FRAMES,177602
1791368319.066524,IMG_SENT,177562
1791368319.066769,SYNC_CNT,178085
1791368319.069473,PHY_FRAMES,178085
1791368319.074448,ps_img,177562
1791368319.099730,SYNC_CNT,178086
1791368319.099887,IMG_FRAMES,177603
1791368319.099887,IMG_SENT,177563
1791368319.102431,PHY_FRAMES,178086
1791368319.109082,ps_img,177563
1791368319.132768,SYNC_CNT,178087
1791368319.132833,IMG_FRAMES,177604
1791368319.132833,IMG_SENT,177564
1791368319.135474,PHY_FRAMES,178087
1791368319.142136,ps_img,177564
1791368319.165895,IMG_FRAMES,177605
1791368319.165895,IMG_SENT,177565
1791368319.166764,SYNC_CNT,178088
1791368319.169427,PHY_FRAMES,178088
1791368319.174825,ps_img,177565
1791368319.199817,IMG_SENT,177566
1791368319.199880,IMG_FRAMES,177606
1791368319.199943,SYNC_CNT,178089
1791368319.202669,PHY_FRAMES,178089
1791368319.206840,ps_img,177566
1791368319.232804,SYNC_CNT,178090
1791368319.233047,IMG_FRAMES,177607
1791368319.233047,IMG_SENT,177567
1791368319.235533,PHY_FRAMES,178090
1791368319.242464,ps_img,177567
1791368319.265951,SYNC_CNT,178091
1791368319.265951,IMG_FRAMES,177608
1791368319.265951,IMG_SENT,177568
1791368319.268651,PHY_FRAMES,178091
1791368319.274323,ps_img,177568
1791368319.298865,SYNC_CNT,178092
1791368319.299047,IMG_FRAMES,177609
1791368319.299047,IMG_SENT,177569
1791368319.301560,PHY_FRAMES,178092
1791368319.307257,ps_img,177569
1791368319.331967,IMG_FRAMES,177610
1791368319.331967,IMG_SENT,177570
1791368319.333376,SYNC_CNT,178093
1791368319.336083,PHY_FRAMES,178093
1791368319.340054,ps_img,177570
1791368319.366471,IMG_FRAMES,177611
1791368319.366471,IMG_SENT,177571
1791368319.366769,SYNC_CNT,178094
1791368319.369470,PHY_FRAMES,178094
1791368319.380258,ps_img,177571
1791368319.399753,SYNC_CNT,178095
1791368319.399876,IMG_FRAMES,177612
1791368319.399876,IMG_SENT,177572
1791368319.402435,PHY_FRAMES,178095
1791368319.409070,ps_img,177572
1791368319.432580,SYNC_CNT,178096
1791368319.432818,IMG_FRAMES,177613
1791368319.432818,IMG_SENT,177573
1791368319.435293,PHY_FRAMES,178096
1791368319.448027,ps_img,177573
1791368319.465680,IMG_FRAMES,177614
1791368319.465680,IMG_SENT,177574
1791368319.466808,SYNC_CNT,178097
1791368319.469473,PHY_FRAMES,178097
1791368319.474060,ps_img,177574
1791368319.499904,IMG_FRAMES,177615
1791368319.499904,IMG_SENT,177575
1791368319.499974,SYNC_CNT,178098
1791368319.502688,PHY_FRAMES,178098
1791368319.508844,ps_img,177575
1791368319.533065,IMG_FRAMES,177616
1791368319.533065,IMG_SENT,177576
1791368319.533422,SYNC_CNT,178099
1791368319.536121,PHY_FRAMES,178099
1791368319.544385,ps_img,177576
1791368319.566293,SYNC_CNT,178100
1791368319.566475,IMG_SENT,177577
1791368319.566538,IMG_FRAMES,177617
1791368319.569051,PHY_FRAMES,178100
1791368319.575680,ps_img,177577
1791368319.599121,SYNC_CNT,178101
1791368319.599414,IMG_FRAMES,177618
1791368319.599414,IMG_SENT,177578
1791368319.601804,PHY_FRAMES,178101
1791368319.607645,ps_img,177578
1791368319.631909,SYNC_CNT,178102
1791368319.632208,IMG_FRAMES,177619
1791368319.632208,IMG_SENT,177579
1791368319.634638,PHY_FRAMES,178102
1791368319.641072,ps_img,177579
1791368319.665013,IMG_SENT,177580
1791368319.665077,IMG_FRAMES,177620
1791368319.666735,SYNC_CNT,178103
1791368319.669437,PHY_FRAMES,178103
1791368319.672461,ps_img,177580
1791368319.699532,SYNC_CNT,178104
1791368319.699827,IMG_FRAMES,177621
1791368319.699827,IMG_SENT,177581
1791368319.702217,PHY_FRAMES,178104
1791368319.709391,ps_img,177581
1791368319.732647,IMG_FRAMES,177622
1791368319.732647,IMG_SENT,177582
1791368319.732837,SYNC_CNT,178105
1791368319.735558,PHY_FRAMES,178105
1791368319.741274,ps_img,177582
1791368319.765913,IMG_FRAMES,177623
1791368319.765913,IMG_SENT,177583
1791368319.766809,SYNC_CNT,178106
1791368319.769471,PHY_FRAMES,178106
1791368319.774323,ps_img,177583
1791368319.799886,SYNC_CNT,178107
1791368319.799886,IMG_FRAMES,177624
1791368319.799886,IMG_SENT,177584
1791368319.802603,PHY_FRAMES,178107
1791368319.808569,ps_img,177584
1791368319.832997,IMG_FRAMES,177625
1791368319.832997,IMG_SENT,177585
1791368319.833068,SYNC_CNT,178108
1791368319.835765,PHY_FRAMES,178108
1791368319.851548,ps_img,177585
1791368319.866128,IMG_FRAMES,177626
1791368319.866128,IMG_SENT,177586
1791368319.866750,SYNC_CNT,178109
1791368319.869447,PHY_FRAMES,178109
1791368319.885015,ps_img,177586
1791368319.899842,SYNC_CNT,178110
1791368319.899842,IMG_FRAMES,177627
1791368319.899842,IMG_SENT,177587
1791368319.902567,PHY_FRAMES,178110
1791368319.908199,ps_img,177587
1791368319.932957,IMG_FRAMES,177628
1791368319.932957,IMG_SENT,177588
1791368319.933259,SYNC_CNT,178111
1791368319.936002,PHY_FRAMES,178111
1791368319.941507,ps_img,177588
1791368319.966399,IMG_FRAMES,177629
1791368319.966399,IMG_SENT,177589
1791368319.966870,SYNC_CNT,178112
1791368319.969582,PHY_FRAMES,178112
1791368319.979059,ps_img,177589
1791368319.999743,SYNC_CNT,178113
1791368319.999922,IMG_FRAMES,177630
1791368319.999922,IMG_SENT,177590
1791368320.002477,PHY_FRAMES,178113
1791368320.008744,ps_img,177590
1791368320.032809,SYNC_CNT,178114
1791368320.032874,IMG_FRAMES,177631
1791368320.032874,IMG_SENT,177591
1791368320.035501,PHY_FRAMES,178114
1791368320.040179,ps_img,177591
1791368320.065925,IMG_FRAMES,177632
1791368320.065925,IMG_SENT,177592
1791368320.066797,SYNC_CNT,178115
1791368320.069553,PHY_FRAMES,178115
1791368320.074526,ps_img,177592
1791368320.099890,IMG_SENT,177593
1791368320.099956,IMG_FRAMES,177633
1791368320.100018,SYNC_CNT,178116
1791368320.102710,PHY_FRAMES,178116
1791368320.109115,ps_img,177593
1791368320.133076,IMG_FRAMES,177634
1791368320.133076,IMG_SENT,177594
1791368320.133146,SYNC_CNT,178117
1791368320.135851,PHY_FRAMES,178117
1791368320.142236,ps_img,177594
1791368320.166247,IMG_FRAMES,177635
1791368320.166247,IMG_SENT,177595
1791368320.166722,SYNC_CNT,178118
1791368320.169428,PHY_FRAMES,178118
1791368320.175391,ps_img,177595
1791368320.199795,IMG_FRAMES,177636
1791368320.199795,IMG_SENT,177596
1791368320.199862,SYNC_CNT,178119
1791368320.202554,PHY_FRAMES,178119
1791368320.208642,ps_img,177596
1791368320.232946,IMG_FRAMES,177637
1791368320.232946,IMG_SENT,177597
1791368320.233072,SYNC_CNT,178120
1791368320.235806,PHY_FRAMES,178120
1791368320.239899,ps_img,177597
1791368320.266162,IMG_FRAMES,177638
1791368320.266162,IMG_SENT,177598
1791368320.266817,SYNC_CNT,178121
1791368320.269512,PHY_FRAMES,178121
1791368320.275296,ps_img,177598
1791368320.299759,SYNC_CNT,178122
1791368320.299940,IMG_FRAMES,177639
1791368320.299940,IMG_SENT,177599
1791368320.302459,PHY_FRAMES,178122
1791368320.309180,ps_img,177599
1791368320.332811,SYNC_CNT,178123
1791368320.332877,IMG_FRAMES,177640
1791368320.332877,IMG_SENT,177600
1791368320.335536,PHY_FRAMES,178123
1791368320.342159,ps_img,177600
1791368320.342921,clk,-44902450896933
1791368320.342921,clk_rtt,587
1791368320.365916,IMG_FRAMES,177641
1791368320.365916,IMG_SENT,177601
1791368320.366511,SYNC_CNT,178124
1791368320.369222,PHY_FRAMES,178124
1791368320.391669,ps_img,177601
1791368320.399344,SYNC_CNT,178125
1791368320.399587,IMG_SENT,177602
1791368320.399649,IMG_FRAMES,177642
1791368320.402063,PHY_FRAMES,178125
1791368320.407685,ps_img,177602
1791368320.432436,IMG_SENT,177603
1791368320.432502,IMG_FRAMES,177643
1791368320.433178,SYNC_CNT,178126
1791368320.435903,PHY_FRAMES,178126
1791368320.443589,ps_img,177603
1791368320.466264,IMG_FRAMES,177644
1791368320.466264,IMG_SENT,177604
1791368320.466687,SYNC_CNT,178127
1791368320.469393,PHY_FRAMES,178127
1791368320.477937,ps_img,177604
1791368320.499580,SYNC_CNT,178128
1791368320.499762,IMG_FRAMES,177645
1791368320.499762,IMG_SENT,177605
1791368320.502312,PHY_FRAMES,178128
1791368320.507593,ps_img,177605
1791368320.532666,IMG_FRAMES,177646
1791368320.532666,IMG_SENT,177606
1791368320.533368,SYNC_CNT,178129
1791368320.536080,PHY_FRAMES,178129
1791368320.540073,ps_img,177606
1791368320.566467,IMG_FRAMES,177647
1791368320.566467,IMG_SENT,177607
1791368320.566768,SYNC_CNT,178130
1791368320.569500,PHY_FRAMES,178130
1791368320.574548,ps_img,177607
1791368320.599705,SYNC_CNT,178131
1791368320.599887,IMG_FRAMES,177648
1791368320.599887,IMG_SENT,177608
1791368320.602436,PHY_FRAMES,178131
1791368320.609612,ps_img,177608
1791368320.632630,SYNC_CNT,178132
1791368320.632817,IMG_FRAMES,177649
1791368320.632817,IMG_SENT,177609
1791368320.635315,PHY_FRAMES,178132
1791368320.642868,ps_img,177609
1791368320.665658,IMG_FRAMES,177650
1791368320.665658,IMG_SENT,177610
1791368320.666762,SYNC_CNT,178133
1791368320.669474,PHY_FRAMES,178133
1791368320.673547,ps_img,177610
1791368320.699865,IMG_FRAMES,177651
1791368320.699865,IMG_SENT,177611
1791368320.699933,SYNC_CNT,178134
1791368320.702655,PHY_FRAMES,178134
1791368320.709105,ps_img,177611
1791368320.733026,IMG_FRAMES,177652
1791368320.733026,IMG_SENT,177612
1791368320.733384,SYNC_CNT,178135
1791368320.736086,PHY_FRAMES,178135
1791368320.747388,ps_img,177612
1791368320.766432,SYNC_CNT,178136
1791368320.766432,IMG_FRAMES,177653
1791368320.766432,IMG_SENT,177613
1791368320.769144,PHY_FRAMES,178136
1791368320.775820,ps_img,177613
1791368320.799582,IMG_FRAMES,177654
1791368320.799582,IMG_SENT,177614
1791368320.799887,SYNC_CNT,178137
1791368320.802590,PHY_FRAMES,178137
1791368320.807688,ps_img,177614
1791368320.832969,IMG_FRAMES,177655
1791368320.832969,IMG_SENT,177615
1791368320.833339,SYNC_CNT,178138
1791368320.836049,PHY_FRAMES,178138
1791368320.848408,ps_img,177615
1791368320.866446,IMG_FRAMES,177656
1791368320.866446,IMG_SENT,177616
1791368320.866810,SYNC_CNT,178139
1791368320.869492,PHY_FRAMES,178139
1791368320.887510,ps_img,177616
1791368320.899757,SYNC_CNT,178140
1791368320.899882,IMG_SENT,177617
1791368320.899944,IMG_FRAMES,177657
1791368320.902489,PHY_FRAMES,178140
1791368320.909585,ps_img,177617
1791368320.932723,SYNC_CNT,178141
1791368320.932850,IMG_FRAMES,177658
1791368320.932850,IMG_SENT,177618
1791368320.935456,PHY_FRAMES,178141
1791368320.942968,ps_img,177618
1791368320.965818,IMG_FRAMES,177659
1791368320.965818,IMG_SENT,177619
1791368320.966791,SYNC_CNT,178142
1791368320.969503,PHY_FRAMES,178142
1791368320.973735,ps_img,177619
1791368320.999855,IMG_FRAMES,177660
1791368320.999855,IMG_SENT,177620
1791368320.999924,SYNC_CNT,178143
1791368321.002673,PHY_FRAMES,178143
1791368321.007865,ps_img,177620
1791368321.032960,SYNC_CNT,178144
1791368321.033026,IMG_FRAMES,177661
1791368321.033026,IMG_SENT,177621
1791368321.035686,PHY_FRAMES,178144
1791368321.041254,ps_img,177621
1791368321.065883,SYNC_CNT,178145
1791368321.066065,IMG_FRAMES,177662
1791368321.066065,IMG_SENT,177622
1791368321.068637,PHY_FRAMES,178145
1791368321.074316,ps_img,177622
1791368321.099004,IMG_FRAMES,177663
1791368321.099004,IMG_SENT,177623
1791368321.099073,SYNC_CNT,178146
1791368321.101764,PHY_FRAMES,178146
1791368321.106992,ps_img,177623
1791368321.132145,IMG_FRAMES,177664
1791368321.132145,IMG_SENT,177624
1791368321.133301,SYNC_CNT,178147
1791368321.136028,PHY_FRAMES,178147
1791368321.141183,ps_img,177624
1791368321.166392,IMG_SENT,177625
1791368321.166458,IMG_FRAMES,177665
1791368321.166750,SYNC_CNT,178148
1791368321.169499,PHY_FRAMES,178148
1791368321.174935,ps_img,177625
1791368321.199757,SYNC_CNT,178149
1791368321.199880,IMG_FRAMES,177666
1791368321.199880,IMG_SENT,177626
1791368321.202482,PHY_FRAMES,178149
1791368321.207930,ps_img,177626
1791368321.232768,SYNC_CNT,178150
1791368321.232835,IMG_FRAMES,177667
1791368321.232835,IMG_SENT,177627
1791368321.235508,PHY_FRAMES,178150
1791368321.242944,ps_img,177627
1791368321.265872,IMG_FRAMES,177668
1791368321.265872,IMG_SENT,177628
1791368321.266705,SYNC_CNT,178151
1791368321.269466,PHY_FRAMES,178151
1791368321.274055,ps_img,177628
1791368321.299711,SYNC_CNT,178152
1791368321.299835,IMG_FRAMES,177669
1791368321.299835,IMG_SENT,177629
1791368321.302406,PHY_FRAMES,178152
1791368321.307508,ps_img,177629
1791368321.332801,IMG_FRAMES,177670
1791368321.332801,IMG_SENT,177630
1791368321.333348,SYNC_CNT,178153
1791368321.336080,PHY_FRAMES,178153
1791368321.348582,ps_img,177630
1791368321.366467,SYNC_CNT,178154
1791368321.366467,IMG_FRAMES,177671
1791368321.366467,IMG_SENT,177631
1791368321.370929,PHY_FRAMES,178154
1791368321.383777,ps_img,177631
1791368321.399575,IMG_FRAMES,177672
1791368321.399575,IMG_SENT,177632
1791368321.399822,SYNC_CNT,178155
1791368321.402556,PHY_FRAMES,178155
1791368321.407701,ps_img,177632
1791368321.432958,IMG_FRAMES,177673
1791368321.432958,IMG_SENT,177633
1791368321.433089,SYNC_CNT,178156
1791368321.435829,PHY_FRAMES,178156
1791368321.440482,ps_img,177633
1791368321.466192,IMG_FRAMES,177674
1791368321.466192,IMG_SENT,177634
1791368321.466783,SYNC_CNT,178157
1791368321.469486,PHY_FRAMES,178157
1791368321.476112,ps_img,177634
1791368321.499703,SYNC_CNT,178158
1791368321.499885,IMG_FRAMES,177675
1791368321.499885,IMG_SENT,177635
1791368321.502409,PHY_FRAMES,178158
1791368321.508168,ps_img,177635
1791368321.532783,SYNC_CNT,178159
1791368321.532783,IMG_SENT,177636
1791368321.532852,IMG_FRAMES,177676
1791368321.535466,PHY_FRAMES,178159
1791368321.542486,ps_img,177636
1791368321.565895,IMG_FRAMES,177677
1791368321.565895,IMG_SENT,177637
1791368321.566709,SYNC_CNT,178160
1791368321.569435,PHY_FRAMES,178160
1791368321.574827,ps_img,177637
1791368321.599829,IMG_FRAMES,177678
1791368321.599829,IMG_SENT,177638
1791368321.599898,SYNC_CNT,178161
1791368321.602612,PHY_FRAMES,178161
1791368321.607746,ps_img,177638
1791368321.632821,SYNC_CNT,178162
1791368321.633004,IMG_FRAMES,177679
1791368321.633004,IMG_SENT,177639
1791368321.635515,PHY_FRAMES,178162
1791368321.641801,ps_img,177639
1791368321.665890,SYNC_CNT,178163
1791368321.665890,IMG_FRAMES,177680
1791368321.665890,IMG_SENT,177640
1791368321.668628,PHY_FRAMES,178163
1791368321.676351,ps_img,177640
1791368321.698840,SYNC_CNT,178164
1791368321.699022,IMG_FRAMES,177681
1791368321.699022,IMG_SENT,177641
1791368321.701572,PHY_FRAMES,178164
1791368321.709146,ps_img,177641
1791368321.731959,IMG_FRAMES,177682
1791368321.731959,IMG_SENT,177642
1791368321.733334,SYNC_CNT,178165
1791368321.736068,PHY_FRAMES,178165
1791368321.751150,ps_img,177642
1791368321.766416,IMG_FRAMES,177683
1791368321.766416,IMG_SENT,177643
1791368321.766603,SYNC_CNT,178166
1791368321.769315,PHY_FRAMES,178166
1791368321.780996,ps_img,177643
1791368321.799730,IMG_FRAMES,177684
1791368321.799730,IMG_SENT,177644
1791368321.799976,SYNC_CNT,178167
1791368321.802739,PHY_FRAMES,178167
1791368321.807463,ps_img,177644
1791368321.832799,SYNC_CNT,178168
1791368321.833103,IMG_FRAMES,177685
1791368321.833103,IMG_SENT,177645
1791368321.835490,PHY_FRAMES,178168
1791368321.843713,ps_img,177645
1791368321.865891,IMG_FRAMES,177686
1791368321.865891,IMG_SENT,177646
1791368321.866720,SYNC_CNT,178169
1791368321.869466,PHY_FRAMES,178169
1791368321.879609,ps_img,177646
1791368321.899862,SYNC_CNT,178170
1791368321.899862,IMG_FRAMES,177687
1791368321.899862,IMG_SENT,177647
1791368321.902554,PHY_FRAMES,178170
1791368321.910063,ps_img,177647
1791368321.932971,IMG_FRAMES,177688
1791368321.932971,IMG_SENT,177648
1791368321.933220,SYNC_CNT,178171
1791368321.935904,PHY_FRAMES,178171
1791368321.940966,ps_img,177648
1791368321.966309,IMG_FRAMES,177689
1791368321.966309,IMG_SENT,177649
1791368321.966725,SYNC_CNT,178172
1791368321.969392,PHY_FRAMES,178172
1791368321.975335,ps_img,177649
1791368321.999775,IMG_SENT,177650
1791368321.999840,SYNC_CNT,178173
1791368321.999840,IMG_FRAMES,177690
1791368322.002565,PHY_FRAMES,178173
1791368322.008501,ps_img,177650
1791368322.032953,IMG_FRAMES,177691
1791368322.032953,IMG_SENT,177651
1791368322.033370,SYNC_CNT,178174
1791368322.036093,PHY_FRAMES,178174
1791368322.040649,ps_img,177651
1791368322.066485,IMG_FRAMES,177692
1791368322.066485,IMG_SENT,177652
1791368322.066787,SYNC_CNT,178175
1791368322.069515,PHY_FRAMES,178175
1791368322.074336,ps_img,177652
1791368322.099739,SYNC_CNT,178176
1791368322.099864,IMG_SENT,177653
1791368322.099926,IMG_FRAMES,177693
1791368322.102474,PHY_FRAMES,178176
1791368322.107716,ps_img,177653
1791368322.132757,SYNC_CNT,178177
1791368322.132823,IMG_SENT,177654
1791368322.132885,IMG_FRAMES,177694
1791368322.135484,PHY_FRAMES,178177
1791368322.140708,ps_img,177654
1791368322.165874,IMG_FRAMES,177695
1791368322.165874,IMG_SENT,177655
1791368322.166751,SYNC_CNT,178178
1791368322.169447,PHY_FRAMES,178178
1791368322.173708,ps_img,177655
1791368322.199815,SYNC_CNT,178179
1791368322.199882,IMG_FRAMES,177696
1791368322.199882,IMG_SENT,177656
1791368322.202493,PHY_FRAMES,178179
1791368322.207542,ps_img,177656
1791368322.232908,IMG_FRAMES,177697
1791368322.232908,IMG_SENT,177657
1791368322.233211,SYNC_CNT,178180
1791368322.235893,PHY_FRAMES,178180
1791368322.244996,ps_img,177657
1791368322.266269,IMG_SENT,177658
1791368322.266336,IMG_FRAMES,177698
1791368322.266749,SYNC_CNT,178181
1791368322.269451,PHY_FRAMES,178181
1791368322.278416,ps_img,177658
1791368322.299832,IMG_FRAMES,177699
1791368322.299832,IMG_SENT,177659
1791368322.306897,SYNC_CNT,178182
1791368322.309592,PHY_FRAMES,178182
1791368322.310539,ps_img,177659
1791368322.339521,SYNC_CNT,178183
1791368322.339994,IMG_FRAMES,177700
1791368322.339994,IMG_SENT,177660
1791368322.342233,PHY_FRAMES,178183
1791368322.351067,ps_img,177660
1791368322.372172,SYNC_CNT,178184
1791368322.372616,IMG_FRAMES,177701
1791368322.372616,IMG_SENT,177661
1791368322.374927,PHY_FRAMES,178184
1791368322.389698,ps_img,177661
1791368322.405030,SYNC_CNT,178185
1791368322.405274,IMG_FRAMES,177702
1791368322.405274,IMG_SENT,177662
1791368322.407730,PHY_FRAMES,178185
1791368322.419678,ps_img,177662
1791368322.437680,SYNC_CNT,178186
1791368322.438103,IMG_FRAMES,177703
1791368322.438103,IMG_SENT,177663
1791368322.440368,PHY_FRAMES,178186
1791368322.450771,ps_img,177663
1791368322.470306,SYNC_CNT,178187
1791368322.470777,IMG_FRAMES,177704
1791368322.470777,IMG_SENT,177664
1791368322.473053,PHY_FRAMES,178187
1791368322.479959,ps_img,177664
1791368322.502950,SYNC_CNT,178188
1791368322.503421,IMG_FRAMES,177705
1791368322.503421,IMG_SENT,177665
1791368322.505682,PHY_FRAMES,178188
1791368322.511909,ps_img,177665
1791368322.535890,SYNC_CNT,178189
1791368322.536072,IMG_FRAMES,177706
1791368322.536072,IMG_SENT,177666
1791368322.538636,PHY_FRAMES,178189
1791368322.544517,ps_img,177666
1791368322.568527,SYNC_CNT,178190
1791368322.569013,IMG_FRAMES,177707
1791368322.569013,IMG_SENT,177667
1791368322.571252,PHY_FRAMES,178190
1791368322.576109,ps_img,177667
1791368322.601212,SYNC_CNT,178191
1791368322.601626,IMG_SENT,177668
1791368322.601687,IMG_FRAMES,177708
1791368322.603929,PHY_FRAMES,178191
1791368322.608838,ps_img,177668
1791368322.633830,SYNC_CNT,178192
1791368322.634299,IMG_FRAMES,177709
1791368322.634299,IMG_SENT,177669
1791368322.636545,PHY_FRAMES,178192
1791368322.642720,ps_img,177669
1791368322.666528,SYNC_CNT,178193
1791368322.666939,IMG_FRAMES,177710
1791368322.666939,IMG_SENT,177670
1791368322.669203,PHY_FRAMES,178193
1791368322.675386,ps_img,177670
1791368322.699411,SYNC_CNT,178194
1791368322.699594,IMG_FRAMES,177711
1791368322.699594,IMG_SENT,177671
1791368322.702086,PHY_FRAMES,178194
1791368322.707641,ps_img,177671
1791368322.732165,SYNC_CNT,178195
1791368322.732522,IMG_FRAMES,177712
1791368322.732522,IMG_SENT,177672
1791368322.734837,PHY_FRAMES,178195
1791368322.743309,ps_img,177672
1791368322.765226,IMG_FRAMES,177713
1791368322.765226,IMG_SENT,177673
1791368322.766009,SYNC_CNT,178196
1791368322.768744,PHY_FRAMES,178196
1791368322.778181,ps_img,177673
1791368322.798791,SYNC_CNT,178197
1791368322.799091,IMG_FRAMES,177714
1791368322.799091,IMG_SENT,177674
1791368322.801494,PHY_FRAMES,178197
1791368322.811481,ps_img,177674
1791368322.831513,SYNC_CNT,178198
1791368322.831873,IMG_FRAMES,177715
1791368322.831873,IMG_SENT,177675
1791368322.834212,PHY_FRAMES,178198
1791368322.843110,ps_img,177675
1791368322.864181,SYNC_CNT,178199
1791368322.864621,IMG_FRAMES,177716
1791368322.864621,IMG_SENT,177676
1791368322.866871,PHY_FRAMES,178199
1791368322.886880,ps_img,177676
1791368322.897282,IMG_FRAMES,177717
1791368322.897282,IMG_SENT,177677
1791368322.898808,SYNC_CNT,178200
1791368322.901518,PHY_FRAMES,178200
1791368322.907203,ps_img,177677
1791368322.931777,SYNC_CNT,178201
1791368322.931904,IMG_FRAMES,177718
1791368322.931904,IMG_SENT,177678
1791368322.934495,PHY_FRAMES,178201
1791368322.939703,ps_img,177678
1791368322.964428,SYNC_CNT,178202
1791368322.964878,IMG_FRAMES,177719
1791368322.964878,IMG_SENT,177679
1791368322.967138,PHY_FRAMES,178202
1791368322.973758,ps_img,177679
1791368322.997124,SYNC_CNT,178203
1791368322.997535,IMG_FRAMES,177720
1791368322.997535,IMG_SENT,177680
1791368322.999789,PHY_FRAMES,178203
1791368323.008760,ps_img,177680
1791368323.030188,IMG_FRAMES,177721
1791368323.030188,IMG_SENT,177681
1791368323.033708,SYNC_CNT,178204
1791368323.036440,PHY_FRAMES,178204
1791368323.041024,ps_img,177681
1791368323.066357,SYNC_CNT,178205
1791368323.066824,IMG_FRAMES,177722
1791368323.066824,IMG_SENT,177682
1791368323.069088,PHY_FRAMES,178205
1791368323.074950,ps_img,177682
1791368323.098999,SYNC_CNT,178206
1791368323.099468,IMG_FRAMES,177723
1791368323.099468,IMG_SENT,177683
1791368323.101734,PHY_FRAMES,178206
1791368323.106492,ps_img,177683
1791368323.131930,SYNC_CNT,178207
1791368323.132112,IMG_FRAMES,177724
1791368323.132112,IMG_SENT,177684
1791368323.134629,PHY_FRAMES,178207
1791368323.140371,ps_img,177684
1791368323.165023,IMG_FRAMES,177725
1791368323.165023,IMG_SENT,177685
1791368323.166014,SYNC_CNT,178208
1791368323.168757,PHY_FRAMES,178208
1791368323.174069,ps_img,177685
1791368323.198882,SYNC_CNT,178209
1791368323.199122,IMG_FRAMES,177726
1791368323.199122,IMG_SENT,177686
1791368323.201618,PHY_FRAMES,178209
1791368323.207753,ps_img,177686
1791368323.231936,SYNC_CNT,178210
1791368323.232002,IMG_FRAMES,177727
1791368323.232002,IMG_SENT,177687
1791368323.234647,PHY_FRAMES,178210
1791368323.241314,ps_img,177687
1791368323.264549,SYNC_CNT,178211
1791368323.265049,IMG_FRAMES,177728
1791368323.265049,IMG_SENT,177688
1791368323.267275,PHY_FRAMES,178211
1791368323.280101,ps_img,177688
1791368323.297652,IMG_FRAMES,177729
1791368323.297652,IMG_SENT,177689
1791368323.298794,SYNC_CNT,178212
1791368323.301524,PHY_FRAMES,178212
1791368323.310816,ps_img,177689
1791368323.331572,SYNC_CNT,178213
1791368323.331892,IMG_FRAMES,177730
1791368323.331892,IMG_SENT,177690
1791368323.334308,PHY_FRAMES,178213
1791368323.340349,ps_img,177690
1791368323.364555,SYNC_CNT,178214
1791368323.364711,IMG_FRAMES,177731
1791368323.364711,IMG_SENT,177691
1791368323.367272,PHY_FRAMES,178214
1791368323.376144,ps_img,177691
1791368323.397204,SYNC_CNT,178215
1791368323.397632,IMG_FRAMES,177732
1791368323.397632,IMG_SENT,177692
1791368323.399884,PHY_FRAMES,178215
1791368323.412282,ps_img,177692
1791368323.430285,IMG_FRAMES,177733
1791368323.430285,IMG_SENT,177693
1791368323.434498,SYNC_CNT,178216
1791368323.437180,PHY_FRAMES,178216
1791368323.443874,ps_img,177693
1791368323.467317,SYNC_CNT,178217
1791368323.467566,IMG_FRAMES,177734
1791368323.467566,IMG_SENT,177694
1791368323.470024,PHY_FRAMES,178217
1791368323.478032,ps_img,177694
1791368323.499972,SYNC_CNT,178218
1791368323.500381,IMG_SENT,177695
1791368323.500442,IMG_FRAMES,177735
1791368323.502692,PHY_FRAMES,178218
1791368323.509113,ps_img,177695
1791368323.532614,SYNC_CNT,178219
1791368323.533088,IMG_FRAMES,177736
1791368323.533088,IMG_SENT,177696
1791368323.535331,PHY_FRAMES,178219
1791368323.541722,ps_img,177696
1791368323.565530,SYNC_CNT,178220
1791368323.565712,IMG_FRAMES,177737
1791368323.565712,IMG_SENT,177697
1791368323.568241,PHY_FRAMES,178220
1791368323.574288,ps_img,177697
1791368323.598158,SYNC_CNT,178221
1791368323.598624,IMG_FRAMES,177738
1791368323.598624,IMG_SENT,177698
1791368323.600884,PHY_FRAMES,178221
1791368323.606474,ps_img,177698
1791368323.630806,SYNC_CNT,178222
1791368323.631274,IMG_FRAMES,177739
1791368323.631274,IMG_SENT,177699
1791368323.633550,PHY_FRAMES,178222
1791368323.641147,ps_img,177699
1791368323.663809,SYNC_CNT,178223
1791368323.663932,IMG_FRAMES,177740
1791368323.663932,IMG_SENT,177700
1791368323.666545,PHY_FRAMES,178223
1791368323.676624,ps_img,177700
1791368323.696920,IMG_FRAMES,177741
1791368323.696920,IMG_SENT,177701
1791368323.698827,SYNC_CNT,178224
1791368323.701519,PHY_FRAMES,178224
1791368323.706355,ps_img,177701
1791368323.731547,SYNC_CNT,178225
1791368323.731907,IMG_FRAMES,177742
1791368323.731907,IMG_SENT,177702
1791368323.734256,PHY_FRAMES,178225
1791368323.741241,ps_img,177702
1791368323.764388,SYNC_CNT,178226
1791368323.764660,IMG_FRAMES,177743
1791368323.764660,IMG_SENT,177703
1791368323.767117,PHY_FRAMES,178226
1791368323.775064,ps_img,177703
1791368323.797124,SYNC_CNT,178227
1791368323.797481,IMG_FRAMES,177744
1791368323.797481,IMG_SENT,177704
1791368323.799844,PHY_FRAMES,178227
1791368323.811445,ps_img,177704
1791368323.830469,IMG_FRAMES,177745
1791368323.830469,IMG_SENT,177705
1791368323.833387,SYNC_CNT,178228
1791368323.836096,PHY_FRAMES,178228
1791368323.842477,ps_img,177705
1791368323.866370,SYNC_CNT,178229
1791368323.866497,IMG_FRAMES,177746
1791368323.866497,IMG_SENT,177706
1791368323.869091,PHY_FRAMES,178229
1791368323.879244,ps_img,177706
1791368323.899026,SYNC_CNT,178230
1791368323.899502,IMG_FRAMES,177747
1791368323.899502,IMG_SENT,177707
1791368323.901757,PHY_FRAMES,178230
1791368323.908955,ps_img,177707
1791368323.932001,SYNC_CNT,178231
1791368323.932127,IMG_FRAMES,177748
1791368323.932127,IMG_SENT,177708
1791368323.934690,PHY_FRAMES,178231
1791368323.941839,ps_img,177708
1791368323.965117,IMG_FRAMES,177749
1791368323.965117,IMG_SENT,177709
1791368323.966738,SYNC_CNT,178232
1791368323.969486,PHY_FRAMES,178232
1791368323.972903,ps_img,177709
1791368323.999542,SYNC_CNT,178233
1791368323.999840,IMG_FRAMES,177750
1791368323.999840,IMG_SENT,177710
1791368324.002263,PHY_FRAMES,178233
1791368324.009105,ps_img,177710
1791368324.032539,SYNC_CNT,178234
1791368324.032623,IMG_FRAMES,177751
1791368324.032623,IMG_SENT,177711
1791368324.035227,PHY_FRAMES,178234
1791368324.042168,ps_img,177711
1791368324.065159,SYNC_CNT,178235
1791368324.065654,IMG_FRAMES,177752
1791368324.065654,IMG_SENT,177712
1791368324.067912,PHY_FRAMES,178235
1791368324.076002,ps_img,177712
1791368324.098277,IMG_FRAMES,177753
1791368324.098277,IMG_SENT,177713
1791368324.098809,SYNC_CNT,178236
1791368324.101530,PHY_FRAMES,178236
1791368324.106976,ps_img,177713
1791368324.131449,SYNC_CNT,178237
1791368324.131919,IMG_FRAMES,177754
1791368324.131919,IMG_SENT,177714
1791368324.134187,PHY_FRAMES,178237
1791368324.143684,ps_img,177714
1791368324.164473,SYNC_CNT,178238
1791368324.164538,IMG_FRAMES,177755
1791368324.164538,IMG_SENT,177715
1791368324.167206,PHY_FRAMES,178238
1791368324.171874,ps_img,177715
1791368324.197092,SYNC_CNT,178239
1791368324.197562,IMG_FRAMES,177756
1791368324.197562,IMG_SENT,177716
1791368324.199805,PHY_FRAMES,178239
1791368324.211105,ps_img,177716
1791368324.230228,IMG_FRAMES,177757
1791368324.230228,IMG_SENT,177717
1791368324.232677,SYNC_CNT,178240
1791368324.235361,PHY_FRAMES,178240
1791368324.243967,ps_img,177717
1791368324.265316,SYNC_CNT,178241
1791368324.265734,IMG_SENT,177718
1791368324.265798,IMG_FRAMES,177758
1791368324.268011,PHY_FRAMES,178241
1791368324.278929,ps_img,177718
1791368324.298239,SYNC_CNT,178242
1791368324.298424,IMG_FRAMES,177759
1791368324.298424,IMG_SENT,177719
1791368324.300933,PHY_FRAMES,178242
1791368324.308439,ps_img,177719
1791368324.330901,SYNC_CNT,178243
1791368324.331317,IMG_FRAMES,177760
1791368324.331317,IMG_SENT,177720
1791368324.333611,PHY_FRAMES,178243
1791368324.339619,ps_img,177720
1791368324.363947,IMG_SENT,177721
1791368324.364015,IMG_FRAMES,177761
1791368324.366771,SYNC_CNT,178244
1791368324.369453,PHY_FRAMES,178244
1791368324.373918,ps_img,177721
1791368324.399640,SYNC_CNT,178245
1791368324.399879,IMG_FRAMES,177762
1791368324.399879,IMG_SENT,177722
1791368324.402342,PHY_FRAMES,178245
1791368324.410998,ps_img,177722
1791368324.432461,SYNC_CNT,178246
1791368324.432724,IMG_FRAMES,177763
1791368324.432724,IMG_SENT,177723
1791368324.435221,PHY_FRAMES,178246
1791368324.443427,ps_img,177723
1791368324.465134,SYNC_CNT,178247
1791368324.465602,IMG_FRAMES,177764
1791368324.465602,IMG_SENT,177724
1791368324.467862,PHY_FRAMES,178247
1791368324.474131,ps_img,177724
1791368324.498242,IMG_FRAMES,177765
1791368324.498242,IMG_SENT,177725
1791368324.498831,SYNC_CNT,178248
1791368324.501529,PHY_FRAMES,178248
1791368324.505997,ps_img,177725
1791368324.531447,SYNC_CNT,178249
1791368324.531918,IMG_FRAMES,177766
1791368324.531918,IMG_SENT,177726
1791368324.534211,PHY_FRAMES,178249
1791368324.542815,ps_img,177726
1791368324.564354,SYNC_CNT,178250
1791368324.564616,IMG_FRAMES,177767
1791368324.564616,IMG_SENT,177727
1791368324.567079,PHY_FRAMES,178250
1791368324.573520,ps_img,177727
1791368324.596976,SYNC_CNT,178251
1791368324.597447,IMG_FRAMES,177768
1791368324.597447,IMG_SENT,177728
1791368324.599744,PHY_FRAMES,178251
1791368324.605859,ps_img,177728
1791368324.630131,IMG_FRAMES,177769
1791368324.630131,IMG_SENT,177729
1791368324.632673,SYNC_CNT,178252
1791368324.635367,PHY_FRAMES,178252
1791368324.640057,ps_img,177729
1791368324.665338,SYNC_CNT,178253
1791368324.665750,IMG_FRAMES,177770
1791368324.665750,IMG_SENT,177730
1791368324.668008,PHY_FRAMES,178253
1791368324.673698,ps_img,177730
1791368324.698194,SYNC_CNT,178254
1791368324.698431,IMG_FRAMES,177771
1791368324.698431,IMG_SENT,177731
1791368324.700886,PHY_FRAMES,178254
1791368324.706400,ps_img,177731
1791368324.730828,SYNC_CNT,178255
1791368324.731241,IMG_SENT,177732
1791368324.731305,IMG_FRAMES,177772
1791368324.733558,PHY_FRAMES,178255
1791368324.742056,ps_img,177732
1791368324.763971,IMG_FRAMES,177773
1791368324.763971,IMG_SENT,177733
1791368324.766732,SYNC_CNT,178256
1791368324.769445,PHY_FRAMES,178256
1791368324.771821,ps_img,177733
1791368324.799582,SYNC_CNT,178257
1791368324.799824,IMG_SENT,177734
1791368324.799886,IMG_FRAMES,177774
1791368324.802328,PHY_FRAMES,178257
1791368324.808323,ps_img,177734
1791368324.832501,SYNC_CNT,178258
1791368324.832706,IMG_FRAMES,177775
1791368324.832706,IMG_SENT,177735
1791368324.835212,PHY_FRAMES,178258
1791368324.843689,ps_img,177735
1791368324.865140,SYNC_CNT,178259
1791368324.865557,IMG_FRAMES,177776
1791368324.865557,IMG_SENT,177736
1791368324.867854,PHY_FRAMES,178259
1791368324.882047,ps_img,177736
1791368324.898222,IMG_FRAMES,177777
1791368324.898222,IMG_SENT,177737
1791368324.898757,SYNC_CNT,178260
1791368324.901516,PHY_FRAMES,178260
1791368324.917708,ps_img,177737
1791368324.931581,SYNC_CNT,178261
1791368324.931961,IMG_FRAMES,177778
1791368324.931961,IMG_SENT,177738
1791368324.934269,PHY_FRAMES,178261
1791368324.943418,ps_img,177738
1791368324.964350,SYNC_CNT,178262
1791368324.964673,IMG_FRAMES,177779
1791368324.964673,IMG_SENT,177739
1791368324.967017,PHY_FRAMES,178262
1791368324.973012,ps_img,177739
1791368324.997005,SYNC_CNT,178263
1791368324.997416,IMG_FRAMES,177780
1791368324.997416,IMG_SENT,177740
1791368324.999737,PHY_FRAMES,178263
1791368325.004249,ps_img,177740
1791368325.030107,IMG_FRAMES,177781
1791368325.030107,IMG_SENT,177741
1791368325.034766,SYNC_CNT,178264
1791368325.037472,PHY_FRAMES,178264
1791368325.040111,ps_img,177741
1791368325.067573,SYNC_CNT,178265
1791368325.067869,IMG_FRAMES,177782
1791368325.067869,IMG_SENT,177742
1791368325.070327,PHY_FRAMES,178265
1791368325.076184,ps_img,177742
1791368325.100542,SYNC_CNT,178266
1791368325.100679,IMG_SENT,177743
1791368325.100741,IMG_FRAMES,177783
1791368325.103240,PHY_FRAMES,178266
1791368325.108443,ps_img,177743
1791368325.133187,SYNC_CNT,178267
1791368325.133601,IMG_SENT,177744
1791368325.133663,IMG_FRAMES,177784
1791368325.135890,PHY_FRAMES,178267
1791368325.142880,ps_img,177744
1791368325.166307,IMG_FRAMES,177785
1791368325.166307,IMG_SENT,177745
1791368325.166785,SYNC_CNT,178268
1791368325.169481,PHY_FRAMES,178268
1791368325.174505,ps_img,177745
1791368325.199389,SYNC_CNT,178269
1791368325.199857,IMG_FRAMES,177786
1791368325.199857,IMG_SENT,177746
1791368325.202130,PHY_FRAMES,178269
1791368325.207993,ps_img,177746
1791368325.232041,SYNC_CNT,178270
1791368325.232512,IMG_FRAMES,177787
1791368325.232512,IMG_SENT,177747
1791368325.234746,PHY_FRAMES,178270
1791368325.244658,ps_img,177747
1791368325.264894,SYNC_CNT,178271
1791368325.265136,IMG_SENT,177748
1791368325.265198,IMG_FRAMES,177788
1791368325.267611,PHY_FRAMES,178271
1791368325.274340,ps_img,177748
1791368325.297992,IMG_FRAMES,177789
1791368325.297992,IMG_SENT,177749
1791368325.298755,SYNC_CNT,178272
1791368325.301455,PHY_FRAMES,178272
1791368325.305736,ps_img,177749
1791368325.331437,SYNC_CNT,178273
1791368325.331849,IMG_SENT,177750
1791368325.331910,IMG_FRAMES,177790
1791368325.334137,PHY_FRAMES,178273
1791368325.342888,clk,-44902450896883
1791368325.342888,clk_rtt,546
1791368325.343839,ps_img,177750
1791368325.364319,SYNC_CNT,178274
1791368325.364502,IMG_FRAMES,177791
1791368325.364502,IMG_SENT,177751
1791368325.367048,PHY_FRAMES,178274
1791368325.380545,ps_img,177751
1791368325.397134,SYNC_CNT,178275
1791368325.397395,IMG_FRAMES,177792
1791368325.397395,IMG_SENT,177752
1791368325.399842,PHY_FRAMES,178275
1791368325.416349,ps_img,177752
1791368325.430230,IMG_FRAMES,177793
1791368325.430230,IMG_SENT,177753
1791368325.434694,SYNC_CNT,178276
1791368325.437351,PHY_FRAMES,178276
1791368325.441681,ps_img,177753
1791368325.467396,SYNC_CNT,178277
1791368325.467696,IMG_SENT,177754
1791368325.467758,IMG_FRAMES,177794
1791368325.470124,PHY_FRAMES,178277
1791368325.477724,ps_img,177754
1791368325.500361,SYNC_CNT,178278
1791368325.500484,IMG_FRAMES,177795
1791368325.500484,IMG_SENT,177755
1791368325.503044,PHY_FRAMES,178278
1791368325.509076,ps_img,177755
1791368325.533179,SYNC_CNT,178279
1791368325.533481,IMG_FRAMES,177796
1791368325.533481,IMG_SENT,177756
1791368325.535803,PHY_FRAMES,178279
1791368325.545216,ps_img,177756
1791368325.565746,SYNC_CNT,178280
1791368325.566220,IMG_FRAMES,177797
1791368325.566220,IMG_SENT,177757
1791368325.568480,PHY_FRAMES,178280
1791368325.575317,ps_img,177757
1791368325.598700,SYNC_CNT,178281
1791368325.598824,IMG_SENT,177758
1791368325.598885,IMG_FRAMES,177798
1791368325.601457,PHY_FRAMES,178281
1791368325.609223,ps_img,177758
1791368325.631458,SYNC_CNT,178282
1791368325.631838,IMG_FRAMES,177799
1791368325.631838,IMG_SENT,177759
1791368325.634186,PHY_FRAMES,178282
1791368325.642754,ps_img,177759
1791368325.664392,SYNC_CNT,178283
1791368325.664516,IMG_SENT,177760
1791368325.664577,IMG_FRAMES,177800
1791368325.667114,PHY_FRAMES,178283
1791368325.672739,ps_img,177760
1791368325.697466,IMG_FRAMES,177801
1791368325.697466,IMG_SENT,177761
1791368325.698812,SYNC_CNT,178284
1791368325.701522,PHY_FRAMES,178284
1791368325.705582,ps_img,177761
1791368325.731541,SYNC_CNT,178285
1791368325.731901,IMG_FRAMES,177802
1791368325.731901,IMG_SENT,177762
1791368325.734172,PHY_FRAMES,178285
1791368325.742747,ps_img,177762
1791368325.764350,SYNC_CNT,178286
1791368325.764647,IMG_FRAMES,177803
1791368325.764647,IMG_SENT,177763
1791368325.767078,PHY_FRAMES,178286
1791368325.775406,ps_img,177763
1791368325.797117,SYNC_CNT,178287
1791368325.797422,IMG_FRAMES,177804
1791368325.797422,IMG_SENT,177764
1791368325.799792,PHY_FRAMES,178287
1791368325.814382,ps_img,177764
1791368325.830220,IMG_FRAMES,177805
1791368325.830220,IMG_SENT,177765
1791368325.834808,SYNC_CNT,178288
1791368325.837462,PHY_FRAMES,178288
1791368325.841817,ps_img,177765
1791368325.867479,SYNC_CNT,178289
1791368325.867839,IMG_FRAMES,177806
1791368325.867839,IMG_SENT,177766
1791368325.870197,PHY_FRAMES,178289
1791368325.879606,ps_img,177766
1791368325.900416,SYNC_CNT,178290
1791368325.900542,IMG_SENT,177767
1791368325.900626,IMG_FRAMES,177807
1791368325.903145,PHY_FRAMES,178290
1791368325.914413,ps_img,177767
1791368325.933132,SYNC_CNT,178291
1791368325.933538,IMG_FRAMES,177808
1791368325.933538,IMG_SENT,177768
1791368325.935774,PHY_FRAMES,178291
1791368325.942909,ps_img,177768
1791368325.966170,IMG_FRAMES,177809
1791368325.966170,IMG_SENT,177769
1791368325.966528,SYNC_CNT,178292
1791368325.969277,PHY_FRAMES,178292
1791368325.973962,ps_img,177769
1791368325.999202,SYNC_CNT,178293
1791368325.999614,IMG_SENT,177770
1791368325.999675,IMG_FRAMES,177810
1791368326.001900,PHY_FRAMES,178293
1791368326.009216,ps_img,177770
1791368326.032060,SYNC_CNT,178294
1791368326.032299,IMG_FRAMES,177811
1791368326.032299,IMG_SENT,177771
1791368326.034818,PHY_FRAMES,178294
1791368326.042880,ps_img,177771
1791368326.065057,SYNC_CNT,178295
1791368326.065185,IMG_FRAMES,177812
1791368326.065185,IMG_SENT,177772
1791368326.067760,PHY_FRAMES,178295
1791368326.073737,ps_img,177772
1791368326.098152,IMG_FRAMES,177813
1791368326.098152,IMG_SENT,177773
1791368326.098741,SYNC_CNT,178296
1791368326.101501,PHY_FRAMES,178296
1791368326.106474,ps_img,177773
1791368326.131514,SYNC_CNT,178297
1791368326.131972,IMG_FRAMES,177814
1791368326.131972,IMG_SENT,177774
1791368326.134268,PHY_FRAMES,178297
1791368326.143148,ps_img,177774
1791368326.164369,SYNC_CNT,178298
1791368326.164619,IMG_FRAMES,177815
1791368326.164619,IMG_SENT,177775
1791368326.167060,PHY_FRAMES,178298
1791368326.174471,ps_img,177775
1791368326.196997,SYNC_CNT,178299
1791368326.197467,IMG_FRAMES,177816
1791368326.197467,IMG_SENT,177776
1791368326.199736,PHY_FRAMES,178299
1791368326.211419,ps_img,177776
1791368326.230081,IMG_SENT,177777
1791368326.230146,IMG_FRAMES,177817
1791368326.234823,SYNC_CNT,178300
1791368326.237480,PHY_FRAMES,178300
1791368326.240445,ps_img,177777
1791368326.267504,SYNC_CNT,178301
1791368326.267863,IMG_FRAMES,177818
1791368326.267863,IMG_SENT,177778
1791368326.270214,PHY_FRAMES,178301
1791368326.275806,ps_img,177778
1791368326.300393,SYNC_CNT,178302
1791368326.300562,IMG_SENT,177779
1791368326.300656,IMG_FRAMES,177819
1791368326.303099,PHY_FRAMES,178302
1791368326.314868,ps_img,177779
1791368326.333029,SYNC_CNT,178303
1791368326.333510,IMG_FRAMES,177820
1791368326.333510,IMG_SENT,177780
1791368326.335783,PHY_FRAMES,178303
1791368326.346678,ps_img,177780
1791368326.366167,IMG_FRAMES,177821
1791368326.366167,IMG_SENT,177781
1791368326.366763,SYNC_CNT,178304
1791368326.369483,PHY_FRAMES,178304
1791368326.373555,ps_img,177781
1791368326.399389,SYNC_CNT,178305
1791368326.399861,IMG_FRAMES,177822
1791368326.399861,IMG_SENT,177782
1791368326.402109,PHY_FRAMES,178305
1791368326.422634,ps_img,177782
1791368326.432055,SYNC_CNT,178306
1791368326.432465,IMG_SENT,177783
1791368326.432530,IMG_FRAMES,177823
1791368326.434787,PHY_FRAMES,178306
1791368326.448613,ps_img,177783
1791368326.464900,SYNC_CNT,178307
1791368326.465136,IMG_FRAMES,177824
1791368326.465136,IMG_SENT,177784
1791368326.467628,PHY_FRAMES,178307
1791368326.475007,ps_img,177784
1791368326.498028,IMG_FRAMES,177825
1791368326.498028,IMG_SENT,177785
1791368326.498853,SYNC_CNT,178308
1791368326.501546,PHY_FRAMES,178308
1791368326.506680,ps_img,177785
1791368326.531513,SYNC_CNT,178309
1791368326.531928,IMG_SENT,177786
1791368326.531989,IMG_FRAMES,177826
1791368326.534234,PHY_FRAMES,178309
1791368326.543627,ps_img,177786
1791368326.564467,SYNC_CNT,178310
1791368326.564645,IMG_FRAMES,177827
1791368326.564645,IMG_SENT,177787
1791368326.567197,PHY_FRAMES,178310
1791368326.571880,ps_img,177787
1791368326.597461,SYNC_CNT,178311
1791368326.597584,IMG_FRAMES,177828
1791368326.597584,IMG_SENT,177788
1791368326.600151,PHY_FRAMES,178311
1791368326.608132,ps_img,177788
1791368326.630529,IMG_FRAMES,177829
1791368326.630529,IMG_SENT,177789
1791368326.634732,SYNC_CNT,178312
1791368326.637470,PHY_FRAMES,178312
1791368326.642867,ps_img,177789
1791368326.667385,SYNC_CNT,178313
1791368326.667858,IMG_FRAMES,177830
1791368326.667858,IMG_SENT,177790
1791368326.670132,PHY_FRAMES,178313
1791368326.676208,ps_img,177790
1791368326.700173,SYNC_CNT,178314
1791368326.700470,IMG_SENT,177791
1791368326.700533,IMG_FRAMES,177831
1791368326.702891,PHY_FRAMES,178314
1791368326.709118,ps_img,177791
1791368326.732931,SYNC_CNT,178315
1791368326.733291,IMG_FRAMES,177832
1791368326.733291,IMG_SENT,177792
1791368326.735592,PHY_FRAMES,178315
1791368326.742562,ps_img,177792
1791368326.765989,IMG_FRAMES,177833
1791368326.765989,IMG_SENT,177793
1791368326.766763,SYNC_CNT,178316
1791368326.769442,PHY_FRAMES,178316
1791368326.774823,ps_img,177793
1791368326.799410,SYNC_CNT,178317
1791368326.799826,IMG_FRAMES,177834
1791368326.799826,IMG_SENT,177794
1791368326.802121,PHY_FRAMES,178317
1791368326.818298,ps_img,177794
1791368326.832211,SYNC_CNT,178318
1791368326.832520,IMG_FRAMES,177835
1791368326.832520,IMG_SENT,177795
1791368326.834934,PHY_FRAMES,178318
1791368326.850869,ps_img,177795
1791368326.865098,SYNC_CNT,178319
1791368326.865293,IMG_FRAMES,177836
1791368326.865293,IMG_SENT,177796
1791368326.867823,PHY_FRAMES,178319
1791368326.876574,ps_img,177796
1791368326.898220,IMG_FRAMES,177837
1791368326.898220,IMG_SENT,177797
1791368326.898758,SYNC_CNT,178320
1791368326.901465,PHY_FRAMES,178320
1791368326.914092,ps_img,177797
1791368326.931396,SYNC_CNT,178321
1791368326.931887,IMG_FRAMES,177838
1791368326.931887,IMG_SENT,177798
1791368326.934096,PHY_FRAMES,178321
1791368326.947250,ps_img,177798
1791368326.964059,SYNC_CNT,178322
1791368326.964478,IMG_SENT,177799
1791368326.964542,IMG_FRAMES,177839
1791368326.966748,PHY_FRAMES,178322
1791368326.972352,ps_img,177799
1791368326.997023,SYNC_CNT,178323
1791368326.997146,IMG_FRAMES,177840
1791368326.997146,IMG_SENT,177800
1791368326.999728,PHY_FRAMES,178323
1791368327.007147,ps_img,177800
1791368327.030100,IMG_SENT,177801
1791368327.030166,IMG_FRAMES,177841
1791368327.034725,SYNC_CNT,178324
1791368327.037517,PHY_FRAMES,178324
1791368327.045143,ps_img,177801
1791368327.067455,SYNC_CNT,178325
1791368327.067811,IMG_SENT,177802
1791368327.067873,IMG_FRAMES,177842
1791368327.070205,PHY_FRAMES,178325
1791368327.078354,ps_img,177802
1791368327.100245,SYNC_CNT,178326
1791368327.100610,IMG_FRAMES,177843
1791368327.100610,IMG_SENT,177803
1791368327.102973,PHY_FRAMES,178326
1791368327.108397,ps_img,177803
1791368327.133068,SYNC_CNT,178327
1791368327.133311,IMG_SENT,177804
1791368327.133374,IMG_FRAMES,177844
1791368327.135748,PHY_FRAMES,178327
1791368327.145643,ps_img,177804
1791368327.166156,IMG_FRAMES,177845
1791368327.166156,IMG_SENT,177805
1791368327.166746,SYNC_CNT,178328
1791368327.169488,PHY_FRAMES,178328
1791368327.174244,ps_img,177805
1791368327.199618,SYNC_CNT,178329
1791368327.199857,IMG_FRAMES,177846
1791368327.199857,IMG_SENT,177806
1791368327.202357,PHY_FRAMES,178329
1791368327.207115,ps_img,177806
1791368327.232380,SYNC_CNT,178330
1791368327.232761,IMG_FRAMES,177847
1791368327.232761,IMG_SENT,177807
1791368327.235122,PHY_FRAMES,178330
1791368327.246989,ps_img,177807
1791368327.265081,SYNC_CNT,178331
1791368327.265492,IMG_FRAMES,177848
1791368327.265492,IMG_SENT,177808
1791368327.267771,PHY_FRAMES,178331
1791368327.278347,ps_img,177808
1791368327.298195,IMG_FRAMES,177849
1791368327.298195,IMG_SENT,177809
1791368327.298793,SYNC_CNT,178332
1791368327.301499,PHY_FRAMES,178332
1791368327.312719,ps_img,177809
1791368327.331861,IMG_FRAMES,177850
1791368327.331861,IMG_SENT,177810
1791368327.332778,SYNC_CNT,178333
1791368327.335515,PHY_FRAMES,178333
1791368327.351580,ps_img,177810
1791368327.365435,SYNC_CNT,178334
1791368327.365908,IMG_FRAMES,177851
1791368327.365908,IMG_SENT,177811
1791368327.368188,PHY_FRAMES,178334
1791368327.374623,ps_img,177811
1791368327.398299,SYNC_CNT,178335
1791368327.398541,IMG_FRAMES,177852
1791368327.398541,IMG_SENT,177812
1791368327.401009,PHY_FRAMES,178335
1791368327.414752,ps_img,177812
1791368327.430969,SYNC_CNT,178336
1791368327.431390,IMG_FRAMES,177853
1791368327.431390,IMG_SENT,177813
1791368327.433642,PHY_FRAMES,178336
1791368327.445239,ps_img,177813
1791368327.463912,SYNC_CNT,178337
1791368327.464036,IMG_FRAMES,177854
1791368327.464036,IMG_SENT,177814
1791368327.466621,PHY_FRAMES,178337
1791368327.477229,ps_img,177814
1791368327.496572,SYNC_CNT,178338
1791368327.497057,IMG_FRAMES,177855
1791368327.497057,IMG_SENT,177815
1791368327.499296,PHY_FRAMES,178338
1791368327.505055,ps_img,177815
1791368327.529252,SYNC_CNT,178339
1791368327.529669,IMG_FRAMES,177856
1791368327.529669,IMG_SENT,177816
1791368327.531935,PHY_FRAMES,178339
1791368327.547064,ps_img,177816
1791368327.562063,SYNC_CNT,178340
1791368327.562305,IMG_SENT,177817
1791368327.562396,IMG_FRAMES,177857
1791368327.564814,PHY_FRAMES,178340
1791368327.571278,ps_img,177817
1791368327.595187,IMG_FRAMES,177858
1791368327.595187,IMG_SENT,177818
1791368327.604926,SYNC_CNT,178341
1791368327.605808,ps_img,177818
1791368327.607754,PHY_FRAMES,178341
1791368327.637815,SYNC_CNT,178342
1791368327.637995,IMG_SENT,177819
1791368327.638056,IMG_FRAMES,177859
1791368327.640512,PHY_FRAMES,178342
1791368327.646488,ps_img,177819
1791368327.670430,SYNC_CNT,178343
1791368327.670899,IMG_FRAMES,177860
1791368327.670899,IMG_SENT,177820
1791368327.673155,PHY_FRAMES,178343
1791368327.678712,ps_img,177820
1791368327.703395,SYNC_CNT,178344
1791368327.703519,IMG_SENT,177821
1791368327.703580,IMG_FRAMES,177861
1791368327.706133,PHY_FRAMES,178344
1791368327.711335,ps_img,177821
1791368327.736115,SYNC_CNT,178345
1791368327.736530,IMG_FRAMES,177862
1791368327.736530,IMG_SENT,177822
1791368327.738848,PHY_FRAMES,178345
1791368327.744998,ps_img,177822
1791368327.768961,SYNC_CNT,178346
1791368327.769201,IMG_FRAMES,177863
1791368327.769201,IMG_SENT,177823
1791368327.771636,PHY_FRAMES,178346
1791368327.777502,ps_img,177823
1791368327.801619,SYNC_CNT,178347
1791368327.802040,IMG_FRAMES,177864
1791368327.802040,IMG_SENT,177824
1791368327.804337,PHY_FRAMES,178347
1791368327.819707,ps_img,177824
1791368327.834235,SYNC_CNT,178348
1791368327.834737,IMG_FRAMES,177865
1791368327.834737,IMG_SENT,177825
1791368327.836985,PHY_FRAMES,178348
1791368327.851962,ps_img,177825
1791368327.866878,SYNC_CNT,178349
1791368327.867354,IMG_FRAMES,177866
1791368327.867354,IMG_SENT,177826
1791368327.869625,PHY_FRAMES,178349
1791368327.875588,ps_img,177826
1791368327.899548,SYNC_CNT,178350
1791368327.900026,IMG_FRAMES,177867
1791368327.900026,IMG_SENT,177827
1791368327.902274,PHY_FRAMES,178350
1791368327.918495,ps_img,177827
1791368327.932431,SYNC_CNT,178351
1791368327.932682,IMG_FRAMES,177868
1791368327.932682,IMG_SENT,177828
1791368327.935157,PHY_FRAMES,178351
1791368327.946088,ps_img,177828
1791368327.965532,IMG_FRAMES,177869
1791368327.965532,IMG_SENT,177829
1791368327.966762,SYNC_CNT,178352
1791368327.969447,PHY_FRAMES,178352
1791368327.979598,ps_img,177829
1791368327.999451,SYNC_CNT,178353
1791368327.999832,IMG_FRAMES,177870
1791368327.999832,IMG_SENT,177830
1791368328.002161,PHY_FRAMES,178353
1791368328.012337,ps_img,177830
1791368328.032307,SYNC_CNT,178354
1791368328.032547,IMG_FRAMES,177871
1791368328.032547,IMG_SENT,177831
1791368328.035058,PHY_FRAMES,178354
1791368328.052021,ps_img,177831
1791368328.065081,SYNC_CNT,178355
1791368328.065435,IMG_FRAMES,177872
1791368328.065435,IMG_SENT,177832
1791368328.067789,PHY_FRAMES,178355
1791368328.080465,ps_img,177832
1791368328.098217,IMG_FRAMES,177873
1791368328.098217,IMG_SENT,177833
1791368328.098751,SYNC_CNT,178356
1791368328.101498,PHY_FRAMES,178356
1791368328.107475,ps_img,177833
1791368328.131743,SYNC_CNT,178357
1791368328.131868,IMG_FRAMES,177874
1791368328.131868,IMG_SENT,177834
1791368328.134490,PHY_FRAMES,178357
1791368328.146292,ps_img,177834
1791368328.164532,SYNC_CNT,178358
1791368328.164847,IMG_SENT,177835
1791368328.164909,IMG_FRAMES,177875
1791368328.167208,PHY_FRAMES,178358
1791368328.173701,ps_img,177835
1791368328.197137,SYNC_CNT,178359
1791368328.197608,IMG_FRAMES,177876
1791368328.197608,IMG_SENT,177836
1791368328.199878,PHY_FRAMES,178359
1791368328.207707,ps_img,177836
1791368328.230237,IMG_FRAMES,177877
1791368328.230237,IMG_SENT,177837
1791368328.233515,SYNC_CNT,178360
1791368328.236220,PHY_FRAMES,178360
1791368328.248474,ps_img,177837
1791368328.266191,SYNC_CNT,178361
1791368328.266609,IMG_FRAMES,177878
1791368328.266609,IMG_SENT,177838
1791368328.268898,PHY_FRAMES,178361
1791368328.275604,ps_img,177838
1791368328.299022,SYNC_CNT,178362
1791368328.299266,IMG_FRAMES,177879
1791368328.299266,IMG_SENT,177839
1791368328.301704,PHY_FRAMES,178362
1791368328.315508,ps_img,177839
1791368328.332015,SYNC_CNT,178363
1791368328.332140,IMG_FRAMES,177880
1791368328.332140,IMG_SENT,177840
1791368328.334729,PHY_FRAMES,178363
1791368328.344091,ps_img,177840
1791368328.365100,IMG_FRAMES,177881
1791368328.365100,IMG_SENT,177841
1791368328.365982,SYNC_CNT,178364
1791368328.368729,PHY_FRAMES,178364
1791368328.377062,ps_img,177841
1791368328.398796,SYNC_CNT,178365
1791368328.399096,IMG_FRAMES,177882
1791368328.399096,IMG_SENT,177842
1791368328.401493,PHY_FRAMES,178365
1791368328.414861,ps_img,177842
1791368328.431433,SYNC_CNT,178366
1791368328.431913,IMG_FRAMES,177883
1791368328.431913,IMG_SENT,177843
1791368328.434159,PHY_FRAMES,178366
1791368328.450891,ps_img,177843
1791368328.464370,SYNC_CNT,178367
1791368328.464555,IMG_FRAMES,177884
1791368328.464555,IMG_SENT,177844
1791368328.467062,PHY_FRAMES,178367
1791368328.473669,ps_img,177844
1791368328.497456,IMG_FRAMES,177885
1791368328.497456,IMG_SENT,177845
1791368328.498802,SYNC_CNT,178368
1791368328.501510,PHY_FRAMES,178368
1791368328.506296,ps_img,177845
1791368328.531481,SYNC_CNT,178369
1791368328.531892,IMG_FRAMES,177886
1791368328.531892,IMG_SENT,177846
1791368328.534177,PHY_FRAMES,178369
1791368328.543273,ps_img,177846
1791368328.564414,SYNC_CNT,178370
1791368328.564627,IMG_FRAMES,177887
1791368328.564627,IMG_SENT,177847
1791368328.567104,PHY_FRAMES,178370
1791368328.574028,ps_img,177847
1791368328.597073,SYNC_CNT,178371
1791368328.597484,IMG_FRAMES,177888
1791368328.597484,IMG_SENT,177848
1791368328.599751,PHY_FRAMES,178371
1791368328.604379,ps_img,177848
1791368328.630181,IMG_FRAMES,177889
1791368328.630181,IMG_SENT,177849
1791368328.632159,SYNC_CNT,178372
1791368328.634862,PHY_FRAMES,178372
1791368328.646923,ps_img,177849
1791368328.664924,SYNC_CNT,178373
1791368328.665279,IMG_FRAMES,177890
1791368328.665279,IMG_SENT,177850
1791368328.667591,PHY_FRAMES,178373
1791368328.672576,ps_img,177850
1791368328.697725,SYNC_CNT,178374
1791368328.698022,IMG_FRAMES,177891
1791368328.698022,IMG_SENT,177851
1791368328.700458,PHY_FRAMES,178374
1791368328.706968,ps_img,177851
1791368328.730740,SYNC_CNT,178375
1791368328.730805,IMG_FRAMES,177892
1791368328.730805,IMG_SENT,177852
1791368328.733447,PHY_FRAMES,178375
1791368328.742226,ps_img,177852
1791368328.763678,SYNC_CNT,178376
1791368328.763804,IMG_FRAMES,177893
1791368328.763804,IMG_SENT,177853
1791368328.766356,PHY_FRAMES,178376
1791368328.773553,ps_img,177853
1791368328.796482,SYNC_CNT,178377
1791368328.796762,IMG_FRAMES,177894
1791368328.796762,IMG_SENT,177854
1791368328.799246,PHY_FRAMES,178377
1791368328.813146,ps_img,177854
1791368328.829225,SYNC_CNT,178378
1791368328.829581,IMG_SENT,177855
1791368328.829643,IMG_FRAMES,177895
1791368328.831959,PHY_FRAMES,178378
1791368328.839153,ps_img,177855
1791368328.862123,SYNC_CNT,178379
1791368328.862308,IMG_FRAMES,177896
1791368328.862308,IMG_SENT,177856
1791368328.864876,PHY_FRAMES,178379
1791368328.872951,ps_img,177856
1791368328.895239,IMG_FRAMES,177897
1791368328.895239,IMG_SENT,177857
1791368328.899988,SYNC_CNT,178380
1791368328.902668,PHY_FRAMES,178380
1791368328.908791,ps_img,177857
1791368328.932717,SYNC_CNT,178381
1791368328.933076,IMG_FRAMES,177898
1791368328.933076,IMG_SENT,177858
1791368328.935436,PHY_FRAMES,178381
1791368328.945059,ps_img,177858
1791368328.965854,IMG_FRAMES,177899
1791368328.965854,IMG_SENT,177859
1791368328.970019,SYNC_CNT,178382
1791368328.972733,PHY_FRAMES,178382
1791368328.973668,ps_img,177859
1791368329.002666,SYNC_CNT,178383
1791368329.003136,IMG_FRAMES,177900
1791368329.003136,IMG_SENT,177860
1791368329.005366,PHY_FRAMES,178383
1791368329.010877,ps_img,177860
1791368329.035442,SYNC_CNT,178384
1791368329.035797,IMG_FRAMES,177901
1791368329.035797,IMG_SENT,177861
1791368329.038200,PHY_FRAMES,178384
1791368329.049842,ps_img,177861
1791368329.068110,SYNC_CNT,178385
1791368329.068583,IMG_FRAMES,177902
1791368329.068583,IMG_SENT,177862
1791368329.070848,PHY_FRAMES,178385
1791368329.077366,ps_img,177862
1791368329.100864,SYNC_CNT,178386
1791368329.101218,IMG_FRAMES,177903
1791368329.101218,IMG_SENT,177863
1791368329.103591,PHY_FRAMES,178386
1791368329.111709,ps_img,177863
1791368329.133659,SYNC_CNT,178387
1791368329.134012,IMG_FRAMES,177904
1791368329.134012,IMG_SENT,177864
1791368329.136385,PHY_FRAMES,178387
1791368329.142427,ps_img,177864
1791368329.166742,SYNC_CNT,178388
1791368329.166742,IMG_SENT,177865
1791368329.166810,IMG_FRAMES,177905
1791368329.169445,PHY_FRAMES,178388
1791368329.174952,ps_img,177865
1791368329.199439,SYNC_CNT,178389
1791368329.199850,IMG_FRAMES,177906
1791368329.199850,IMG_SENT,177866
1791368329.202127,PHY_FRAMES,178389
1791368329.207878,ps_img,177866
1791368329.232491,SYNC_CNT,178390
1791368329.232491,IMG_SENT,177867
1791368329.232559,IMG_FRAMES,177907
1791368329.235184,PHY_FRAMES,178390
1791368329.240555,ps_img,177867
1791368329.265089,SYNC_CNT,178391
1791368329.265564,IMG_FRAMES,177908
1791368329.265564,IMG_SENT,177868
1791368329.267823,PHY_FRAMES,178391
1791368329.275466,ps_img,177868
1791368329.298230,IMG_FRAMES,177909
1791368329.298230,IMG_SENT,177869
1791368329.298769,SYNC_CNT,178392
1791368329.301480,PHY_FRAMES,178392
1791368329.310401,ps_img,177869
1791368329.331511,SYNC_CNT,178393
1791368329.331870,IMG_FRAMES,177910
1791368329.331870,IMG_SENT,177870
1791368329.334188,PHY_FRAMES,178393
1791368329.339654,ps_img,177870
1791368329.364146,SYNC_CNT,178394
1791368329.364578,IMG_FRAMES,177911
1791368329.364578,IMG_SENT,177871
1791368329.366857,PHY_FRAMES,178394
1791368329.374669,ps_img,177871
1791368329.397047,SYNC_CNT,178395
1791368329.397235,IMG_FRAMES,177912
1791368329.397235,IMG_SENT,177872
1791368329.399783,PHY_FRAMES,178395
1791368329.416502,ps_img,177872
1791368329.430141,IMG_FRAMES,177913
1791368329.430141,IMG_SENT,177873
1791368329.432282,SYNC_CNT,178396
1791368329.434950,PHY_FRAMES,178396
1791368329.438868,ps_img,177873
1791368329.464911,SYNC_CNT,178397
1791368329.465382,IMG_FRAMES,177914
1791368329.465382,IMG_SENT,177874
1791368329.467595,PHY_FRAMES,178397
1791368329.473648,ps_img,177874
1791368329.497574,SYNC_CNT,178398
1791368329.497986,IMG_SENT,177875
1791368329.498048,IMG_FRAMES,177915
1791368329.500257,PHY_FRAMES,178398
1791368329.506364,ps_img,177875
1791368329.530679,IMG_FRAMES,177916
1791368329.530679,IMG_SENT,177876
1791368329.533506,SYNC_CNT,178399
1791368329.536206,PHY_FRAMES,178399
1791368329.538800,ps_img,177876
1791368329.566501,SYNC_CNT,178400
1791368329.566569,IMG_SENT,177877
1791368329.566631,IMG_FRAMES,177917
1791368329.569258,PHY_FRAMES,178400
1791368329.574865,ps_img,177877
1791368329.599401,SYNC_CNT,178401
1791368329.599640,IMG_FRAMES,177918
1791368329.599640,IMG_SENT,177878
1791368329.602152,PHY_FRAMES,178401
1791368329.607626,ps_img,177878
1791368329.632103,SYNC_CNT,178402
1791368329.632516,IMG_FRAMES,177919
1791368329.632516,IMG_SENT,177879
1791368329.634794,PHY_FRAMES,178402
1791368329.640947,ps_img,177879
1791368329.664753,SYNC_CNT,178403
1791368329.665164,IMG_FRAMES,177920
1791368329.665164,IMG_SENT,177880
1791368329.667482,PHY_FRAMES,178403
1791368329.673518,ps_img,177880
1791368329.697816,IMG_SENT,177881
1791368329.697920,IMG_FRAMES,177921
1791368329.698740,SYNC_CNT,178404
1791368329.701451,PHY_FRAMES,178404
1791368329.706187,ps_img,177881
1791368329.731416,SYNC_CNT,178405
1791368329.731830,IMG_SENT,177882
1791368329.731891,IMG_FRAMES,177922
1791368329.734113,PHY_FRAMES,178405
1791368329.740464,ps_img,177882
1791368329.764396,SYNC_CNT,178406
1791368329.764522,IMG_FRAMES,177923
1791368329.764522,IMG_SENT,177883
1791368329.767126,PHY_FRAMES,178406
1791368329.772933,ps_img,177883
1791368329.797081,SYNC_CNT,178407
1791368329.797477,IMG_SENT,177884
1791368329.797542,IMG_FRAMES,177924
1791368329.799796,PHY_FRAMES,178407
1791368329.824732,ps_img,177884
1791368329.830199,IMG_FRAMES,177925
1791368329.830199,IMG_SENT,177885
1791368329.832530,SYNC_CNT,178408
1791368329.835120,PHY_FRAMES,178408
1791368329.842495,ps_img,177885
1791368329.865077,SYNC_CNT,178409
1791368329.865495,IMG_SENT,177886
1791368329.865559,IMG_FRAMES,177926
1791368329.867770,PHY_FRAMES,178409
1791368329.877424,ps_img,177886
1791368329.898098,SYNC_CNT,178410
1791368329.898168,IMG_FRAMES,177927
1791368329.898168,IMG_SENT,177887
1791368329.900799,PHY_FRAMES,178410
1791368329.915404,ps_img,177887
1791368329.930902,SYNC_CNT,178411
1791368329.931203,IMG_FRAMES,177928
1791368329.931203,IMG_SENT,177888
1791368329.933589,PHY_FRAMES,178411
1791368329.939956,ps_img,177888
1791368329.963976,IMG_FRAMES,177929
1791368329.963976,IMG_SENT,177889
1791368329.965983,SYNC_CNT,178412
1791368329.968711,PHY_FRAMES,178412
1791368329.972706,ps_img,177889
1791368329.998788,SYNC_CNT,178413
1791368329.999086,IMG_FRAMES,177930
1791368329.999086,IMG_SENT,177890
1791368330.001488,PHY_FRAMES,178413
1791368330.009213,ps_img,177890
1791368330.031606,SYNC_CNT,178414
1791368330.031905,IMG_FRAMES,177931
1791368330.031905,IMG_SENT,177891
1791368330.034317,PHY_FRAMES,178414
1791368330.039831,ps_img,177891
1791368330.064249,SYNC_CNT,178415
1791368330.064745,IMG_FRAMES,177932
1791368330.064745,IMG_SENT,177892
1791368330.066983,PHY_FRAMES,178415
1791368330.073622,ps_img,177892
1791368330.097355,IMG_FRAMES,177933
1791368330.097355,IMG_SENT,177893
1791368330.098759,SYNC_CNT,178416
1791368330.101468,PHY_FRAMES,178416
1791368330.104527,ps_img,177893
1791368330.131576,SYNC_CNT,178417
1791368330.131872,IMG_FRAMES,177934
1791368330.131872,IMG_SENT,177894
1791368330.134306,PHY_FRAMES,178417
1791368330.139828,ps_img,177894
1791368330.164300,SYNC_CNT,178418
1791368330.164727,IMG_FRAMES,177935
1791368330.164727,IMG_SENT,177895
1791368330.167051,PHY_FRAMES,178418
1791368330.172498,ps_img,177895
1791368330.197046,SYNC_CNT,178419
1791368330.197401,IMG_FRAMES,177936
1791368330.197401,IMG_SENT,177896
1791368330.199783,PHY_FRAMES,178419
1791368330.206180,ps_img,177896
1791368330.230165,IMG_FRAMES,177937
1791368330.230165,IMG_SENT,177897
1791368330.233737,SYNC_CNT,178420
1791368330.236480,PHY_FRAMES,178420
1791368330.238198,ps_img,177897
1791368330.266423,SYNC_CNT,178421
1791368330.266872,IMG_FRAMES,177938
1791368330.266872,IMG_SENT,177898
1791368330.269126,PHY_FRAMES,178421
1791368330.275725,ps_img,177898
1791368330.299428,SYNC_CNT,178422
1791368330.299495,IMG_FRAMES,177939
1791368330.299495,IMG_SENT,177899
1791368330.302130,PHY_FRAMES,178422
1791368330.315853,ps_img,177899
1791368330.332087,SYNC_CNT,178423
1791368330.332507,IMG_FRAMES,177940
1791368330.332507,IMG_SENT,177900
1791368330.334764,PHY_FRAMES,178423
1791368330.342031,ps_img,177900
1791368330.343167,clk,-44902450896927
1791368330.343167,clk_rtt,695
1791368330.365170,IMG_FRAMES,177941
1791368330.365170,IMG_SENT,177901
1791368330.368136,SYNC_CNT,178424
1791368330.370808,PHY_FRAMES,178424
1791368330.374422,ps_img,177901
1791368330.401009,SYNC_CNT,178425
1791368330.401194,IMG_SENT,177902
1791368330.401257,IMG_FRAMES,177942
1791368330.403731,PHY_FRAMES,178425
1791368330.420874,ps_img,177902
1791368330.433654,SYNC_CNT,178426
1791368330.434124,IMG_FRAMES,177943
1791368330.434124,IMG_SENT,177903
1791368330.436373,PHY_FRAMES,178426
1791368330.442991,ps_img,177903
1791368330.466776,IMG_FRAMES,177944
1791368330.466776,IMG_SENT,177904
1791368330.470141,SYNC_CNT,178427
1791368330.472812,PHY_FRAMES,178427
1791368330.476298,ps_img,177904
1791368330.502843,SYNC_CNT,178428
1791368330.503198,IMG_FRAMES,177945
1791368330.503198,IMG_SENT,177905
1791368330.505525,PHY_FRAMES,178428
1791368330.512070,ps_img,177905
1791368330.535491,SYNC_CNT,178429
1791368330.535932,IMG_FRAMES,177946
1791368330.535932,IMG_SENT,177906
1791368330.538206,PHY_FRAMES,178429
1791368330.544776,ps_img,177906
1791368330.568138,SYNC_CNT,178430
1791368330.568555,IMG_FRAMES,177947
1791368330.568555,IMG_SENT,177907
1791368330.570847,PHY_FRAMES,178430
1791368330.575582,ps_img,177907
1791368330.600790,SYNC_CNT,178431
1791368330.601205,IMG_FRAMES,177948
1791368330.601205,IMG_SENT,177908
1791368330.603514,PHY_FRAMES,178431
1791368330.609864,ps_img,177908
1791368330.633760,SYNC_CNT,178432
1791368330.633884,IMG_FRAMES,177949
1791368330.633884,IMG_SENT,177909
1791368330.636426,PHY_FRAMES,178432
1791368330.642587,ps_img,177909
1791368330.666393,SYNC_CNT,178433
1791368330.666865,IMG_FRAMES,177950
1791368330.666865,IMG_SENT,177910
1791368330.669133,PHY_FRAMES,178433
1791368330.675370,ps_img,177910
1791368330.699061,SYNC_CNT,178434
1791368330.699474,IMG_FRAMES,177951
1791368330.699474,IMG_SENT,177911
1791368330.701753,PHY_FRAMES,178434
1791368330.708236,ps_img,177911
1791368330.731921,SYNC_CNT,178435
1791368330.732165,IMG_FRAMES,177952
1791368330.732165,IMG_SENT,177912
1791368330.734628,PHY_FRAMES,178435
1791368330.739937,ps_img,177912
1791368330.764978,IMG_FRAMES,177953
1791368330.764978,IMG_SENT,177913
1791368330.765982,SYNC_CNT,178436
1791368330.768713,PHY_FRAMES,178436
1791368330.772409,ps_img,177913
1791368330.798714,SYNC_CNT,178437
1791368330.799081,IMG_FRAMES,177954
1791368330.799081,IMG_SENT,177914
1791368330.801423,PHY_FRAMES,178437
1791368330.808774,ps_img,177914
1791368330.831353,SYNC_CNT,178438
1791368330.831830,IMG_FRAMES,177955
1791368330.831830,IMG_SENT,177915
1791368330.834063,PHY_FRAMES,178438
1791368330.840927,ps_img,177915
1791368330.864325,SYNC_CNT,178439
1791368330.864450,IMG_FRAMES,177956
1791368330.864450,IMG_SENT,177916
1791368330.867062,PHY_FRAMES,178439
1791368330.873558,ps_img,177916
1791368330.897404,IMG_FRAMES,177957
1791368330.897404,IMG_SENT,177917
1791368330.898757,SYNC_CNT,178440
1791368330.901476,PHY_FRAMES,178440
1791368330.917031,ps_img,177917
1791368330.931607,SYNC_CNT,178441
1791368330.931850,IMG_SENT,177918
1791368330.931913,IMG_FRAMES,177958
1791368330.934304,PHY_FRAMES,178441
1791368330.942358,ps_img,177918
1791368330.964249,SYNC_CNT,178442
1791368330.964700,IMG_FRAMES,177959
1791368330.964700,IMG_SENT,177919
1791368330.966984,PHY_FRAMES,178442
1791368330.975614,ps_img,177919
1791368330.997104,SYNC_CNT,178443
1791368330.997399,IMG_FRAMES,177960
1791368330.997399,IMG_SENT,177920
1791368330.999820,PHY_FRAMES,178443
1791368331.007848,ps_img,177920
1791368331.030190,IMG_FRAMES,177961
1791368331.030190,IMG_SENT,177921
1791368331.034587,SYNC_CNT,178444
1791368331.037296,PHY_FRAMES,178444
1791368331.041256,ps_img,177921
1791368331.067349,SYNC_CNT,178445
1791368331.067706,IMG_FRAMES,177962
1791368331.067706,IMG_SENT,177922
1791368331.070067,PHY_FRAMES,178445
1791368331.075535,ps_img,177922
1791368331.100327,SYNC_CNT,178446
1791368331.100451,IMG_SENT,177923
1791368331.100512,IMG_FRAMES,177963
1791368331.103050,PHY_FRAMES,178446
1791368331.107673,ps_img,177923
1791368331.133002,SYNC_CNT,178447
1791368331.133468,IMG_FRAMES,177964
1791368331.133468,IMG_SENT,177924
1791368331.135716,PHY_FRAMES,178447
1791368331.140272,ps_img,177924
1791368331.166116,IMG_FRAMES,177965
1791368331.166116,IMG_SENT,177925
1791368331.166703,SYNC_CNT,178448
1791368331.169441,PHY_FRAMES,178448
1791368331.174178,ps_img,177925
1791368331.199575,SYNC_CNT,178449
1791368331.199814,IMG_FRAMES,177966
1791368331.199814,IMG_SENT,177926
1791368331.202254,PHY_FRAMES,178449
1791368331.207768,ps_img,177926
1791368331.232442,SYNC_CNT,178450
1791368331.232639,IMG_FRAMES,177967
1791368331.232639,IMG_SENT,177927
1791368331.235182,PHY_FRAMES,178450
1791368331.241599,ps_img,177927
1791368331.265090,SYNC_CNT,178451
1791368331.265577,IMG_FRAMES,177968
1791368331.265577,IMG_SENT,177928
1791368331.267844,PHY_FRAMES,178451
1791368331.274834,ps_img,177928
1791368331.298237,IMG_FRAMES,177969
1791368331.298237,IMG_SENT,177929
1791368331.298776,SYNC_CNT,178452
1791368331.301495,PHY_FRAMES,178452
1791368331.307167,ps_img,177929
1791368331.331503,SYNC_CNT,178453
1791368331.331862,IMG_FRAMES,177970
1791368331.331862,IMG_SENT,177930
1791368331.334246,PHY_FRAMES,178453
1791368331.341232,ps_img,177930
1791368331.364279,SYNC_CNT,178454
1791368331.364581,IMG_FRAMES,177971
1791368331.364581,IMG_SENT,177931
1791368331.367006,PHY_FRAMES,178454
1791368331.371940,ps_img,177931
1791368331.396976,SYNC_CNT,178455
1791368331.397394,IMG_FRAMES,177972
1791368331.397394,IMG_SENT,177932
1791368331.399688,PHY_FRAMES,178455
1791368331.418652,ps_img,177932
1791368331.430071,IMG_FRAMES,177973
1791368331.430071,IMG_SENT,177933
1791368331.433701,SYNC_CNT,178456
1791368331.436451,PHY_FRAMES,178456
1791368331.438371,ps_img,177933
1791368331.466383,SYNC_CNT,178457
1791368331.466851,IMG_FRAMES,177974
1791368331.466851,IMG_SENT,177934
1791368331.469102,PHY_FRAMES,178457
1791368331.475817,ps_img,177934
1791368331.499431,SYNC_CNT,178458
1791368331.499496,IMG_FRAMES,177975
1791368331.499496,IMG_SENT,177935
1791368331.502125,PHY_FRAMES,178458
1791368331.507749,ps_img,177935
1791368331.532443,SYNC_CNT,178459
1791368331.532509,IMG_FRAMES,177976
1791368331.532509,IMG_SENT,177936
1791368331.535144,PHY_FRAMES,178459
1791368331.539611,ps_img,177936
1791368331.565348,SYNC_CNT,178460
1791368331.565535,IMG_FRAMES,177977
1791368331.565535,IMG_SENT,177937
1791368331.568078,PHY_FRAMES,178460
1791368331.574208,ps_img,177937
1791368331.598011,SYNC_CNT,178461
1791368331.598482,IMG_FRAMES,177978
1791368331.598482,IMG_SENT,177938
1791368331.600728,PHY_FRAMES,178461
1791368331.606480,ps_img,177938
1791368331.630671,SYNC_CNT,178462
1791368331.631083,IMG_SENT,177939
1791368331.631145,IMG_FRAMES,177979
1791368331.633367,PHY_FRAMES,178462
1791368331.639204,ps_img,177939
1791368331.663326,SYNC_CNT,178463
1791368331.663798,IMG_FRAMES,177980
1791368331.663798,IMG_SENT,177940
1791368331.666034,PHY_FRAMES,178463
1791368331.671950,ps_img,177940
1791368331.696393,IMG_SENT,177941
1791368331.696459,IMG_FRAMES,177981
1791368331.698744,SYNC_CNT,178464
1791368331.701427,PHY_FRAMES,178464
1791368331.704090,ps_img,177941
1791368331.731378,SYNC_CNT,178465
1791368331.731848,IMG_FRAMES,177982
1791368331.731848,IMG_SENT,177942
1791368331.734123,PHY_FRAMES,178465
1791368331.740494,ps_img,177942
1791368331.764419,SYNC_CNT,178466
1791368331.764485,IMG_FRAMES,177983
1791368331.764485,IMG_SENT,177943
1791368331.767086,PHY_FRAMES,178466
1791368331.773149,ps_img,177943
1791368331.797025,SYNC_CNT,178467
1791368331.797508,IMG_FRAMES,177984
1791368331.797508,IMG_SENT,177944
1791368331.799761,PHY_FRAMES,178467
1791368331.814559,ps_img,177944
1791368331.830135,IMG_FRAMES,177985
1791368331.830135,IMG_SENT,177945
1791368331.831260,SYNC_CNT,178468
1791368331.833997,PHY_FRAMES,178468
1791368331.843142,ps_img,177945
1791368331.864272,SYNC_CNT,178469
1791368331.864397,IMG_FRAMES,177986
1791368331.864397,IMG_SENT,177946
1791368331.866995,PHY_FRAMES,178469
1791368331.877976,ps_img,177946
1791368331.897081,SYNC_CNT,178470
1791368331.897380,IMG_FRAMES,177987
1791368331.897380,IMG_SENT,177947
1791368331.899816,PHY_FRAMES,178470
1791368331.918231,ps_img,177947
1791368331.929712,SYNC_CNT,178471
1791368331.930180,IMG_FRAMES,177988
1791368331.930180,IMG_SENT,177948
1791368331.932441,PHY_FRAMES,178471
1791368331.940897,ps_img,177948
1791368331.962380,SYNC_CNT,178472
1791368331.962804,IMG_SENT,177949
1791368331.962868,IMG_FRAMES,177989
1791368331.965113,PHY_FRAMES,178472
1791368331.973258,ps_img,177949
1791368331.995496,IMG_FRAMES,177990
1791368331.995496,IMG_SENT,177950
1791368332.003010,ps_img,177950
1791368332.005159,SYNC_CNT,178473
1791368332.007929,PHY_FRAMES,178473
1791368332.038108,SYNC_CNT,178474
1791368332.038289,IMG_FRAMES,177991
1791368332.038289,IMG_SENT,177951
1791368332.040842,PHY_FRAMES,178474
1791368332.046246,ps_img,177951
1791368332.071022,SYNC_CNT,178475
1791368332.071206,IMG_SENT,177952
1791368332.071267,IMG_FRAMES,177992
1791368332.073737,PHY_FRAMES,178475
1791368332.080376,ps_img,177952
1791368332.103987,SYNC_CNT,178476
1791368332.104167,IMG_FRAMES,177993
1791368332.104167,IMG_SENT,177953
1791368332.106651,PHY_FRAMES,178476
1791368332.113100,ps_img,177953
1791368332.136612,SYNC_CNT,178477
1791368332.137085,IMG_FRAMES,177994
1791368332.137085,IMG_SENT,177954
1791368332.139333,PHY_FRAMES,178477
1791368332.143857,ps_img,177954
1791368332.169520,SYNC_CNT,178478
1791368332.169701,IMG_FRAMES,177995
1791368332.169701,IMG_SENT,177955
1791368332.172195,PHY_FRAMES,178478
1791368332.178270,ps_img,177955
1791368332.202175,SYNC_CNT,178479
1791368332.202588,IMG_FRAMES,177996
1791368332.202588,IMG_SENT,177956
1791368332.204848,PHY_FRAMES,178479
1791368332.211588,ps_img,177956
1791368332.234936,SYNC_CNT,178480
1791368332.235259,IMG_FRAMES,177997
1791368332.235259,IMG_SENT,177957
1791368332.237644,PHY_FRAMES,178480
1791368332.243072,ps_img,177957
1791368332.267593,SYNC_CNT,178481
1791368332.268008,IMG_SENT,177958
1791368332.268071,IMG_FRAMES,177998
1791368332.270296,PHY_FRAMES,178481
1791368332.277698,ps_img,177958
1791368332.300319,SYNC_CNT,178482
1791368332.300658,IMG_SENT,177959
1791368332.300724,IMG_FRAMES,177999
1791368332.303006,PHY_FRAMES,178482
1791368332.315345,ps_img,177959
1791368332.333340,SYNC_CNT,178483
1791368332.333407,IMG_FRAMES,178000
1791368332.333407,IMG_SENT,177960
1791368332.336033,PHY_FRAMES,178483
1791368332.342492,ps_img,177960
1791368332.366462,IMG_FRAMES,178001
1791368332.366462,IMG_SENT,177961
1791368332.366709,SYNC_CNT,178484
1791368332.369418,PHY_FRAMES,178484
1791368332.375203,ps_img,177961
1791368332.399547,SYNC_CNT,178485
1791368332.399846,IMG_FRAMES,178002
1791368332.399846,IMG_SENT,177962
1791368332.402278,PHY_FRAMES,178485
1791368332.421214,ps_img,177962
1791368332.432446,SYNC_CNT,178486
1791368332.432647,IMG_FRAMES,178003
1791368332.432647,IMG_SENT,177963
1791368332.435125,PHY_FRAMES,178486
1791368332.443160,ps_img,177963
1791368332.465069,SYNC_CNT,178487
1791368332.465540,IMG_FRAMES,178004
1791368332.465540,IMG_SENT,177964
1791368332.467799,PHY_FRAMES,178487
1791368332.474330,ps_img,177964
1791368332.498196,IMG_FRAMES,178005
1791368332.498196,IMG_SENT,177965
1791368332.498789,SYNC_CNT,178488
1791368332.501478,PHY_FRAMES,178488
1791368332.506388,ps_img,177965
1791368332.531429,SYNC_CNT,178489
1791368332.531843,IMG_SENT,177966
1791368332.531904,IMG_FRAMES,178006
1791368332.534113,PHY_FRAMES,178489
1791368332.539887,ps_img,177966
1791368332.564323,SYNC_CNT,178490
1791368332.564509,IMG_FRAMES,178007
1791368332.564509,IMG_SENT,177967
1791368332.567019,PHY_FRAMES,178490
1791368332.577881,ps_img,177967
1791368332.596968,SYNC_CNT,178491
1791368332.597385,IMG_FRAMES,178008
1791368332.597385,IMG_SENT,177968
1791368332.599654,PHY_FRAMES,178491
1791368332.614130,ps_img,177968
1791368332.630028,IMG_SENT,177969
1791368332.630093,IMG_FRAMES,178009
1791368332.632761,SYNC_CNT,178492
1791368332.635495,PHY_FRAMES,178492
1791368332.639381,ps_img,177969
1791368332.665592,SYNC_CNT,178493
1791368332.665832,IMG_FRAMES,178010
1791368332.665832,IMG_SENT,177970
1791368332.668303,PHY_FRAMES,178493
1791368332.674201,ps_img,177970
1791368332.698281,SYNC_CNT,178494
1791368332.698693,IMG_FRAMES,178011
1791368332.698693,IMG_SENT,177971
1791368332.700963,PHY_FRAMES,178494
1791368332.706414,ps_img,177971
1791368332.730914,SYNC_CNT,178495
1791368332.731380,IMG_FRAMES,178012
1791368332.731380,IMG_SENT,177972
1791368332.733657,PHY_FRAMES,178495
1791368332.740887,ps_img,177972
1791368332.764028,IMG_FRAMES,178013
1791368332.764028,IMG_SENT,177973
1791368332.766729,SYNC_CNT,178496
1791368332.769439,PHY_FRAMES,178496
1791368332.778881,ps_img,177973
1791368332.799555,SYNC_CNT,178497
1791368332.799797,IMG_FRAMES,178014
1791368332.799797,IMG_SENT,177974
1791368332.802266,PHY_FRAMES,178497
1791368332.809462,ps_img,177974
1791368332.832403,SYNC_CNT,178498
1791368332.832675,IMG_FRAMES,178015
1791368332.832675,IMG_SENT,177975
1791368332.835164,PHY_FRAMES,178498
1791368332.842553,ps_img,177975
1791368332.865062,SYNC_CNT,178499
1791368332.865542,IMG_FRAMES,178016
1791368332.865542,IMG_SENT,177976
1791368332.867771,PHY_FRAMES,178499
1791368332.876086,ps_img,177976
1791368332.898148,IMG_SENT,177977
1791368332.898214,IMG_FRAMES,178017
1791368332.898744,SYNC_CNT,178500
1791368332.901475,PHY_FRAMES,178500
1791368332.914161,ps_img,177977
1791368332.931547,SYNC_CNT,178501
1791368332.931871,IMG_FRAMES,178018
1791368332.931871,IMG_SENT,177978
1791368332.934268,PHY_FRAMES,178501
1791368332.939892,ps_img,177978
1791368332.964460,SYNC_CNT,178502
1791368332.964682,IMG_FRAMES,178019
1791368332.964682,IMG_SENT,177979
1791368332.967155,PHY_FRAMES,178502
1791368332.974374,ps_img,177979
1791368332.997115,SYNC_CNT,178503
1791368332.997585,IMG_FRAMES,178020
1791368332.997585,IMG_SENT,177980
1791368332.999844,PHY_FRAMES,178503
1791368333.009376,ps_img,177980
1791368333.030218,IMG_FRAMES,178021
1791368333.030218,IMG_SENT,177981
1791368333.033650,SYNC_CNT,178504
1791368333.036347,PHY_FRAMES,178504
1791368333.038865,ps_img,177981
1791368333.066537,SYNC_CNT,178505
1791368333.066720,IMG_FRAMES,178022
1791368333.066720,IMG_SENT,177982
1791368333.069238,PHY_FRAMES,178505
1791368333.075030,ps_img,177982
1791368333.099334,SYNC_CNT,178506
1791368333.099631,IMG_FRAMES,178023
1791368333.099631,IMG_SENT,177983
1791368333.102044,PHY_FRAMES,178506
1791368333.107328,ps_img,177983
1791368333.131977,SYNC_CNT,178507
1791368333.132447,IMG_FRAMES,178024
1791368333.132447,IMG_SENT,177984
1791368333.134673,PHY_FRAMES,178507
1791368333.140474,ps_img,177984
1791368333.165082,IMG_FRAMES,178025
1791368333.165082,IMG_SENT,177985
1791368333.166723,SYNC_CNT,178508
1791368333.169448,PHY_FRAMES,178508
1791368333.173219,ps_img,177985
1791368333.199392,SYNC_CNT,178509
1791368333.199804,IMG_FRAMES,178026
1791368333.199804,IMG_SENT,177986
1791368333.202084,PHY_FRAMES,178509
1791368333.207819,ps_img,177986
1791368333.232019,SYNC_CNT,178510
1791368333.232489,IMG_FRAMES,178027
1791368333.232489,IMG_SENT,177987
1791368333.234759,PHY_FRAMES,178510
1791368333.240842,ps_img,177987
1791368333.265089,SYNC_CNT,178511
1791368333.265156,IMG_FRAMES,178028
1791368333.265156,IMG_SENT,177988
1791368333.267800,PHY_FRAMES,178511
1791368333.280148,ps_img,177988
1791368333.298164,IMG_FRAMES,178029
1791368333.298164,IMG_SENT,177989
1791368333.298701,SYNC_CNT,178512
1791368333.301440,PHY_FRAMES,178512
1791368333.308434,ps_img,177989
1791368333.331541,SYNC_CNT,178513
1791368333.331843,IMG_FRAMES,178030
1791368333.331843,IMG_SENT,177990
1791368333.334272,PHY_FRAMES,178513
1791368333.343550,ps_img,177990
1791368333.364463,SYNC_CNT,178514
1791368333.364588,IMG_SENT,177991
1791368333.364675,IMG_FRAMES,178031
1791368333.367141,PHY_FRAMES,178514
1791368333.372541,ps_img,177991
1791368333.397115,SYNC_CNT,178515
1791368333.397532,IMG_SENT,177992
1791368333.397593,IMG_FRAMES,178032
1791368333.399808,PHY_FRAMES,178515
1791368333.417874,ps_img,177992
1791368333.430176,IMG_SENT,177993
1791368333.430242,IMG_FRAMES,178033
1791368333.432588,SYNC_CNT,178516
1791368333.435291,PHY_FRAMES,178516
1791368333.437931,ps_img,177993
1791368333.465207,SYNC_CNT,178517
1791368333.465677,IMG_FRAMES,178034
1791368333.465677,IMG_SENT,177994
1791368333.467948,PHY_FRAMES,178517
1791368333.474156,ps_img,177994
1791368333.498345,IMG_FRAMES,178035
1791368333.498345,IMG_SENT,177995
1791368333.499542,SYNC_CNT,178518
1791368333.502274,PHY_FRAMES,178518
1791368333.506676,ps_img,177995
1791368333.532311,SYNC_CNT,178519
1791368333.532619,IMG_FRAMES,178036
1791368333.532619,IMG_SENT,177996
1791368333.535061,PHY_FRAMES,178519
1791368333.541049,ps_img,177996
1791368333.565440,IMG_FRAMES,178037
1791368333.565440,IMG_SENT,177997
1791368333.566094,SYNC_CNT,178520
1791368333.568801,PHY_FRAMES,178520
1791368333.573503,ps_img,177997
1791368333.598769,SYNC_CNT,178521
1791368333.599180,IMG_FRAMES,178038
1791368333.599180,IMG_SENT,177998
1791368333.601535,PHY_FRAMES,178521
1791368333.607668,ps_img,177998
1791368333.631465,SYNC_CNT,178522
1791368333.631876,IMG_FRAMES,178039
1791368333.631876,IMG_SENT,177999
1791368333.634149,PHY_FRAMES,178522
1791368333.642125,ps_img,177999
1791368333.664238,SYNC_CNT,178523
1791368333.664534,IMG_FRAMES,178040
1791368333.664534,IMG_SENT,178000
1791368333.666927,PHY_FRAMES,178523
1791368333.675926,ps_img,178000
1791368333.696849,SYNC_CNT,178524
1791368333.697318,IMG_FRAMES,178041
1791368333.697318,IMG_SENT,178001
1791368333.699572,PHY_FRAMES,178524
1791368333.705603,ps_img,178001
1791368333.729634,SYNC_CNT,178525
1791368333.729987,IMG_FRAMES,178042
1791368333.729987,IMG_SENT,178002
1791368333.732371,PHY_FRAMES,178525
1791368333.738255,ps_img,178002
1791368333.762560,SYNC_CNT,178526
1791368333.762744,IMG_FRAMES,178043
1791368333.762744,IMG_SENT,178003
1791368333.765260,PHY_FRAMES,178526
1791368333.771461,ps_img,178003
1791368333.795672,IMG_FRAMES,178044
1791368333.795672,IMG_SENT,178004
1791368333.797270,SYNC_CNT,178527
1791368333.799986,PHY_FRAMES,178527
1791368333.813082,ps_img,178004
1791368333.830421,IMG_FRAMES,178045
1791368333.830421,IMG_SENT,178005
1791368333.832073,SYNC_CNT,178528
1791368333.834785,PHY_FRAMES,178528
1791368333.844687,ps_img,178005
1791368333.865164,IMG_FRAMES,178046
1791368333.865164,IMG_SENT,178006
1791368333.870067,SYNC_CNT,178529
1791368333.872811,PHY_FRAMES,178529
1791368333.879974,ps_img,178006
1791368333.902742,SYNC_CNT,178530
1791368333.903219,IMG_FRAMES,178047
1791368333.903219,IMG_SENT,178007
1791368333.905473,PHY_FRAMES,178530
1791368333.911687,ps_img,178007
1791368333.935400,SYNC_CNT,178531
1791368333.935850,IMG_FRAMES,178048
1791368333.935850,IMG_SENT,178008
1791368333.938089,PHY_FRAMES,178531
1791368333.943679,ps_img,178008
1791368333.968284,SYNC_CNT,178532
1791368333.968467,IMG_SENT,178009
1791368333.968528,IMG_FRAMES,178049
1791368333.971009,PHY_FRAMES,178532
1791368333.977008,ps_img,178009
1791368334.000998,SYNC_CNT,178533
1791368334.001354,IMG_FRAMES,178050
1791368334.001354,IMG_SENT,178010
1791368334.003719,PHY_FRAMES,178533
1791368334.008368,ps_img,178010
1791368334.033613,SYNC_CNT,178534
1791368334.034087,IMG_FRAMES,178051
1791368334.034087,IMG_SENT,178011
1791368334.036341,PHY_FRAMES,178534
1791368334.042906,ps_img,178011
1791368334.066618,SYNC_CNT,178535
1791368334.066744,IMG_FRAMES,178052
1791368334.066744,IMG_SENT,178012
1791368334.069368,PHY_FRAMES,178535
1791368334.074423,ps_img,178012
1791368334.099486,SYNC_CNT,178536
1791368334.099730,IMG_FRAMES,178053
1791368334.099730,IMG_SENT,178013
1791368334.102213,PHY_FRAMES,178536
1791368334.109030,ps_img,178013
1791368334.132379,SYNC_CNT,178537
1791368334.132560,IMG_SENT,178014
1791368334.132636,IMG_FRAMES,178054
1791368334.135115,PHY_FRAMES,178537
1791368334.140883,ps_img,178014
1791368334.165062,SYNC_CNT,178538
1791368334.165529,IMG_FRAMES,178055
1791368334.165529,IMG_SENT,178015
1791368334.167769,PHY_FRAMES,178538
1791368334.174227,ps_img,178015
1791368334.197697,SYNC_CNT,178539
1791368334.198167,IMG_FRAMES,178056
1791368334.198167,IMG_SENT,178016
1791368334.200414,PHY_FRAMES,178539
1791368334.207643,ps_img,178016
1791368334.230333,SYNC_CNT,178540
1791368334.230802,IMG_FRAMES,178057
1791368334.230802,IMG_SENT,178017
1791368334.233069,PHY_FRAMES,178540
1791368334.238231,ps_img,178017
1791368334.262989,SYNC_CNT,178541
1791368334.263461,IMG_FRAMES,178058
1791368334.263461,IMG_SENT,178018
1791368334.265718,PHY_FRAMES,178541
1791368334.276128,ps_img,178018
1791368334.295656,SYNC_CNT,178542
1791368334.296137,IMG_FRAMES,178059
1791368334.296137,IMG_SENT,178019
1791368334.298371,PHY_FRAMES,178542
1791368334.307617,ps_img,178019
1791368334.328734,IMG_SENT,178020
1791368334.328799,IMG_FRAMES,178060
1791368334.329909,SYNC_CNT,178543
1791368334.332661,PHY_FRAMES,178543
1791368334.342497,ps_img,178020
1791368334.362604,SYNC_CNT,178544
1791368334.363024,IMG_FRAMES,178061
1791368334.363024,IMG_SENT,178021
1791368334.365318,PHY_FRAMES,178544
1791368334.374707,ps_img,178021
1791368334.395315,SYNC_CNT,178545
1791368334.395680,IMG_FRAMES,178062
1791368334.395680,IMG_SENT,178022
1791368334.398060,PHY_FRAMES,178545
1791368334.415409,ps_img,178022
1791368334.428438,IMG_FRAMES,178063
1791368334.428438,IMG_SENT,178023
1791368334.434470,SYNC_CNT,178546
1791368334.437150,PHY_FRAMES,178546
1791368334.443494,ps_img,178023
1791368334.467133,SYNC_CNT,178547
1791368334.467546,IMG_FRAMES,178064
1791368334.467546,IMG_SENT,178024
1791368334.469837,PHY_FRAMES,178547
1791368334.476965,ps_img,178024
1791368334.499901,SYNC_CNT,178548
1791368334.500198,IMG_FRAMES,178065
1791368334.500198,IMG_SENT,178025
1791368334.502584,PHY_FRAMES,178548
1791368334.508024,ps_img,178025
1791368334.532512,SYNC_CNT,178549
1791368334.532998,IMG_FRAMES,178066
1791368334.532998,IMG_SENT,178026
1791368334.535240,PHY_FRAMES,178549
1791368334.540409,ps_img,178026
1791368334.565155,SYNC_CNT,178550
1791368334.565644,IMG_FRAMES,178067
1791368334.565644,IMG_SENT,178027
1791368334.567923,PHY_FRAMES,178550
1791368334.581336,ps_img,178027
1791368334.597813,SYNC_CNT,178551
1791368334.598292,IMG_FRAMES,178068
1791368334.598292,IMG_SENT,178028
1791368334.600522,PHY_FRAMES,178551
1791368334.611221,ps_img,178028
1791368334.630954,IMG_FRAMES,178069
1791368334.630954,IMG_SENT,178029
1791368334.632294,SYNC_CNT,178552
1791368334.635036,PHY_FRAMES,178552
1791368334.639533,ps_img,178029
1791368334.665024,SYNC_CNT,178553
1791368334.665435,IMG_FRAMES,178070
1791368334.665435,IMG_SENT,178030
1791368334.667768,PHY_FRAMES,178553
1791368334.673652,ps_img,178030
1791368334.697686,SYNC_CNT,178554
1791368334.698157,IMG_FRAMES,178071
1791368334.698157,IMG_SENT,178031
1791368334.700392,PHY_FRAMES,178554
1791368334.706286,ps_img,178031
1791368334.730324,SYNC_CNT,178555
1791368334.730785,IMG_FRAMES,178072
1791368334.730785,IMG_SENT,178032
1791368334.733053,PHY_FRAMES,178555
1791368334.739934,ps_img,178032
1791368334.763053,SYNC_CNT,178556
1791368334.763440,IMG_FRAMES,178073
1791368334.763440,IMG_SENT,178033
1791368334.765759,PHY_FRAMES,178556
1791368334.775553,ps_img,178033
1791368334.795685,SYNC_CNT,178557
1791368334.796151,IMG_FRAMES,178074
1791368334.796151,IMG_SENT,178034
1791368334.798427,PHY_FRAMES,178557
1791368334.803896,ps_img,178034
1791368334.828773,IMG_SENT,178035
1791368334.828838,IMG_FRAMES,178075
1791368334.834314,SYNC_CNT,178558
1791368334.837041,PHY_FRAMES,178558
1791368334.841529,ps_img,178035
1791368334.867001,SYNC_CNT,178559
1791368334.867415,IMG_SENT,178036
1791368334.867477,IMG_FRAMES,178076
1791368334.869724,PHY_FRAMES,178559
1791368334.880430,ps_img,178036
1791368334.899909,SYNC_CNT,178560
1791368334.900065,IMG_SENT,178037
1791368334.900129,IMG_FRAMES,178077
1791368334.902594,PHY_FRAMES,178560
1791368334.912054,ps_img,178037
1791368334.932543,SYNC_CNT,178561
1791368334.932990,IMG_FRAMES,178078
1791368334.932990,IMG_SENT,178038
1791368334.935271,PHY_FRAMES,178561
1791368334.946474,ps_img,178038
1791368334.965666,SYNC_CNT,178562
1791368334.965666,IMG_FRAMES,178079
1791368334.965666,IMG_SENT,178039
1791368334.968390,PHY_FRAMES,178562
1791368334.975164,ps_img,178039
1791368334.998670,SYNC_CNT,178563
1791368334.998795,IMG_FRAMES,178080
1791368334.998795,IMG_SENT,178040
1791368335.001410,PHY_FRAMES,178563
1791368335.009017,ps_img,178040
1791368335.031757,IMG_SENT,178041
1791368335.031822,IMG_FRAMES,178081
1791368335.032577,SYNC_CNT,178564
1791368335.035260,PHY_FRAMES,178564
1791368335.039845,ps_img,178041
1791368335.065218,SYNC_CNT,178565
1791368335.065693,IMG_FRAMES,178082
1791368335.065693,IMG_SENT,178042
1791368335.067961,PHY_FRAMES,178565
1791368335.073496,ps_img,178042
1791368335.097856,SYNC_CNT,178566
1791368335.098337,IMG_FRAMES,178083
1791368335.098337,IMG_SENT,178043
1791368335.100634,PHY_FRAMES,178566
1791368335.107757,ps_img,178043
1791368335.130706,SYNC_CNT,178567
1791368335.131002,IMG_FRAMES,178084
1791368335.131002,IMG_SENT,178044
1791368335.133447,PHY_FRAMES,178567
1791368335.140404,ps_img,178044
1791368335.163343,SYNC_CNT,178568
1791368335.163813,IMG_FRAMES,178085
1791368335.163813,IMG_SENT,178045
1791368335.166108,PHY_FRAMES,178568
1791368335.172779,ps_img,178045
1791368335.196086,SYNC_CNT,178569
1791368335.196496,IMG_FRAMES,178086
1791368335.196496,IMG_SENT,178046
1791368335.198792,PHY_FRAMES,178569
1791368335.204321,ps_img,178046
1791368335.228723,SYNC_CNT,178570
1791368335.229191,IMG_FRAMES,178087
1791368335.229191,IMG_SENT,178047
1791368335.231431,PHY_FRAMES,178570
1791368335.236158,ps_img,178047
1791368335.261851,IMG_FRAMES,178088
1791368335.261851,IMG_SENT,178048
1791368335.266363,SYNC_CNT,178571
1791368335.269107,PHY_FRAMES,178571
1791368335.274493,ps_img,178048
1791368335.299310,SYNC_CNT,178572
1791368335.299439,IMG_SENT,178049
1791368335.299503,IMG_FRAMES,178089
1791368335.302059,PHY_FRAMES,178572
1791368335.307011,ps_img,178049
1791368335.332036,SYNC_CNT,178573
1791368335.332455,IMG_FRAMES,178090
1791368335.332455,IMG_SENT,178050
1791368335.334770,PHY_FRAMES,178573
1791368335.342992,ps_img,178050
1791368335.343086,clk,-44902450896826
1791368335.343086,clk_rtt,587
1791368335.365065,SYNC_CNT,178574
1791368335.365131,IMG_FRAMES,178091
1791368335.365131,IMG_SENT,178051
1791368335.367746,PHY_FRAMES,178574
1791368335.376530,ps_img,178051
1791368335.397832,SYNC_CNT,178575
1791368335.398133,IMG_FRAMES,178092
1791368335.398133,IMG_SENT,178052
1791368335.400557,PHY_FRAMES,178575
1791368335.410347,ps_img,178052
1791368335.430940,IMG_FRAMES,178093
1791368335.430940,IMG_SENT,178053
1791368335.432416,SYNC_CNT,178576
1791368335.435091,PHY_FRAMES,178576
1791368335.442084,ps_img,178053
1791368335.465038,SYNC_CNT,178577
1791368335.465514,IMG_FRAMES,178094
1791368335.465514,IMG_SENT,178054
1791368335.467785,PHY_FRAMES,178577
1791368335.475273,ps_img,178054
1791368335.497695,SYNC_CNT,178578
1791368335.498170,IMG_FRAMES,178095
1791368335.498170,IMG_SENT,178055
1791368335.500417,PHY_FRAMES,178578
1791368335.506295,ps_img,178055
1791368335.530323,SYNC_CNT,178579
1791368335.530792,IMG_FRAMES,178096
1791368335.530792,IMG_SENT,178056
1791368335.533093,PHY_FRAMES,178579
1791368335.538693,ps_img,178056
1791368335.563457,IMG_FRAMES,178097
1791368335.563457,IMG_SENT,178057
1791368335.565603,SYNC_CNT,178580
1791368335.568331,PHY_FRAMES,178580
1791368335.572030,ps_img,178057
1791368335.598403,SYNC_CNT,178581
1791368335.598707,IMG_FRAMES,178098
1791368335.598707,IMG_SENT,178058
1791368335.601102,PHY_FRAMES,178581
1791368335.607001,ps_img,178058
1791368335.631433,SYNC_CNT,178582
1791368335.631499,IMG_FRAMES,178099
1791368335.631499,IMG_SENT,178059
1791368335.634118,PHY_FRAMES,178582
1791368335.638925,ps_img,178059
1791368335.664040,SYNC_CNT,178583
1791368335.664511,IMG_FRAMES,178100
1791368335.664511,IMG_SENT,178060
1791368335.666775,PHY_FRAMES,178583
1791368335.672908,ps_img,178060
1791368335.697162,IMG_FRAMES,178101
1791368335.697162,IMG_SENT,178061
1791368335.698738,SYNC_CNT,178584
1791368335.701449,PHY_FRAMES,178584
1791368335.705086,ps_img,178061
1791368335.731458,SYNC_CNT,178585
1791368335.731815,IMG_FRAMES,178102
1791368335.731815,IMG_SENT,178062
1791368335.734203,PHY_FRAMES,178585
1791368335.739513,ps_img,178062
1791368335.764321,SYNC_CNT,178586
1791368335.764564,IMG_FRAMES,178103
1791368335.764564,IMG_SENT,178063
1791368335.767051,PHY_FRAMES,178586
1791368335.773721,ps_img,178063
1791368335.796986,SYNC_CNT,178587
1791368335.797461,IMG_FRAMES,178104
1791368335.797461,IMG_SENT,178064
1791368335.799690,PHY_FRAMES,178587
1791368335.816908,ps_img,178064
1791368335.830367,IMG_FRAMES,178105
1791368335.830367,IMG_SENT,178065
1791368335.832730,SYNC_CNT,178588
1791368335.835451,PHY_FRAMES,178588
1791368335.846025,ps_img,178065
1791368335.865639,SYNC_CNT,178589
1791368335.865824,IMG_FRAMES,178106
1791368335.865824,IMG_SENT,178066
1791368335.868388,PHY_FRAMES,178589
1791368335.874541,ps_img,178066
1791368335.898326,SYNC_CNT,178590
1791368335.898745,IMG_FRAMES,178107
1791368335.898745,IMG_SENT,178067
1791368335.901013,PHY_FRAMES,178590
1791368335.914140,ps_img,178067
1791368335.931230,SYNC_CNT,178591
1791368335.931414,IMG_FRAMES,178108
1791368335.931414,IMG_SENT,178068
1791368335.933958,PHY_FRAMES,178591
1791368335.942193,ps_img,178068
1791368335.964330,IMG_FRAMES,178109
1791368335.964330,IMG_SENT,178069
1791368335.966373,SYNC_CNT,178592
1791368335.969086,PHY_FRAMES,178592
1791368335.972421,ps_img,178069
1791368335.999240,SYNC_CNT,178593
1791368335.999479,IMG_FRAMES,178110
1791368335.999479,IMG_SENT,178070
1791368336.001987,PHY_FRAMES,178593
1791368336.007800,ps_img,178070
1791368336.032036,SYNC_CNT,178594
1791368336.032335,IMG_FRAMES,178111
1791368336.032335,IMG_SENT,178071
1791368336.034794,PHY_FRAMES,178594
1791368336.039850,ps_img,178071
1791368336.064810,SYNC_CNT,178595
1791368336.065170,IMG_FRAMES,178112
1791368336.065170,IMG_SENT,178072
1791368336.067565,PHY_FRAMES,178595
1791368336.075654,ps_img,178072
1791368336.097960,IMG_FRAMES,178113
1791368336.097960,IMG_SENT,178073
1791368336.098788,SYNC_CNT,178596
1791368336.101483,PHY_FRAMES,178596
1791368336.108009,ps_img,178073
1791368336.131650,SYNC_CNT,178597
1791368336.131889,IMG_FRAMES,178114
1791368336.131889,IMG_SENT,178074
1791368336.134326,PHY_FRAMES,178597
1791368336.140510,ps_img,178074
1791368336.164273,SYNC_CNT,178598
1791368336.164714,IMG_SENT,178075
1791368336.164776,IMG_FRAMES,178115
1791368336.166985,PHY_FRAMES,178598
1791368336.173373,ps_img,178075
1791368336.196919,SYNC_CNT,178599
1791368336.197388,IMG_FRAMES,178116
1791368336.197388,IMG_SENT,178076
1791368336.199652,PHY_FRAMES,178599
1791368336.207931,ps_img,178076
1791368336.230064,IMG_FRAMES,178117
1791368336.230064,IMG_SENT,178077
1791368336.232739,SYNC_CNT,178600
1791368336.235480,PHY_FRAMES,178600
1791368336.240112,ps_img,178077
1791368336.265650,SYNC_CNT,178601
1791368336.265833,IMG_SENT,178078
1791368336.265895,IMG_FRAMES,178118
1791368336.268378,PHY_FRAMES,178601
1791368336.277178,ps_img,178078
1791368336.298293,SYNC_CNT,178602
1791368336.298774,IMG_FRAMES,178119
1791368336.298774,IMG_SENT,178079
1791368336.301016,PHY_FRAMES,178602
1791368336.311458,ps_img,178079
1791368336.330970,SYNC_CNT,178603
1791368336.331388,IMG_FRAMES,178120
1791368336.331388,IMG_SENT,178080
1791368336.333662,PHY_FRAMES,178603
1791368336.345812,ps_img,178080
1791368336.364037,IMG_FRAMES,178121
1791368336.364037,IMG_SENT,178081
1791368336.365987,SYNC_CNT,178604
1791368336.368724,PHY_FRAMES,178604
1791368336.377036,ps_img,178081
1791368336.398737,SYNC_CNT,178605
1791368336.399095,IMG_FRAMES,178122
1791368336.399095,IMG_SENT,178082
1791368336.401406,PHY_FRAMES,178605
1791368336.411092,ps_img,178082
1791368336.431522,SYNC_CNT,178606
1791368336.431822,IMG_FRAMES,178123
1791368336.431822,IMG_SENT,178083
1791368336.434236,PHY_FRAMES,178606
1791368336.442163,ps_img,178083
1791368336.464499,SYNC_CNT,178607
1791368336.464646,IMG_FRAMES,178124
1791368336.464646,IMG_SENT,178084
1791368336.467223,PHY_FRAMES,178607
1791368336.472563,ps_img,178084
1791368336.497597,IMG_FRAMES,178125
1791368336.497597,IMG_SENT,178085
1791368336.498764,SYNC_CNT,178608
1791368336.501458,PHY_FRAMES,178608
1791368336.507784,ps_img,178085
1791368336.531447,SYNC_CNT,178609
1791368336.531858,IMG_FRAMES,178126
1791368336.531858,IMG_SENT,178086
1791368336.534170,PHY_FRAMES,178609
1791368336.539422,ps_img,178086
1791368336.564478,SYNC_CNT,178610
1791368336.564545,IMG_FRAMES,178127
1791368336.564545,IMG_SENT,178087
1791368336.567175,PHY_FRAMES,178610
1791368336.572701,ps_img,178087
1791368336.597124,SYNC_CNT,178611
1791368336.597539,IMG_SENT,178088
1791368336.597601,IMG_FRAMES,178128
1791368336.599853,PHY_FRAMES,178611
1791368336.609899,ps_img,178088
1791368336.630211,IMG_FRAMES,178129
1791368336.630211,IMG_SENT,178089
1791368336.633893,SYNC_CNT,178612
1791368336.636585,PHY_FRAMES,178612
1791368336.641725,ps_img,178089
1791368336.666788,SYNC_CNT,178613
1791368336.666968,IMG_FRAMES,178130
1791368336.666968,IMG_SENT,178090
1791368336.669532,PHY_FRAMES,178613
1791368336.675268,ps_img,178090
1791368336.699506,SYNC_CNT,178614
1791368336.699918,IMG_FRAMES,178131
1791368336.699918,IMG_SENT,178091
1791368336.702196,PHY_FRAMES,178614
1791368336.707047,ps_img,178091
1791368336.732505,SYNC_CNT,178615
1791368336.732572,IMG_SENT,178092
1791368336.732650,IMG_FRAMES,178132
1791368336.735194,PHY_FRAMES,178615
1791368336.741100,ps_img,178092
1791368336.765576,IMG_SENT,178093
1791368336.765642,IMG_FRAMES,178133
1791368336.766233,SYNC_CNT,178616
1791368336.768952,PHY_FRAMES,178616
1791368336.773554,ps_img,178093
1791368336.798908,SYNC_CNT,178617
1791368336.799325,IMG_FRAMES,178134
1791368336.799325,IMG_SENT,178094
1791368336.801614,PHY_FRAMES,178617
1791368336.814754,ps_img,178094
1791368336.831836,SYNC_CNT,178618
1791368336.832019,IMG_FRAMES,178135
1791368336.832019,IMG_SENT,178095
1791368336.834503,PHY_FRAMES,178618
1791368336.846550,ps_img,178095
1791368336.864467,SYNC_CNT,178619
1791368336.864914,IMG_FRAMES,178136
1791368336.864914,IMG_SENT,178096
1791368336.867201,PHY_FRAMES,178619
1791368336.876845,ps_img,178096
1791368336.897605,IMG_FRAMES,178137
1791368336.897605,IMG_SENT,178097
1791368336.898757,SYNC_CNT,178620
1791368336.901456,PHY_FRAMES,178620
1791368336.911401,ps_img,178097
1791368336.931407,SYNC_CNT,178621
1791368336.931829,IMG_FRAMES,178138
1791368336.931829,IMG_SENT,178098
1791368336.934151,PHY_FRAMES,178621
1791368336.945143,ps_img,178098
1791368336.964241,SYNC_CNT,178622
1791368336.964511,IMG_FRAMES,178139
1791368336.964511,IMG_SENT,178099
1791368336.966898,PHY_FRAMES,178622
1791368336.978043,ps_img,178099
1791368336.997019,SYNC_CNT,178623
1791368336.997259,IMG_SENT,178100
1791368336.997321,IMG_FRAMES,178140
1791368336.999742,PHY_FRAMES,178623
1791368337.008491,ps_img,178100
1791368337.030085,IMG_FRAMES,178141
1791368337.030085,IMG_SENT,178101
1791368337.032826,SYNC_CNT,178624
1791368337.035548,PHY_FRAMES,178624
1791368337.041060,ps_img,178101
1791368337.065820,SYNC_CNT,178625
1791368337.065943,IMG_FRAMES,178142
1791368337.065943,IMG_SENT,178102
1791368337.068546,PHY_FRAMES,178625
1791368337.074719,ps_img,178102
1791368337.098817,SYNC_CNT,178626
1791368337.098941,IMG_FRAMES,178143
1791368337.098941,IMG_SENT,178103
1791368337.101532,PHY_FRAMES,178626
1791368337.108187,ps_img,178103
1791368337.131450,SYNC_CNT,178627
1791368337.131919,IMG_FRAMES,178144
1791368337.131919,IMG_SENT,178104
1791368337.134145,PHY_FRAMES,178627
1791368337.141044,ps_img,178104
1791368337.164546,IMG_FRAMES,178145
1791368337.164546,IMG_SENT,178105
1791368337.166317,SYNC_CNT,178628
1791368337.169040,PHY_FRAMES,178628
1791368337.173031,ps_img,178105
1791368337.199321,SYNC_CNT,178629
1791368337.199387,IMG_FRAMES,178146
1791368337.199387,IMG_SENT,178106
1791368337.202003,PHY_FRAMES,178629
1791368337.207612,ps_img,178106
1791368337.232357,SYNC_CNT,178630
1791368337.232423,IMG_FRAMES,178147
1791368337.232423,IMG_SENT,178107
1791368337.235043,PHY_FRAMES,178630
1791368337.239787,ps_img,178107
1791368337.264969,SYNC_CNT,178631
1791368337.265555,IMG_FRAMES,178148
1791368337.265555,IMG_SENT,178108
1791368337.267706,PHY_FRAMES,178631
1791368337.276407,ps_img,178108
1791368337.298079,IMG_FRAMES,178149
1791368337.298079,IMG_SENT,178109
1791368337.298732,SYNC_CNT,178632
1791368337.301469,PHY_FRAMES,178632
1791368337.307970,ps_img,178109
1791368337.331388,SYNC_CNT,178633
1791368337.331810,IMG_FRAMES,178150
1791368337.331810,IMG_SENT,178110
1791368337.334118,PHY_FRAMES,178633
1791368337.343930,ps_img,178110
1791368337.364460,IMG_FRAMES,178151
1791368337.364460,IMG_SENT,178111
1791368337.370317,SYNC_CNT,178634
1791368337.373029,PHY_FRAMES,178634
1791368337.373512,ps_img,178111
1791368337.402956,SYNC_CNT,178635
1791368337.403373,IMG_FRAMES,178152
1791368337.403373,IMG_SENT,178112
1791368337.405646,PHY_FRAMES,178635
1791368337.424057,ps_img,178112
1791368337.435742,SYNC_CNT,178636
1791368337.436043,IMG_FRAMES,178153
1791368337.436043,IMG_SENT,178113
1791368337.438469,PHY_FRAMES,178636
1791368337.444683,ps_img,178113
1791368337.468445,SYNC_CNT,178637
1791368337.468893,IMG_FRAMES,178154
1791368337.468893,IMG_SENT,178114
1791368337.471148,PHY_FRAMES,178637
1791368337.476529,ps_img,178114
1791368337.501375,SYNC_CNT,178638
1791368337.501499,IMG_FRAMES,178155
1791368337.501499,IMG_SENT,178115
1791368337.504111,PHY_FRAMES,178638
1791368337.509323,ps_img,178115
1791368337.534164,SYNC_CNT,178639
1791368337.534523,IMG_FRAMES,178156
1791368337.534523,IMG_SENT,178116
1791368337.536919,PHY_FRAMES,178639
1791368337.542455,ps_img,178116
1791368337.566990,SYNC_CNT,178640
1791368337.567288,IMG_FRAMES,178157
1791368337.567288,IMG_SENT,178117
1791368337.569698,PHY_FRAMES,178640
1791368337.576200,ps_img,178117
1791368337.599777,SYNC_CNT,178641
1791368337.600075,IMG_FRAMES,178158
1791368337.600075,IMG_SENT,178118
1791368337.602528,PHY_FRAMES,178641
1791368337.607716,ps_img,178118
1791368337.632468,SYNC_CNT,178642
1791368337.632899,IMG_FRAMES,178159
1791368337.632899,IMG_SENT,178119
1791368337.635159,PHY_FRAMES,178642
1791368337.640666,ps_img,178119
1791368337.665411,SYNC_CNT,178643
1791368337.665538,IMG_FRAMES,178160
1791368337.665538,IMG_SENT,178120
1791368337.668132,PHY_FRAMES,178643
1791368337.674307,ps_img,178120
1791368337.698476,IMG_SENT,178121
1791368337.698542,IMG_FRAMES,178161
1791368337.698721,SYNC_CNT,178644
1791368337.701421,PHY_FRAMES,178644
1791368337.706452,ps_img,178121
1791368337.731572,SYNC_CNT,178645
1791368337.731813,IMG_FRAMES,178162
1791368337.731813,IMG_SENT,178122
1791368337.734296,PHY_FRAMES,178645
1791368337.739957,ps_img,178122
1791368337.764428,SYNC_CNT,178646
1791368337.764713,IMG_FRAMES,178163
1791368337.764713,IMG_SENT,178123
1791368337.767172,PHY_FRAMES,178646
1791368337.777038,ps_img,178123
1791368337.797122,SYNC_CNT,178647
1791368337.797543,IMG_FRAMES,178164
1791368337.797543,IMG_SENT,178124
1791368337.799818,PHY_FRAMES,178647
1791368337.812916,ps_img,178124
1791368337.830191,IMG_FRAMES,178165
1791368337.830191,IMG_SENT,178125
1791368337.832180,SYNC_CNT,178648
1791368337.834882,PHY_FRAMES,178648
1791368337.851079,ps_img,178125
1791368337.865093,SYNC_CNT,178649
1791368337.865279,IMG_FRAMES,178166
1791368337.865279,IMG_SENT,178126
1791368337.867806,PHY_FRAMES,178649
1791368337.877535,ps_img,178126
1791368337.898054,SYNC_CNT,178650
1791368337.898178,IMG_FRAMES,178167
1791368337.898178,IMG_SENT,178127
1791368337.900784,PHY_FRAMES,178650
1791368337.919680,ps_img,178127
1791368337.930682,SYNC_CNT,178651
1791368337.931157,IMG_FRAMES,178168
1791368337.931157,IMG_SENT,178128
1791368337.933421,PHY_FRAMES,178651
1791368337.939991,ps_img,178128
1791368337.963790,IMG_FRAMES,178169
1791368337.963790,IMG_SENT,178129
1791368337.966043,SYNC_CNT,178652
1791368337.968746,PHY_FRAMES,178652
1791368337.975216,ps_img,178129
1791368337.998775,SYNC_CNT,178653
1791368337.999132,IMG_FRAMES,178170
1791368337.999132,IMG_SENT,178130
1791368338.001510,PHY_FRAMES,178653
1791368338.008379,ps_img,178130
1791368338.031443,SYNC_CNT,178654
1791368338.031915,IMG_FRAMES,178171
1791368338.031915,IMG_SENT,178131
1791368338.034127,PHY_FRAMES,178654
1791368338.042129,ps_img,178131
1791368338.064102,SYNC_CNT,178655
1791368338.064513,IMG_SENT,178132
1791368338.064574,IMG_FRAMES,178172
1791368338.066799,PHY_FRAMES,178655
1791368338.084545,ps_img,178132
1791368338.097179,IMG_FRAMES,178173
1791368338.097179,IMG_SENT,178133
1791368338.098706,SYNC_CNT,178656
1791368338.101430,PHY_FRAMES,178656
1791368338.105334,ps_img,178133
1791368338.131559,SYNC_CNT,178657
1791368338.131800,IMG_FRAMES,178174
1791368338.131800,IMG_SENT,178134
1791368338.134247,PHY_FRAMES,178657
1791368338.139307,ps_img,178134
1791368338.164412,SYNC_CNT,178658
1791368338.164671,IMG_FRAMES,178175
1791368338.164671,IMG_SENT,178135
1791368338.167112,PHY_FRAMES,178658
1791368338.179976,ps_img,178135
1791368338.197069,SYNC_CNT,178659
1791368338.197541,IMG_FRAMES,178176
1791368338.197541,IMG_SENT,178136
1791368338.199764,PHY_FRAMES,178659
1791368338.208059,ps_img,178136
1791368338.230166,IMG_FRAMES,178177
1791368338.230166,IMG_SENT,178137
1791368338.232861,SYNC_CNT,178660
1791368338.235549,PHY_FRAMES,178660
1791368338.239375,ps_img,178137
1791368338.265620,SYNC_CNT,178661
1791368338.265979,IMG_FRAMES,178178
1791368338.265979,IMG_SENT,178138
1791368338.268374,PHY_FRAMES,178661
1791368338.283499,ps_img,178138
1791368338.298748,IMG_FRAMES,178179
1791368338.298748,IMG_SENT,178139
1791368338.299400,SYNC_CNT,178662
1791368338.302093,PHY_FRAMES,178662
1791368338.307679,ps_img,178139
1791368338.332027,SYNC_CNT,178663
1791368338.332500,IMG_FRAMES,178180
1791368338.332500,IMG_SENT,178140
1791368338.334779,PHY_FRAMES,178663
1791368338.345684,ps_img,178140
1791368338.365145,IMG_FRAMES,178181
1791368338.365145,IMG_SENT,178141
1791368338.366264,SYNC_CNT,178664
1791368338.368981,PHY_FRAMES,178664
1791368338.379610,ps_img,178141
1791368338.398938,SYNC_CNT,178665
1791368338.399351,IMG_FRAMES,178182
1791368338.399351,IMG_SENT,178142
1791368338.401641,PHY_FRAMES,178665
1791368338.418416,ps_img,178142
1791368338.431898,SYNC_CNT,178666
1791368338.432023,IMG_FRAMES,178183
1791368338.432023,IMG_SENT,178143
1791368338.434652,PHY_FRAMES,178666
1791368338.441340,ps_img,178143
1791368338.464574,SYNC_CNT,178667
1791368338.465028,IMG_FRAMES,178184
1791368338.465028,IMG_SENT,178144
1791368338.467307,PHY_FRAMES,178667
1791368338.485402,ps_img,178144
1791368338.498748,SYNC_CNT,178668
1791368338.498873,IMG_FRAMES,178185
1791368338.498873,IMG_SENT,178145
1791368338.501429,PHY_FRAMES,178668
1791368338.511259,ps_img,178145
1791368338.531522,SYNC_CNT,178669
1791368338.531820,IMG_FRAMES,178186
1791368338.531820,IMG_SENT,178146
1791368338.534262,PHY_FRAMES,178669
1791368338.539850,ps_img,178146
1791368338.564335,SYNC_CNT,178670
1791368338.564577,IMG_FRAMES,178187
1791368338.564577,IMG_SENT,178147
1791368338.567011,PHY_FRAMES,178670
1791368338.583966,ps_img,178147
1791368338.596961,SYNC_CNT,178671
1791368338.597407,IMG_FRAMES,178188
1791368338.597407,IMG_SENT,178148
1791368338.599682,PHY_FRAMES,178671
1791368338.607556,ps_img,178148
1791368338.630051,IMG_FRAMES,178189
1791368338.630051,IMG_SENT,178149
1791368338.632913,SYNC_CNT,178672
1791368338.635644,PHY_FRAMES,178672
1791368338.640478,ps_img,178149
1791368338.665608,SYNC_CNT,178673
1791368338.666023,IMG_FRAMES,178190
1791368338.666023,IMG_SENT,178150
1791368338.668350,PHY_FRAMES,178673
1791368338.677373,ps_img,178150
1791368338.698299,SYNC_CNT,178674
1791368338.698710,IMG_SENT,178151
1791368338.698771,IMG_FRAMES,178191
1791368338.701040,PHY_FRAMES,178674
1791368338.706389,ps_img,178151
1791368338.730937,SYNC_CNT,178675
1791368338.731406,IMG_FRAMES,178192
1791368338.731406,IMG_SENT,178152
1791368338.733678,PHY_FRAMES,178675
1791368338.739393,ps_img,178152
1791368338.764032,IMG_FRAMES,178193
1791368338.764032,IMG_SENT,178153
1791368338.766057,SYNC_CNT,178676
1791368338.768780,PHY_FRAMES,178676
1791368338.777317,ps_img,178153
1791368338.798831,SYNC_CNT,178677
1791368338.799190,IMG_FRAMES,178194
1791368338.799190,IMG_SENT,178154
1791368338.801551,PHY_FRAMES,178677
1791368338.808140,ps_img,178154
1791368338.831730,SYNC_CNT,178678
1791368338.831973,IMG_FRAMES,178195
1791368338.831973,IMG_SENT,178155
1791368338.834461,PHY_FRAMES,178678
1791368338.843540,ps_img,178155
1791368338.864353,SYNC_CNT,178679
1791368338.864809,IMG_FRAMES,178196
1791368338.864809,IMG_SENT,178156
1791368338.867088,PHY_FRAMES,178679
1791368338.876244,ps_img,178156
1791368338.897464,IMG_FRAMES,178197
1791368338.897464,IMG_SENT,178157
1791368338.898695,SYNC_CNT,178680
1791368338.901452,PHY_FRAMES,178680
1791368338.910183,ps_img,178157
1791368338.931361,SYNC_CNT,178681
1791368338.931783,IMG_SENT,178158
1791368338.931847,IMG_FRAMES,178198
1791368338.934056,PHY_FRAMES,178681
1791368338.941262,ps_img,178158
1791368338.964362,SYNC_CNT,178682
1791368338.964432,IMG_SENT,178159
1791368338.964495,IMG_FRAMES,178199
1791368338.967132,PHY_FRAMES,178682
1791368338.980697,ps_img,178159
1791368338.997029,SYNC_CNT,178683
1791368338.997502,IMG_FRAMES,178200
1791368338.997502,IMG_SENT,178160
1791368338.999755,PHY_FRAMES,178683
1791368339.006305,ps_img,178160
1791368339.030156,IMG_FRAMES,178201
1791368339.030156,IMG_SENT,178161
1791368339.030686,SYNC_CNT,178684
1791368339.033378,PHY_FRAMES,178684
1791368339.037740,ps_img,178161
1791368339.063418,SYNC_CNT,178685
1791368339.063780,IMG_FRAMES,178202
1791368339.063780,IMG_SENT,178162
1791368339.066123,PHY_FRAMES,178685
1791368339.074254,ps_img,178162
1791368339.096308,SYNC_CNT,178686
1791368339.096492,IMG_FRAMES,178203
1791368339.096492,IMG_SENT,178163
1791368339.099019,PHY_FRAMES,178686
1791368339.103874,ps_img,178163
1791368339.129171,SYNC_CNT,178687
1791368339.129411,IMG_FRAMES,178204
1791368339.129411,IMG_SENT,178164
1791368339.131904,PHY_FRAMES,178687
1791368339.140533,ps_img,178164
1791368339.161901,SYNC_CNT,178688
1791368339.162261,IMG_FRAMES,178205
1791368339.162261,IMG_SENT,178165
1791368339.164587,PHY_FRAMES,178688
1791368339.172532,ps_img,178165
1791368339.194979,IMG_FRAMES,178206
1791368339.194979,IMG_SENT,178166
1791368339.197161,SYNC_CNT,178689
1791368339.199881,PHY_FRAMES,178689
1791368339.209110,ps_img,178166
1791368339.229816,SYNC_CNT,178690
1791368339.230287,IMG_FRAMES,178207
1791368339.230287,IMG_SENT,178167
1791368339.232535,PHY_FRAMES,178690
1791368339.243591,ps_img,178167
1791368339.262480,SYNC_CNT,178691
1791368339.262900,IMG_FRAMES,178208
1791368339.262900,IMG_SENT,178168
1791368339.265205,PHY_FRAMES,178691
1791368339.285104,ps_img,178168
1791368339.298187,IMG_FRAMES,178209
1791368339.298187,IMG_SENT,178169
1791368339.298434,SYNC_CNT,178692
1791368339.301131,PHY_FRAMES,178692
1791368339.311915,ps_img,178169
1791368339.331249,SYNC_CNT,178693
1791368339.331493,IMG_FRAMES,178210
1791368339.331493,IMG_SENT,178170
1791368339.333988,PHY_FRAMES,178693
1791368339.346734,ps_img,178170
1791368339.363920,SYNC_CNT,178694
1791368339.364340,IMG_SENT,178171
1791368339.364407,IMG_FRAMES,178211
1791368339.366650,PHY_FRAMES,178694
1791368339.380339,ps_img,178171
1791368339.396547,SYNC_CNT,178695
1791368339.396991,IMG_SENT,178172
1791368339.397053,IMG_FRAMES,178212
1791368339.399283,PHY_FRAMES,178695
1791368339.414409,ps_img,178172
1791368339.429691,IMG_FRAMES,178213
1791368339.429691,IMG_SENT,178173
1791368339.432282,SYNC_CNT,178696
1791368339.435021,PHY_FRAMES,178696
1791368339.438668,ps_img,178173
1791368339.465071,SYNC_CNT,178697
1791368339.465371,IMG_SENT,178174
1791368339.465433,IMG_FRAMES,178214
1791368339.467812,PHY_FRAMES,178697
1791368339.477010,ps_img,178174
1791368339.497740,SYNC_CNT,178698
1791368339.498214,IMG_FRAMES,178215
1791368339.498214,IMG_SENT,178175
1791368339.500479,PHY_FRAMES,178698
1791368339.507231,ps_img,178175
1791368339.530754,SYNC_CNT,178699
1791368339.530820,IMG_SENT,178176
1791368339.530882,IMG_FRAMES,178216
1791368339.533460,PHY_FRAMES,178699
1791368339.539019,ps_img,178176
1791368339.563852,IMG_FRAMES,178217
1791368339.563852,IMG_SENT,178177
1791368339.566338,SYNC_CNT,178700
1791368339.569010,PHY_FRAMES,178700
1791368339.580955,ps_img,178177
1791368339.599101,SYNC_CNT,178701
1791368339.599401,IMG_FRAMES,178218
1791368339.599401,IMG_SENT,178178
1791368339.601824,PHY_FRAMES,178701
1791368339.608693,ps_img,178178
1791368339.631876,SYNC_CNT,178702
1791368339.632172,IMG_FRAMES,178219
1791368339.632172,IMG_SENT,178179
1791368339.634609,PHY_FRAMES,178702
1791368339.640800,ps_img,178179
1791368339.664541,SYNC_CNT,178703
1791368339.664972,IMG_FRAMES,178220
1791368339.664972,IMG_SENT,178180
1791368339.667247,PHY_FRAMES,178703
1791368339.679131,ps_img,178180
1791368339.697641,IMG_FRAMES,178221
1791368339.697641,IMG_SENT,178181
1791368339.698697,SYNC_CNT,178704
1791368339.701462,PHY_FRAMES,178704
1791368339.706400,ps_img,178181
1791368339.731534,SYNC_CNT,178705
1791368339.731831,IMG_FRAMES,178222
1791368339.731831,IMG_SENT,178182
1791368339.734280,PHY_FRAMES,178705
1791368339.741285,ps_img,178182
1791368339.764572,SYNC_CNT,178706
1791368339.764659,IMG_FRAMES,178223
1791368339.764659,IMG_SENT,178183
1791368339.767245,PHY_FRAMES,178706
1791368339.781612,ps_img,178183
1791368339.797465,SYNC_CNT,178707
1791368339.797652,IMG_FRAMES,178224
1791368339.797652,IMG_SENT,178184
1791368339.800188,PHY_FRAMES,178707
1791368339.806909,ps_img,178184
1791368339.830584,IMG_FRAMES,178225
1791368339.830584,IMG_SENT,178185
1791368339.832359,SYNC_CNT,178708
1791368339.835067,PHY_FRAMES,178708
1791368339.844855,ps_img,178185
1791368339.865330,SYNC_CNT,178709
1791368339.865456,IMG_FRAMES,178226
1791368339.865456,IMG_SENT,178186
1791368339.868040,PHY_FRAMES,178709
1791368339.882380,ps_img,178186
1791368339.898204,SYNC_CNT,178710
1791368339.898447,IMG_FRAMES,178227
1791368339.898447,IMG_SENT,178187
1791368339.900880,PHY_FRAMES,178710
1791368339.912720,ps_img,178187
1791368339.930859,SYNC_CNT,178711
1791368339.931282,IMG_FRAMES,178228
1791368339.931282,IMG_SENT,178188
1791368339.933567,PHY_FRAMES,178711
1791368339.940141,ps_img,178188
1791368339.963943,IMG_FRAMES,178229
1791368339.963943,IMG_SENT,178189
1791368339.966527,SYNC_CNT,178712
1791368339.969259,PHY_FRAMES,178712
1791368339.978125,ps_img,178189
1791368339.999361,SYNC_CNT,178713
1791368339.999605,IMG_FRAMES,178230
1791368339.999605,IMG_SENT,178190
1791368340.002096,PHY_FRAMES,178713
1791368340.007608,ps_img,178190
1791368340.032355,SYNC_CNT,178714
1791368340.032481,IMG_FRAMES,178231
1791368340.032481,IMG_SENT,178191
1791368340.035042,PHY_FRAMES,178714
1791368340.041380,ps_img,178191
1791368340.065209,SYNC_CNT,178715
1791368340.065448,IMG_FRAMES,178232
1791368340.065448,IMG_SENT,178192
1791368340.067881,PHY_FRAMES,178715
1791368340.081184,ps_img,178192
1791368340.098263,IMG_FRAMES,178233
1791368340.098263,IMG_SENT,178193
1791368340.098678,SYNC_CNT,178716
1791368340.101449,PHY_FRAMES,178716
1791368340.106473,ps_img,178193
1791368340.131351,SYNC_CNT,178717
1791368340.131828,IMG_FRAMES,178234
1791368340.131828,IMG_SENT,178194
1791368340.134091,PHY_FRAMES,178717
1791368340.139643,ps_img,178194
1791368340.163996,SYNC_CNT,178718
1791368340.164465,IMG_FRAMES,178235
1791368340.164465,IMG_SENT,178195
1791368340.166730,PHY_FRAMES,178718
1791368340.176534,ps_img,178195
1791368340.196925,SYNC_CNT,178719
1791368340.197106,IMG_FRAMES,178236
1791368340.197106,IMG_SENT,178196
1791368340.199663,PHY_FRAMES,178719
1791368340.205062,ps_img,178196
1791368340.230041,IMG_FRAMES,178237
1791368340.230041,IMG_SENT,178197
1791368340.232632,SYNC_CNT,178720
1791368340.235326,PHY_FRAMES,178720
1791368340.238227,ps_img,178197
1791368340.265425,SYNC_CNT,178721
1791368340.265722,IMG_FRAMES,178238
1791368340.265722,IMG_SENT,178198
1791368340.268172,PHY_FRAMES,178721
1791368340.277858,ps_img,178198
1791368340.298161,SYNC_CNT,178722
1791368340.298555,IMG_FRAMES,178239
1791368340.298555,IMG_SENT,178199
1791368340.300853,PHY_FRAMES,178722
1791368340.312459,ps_img,178199
1791368340.330813,SYNC_CNT,178723
1791368340.331231,IMG_FRAMES,178240
1791368340.331231,IMG_SENT,178200
1791368340.333523,PHY_FRAMES,178723
1791368340.343068,clk,-44902450896788
1791368340.343068,clk_rtt,540
1791368340.346790,ps_img,178200
1791368340.363907,IMG_FRAMES,178241
1791368340.363907,IMG_SENT,178201
1791368340.366592,SYNC_CNT,178724
1791368340.369293,PHY_FRAMES,178724
1791368340.385801,ps_img,178201
1791368340.399208,SYNC_CNT,178725
1791368340.399683,IMG_FRAMES,178242
1791368340.399683,IMG_SENT,178202
1791368340.401944,PHY_FRAMES,178725
1791368340.413566,ps_img,178202
1791368340.432187,SYNC_CNT,178726
1791368340.432314,IMG_FRAMES,178243
1791368340.432314,IMG_SENT,178203
1791368340.434885,PHY_FRAMES,178726
1791368340.442084,ps_img,178203
1791368340.465032,SYNC_CNT,178727
1791368340.465273,IMG_FRAMES,178244
1791368340.465273,IMG_SENT,178204
1791368340.467741,PHY_FRAMES,178727
1791368340.473097,ps_img,178204
1791368340.498128,IMG_FRAMES,178245
1791368340.498128,IMG_SENT,178205
1791368340.498719,SYNC_CNT,178728
1791368340.501410,PHY_FRAMES,178728
1791368340.507219,ps_img,178205
1791368340.531616,SYNC_CNT,178729
1791368340.531799,IMG_FRAMES,178246
1791368340.531799,IMG_SENT,178206
1791368340.534307,PHY_FRAMES,178729
1791368340.540330,ps_img,178206
1791368340.564607,SYNC_CNT,178730
1791368340.564676,IMG_SENT,178207
1791368340.564737,IMG_FRAMES,178247
1791368340.567340,PHY_FRAMES,178730
1791368340.573139,ps_img,178207
1791368340.597668,SYNC_CNT,178731
1791368340.597735,IMG_FRAMES,178248
1791368340.597735,IMG_SENT,178208
1791368340.600383,PHY_FRAMES,178731
1791368340.606830,ps_img,178208
1791368340.630749,IMG_FRAMES,178249
1791368340.630749,IMG_SENT,178209
1791368340.632926,SYNC_CNT,178732
1791368340.635666,PHY_FRAMES,178732
1791368340.639561,ps_img,178209
1791368340.665667,SYNC_CNT,178733
1791368340.666021,IMG_SENT,178210
1791368340.666083,IMG_FRAMES,178250
1791368340.668387,PHY_FRAMES,178733
1791368340.675234,ps_img,178210
1791368340.698731,SYNC_CNT,178734
1791368340.698798,IMG_FRAMES,178251
1791368340.698798,IMG_SENT,178211
1791368340.701451,PHY_FRAMES,178734
1791368340.707017,ps_img,178211
1791368340.731495,SYNC_CNT,178735
1791368340.731846,IMG_FRAMES,178252
1791368340.731846,IMG_SENT,178212
1791368340.734194,PHY_FRAMES,178735
1791368340.740730,ps_img,178212
1791368340.764545,IMG_SENT,178213
1791368340.764636,IMG_FRAMES,178253
1791368340.766225,SYNC_CNT,178736
1791368340.768970,PHY_FRAMES,178736
1791368340.772185,ps_img,178213
1791368340.798928,SYNC_CNT,178737
1791368340.799347,IMG_FRAMES,178254
1791368340.799347,IMG_SENT,178214
1791368340.801602,PHY_FRAMES,178737
1791368340.809314,ps_img,178214
1791368340.831544,SYNC_CNT,178738
1791368340.832021,IMG_FRAMES,178255
1791368340.832021,IMG_SENT,178215
1791368340.834306,PHY_FRAMES,178738
1791368340.842113,ps_img,178215
1791368340.864396,SYNC_CNT,178739
1791368340.864666,IMG_FRAMES,178256
1791368340.864666,IMG_SENT,178216
1791368340.867141,PHY_FRAMES,178739
1791368340.873799,ps_img,178216
1791368340.897534,IMG_FRAMES,178257
1791368340.897534,IMG_SENT,178217
1791368340.898713,SYNC_CNT,178740
1791368340.901456,PHY_FRAMES,178740
1791368340.913173,ps_img,178217
1791368340.931502,SYNC_CNT,178741
1791368340.931804,IMG_FRAMES,178258
1791368340.931804,IMG_SENT,178218
1791368340.934195,PHY_FRAMES,178741
1791368340.942513,ps_img,178218
1791368340.964521,SYNC_CNT,178742
1791368340.964614,IMG_FRAMES,178259
1791368340.964614,IMG_SENT,178219
1791368340.967238,PHY_FRAMES,178742
1791368340.975624,ps_img,178219
1791368340.997154,SYNC_CNT,178743
1791368340.997626,IMG_FRAMES,178260
1791368340.997626,IMG_SENT,178220
1791368340.999850,PHY_FRAMES,178743
1791368341.006189,ps_img,178220
1791368341.030252,IMG_FRAMES,178261
1791368341.030252,IMG_SENT,178221
1791368341.032587,SYNC_CNT,178744
1791368341.035307,PHY_FRAMES,178744
1791368341.038916,ps_img,178221
1791368341.065330,SYNC_CNT,178745
1791368341.065685,IMG_FRAMES,178262
1791368341.065685,IMG_SENT,178222
1791368341.068038,PHY_FRAMES,178745
1791368341.074388,ps_img,178222
1791368341.098160,SYNC_CNT,178746
1791368341.098460,IMG_FRAMES,178263
1791368341.098460,IMG_SENT,178223
1791368341.100873,PHY_FRAMES,178746
1791368341.107504,ps_img,178223
1791368341.130831,SYNC_CNT,178747
1791368341.131271,IMG_FRAMES,178264
1791368341.131271,IMG_SENT,178224
1791368341.133512,PHY_FRAMES,178747
1791368341.139983,ps_img,178224
1791368341.163948,IMG_FRAMES,178265
1791368341.163948,IMG_SENT,178225
1791368341.166598,SYNC_CNT,178748
1791368341.169323,PHY_FRAMES,178748
1791368341.171851,ps_img,178225
1791368341.199384,SYNC_CNT,178749
1791368341.199682,IMG_FRAMES,178266
1791368341.199682,IMG_SENT,178226
1791368341.202135,PHY_FRAMES,178749
1791368341.208269,ps_img,178226
1791368341.232399,SYNC_CNT,178750
1791368341.232524,IMG_FRAMES,178267
1791368341.232524,IMG_SENT,178227
1791368341.235139,PHY_FRAMES,178750
1791368341.239819,ps_img,178227
1791368341.265126,SYNC_CNT,178751
1791368341.265486,IMG_SENT,178228
1791368341.265549,IMG_FRAMES,178268
1791368341.267853,PHY_FRAMES,178751
1791368341.274733,ps_img,178228
1791368341.298219,IMG_FRAMES,178269
1791368341.298219,IMG_SENT,178229
1791368341.298696,SYNC_CNT,178752
1791368341.301424,PHY_FRAMES,178752
1791368341.307747,ps_img,178229
1791368341.331737,SYNC_CNT,178753
1791368341.331807,IMG_FRAMES,178270
1791368341.331807,IMG_SENT,178230
1791368341.334471,PHY_FRAMES,178753
1791368341.341623,ps_img,178230
1791368341.364415,SYNC_CNT,178754
1791368341.364819,IMG_FRAMES,178271
1791368341.364819,IMG_SENT,178231
1791368341.367097,PHY_FRAMES,178754
1791368341.374581,ps_img,178231
1791368341.397045,SYNC_CNT,178755
1791368341.397466,IMG_FRAMES,178272
1791368341.397466,IMG_SENT,178232
1791368341.399741,PHY_FRAMES,178755
1791368341.413780,ps_img,178232
1791368341.430162,IMG_FRAMES,178273
1791368341.430162,IMG_SENT,178233
1791368341.430646,SYNC_CNT,178756
1791368341.433383,PHY_FRAMES,178756
1791368341.440770,ps_img,178233
1791368341.463545,SYNC_CNT,178757
1791368341.463727,IMG_SENT,178234
1791368341.463788,IMG_FRAMES,178274
1791368341.466301,PHY_FRAMES,178757
1791368341.473251,ps_img,178234
1791368341.496443,SYNC_CNT,178758
1791368341.496642,IMG_FRAMES,178275
1791368341.496642,IMG_SENT,178235
1791368341.499138,PHY_FRAMES,178758
1791368341.504786,ps_img,178235
1791368341.529376,SYNC_CNT,178759
1791368341.529558,IMG_FRAMES,178276
1791368341.529558,IMG_SENT,178236
1791368341.532064,PHY_FRAMES,178759
1791368341.536800,ps_img,178236
1791368341.562052,SYNC_CNT,178760
1791368341.562467,IMG_FRAMES,178277
1791368341.562467,IMG_SENT,178237
1791368341.564745,PHY_FRAMES,178760
1791368341.570953,ps_img,178237
1791368341.595134,IMG_FRAMES,178278
1791368341.595134,IMG_SENT,178238
1791368341.597303,SYNC_CNT,178761
1791368341.600044,PHY_FRAMES,178761
1791368341.604038,ps_img,178238
1791368341.629950,SYNC_CNT,178762
1791368341.630421,IMG_FRAMES,178279
1791368341.630421,IMG_SENT,178239
1791368341.632703,PHY_FRAMES,178762
1791368341.638150,ps_img,178239
1791368341.662584,SYNC_CNT,178763
1791368341.663054,IMG_FRAMES,178280
1791368341.663054,IMG_SENT,178240
1791368341.665328,PHY_FRAMES,178763
1791368341.670674,ps_img,178240
1791368341.695706,IMG_FRAMES,178281
1791368341.695706,IMG_SENT,178241
1791368341.698352,SYNC_CNT,178764
1791368341.701073,PHY_FRAMES,178764
1791368341.703644,ps_img,178241
1791368341.731276,SYNC_CNT,178765
1791368341.731457,IMG_FRAMES,178282
1791368341.731457,IMG_SENT,178242
1791368341.733957,PHY_FRAMES,178765
1791368341.740180,ps_img,178242
1791368341.763936,SYNC_CNT,178766
1791368341.764352,IMG_FRAMES,178283
1791368341.764352,IMG_SENT,178243
1791368341.766610,PHY_FRAMES,178766
1791368341.771906,ps_img,178243
1791368341.796789,SYNC_CNT,178767
1791368341.797030,IMG_FRAMES,178284
1791368341.797030,IMG_SENT,178244
1791368341.799506,PHY_FRAMES,178767
1791368341.811881,ps_img,178244
1791368341.829844,IMG_SENT,178245
1791368341.829911,IMG_FRAMES,178285
1791368341.832943,SYNC_CNT,178768
1791368341.835680,PHY_FRAMES,178768
1791368341.845567,ps_img,178245
1791368341.865768,SYNC_CNT,178769
1791368341.866013,IMG_SENT,178246
1791368341.866076,IMG_FRAMES,178286
1791368341.868517,PHY_FRAMES,178769
1791368341.875238,ps_img,178246
1791368341.898648,SYNC_CNT,178770
1791368341.898894,IMG_FRAMES,178287
1791368341.898894,IMG_SENT,178247
1791368341.901372,PHY_FRAMES,178770
1791368341.918446,ps_img,178247
1791368341.931377,SYNC_CNT,178771
1791368341.931743,IMG_FRAMES,178288
1791368341.931743,IMG_SENT,178248
1791368341.934138,PHY_FRAMES,178771
1791368341.939982,ps_img,178248
1791368341.964519,IMG_FRAMES,178289
1791368341.964519,IMG_SENT,178249
1791368341.966305,SYNC_CNT,178772
1791368341.969035,PHY_FRAMES,178772
1791368341.972371,ps_img,178249
1791368341.999212,SYNC_CNT,178773
1791368341.999395,IMG_FRAMES,178290
1791368341.999395,IMG_SENT,178250
1791368342.001952,PHY_FRAMES,178773
1791368342.006943,ps_img,178250
1791368342.031943,SYNC_CNT,178774
1791368342.032297,IMG_FRAMES,178291
1791368342.032297,IMG_SENT,178251
1791368342.034668,PHY_FRAMES,178774
1791368342.040559,ps_img,178251
1791368342.064600,SYNC_CNT,178775
1791368342.065075,IMG_FRAMES,178292
1791368342.065075,IMG_SENT,178252
1791368342.067350,PHY_FRAMES,178775
1791368342.072499,ps_img,178252
1791368342.097707,IMG_FRAMES,178293
1791368342.097707,IMG_SENT,178253
1791368342.098715,SYNC_CNT,178776
1791368342.101402,PHY_FRAMES,178776
1791368342.105235,ps_img,178253
1791368342.131449,SYNC_CNT,178777
1791368342.131803,IMG_FRAMES,178294
1791368342.131803,IMG_SENT,178254
1791368342.134180,PHY_FRAMES,178777
1791368342.139259,ps_img,178254
1791368342.164400,SYNC_CNT,178778
1791368342.164524,IMG_FRAMES,178295
1791368342.164524,IMG_SENT,178255
1791368342.167125,PHY_FRAMES,178778
1791368342.171693,ps_img,178255
1791368342.197028,SYNC_CNT,178779
1791368342.197497,IMG_FRAMES,178296
1791368342.197497,IMG_SENT,178256
1791368342.199767,PHY_FRAMES,178779
1791368342.205455,ps_img,178256
1791368342.230133,IMG_SENT,178257
1791368342.230198,IMG_FRAMES,178297
1791368342.232769,SYNC_CNT,178780
1791368342.235518,PHY_FRAMES,178780
1791368342.238062,ps_img,178257
1791368342.265869,IMG_SENT,178258
1791368342.265936,IMG_FRAMES,178298
1791368342.270092,SYNC_CNT,178781
1791368342.272796,PHY_FRAMES,178781
1791368342.274205,ps_img,178258
1791368342.302739,SYNC_CNT,178782
1791368342.303158,IMG_FRAMES,178299
1791368342.303158,IMG_SENT,178259
1791368342.305445,PHY_FRAMES,178782
1791368342.311902,ps_img,178259
1791368342.335341,SYNC_CNT,178783
1791368342.335787,IMG_SENT,178260
1791368342.335851,IMG_FRAMES,178300
1791368342.338108,PHY_FRAMES,178783
1791368342.349150,ps_img,178260
1791368342.368042,SYNC_CNT,178784
1791368342.368466,IMG_FRAMES,178301
1791368342.368466,IMG_SENT,178261
1791368342.370719,PHY_FRAMES,178784
1791368342.376493,ps_img,178261
1791368342.401140,SYNC_CNT,178785
1791368342.401140,IMG_FRAMES,178302
1791368342.401140,IMG_SENT,178262
1791368342.403843,PHY_FRAMES,178785
1791368342.419055,ps_img,178262
1791368342.433804,SYNC_CNT,178786
1791368342.434219,IMG_FRAMES,178303
1791368342.434219,IMG_SENT,178263
1791368342.436481,PHY_FRAMES,178786
1791368342.442975,ps_img,178263
1791368342.466604,SYNC_CNT,178787
1791368342.466904,IMG_FRAMES,178304
1791368342.466904,IMG_SENT,178264
1791368342.469309,PHY_FRAMES,178787
1791368342.475605,ps_img,178264
1791368342.499280,SYNC_CNT,178788
1791368342.499693,IMG_FRAMES,178305
1791368342.499693,IMG_SENT,178265
1791368342.502032,PHY_FRAMES,178788
1791368342.508431,ps_img,178265
1791368342.532288,SYNC_CNT,178789
1791368342.532411,IMG_FRAMES,178306
1791368342.532411,IMG_SENT,178266
1791368342.535019,PHY_FRAMES,178789
1791368342.541420,ps_img,178266
1791368342.565106,SYNC_CNT,178790
1791368342.565403,IMG_FRAMES,178307
1791368342.565403,IMG_SENT,178267
1791368342.567827,PHY_FRAMES,178790
1791368342.574004,ps_img,178267
1791368342.597761,SYNC_CNT,178791
1791368342.598177,IMG_FRAMES,178308
1791368342.598177,IMG_SENT,178268
1791368342.600474,PHY_FRAMES,178791
1791368342.608043,ps_img,178268
1791368342.630857,IMG_FRAMES,178309
1791368342.630857,IMG_SENT,178269
1791368342.633514,SYNC_CNT,178792
1791368342.636212,PHY_FRAMES,178792
1791368342.638643,ps_img,178269
1791368342.666146,SYNC_CNT,178793
1791368342.666616,IMG_FRAMES,178310
1791368342.666616,IMG_SENT,178270
1791368342.668881,PHY_FRAMES,178793
1791368342.675570,ps_img,178270
1791368342.698827,SYNC_CNT,178794
1791368342.699242,IMG_FRAMES,178311
1791368342.699242,IMG_SENT,178271
1791368342.701499,PHY_FRAMES,178794
1791368342.707889,ps_img,178271
1791368342.731470,SYNC_CNT,178795
1791368342.731884,IMG_FRAMES,178312
1791368342.731884,IMG_SENT,178272
1791368342.734175,PHY_FRAMES,178795
1791368342.741009,ps_img,178272
1791368342.764529,IMG_SENT,178273
1791368342.764625,IMG_FRAMES,178313
1791368342.765862,SYNC_CNT,178796
1791368342.768570,PHY_FRAMES,178796
1791368342.772051,ps_img,178273
1791368342.798716,SYNC_CNT,178797
1791368342.798966,IMG_FRAMES,178314
1791368342.798966,IMG_SENT,178274
1791368342.801446,PHY_FRAMES,178797
1791368342.808864,ps_img,178274
1791368342.831384,SYNC_CNT,178798
1791368342.831830,IMG_FRAMES,178315
1791368342.831830,IMG_SENT,178275
1791368342.834073,PHY_FRAMES,178798
1791368342.839997,ps_img,178275
1791368342.864037,SYNC_CNT,178799
1791368342.864512,IMG_FRAMES,178316
1791368342.864512,IMG_SENT,178276
1791368342.866779,PHY_FRAMES,178799
1791368342.871813,ps_img,178276
1791368342.897129,IMG_FRAMES,178317
1791368342.897129,IMG_SENT,178277
1791368342.898371,SYNC_CNT,178800
1791368342.901107,PHY_FRAMES,178800
1791368342.918814,ps_img,178277
1791368342.931242,SYNC_CNT,178801
1791368342.931484,IMG_FRAMES,178318
1791368342.931484,IMG_SENT,178278
1791368342.933908,PHY_FRAMES,178801
1791368342.939669,ps_img,178278
1791368342.963871,SYNC_CNT,178802
1791368342.964288,IMG_SENT,178279
1791368342.964350,IMG_FRAMES,178319
1791368342.966575,PHY_FRAMES,178802
1791368342.971743,ps_img,178279
1791368342.996813,SYNC_CNT,178803
1791368342.996938,IMG_SENT,178280
1791368342.997000,IMG_FRAMES,178320
1791368342.999541,PHY_FRAMES,178803
1791368343.005036,ps_img,178280
1791368343.029891,IMG_SENT,178281
1791368343.029956,IMG_FRAMES,178321
1791368343.032888,SYNC_CNT,178804
1791368343.035635,PHY_FRAMES,178804
1791368343.037188,ps_img,178281
1791368343.065580,SYNC_CNT,178805
1791368343.065990,IMG_FRAMES,178322
1791368343.065990,IMG_SENT,178282
1791368343.068288,PHY_FRAMES,178805
1791368343.073361,ps_img,178282
1791368343.098652,IMG_FRAMES,178323
1791368343.098652,IMG_SENT,178283
1791368343.099365,SYNC_CNT,178806
1791368343.102040,PHY_FRAMES,178806
1791368343.109355,ps_img,178283
1791368343.132262,SYNC_CNT,178807
1791368343.132441,IMG_FRAMES,178324
1791368343.132441,IMG_SENT,178284
1791368343.135028,PHY_FRAMES,178807
1791368343.140008,ps_img,178284
1791368343.165397,IMG_FRAMES,178325
1791368343.165397,IMG_SENT,178285
1791368343.166224,SYNC_CNT,178808
1791368343.168934,PHY_FRAMES,178808
1791368343.172333,ps_img,178285
1791368343.198914,SYNC_CNT,178809
1791368343.199327,IMG_FRAMES,178326
1791368343.199327,IMG_SENT,178286
1791368343.201605,PHY_FRAMES,178809
1791368343.207120,ps_img,178286
1791368343.231858,SYNC_CNT,178810
1791368343.231983,IMG_FRAMES,178327
1791368343.231983,IMG_SENT,178287
1791368343.234604,PHY_FRAMES,178810
1791368343.240021,ps_img,178287
1791368343.264495,SYNC_CNT,178811
1791368343.264966,IMG_FRAMES,178328
1791368343.264966,IMG_SENT,178288
1791368343.267263,PHY_FRAMES,178811
1791368343.274600,ps_img,178288
1791368343.297640,IMG_FRAMES,178329
1791368343.297640,IMG_SENT,178289
1791368343.298710,SYNC_CNT,178812
1791368343.301407,PHY_FRAMES,178812
1791368343.305381,ps_img,178289
1791368343.331334,SYNC_CNT,178813
1791368343.331814,IMG_FRAMES,178330
1791368343.331814,IMG_SENT,178290
1791368343.334068,PHY_FRAMES,178813
1791368343.345444,ps_img,178290
1791368343.363969,SYNC_CNT,178814
1791368343.364445,IMG_FRAMES,178331
1791368343.364445,IMG_SENT,178291
1791368343.366726,PHY_FRAMES,178814
1791368343.373493,ps_img,178291
1791368343.396704,SYNC_CNT,178815
1791368343.397070,IMG_SENT,178292
1791368343.397133,IMG_FRAMES,178332
1791368343.399429,PHY_FRAMES,178815
1791368343.411516,ps_img,178292
1791368343.429829,IMG_FRAMES,178333
1791368343.429829,IMG_SENT,178293
1791368343.433887,SYNC_CNT,178816
1791368343.436614,PHY_FRAMES,178816
1791368343.442986,ps_img,178293
1791368343.466541,SYNC_CNT,178817
1791368343.467012,IMG_FRAMES,178334
1791368343.467012,IMG_SENT,178294
1791368343.469281,PHY_FRAMES,178817
1791368343.479517,ps_img,178294
1791368343.499361,SYNC_CNT,178818
1791368343.499660,IMG_FRAMES,178335
1791368343.499660,IMG_SENT,178295
1791368343.502069,PHY_FRAMES,178818
1791368343.508445,ps_img,178295
1791368343.532311,SYNC_CNT,178819
1791368343.532433,IMG_SENT,178296
1791368343.532493,IMG_FRAMES,178336
1791368343.534999,PHY_FRAMES,178819
1791368343.539696,ps_img,178296
1791368343.565412,IMG_FRAMES,178337
1791368343.565412,IMG_SENT,178297
1791368343.566639,SYNC_CNT,178820
1791368343.569342,PHY_FRAMES,178820
1791368343.573045,ps_img,178297
1791368343.599538,SYNC_CNT,178821
1791368343.599723,IMG_FRAMES,178338
1791368343.599723,IMG_SENT,178298
1791368343.602259,PHY_FRAMES,178821
1791368343.607893,ps_img,178298
1791368343.632353,SYNC_CNT,178822
1791368343.632623,IMG_FRAMES,178339
1791368343.632623,IMG_SENT,178299
1791368343.635077,PHY_FRAMES,178822
1791368343.640528,ps_img,178299
1791368343.665217,SYNC_CNT,178823
1791368343.665452,IMG_SENT,178300
1791368343.665513,IMG_FRAMES,178340
1791368343.667907,PHY_FRAMES,178823
1791368343.673200,ps_img,178300
1791368343.698300,IMG_FRAMES,178341
1791368343.698300,IMG_SENT,178301
1791368343.698661,SYNC_CNT,178824
1791368343.701411,PHY_FRAMES,178824
1791368343.705814,ps_img,178301
1791368343.731348,SYNC_CNT,178825
1791368343.731740,IMG_SENT,178302
1791368343.731802,IMG_FRAMES,178342
1791368343.734007,PHY_FRAMES,178825
1791368343.741802,ps_img,178302
1791368343.764309,SYNC_CNT,178826
1791368343.764434,IMG_FRAMES,178343
1791368343.764434,IMG_SENT,178303
1791368343.767034,PHY_FRAMES,178826
1791368343.773338,ps_img,178303
1791368343.796955,SYNC_CNT,178827
1791368343.797437,IMG_FRAMES,178344
1791368343.797437,IMG_SENT,178304
1791368343.799689,PHY_FRAMES,178827
1791368343.806391,ps_img,178304
1791368343.830046,IMG_SENT,178305
1791368343.830112,IMG_FRAMES,178345
1791368343.833784,SYNC_CNT,178828
1791368343.836507,PHY_FRAMES,178828
1791368343.838711,ps_img,178305
1791368343.866452,SYNC_CNT,178829
1791368343.866871,IMG_FRAMES,178346
1791368343.866871,IMG_SENT,178306
1791368343.869179,PHY_FRAMES,178829
1791368343.879077,ps_img,178306
1791368343.899344,SYNC_CNT,178830
1791368343.899527,IMG_FRAMES,178347
1791368343.899527,IMG_SENT,178307
1791368343.902044,PHY_FRAMES,178830
1791368343.912977,ps_img,178307
1791368343.932319,SYNC_CNT,178831
1791368343.932445,IMG_FRAMES,178348
1791368343.932445,IMG_SENT,178308
1791368343.935037,PHY_FRAMES,178831
1791368343.947489,ps_img,178308
1791368343.965420,IMG_FRAMES,178349
1791368343.965420,IMG_SENT,178309
1791368343.966651,SYNC_CNT,178832
1791368343.969371,PHY_FRAMES,178832
1791368343.974919,ps_img,178309
1791368343.999266,SYNC_CNT,178833
1791368343.999736,IMG_FRAMES,178350
1791368343.999736,IMG_SENT,178310
1791368344.002011,PHY_FRAMES,178833
1791368344.008127,ps_img,178310
1791368344.031994,SYNC_CNT,178834
1791368344.032406,IMG_FRAMES,178351
1791368344.032406,IMG_SENT,178311
1791368344.034724,PHY_FRAMES,178834
1791368344.039652,ps_img,178311
1791368344.064686,SYNC_CNT,178835
1791368344.065090,IMG_FRAMES,178352
1791368344.065090,IMG_SENT,178312
1791368344.067402,PHY_FRAMES,178835
1791368344.073733,ps_img,178312
1791368344.097814,IMG_FRAMES,178353
1791368344.097814,IMG_SENT,178313
1791368344.098326,SYNC_CNT,178836
1791368344.101040,PHY_FRAMES,178836
1791368344.106347,ps_img,178313
1791368344.130975,SYNC_CNT,178837
1791368344.131455,IMG_FRAMES,178354
1791368344.131455,IMG_SENT,178314
1791368344.133693,PHY_FRAMES,178837
1791368344.140456,ps_img,178314
1791368344.163650,SYNC_CNT,178838
1791368344.164118,IMG_FRAMES,178355
1791368344.164118,IMG_SENT,178315
1791368344.166374,PHY_FRAMES,178838
1791368344.172537,ps_img,178315
1791368344.196284,SYNC_CNT,178839
1791368344.196720,IMG_SENT,178316
1791368344.196782,IMG_FRAMES,178356
1791368344.198984,PHY_FRAMES,178839
1791368344.207923,ps_img,178316
1791368344.229374,IMG_FRAMES,178357
1791368344.229374,IMG_SENT,178317
1791368344.233002,SYNC_CNT,178840
1791368344.235700,PHY_FRAMES,178840
1791368344.240786,ps_img,178317
1791368344.265655,SYNC_CNT,178841
1791368344.266128,IMG_FRAMES,178358
1791368344.266128,IMG_SENT,178318
1791368344.268404,PHY_FRAMES,178841
1791368344.275545,ps_img,178318
1791368344.298682,SYNC_CNT,178842
1791368344.298748,IMG_FRAMES,178359
1791368344.298748,IMG_SENT,178319
1791368344.301368,PHY_FRAMES,178842
1791368344.308511,ps_img,178319
1791368344.331389,SYNC_CNT,178843
1791368344.331802,IMG_FRAMES,178360
1791368344.331802,IMG_SENT,178320
1791368344.334129,PHY_FRAMES,178843
1791368344.340710,ps_img,178320
1791368344.364485,IMG_FRAMES,178361
1791368344.364485,IMG_SENT,178321
1791368344.365667,SYNC_CNT,178844
1791368344.368408,PHY_FRAMES,178844
1791368344.373042,ps_img,178321
1791368344.398657,SYNC_CNT,178845
1791368344.398781,IMG_FRAMES,178362
1791368344.398781,IMG_SENT,178322
1791368344.401376,PHY_FRAMES,178845
1791368344.407899,ps_img,178322
1791368344.431358,SYNC_CNT,178846
1791368344.431774,IMG_FRAMES,178363
1791368344.431774,IMG_SENT,178323
1791368344.434094,PHY_FRAMES,178846
1791368344.453598,ps_img,178323
1791368344.464016,SYNC_CNT,178847
1791368344.464430,IMG_SENT,178324
1791368344.464491,IMG_FRAMES,178364
1791368344.466745,PHY_FRAMES,178847
1791368344.477422,ps_img,178324
1791368344.497096,IMG_FRAMES,178365
1791368344.497096,IMG_SENT,178325
1791368344.498636,SYNC_CNT,178848
1791368344.501381,PHY_FRAMES,178848
1791368344.505834,ps_img,178325
1791368344.531307,SYNC_CNT,178849
1791368344.531756,IMG_FRAMES,178366
1791368344.531756,IMG_SENT,178326
1791368344.534009,PHY_FRAMES,178849
1791368344.541243,ps_img,178326
1791368344.564124,SYNC_CNT,178850
1791368344.564423,IMG_FRAMES,178367
1791368344.564423,IMG_SENT,178327
1791368344.566864,PHY_FRAMES,178850
1791368344.571577,ps_img,178327
1791368344.596761,SYNC_CNT,178851
1791368344.597232,IMG_FRAMES,178368
1791368344.597232,IMG_SENT,178328
1791368344.599513,PHY_FRAMES,178851
1791368344.606313,ps_img,178328
1791368344.629875,IMG_FRAMES,178369
1791368344.629875,IMG_SENT,178329
1791368344.633888,SYNC_CNT,178852
1791368344.636585,PHY_FRAMES,178852
1791368344.637203,ps_img,178329
1791368344.666614,SYNC_CNT,178853
1791368344.666967,IMG_FRAMES,178370
1791368344.666967,IMG_SENT,178330
1791368344.669304,PHY_FRAMES,178853
1791368344.675485,ps_img,178330
1791368344.699519,SYNC_CNT,178854
1791368344.699704,IMG_FRAMES,178371
1791368344.699704,IMG_SENT,178331
1791368344.702204,PHY_FRAMES,178854
1791368344.708869,ps_img,178331
1791368344.732276,SYNC_CNT,178855
1791368344.732578,IMG_FRAMES,178372
1791368344.732578,IMG_SENT,178332
1791368344.735003,PHY_FRAMES,178855
1791368344.741777,ps_img,178332
1791368344.765405,IMG_FRAMES,178373
1791368344.765405,IMG_SENT,178333
1791368344.765714,SYNC_CNT,178856
1791368344.768470,PHY_FRAMES,178856
1791368344.774266,ps_img,178333
1791368344.798384,SYNC_CNT,178857
1791368344.798808,IMG_SENT,178334
1791368344.798871,IMG_FRAMES,178374
1791368344.801091,PHY_FRAMES,178857
1791368344.807989,ps_img,178334
1791368344.831231,SYNC_CNT,178858
1791368344.831474,IMG_FRAMES,178375
1791368344.831474,IMG_SENT,178335
1791368344.833971,PHY_FRAMES,178858
1791368344.840508,ps_img,178335
1791368344.864240,SYNC_CNT,178859
1791368344.864363,IMG_FRAMES,178376
1791368344.864363,IMG_SENT,178336
1791368344.866987,PHY_FRAMES,178859
1791368344.871714,ps_img,178336
1791368344.897372,IMG_FRAMES,178377
1791368344.897372,IMG_SENT,178337
1791368344.898676,SYNC_CNT,178860
1791368344.901370,PHY_FRAMES,178860
1791368344.907035,ps_img,178337
1791368344.931340,SYNC_CNT,178861
1791368344.931759,IMG_FRAMES,178378
1791368344.931759,IMG_SENT,178338
1791368344.934030,PHY_FRAMES,178861
1791368344.947760,ps_img,178338
1791368344.964432,IMG_FRAMES,178379
1791368344.964432,IMG_SENT,178339
1791368344.966334,SYNC_CNT,178862
1791368344.969060,PHY_FRAMES,178862
1791368344.974054,ps_img,178339
1791368344.998970,SYNC_CNT,178863
1791368344.999440,IMG_FRAMES,178380
1791368344.999440,IMG_SENT,178340
1791368345.001697,PHY_FRAMES,178863
1791368345.008497,ps_img,178340
1791368345.032059,IMG_FRAMES,178381
1791368345.032059,IMG_SENT,178341
1791368345.032425,SYNC_CNT,178864
1791368345.035155,PHY_FRAMES,178864
1791368345.041875,ps_img,178341
1791368345.065472,SYNC_CNT,178865
1791368345.065539,IMG_FRAMES,178382
1791368345.065539,IMG_SENT,178342
1791368345.068159,PHY_FRAMES,178865
1791368345.074651,ps_img,178342
1791368345.098230,SYNC_CNT,178866
1791368345.098532,IMG_FRAMES,178383
1791368345.098532,IMG_SENT,178343
1791368345.100951,PHY_FRAMES,178866
1791368345.106477,ps_img,178343
1791368345.130910,SYNC_CNT,178867
1791368345.131326,IMG_FRAMES,178384
1791368345.131326,IMG_SENT,178344
1791368345.133626,PHY_FRAMES,178867
1791368345.140018,ps_img,178344
1791368345.163994,IMG_FRAMES,178385
1791368345.163994,IMG_SENT,178345
1791368345.166631,SYNC_CNT,178868
1791368345.169363,PHY_FRAMES,178868
1791368345.171841,ps_img,178345
1791368345.199549,SYNC_CNT,178869
1791368345.199732,IMG_FRAMES,178386
1791368345.199732,IMG_SENT,178346
1791368345.202244,PHY_FRAMES,178869
1791368345.207821,ps_img,178346
1791368345.232283,SYNC_CNT,178870
1791368345.232651,IMG_FRAMES,178387
1791368345.232651,IMG_SENT,178347
1791368345.234968,PHY_FRAMES,178870
1791368345.239501,ps_img,178347
1791368345.264894,SYNC_CNT,178871
1791368345.265368,IMG_FRAMES,178388
1791368345.265368,IMG_SENT,178348
1791368345.267601,PHY_FRAMES,178871
1791368345.272727,ps_img,178348
1791368345.298016,IMG_FRAMES,178389
1791368345.298016,IMG_SENT,178349
1791368345.298370,SYNC_CNT,178872
1791368345.301094,PHY_FRAMES,178872
1791368345.308485,ps_img,178349
1791368345.331390,SYNC_CNT,178873
1791368345.331519,IMG_FRAMES,178390
1791368345.331519,IMG_SENT,178350
1791368345.334132,PHY_FRAMES,178873
1791368345.343150,clk,-44902450896717
1791368345.343150,clk_rtt,612
1791368345.344284,ps_img,178350
1791368345.364410,SYNC_CNT,178874
1791368345.364539,IMG_FRAMES,178391
1791368345.364539,IMG_SENT,178351
1791368345.367097,PHY_FRAMES,178874
1791368345.374166,ps_img,178351
1791368345.397023,SYNC_CNT,178875
1791368345.397497,IMG_FRAMES,178392
1791368345.397497,IMG_SENT,178352
1791368345.399736,PHY_FRAMES,178875
1791368345.409015,ps_img,178352
1791368345.430115,IMG_SENT,178353
1791368345.430180,IMG_FRAMES,178393
1791368345.433285,SYNC_CNT,178876
1791368345.435984,PHY_FRAMES,178876
1791368345.448354,ps_img,178353
1791368345.465911,SYNC_CNT,178877
1791368345.466380,IMG_FRAMES,178394
1791368345.466380,IMG_SENT,178354
1791368345.468659,PHY_FRAMES,178877
1791368345.475247,ps_img,178354
1791368345.498645,SYNC_CNT,178878
1791368345.499001,IMG_SENT,178355
1791368345.499062,IMG_FRAMES,178395
1791368345.501343,PHY_FRAMES,178878
1791368345.506917,ps_img,178355
1791368345.531247,SYNC_CNT,178879
1791368345.531713,IMG_FRAMES,178396
1791368345.531713,IMG_SENT,178356
1791368345.533987,PHY_FRAMES,178879
1791368345.540711,ps_img,178356
1791368345.564348,IMG_SENT,178357
1791368345.564412,IMG_FRAMES,178397
1791368345.566233,SYNC_CNT,178880
1791368345.568951,PHY_FRAMES,178880
1791368345.571556,ps_img,178357
1791368345.598993,SYNC_CNT,178881
1791368345.599353,IMG_FRAMES,178398
1791368345.599353,IMG_SENT,178358
1791368345.601655,PHY_FRAMES,178881
1791368345.608628,ps_img,178358
1791368345.631912,SYNC_CNT,178882
1791368345.632096,IMG_FRAMES,178399
1791368345.632096,IMG_SENT,178359
1791368345.634607,PHY_FRAMES,178882
1791368345.641074,ps_img,178359
1791368345.664863,SYNC_CNT,178883
1791368345.664986,IMG_SENT,178360
1791368345.665047,IMG_FRAMES,178400
1791368345.667568,PHY_FRAMES,178883
1791368345.679477,ps_img,178360
1791368345.698029,IMG_FRAMES,178401
1791368345.698029,IMG_SENT,178361
1791368345.698686,SYNC_CNT,178884
1791368345.701417,PHY_FRAMES,178884
1791368345.709226,ps_img,178361
1791368345.731543,SYNC_CNT,178885
1791368345.731784,IMG_FRAMES,178402
1791368345.731784,IMG_SENT,178362
1791368345.734219,PHY_FRAMES,178885
1791368345.739211,ps_img,178362
1791368345.764228,SYNC_CNT,178886
1791368345.764586,IMG_SENT,178363
1791368345.764673,IMG_FRAMES,178403
1791368345.766975,PHY_FRAMES,178886
1791368345.773321,ps_img,178363
1791368345.796951,SYNC_CNT,178887
1791368345.797314,IMG_FRAMES,178404
1791368345.797314,IMG_SENT,178364
1791368345.799637,PHY_FRAMES,178887
1791368345.805776,ps_img,178364
1791368345.830021,IMG_FRAMES,178405
1791368345.830021,IMG_SENT,178365
1791368345.832358,SYNC_CNT,178888
1791368345.835037,PHY_FRAMES,178888
1791368345.844064,ps_img,178365
1791368345.865130,SYNC_CNT,178889
1791368345.865431,IMG_FRAMES,178406
1791368345.865431,IMG_SENT,178366
1791368345.867812,PHY_FRAMES,178889
1791368345.874963,ps_img,178366
1791368345.898118,SYNC_CNT,178890
1791368345.898244,IMG_FRAMES,178407
1791368345.898244,IMG_SENT,178367
1791368345.900802,PHY_FRAMES,178890
1791368345.910570,ps_img,178367
1791368345.930768,SYNC_CNT,178891
1791368345.931185,IMG_FRAMES,178408
1791368345.931185,IMG_SENT,178368
1791368345.933448,PHY_FRAMES,178891
1791368345.940074,ps_img,178368
1791368345.963849,IMG_FRAMES,178409
1791368345.963849,IMG_SENT,178369
1791368345.966614,SYNC_CNT,178892
1791368345.969331,PHY_FRAMES,178892
1791368345.971670,ps_img,178369
1791368345.999598,SYNC_CNT,178893
1791368345.999722,IMG_FRAMES,178410
1791368345.999722,IMG_SENT,178370
1791368346.002355,PHY_FRAMES,178893
1791368346.008353,ps_img,178370
1791368346.032284,SYNC_CNT,178894
1791368346.032707,IMG_FRAMES,178411
1791368346.032707,IMG_SENT,178371
1791368346.035002,PHY_FRAMES,178894
1791368346.040693,ps_img,178371
1791368346.064963,SYNC_CNT,178895
1791368346.065374,IMG_FRAMES,178412
1791368346.065374,IMG_SENT,178372
1791368346.067652,PHY_FRAMES,178895
1791368346.073879,ps_img,178372
1791368346.098049,IMG_FRAMES,178413
1791368346.098049,IMG_SENT,178373
1791368346.098650,SYNC_CNT,178896
1791368346.101341,PHY_FRAMES,178896
1791368346.106306,ps_img,178373
1791368346.131341,SYNC_CNT,178897
1791368346.131757,IMG_FRAMES,178414
1791368346.131757,IMG_SENT,178374
1791368346.134074,PHY_FRAMES,178897
1791368346.139973,ps_img,178374
1791368346.164452,IMG_FRAMES,178415
1791368346.164452,IMG_SENT,178375
1791368346.166402,SYNC_CNT,178898
1791368346.169122,PHY_FRAMES,178898
1791368346.172629,ps_img,178375
1791368346.199033,SYNC_CNT,178899
1791368346.199505,IMG_FRAMES,178416
1791368346.199505,IMG_SENT,178376
1791368346.201754,PHY_FRAMES,178899
1791368346.207377,ps_img,178376
1791368346.232152,IMG_FRAMES,178417
1791368346.232152,IMG_SENT,178377
1791368346.233926,SYNC_CNT,178900
1791368346.236637,PHY_FRAMES,178900
1791368346.239592,ps_img,178377
1791368346.266556,SYNC_CNT,178901
1791368346.267030,IMG_FRAMES,178418
1791368346.267030,IMG_SENT,178378
1791368346.269304,PHY_FRAMES,178901
1791368346.275730,ps_img,178378
1791368346.299271,SYNC_CNT,178902
1791368346.299686,IMG_FRAMES,178419
1791368346.299686,IMG_SENT,178379
1791368346.302009,PHY_FRAMES,178902
1791368346.311508,ps_img,178379
1791368346.332228,SYNC_CNT,178903
1791368346.332413,IMG_FRAMES,178420
1791368346.332413,IMG_SENT,178380
1791368346.334902,PHY_FRAMES,178903
1791368346.350028,ps_img,178380
1791368346.365319,IMG_FRAMES,178421
1791368346.365319,IMG_SENT,178381
1791368346.366626,SYNC_CNT,178904
1791368346.369328,PHY_FRAMES,178904
1791368346.375983,ps_img,178381
1791368346.399364,SYNC_CNT,178905
1791368346.399721,IMG_FRAMES,178422
1791368346.399721,IMG_SENT,178382
1791368346.402077,PHY_FRAMES,178905
1791368346.412109,ps_img,178382
1791368346.432340,SYNC_CNT,178906
1791368346.432467,IMG_FRAMES,178423
1791368346.432467,IMG_SENT,178383
1791368346.435066,PHY_FRAMES,178906
1791368346.445427,ps_img,178383
1791368346.465016,SYNC_CNT,178907
1791368346.465486,IMG_FRAMES,178424
1791368346.465486,IMG_SENT,178384
1791368346.467763,PHY_FRAMES,178907
1791368346.474431,ps_img,178384
1791368346.498127,IMG_FRAMES,178425
1791368346.498127,IMG_SENT,178385
1791368346.498427,SYNC_CNT,178908
1791368346.501119,PHY_FRAMES,178908
1791368346.508828,ps_img,178385
1791368346.531283,SYNC_CNT,178909
1791368346.531523,IMG_FRAMES,178426
1791368346.531523,IMG_SENT,178386
1791368346.533983,PHY_FRAMES,178909
1791368346.539484,ps_img,178386
1791368346.564018,SYNC_CNT,178910
1791368346.564373,IMG_FRAMES,178427
1791368346.564373,IMG_SENT,178387
1791368346.566699,PHY_FRAMES,178910
1791368346.572475,ps_img,178387
1791368346.596699,SYNC_CNT,178911
1791368346.597112,IMG_FRAMES,178428
1791368346.597112,IMG_SENT,178388
1791368346.599447,PHY_FRAMES,178911
1791368346.606912,ps_img,178388
1791368346.629815,IMG_FRAMES,178429
1791368346.629815,IMG_SENT,178389
1791368346.632336,SYNC_CNT,178912
1791368346.635052,PHY_FRAMES,178912
1791368346.637605,ps_img,178389
1791368346.665011,SYNC_CNT,178913
1791368346.665424,IMG_FRAMES,178430
1791368346.665424,IMG_SENT,178390
1791368346.667694,PHY_FRAMES,178913
1791368346.673244,ps_img,178390
1791368346.697649,SYNC_CNT,178914
1791368346.698063,IMG_FRAMES,178431
1791368346.698063,IMG_SENT,178391
1791368346.700336,PHY_FRAMES,178914
1791368346.707520,ps_img,178391
1791368346.730540,SYNC_CNT,178915
1791368346.730721,IMG_FRAMES,178432
1791368346.730721,IMG_SENT,178392
1791368346.733276,PHY_FRAMES,178915
1791368346.742806,ps_img,178392
1791368346.763176,SYNC_CNT,178916
1791368346.763652,IMG_FRAMES,178433
1791368346.763652,IMG_SENT,178393
1791368346.765947,PHY_FRAMES,178916
1791368346.772131,ps_img,178393
1791368346.796036,SYNC_CNT,178917
1791368346.796285,IMG_FRAMES,178434
1791368346.796285,IMG_SENT,178394
1791368346.798726,PHY_FRAMES,178917
1791368346.804755,ps_img,178394
1791368346.828684,SYNC_CNT,178918
1791368346.829160,IMG_FRAMES,178435
1791368346.829160,IMG_SENT,178395
1791368346.831424,PHY_FRAMES,178918
1791368346.836389,ps_img,178395
1791368346.861778,IMG_FRAMES,178436
1791368346.861778,IMG_SENT,178396
1791368346.866257,SYNC_CNT,178919
1791368346.869002,PHY_FRAMES,178919
1791368346.886340,ps_img,178396
1791368346.899252,SYNC_CNT,178920
1791368346.899376,IMG_FRAMES,178437
1791368346.899376,IMG_SENT,178397
1791368346.901991,PHY_FRAMES,178920
1791368346.912207,ps_img,178397
1791368346.932097,SYNC_CNT,178921
1791368346.932337,IMG_FRAMES,178438
1791368346.932337,IMG_SENT,178398
1791368346.934809,PHY_FRAMES,178921
1791368346.949949,ps_img,178398
1791368346.965040,SYNC_CNT,178922
1791368346.965167,IMG_FRAMES,178439
1791368346.965167,IMG_SENT,178399
1791368346.967746,PHY_FRAMES,178922
1791368346.974404,ps_img,178399
1791368346.998097,SYNC_CNT,178923
1791368346.998163,IMG_FRAMES,178440
1791368346.998163,IMG_SENT,178400
1791368347.000822,PHY_FRAMES,178923
1791368347.006428,ps_img,178400
1791368347.031226,IMG_FRAMES,178441
1791368347.031226,IMG_SENT,178401
1791368347.032281,SYNC_CNT,178924
1791368347.035000,PHY_FRAMES,178924
1791368347.038323,ps_img,178401
1791368347.065397,IMG_FRAMES,178442
1791368347.065397,IMG_SENT,178402
1791368347.070019,SYNC_CNT,178925
1791368347.072741,PHY_FRAMES,178925
1791368347.073101,ps_img,178402
1791368347.102661,SYNC_CNT,178926
1791368347.103074,IMG_SENT,178403
1791368347.103136,IMG_FRAMES,178443
1791368347.105342,PHY_FRAMES,178926
1791368347.111378,ps_img,178403
1791368347.135277,SYNC_CNT,178927
1791368347.135780,IMG_FRAMES,178444
1791368347.135780,IMG_SENT,178404
1791368347.138016,PHY_FRAMES,178927
1791368347.144462,ps_img,178404
1791368347.167930,SYNC_CNT,178928
1791368347.168400,IMG_FRAMES,178445
1791368347.168400,IMG_SENT,178405
1791368347.170683,PHY_FRAMES,178928
1791368347.176505,ps_img,178405
1791368347.200907,SYNC_CNT,178929
1791368347.201030,IMG_SENT,178406
1791368347.201092,IMG_FRAMES,178446
1791368347.203594,PHY_FRAMES,178929
1791368347.208683,ps_img,178406
1791368347.233530,SYNC_CNT,178930
1791368347.233999,IMG_FRAMES,178447
1791368347.233999,IMG_SENT,178407
1791368347.236264,PHY_FRAMES,178930
1791368347.241219,ps_img,178407
1791368347.266198,SYNC_CNT,178931
1791368347.266630,IMG_FRAMES,178448
1791368347.266630,IMG_SENT,178408
1791368347.268894,PHY_FRAMES,178931
1791368347.279790,ps_img,178408
1791368347.298851,SYNC_CNT,178932
1791368347.299409,IMG_FRAMES,178449
1791368347.299409,IMG_SENT,178409
1791368347.301579,PHY_FRAMES,178932
1791368347.307735,ps_img,178409
1791368347.331967,IMG_FRAMES,178450
1791368347.331967,IMG_SENT,178410
1791368347.332568,SYNC_CNT,178933
1791368347.335254,PHY_FRAMES,178933
1791368347.351643,ps_img,178410
1791368347.365692,IMG_FRAMES,178451
1791368347.365692,IMG_SENT,178411
1791368347.370019,SYNC_CNT,178934
1791368347.372696,PHY_FRAMES,178934
1791368347.383584,ps_img,178411
1791368347.403116,IMG_FRAMES,178452
1791368347.403116,IMG_SENT,178412
1791368347.406239,SYNC_CNT,178935
1791368347.408992,PHY_FRAMES,178935
1791368347.415460,ps_img,178412
1791368347.439045,SYNC_CNT,178936
1791368347.439343,IMG_FRAMES,178453
1791368347.439343,IMG_SENT,178413
1791368347.441730,PHY_FRAMES,178936
1791368347.458352,ps_img,178413
1791368347.471851,SYNC_CNT,178937
1791368347.472153,IMG_FRAMES,178454
1791368347.472153,IMG_SENT,178414
1791368347.474582,PHY_FRAMES,178937
1791368347.480813,ps_img,178414
1791368347.504522,SYNC_CNT,178938
1791368347.504966,IMG_FRAMES,178455
1791368347.504966,IMG_SENT,178415
1791368347.507210,PHY_FRAMES,178938
1791368347.513920,ps_img,178415
1791368347.537133,SYNC_CNT,178939
1791368347.537601,IMG_FRAMES,178456
1791368347.537601,IMG_SENT,178416
1791368347.539898,PHY_FRAMES,178939
1791368347.545412,ps_img,178416
1791368347.569854,SYNC_CNT,178940
1791368347.570267,IMG_FRAMES,178457
1791368347.570267,IMG_SENT,178417
1791368347.572567,PHY_FRAMES,178940
1791368347.578836,ps_img,178417
1791368347.602764,SYNC_CNT,178941
1791368347.602948,IMG_FRAMES,178458
1791368347.602948,IMG_SENT,178418
1791368347.605427,PHY_FRAMES,178941
1791368347.612011,ps_img,178418
1791368347.635411,SYNC_CNT,178942
1791368347.635826,IMG_FRAMES,178459
1791368347.635826,IMG_SENT,178419
1791368347.638107,PHY_FRAMES,178942
1791368347.644438,ps_img,178419
1791368347.668258,SYNC_CNT,178943
1791368347.668494,IMG_FRAMES,178460
1791368347.668494,IMG_SENT,178420
1791368347.670979,PHY_FRAMES,178943
1791368347.675652,ps_img,178420
1791368347.700963,SYNC_CNT,178944
1791368347.701374,IMG_FRAMES,178461
1791368347.701374,IMG_SENT,178421
1791368347.703623,PHY_FRAMES,178944
1791368347.711156,ps_img,178421
1791368347.733570,SYNC_CNT,178945
1791368347.734038,IMG_FRAMES,178462
1791368347.734038,IMG_SENT,178422
1791368347.736329,PHY_FRAMES,178945
1791368347.742933,ps_img,178422
1791368347.766255,SYNC_CNT,178946
1791368347.766669,IMG_FRAMES,178463
1791368347.766669,IMG_SENT,178423
1791368347.768947,PHY_FRAMES,178946
1791368347.774925,ps_img,178423
1791368347.798912,SYNC_CNT,178947
1791368347.799335,IMG_FRAMES,178464
1791368347.799335,IMG_SENT,178424
1791368347.801631,PHY_FRAMES,178947
1791368347.812365,ps_img,178424
1791368347.831865,SYNC_CNT,178948
1791368347.831991,IMG_FRAMES,178465
1791368347.831991,IMG_SENT,178425
1791368347.834604,PHY_FRAMES,178948
1791368347.842115,ps_img,178425
1791368347.864636,SYNC_CNT,178949
1791368347.864993,IMG_FRAMES,178466
1791368347.864993,IMG_SENT,178426
1791368347.867371,PHY_FRAMES,178949
1791368347.875703,ps_img,178426
1791368347.897777,IMG_FRAMES,178467
1791368347.897777,IMG_SENT,178427
1791368347.899551,SYNC_CNT,178950
1791368347.902237,PHY_FRAMES,178950
1791368347.915684,ps_img,178427
1791368347.932343,SYNC_CNT,178951
1791368347.932584,IMG_SENT,178428
1791368347.932675,IMG_FRAMES,178468
1791368347.935088,PHY_FRAMES,178951
1791368347.940273,ps_img,178428
1791368347.965457,IMG_FRAMES,178469
1791368347.965457,IMG_SENT,178429
1791368347.965526,SYNC_CNT,178952
1791368347.968202,PHY_FRAMES,178952
1791368347.974191,ps_img,178429
1791368347.998402,SYNC_CNT,178953
1791368347.998585,IMG_FRAMES,178470
1791368347.998585,IMG_SENT,178430
1791368348.001112,PHY_FRAMES,178953
1791368348.007561,ps_img,178430
1791368348.031226,SYNC_CNT,178954
1791368348.031465,IMG_SENT,178431
1791368348.031527,IMG_FRAMES,178471
1791368348.033932,PHY_FRAMES,178954
1791368348.040238,ps_img,178431
1791368348.063903,SYNC_CNT,178955
1791368348.064370,IMG_FRAMES,178472
1791368348.064370,IMG_SENT,178432
1791368348.066637,PHY_FRAMES,178955
1791368348.073132,ps_img,178432
1791368348.097041,IMG_FRAMES,178473
1791368348.097041,IMG_SENT,178433
1791368348.098676,SYNC_CNT,178956
1791368348.101368,PHY_FRAMES,178956
1791368348.106832,ps_img,178433
1791368348.131622,SYNC_CNT,178957
1791368348.131747,IMG_FRAMES,178474
1791368348.131747,IMG_SENT,178434
1791368348.134373,PHY_FRAMES,178957
1791368348.140976,ps_img,178434
1791368348.164483,SYNC_CNT,178958
1791368348.164734,IMG_FRAMES,178475
1791368348.164734,IMG_SENT,178435
1791368348.167177,PHY_FRAMES,178958
1791368348.173394,ps_img,178435
1791368348.197535,IMG_SENT,178436
1791368348.197601,IMG_FRAMES,178476
1791368348.199666,SYNC_CNT,178959
1791368348.202385,PHY_FRAMES,178959
1791368348.207351,ps_img,178436
1791368348.232331,SYNC_CNT,178960
1791368348.232790,IMG_FRAMES,178477
1791368348.232790,IMG_SENT,178437
1791368348.235057,PHY_FRAMES,178960
1791368348.239682,ps_img,178437
1791368348.265303,SYNC_CNT,178961
1791368348.265429,IMG_FRAMES,178478
1791368348.265429,IMG_SENT,178438
1791368348.268015,PHY_FRAMES,178961
1791368348.274662,ps_img,178438
1791368348.298073,SYNC_CNT,178962
1791368348.298440,IMG_FRAMES,178479
1791368348.298440,IMG_SENT,178439
1791368348.300807,PHY_FRAMES,178962
1791368348.307307,ps_img,178439
1791368348.330712,SYNC_CNT,178963
1791368348.331184,IMG_FRAMES,178480
1791368348.331184,IMG_SENT,178440
1791368348.333442,PHY_FRAMES,178963
1791368348.340071,ps_img,178440
1791368348.363807,IMG_FRAMES,178481
1791368348.363807,IMG_SENT,178441
1791368348.365700,SYNC_CNT,178964
1791368348.368404,PHY_FRAMES,178964
1791368348.371045,ps_img,178441
1791368348.398753,SYNC_CNT,178965
1791368348.398820,IMG_FRAMES,178482
1791368348.398820,IMG_SENT,178442
1791368348.401415,PHY_FRAMES,178965
1791368348.407591,ps_img,178442
1791368348.431411,SYNC_CNT,178966
1791368348.431833,IMG_FRAMES,178483
1791368348.431833,IMG_SENT,178443
1791368348.434143,PHY_FRAMES,178966
1791368348.454767,ps_img,178443
1791368348.464363,SYNC_CNT,178967
1791368348.464547,IMG_FRAMES,178484
1791368348.464547,IMG_SENT,178444
1791368348.467042,PHY_FRAMES,178967
1791368348.473694,ps_img,178444
1791368348.497463,IMG_FRAMES,178485
1791368348.497463,IMG_SENT,178445
1791368348.498662,SYNC_CNT,178968
1791368348.501361,PHY_FRAMES,178968
1791368348.506799,ps_img,178445
1791368348.531255,SYNC_CNT,178969
1791368348.531732,IMG_FRAMES,178486
1791368348.531732,IMG_SENT,178446
1791368348.534006,PHY_FRAMES,178969
1791368348.541958,ps_img,178446
1791368348.564362,IMG_SENT,178447
1791368348.564429,IMG_FRAMES,178487
1791368348.566202,SYNC_CNT,178970
1791368348.568919,PHY_FRAMES,178970
1791368348.573701,ps_img,178447
1791368348.598965,SYNC_CNT,178971
1791368348.599344,IMG_FRAMES,178488
1791368348.599344,IMG_SENT,178448
1791368348.601707,PHY_FRAMES,178971
1791368348.608748,ps_img,178448
1791368348.632040,IMG_SENT,178449
1791368348.632108,IMG_FRAMES,178489
1791368348.632847,SYNC_CNT,178972
1791368348.635595,PHY_FRAMES,178972
1791368348.639642,ps_img,178449
1791368348.665562,SYNC_CNT,178973
1791368348.665975,IMG_FRAMES,178490
1791368348.665975,IMG_SENT,178450
1791368348.668297,PHY_FRAMES,178973
1791368348.674747,ps_img,178450
1791368348.698184,SYNC_CNT,178974
1791368348.698641,IMG_FRAMES,178491
1791368348.698641,IMG_SENT,178451
1791368348.701003,PHY_FRAMES,178974
1791368348.707500,ps_img,178451
1791368348.730848,SYNC_CNT,178975
1791368348.731320,IMG_FRAMES,178492
1791368348.731320,IMG_SENT,178452
1791368348.733562,PHY_FRAMES,178975
1791368348.740300,ps_img,178452
1791368348.763518,SYNC_CNT,178976
1791368348.763938,IMG_FRAMES,178493
1791368348.763938,IMG_SENT,178453
1791368348.766196,PHY_FRAMES,178976
1791368348.773064,ps_img,178453
1791368348.796638,IMG_FRAMES,178494
1791368348.796638,IMG_SENT,178454
1791368348.796710,SYNC_CNT,178977
1791368348.799419,PHY_FRAMES,178977
1791368348.809625,ps_img,178454
1791368348.829351,SYNC_CNT,178978
1791368348.829778,IMG_SENT,178455
1791368348.829842,IMG_FRAMES,178495
1791368348.832054,PHY_FRAMES,178978
1791368348.845165,ps_img,178455
1791368348.862443,IMG_FRAMES,178496
1791368348.862443,IMG_SENT,178456
1791368348.866045,SYNC_CNT,178979
1791368348.868726,PHY_FRAMES,178979
1791368348.871881,ps_img,178456
1791368348.898978,SYNC_CNT,178980
1791368348.899182,IMG_FRAMES,178497
1791368348.899182,IMG_SENT,178457
1791368348.901702,PHY_FRAMES,178980
1791368348.909075,ps_img,178457
1791368348.931669,SYNC_CNT,178981
1791368348.932087,IMG_FRAMES,178498
1791368348.932087,IMG_SENT,178458
1791368348.934346,PHY_FRAMES,178981
1791368348.951448,ps_img,178458
1791368348.964339,SYNC_CNT,178982
1791368348.964727,IMG_SENT,178459
1791368348.964789,IMG_FRAMES,178499
1791368348.967048,PHY_FRAMES,178982
1791368348.974773,ps_img,178459
1791368348.997036,SYNC_CNT,178983
1791368348.997448,IMG_FRAMES,178500
1791368348.997448,IMG_SENT,178460
1791368348.999702,PHY_FRAMES,178983
1791368349.015105,ps_img,178460
1791368349.030305,IMG_FRAMES,178501
1791368349.030305,IMG_SENT,178461
1791368349.032449,SYNC_CNT,178984
1791368349.035120,PHY_FRAMES,178984
1791368349.040053,ps_img,178461
1791368349.065325,SYNC_CNT,178985
1791368349.065508,IMG_SENT,178462
1791368349.065569,IMG_FRAMES,178502
1791368349.067998,PHY_FRAMES,178985
1791368349.073217,ps_img,178462
1791368349.098384,IMG_SENT,178463
1791368349.098451,IMG_FRAMES,178503
1791368349.102033,SYNC_CNT,178986
1791368349.104725,PHY_FRAMES,178986
1791368349.112027,ps_img,178463
1791368349.134689,SYNC_CNT,178987
1791368349.135129,IMG_FRAMES,178504
1791368349.135129,IMG_SENT,178464
1791368349.137396,PHY_FRAMES,178987
1791368349.144356,ps_img,178464
1791368349.167391,SYNC_CNT,178988
1791368349.167745,IMG_SENT,178465
1791368349.167806,IMG_FRAMES,178505
1791368349.170117,PHY_FRAMES,178988
1791368349.175660,ps_img,178465
1791368349.200270,SYNC_CNT,178989
1791368349.200513,IMG_FRAMES,178506
1791368349.200513,IMG_SENT,178466
1791368349.203007,PHY_FRAMES,178989
1791368349.211543,ps_img,178466
1791368349.232895,SYNC_CNT,178990
1791368349.233365,IMG_FRAMES,178507
1791368349.233365,IMG_SENT,178467
1791368349.235615,PHY_FRAMES,178990
1791368349.240748,ps_img,178467
1791368349.265534,SYNC_CNT,178991
1791368349.266010,IMG_FRAMES,178508
1791368349.266010,IMG_SENT,178468
1791368349.268241,PHY_FRAMES,178991
1791368349.274727,ps_img,178468
1791368349.298606,SYNC_CNT,178992
1791368349.298675,IMG_FRAMES,178509
1791368349.298675,IMG_SENT,178469
1791368349.301319,PHY_FRAMES,178992
1791368349.313487,ps_img,178469
1791368349.331743,IMG_FRAMES,178510
1791368349.331743,IMG_SENT,178470
1791368349.338004,SYNC_CNT,178993
1791368349.340738,PHY_FRAMES,178993
1791368349.347629,ps_img,178470
1791368349.370669,SYNC_CNT,178994
1791368349.371084,IMG_FRAMES,178511
1791368349.371084,IMG_SENT,178471
1791368349.373372,PHY_FRAMES,178994
1791368349.386177,ps_img,178471
1791368349.403315,SYNC_CNT,178995
1791368349.403716,IMG_SENT,178472
1791368349.403879,IMG_FRAMES,178512
1791368349.406027,PHY_FRAMES,178995
1791368349.418431,ps_img,178472
1791368349.435973,SYNC_CNT,178996
1791368349.436390,IMG_FRAMES,178513
1791368349.436390,IMG_SENT,178473
1791368349.438675,PHY_FRAMES,178996
1791368349.458045,ps_img,178473
1791368349.468883,SYNC_CNT,178997
1791368349.469064,IMG_FRAMES,178514
1791368349.469064,IMG_SENT,178474
1791368349.471595,PHY_FRAMES,178997
1791368349.478673,ps_img,178474
1791368349.501510,SYNC_CNT,178998
1791368349.501984,IMG_FRAMES,178515
1791368349.501984,IMG_SENT,178475
1791368349.504267,PHY_FRAMES,178998
1791368349.513545,ps_img,178475
1791368349.534187,SYNC_CNT,178999
1791368349.534595,IMG_SENT,178476
1791368349.534656,IMG_FRAMES,178516
1791368349.536923,PHY_FRAMES,178999
1791368349.544059,ps_img,178476
1791368349.567164,SYNC_CNT,179000
1791368349.567286,IMG_FRAMES,178517
1791368349.567286,IMG_SENT,178477
1791368349.569887,PHY_FRAMES,179000
1791368349.575865,ps_img,178477
1791368349.600288,IMG_FRAMES,178518
1791368349.600288,IMG_SENT,178478
1791368349.606001,SYNC_CNT,179001
1791368349.608700,PHY_FRAMES,179001
1791368349.612479,ps_img,178478
1791368349.638659,SYNC_CNT,179002
1791368349.639109,IMG_FRAMES,178519
1791368349.639109,IMG_SENT,178479
1791368349.641349,PHY_FRAMES,179002
1791368349.649004,ps_img,178479
1791368349.671332,SYNC_CNT,179003
1791368349.671746,IMG_FRAMES,178520
1791368349.671746,IMG_SENT,178480
1791368349.674016,PHY_FRAMES,179003
1791368349.680528,ps_img,178480
1791368349.703987,SYNC_CNT,179004
1791368349.704399,IMG_FRAMES,178521
1791368349.704399,IMG_SENT,178481
1791368349.706653,PHY_FRAMES,179004
1791368349.713426,ps_img,178481
1791368349.736807,SYNC_CNT,179005
1791368349.737048,IMG_FRAMES,178522
1791368349.737048,IMG_SENT,178482
1791368349.739532,PHY_FRAMES,179005
1791368349.749258,ps_img,178482
1791368349.769492,SYNC_CNT,179006
1791368349.769937,IMG_FRAMES,178523
1791368349.769937,IMG_SENT,178483
1791368349.772192,PHY_FRAMES,179006
1791368349.778745,ps_img,178483
1791368349.802175,SYNC_CNT,179007
1791368349.802537,IMG_SENT,178484
1791368349.802600,IMG_FRAMES,178524
1791368349.804892,PHY_FRAMES,179007
1791368349.819683,ps_img,178484
1791368349.834794,SYNC_CNT,179008
1791368349.835268,IMG_FRAMES,178525
1791368349.835268,IMG_SENT,178485
1791368349.837541,PHY_FRAMES,179008
1791368349.846292,ps_img,178485
1791368349.867485,SYNC_CNT,179009
1791368349.867902,IMG_FRAMES,178526
1791368349.867902,IMG_SENT,178486
1791368349.870155,PHY_FRAMES,179009
1791368349.882624,ps_img,178486
1791368349.900317,SYNC_CNT,179010
1791368349.900558,IMG_FRAMES,178527
1791368349.900558,IMG_SENT,178487
1791368349.903009,PHY_FRAMES,179010
1791368349.915077,ps_img,178487
1791368349.932976,SYNC_CNT,179011
1791368349.933388,IMG_SENT,178488
1791368349.933450,IMG_FRAMES,178528
1791368349.935678,PHY_FRAMES,179011
1791368349.950851,ps_img,178488
1791368349.966063,IMG_FRAMES,178529
1791368349.966063,IMG_SENT,178489
1791368349.966367,SYNC_CNT,179012
1791368349.969033,PHY_FRAMES,179012
1791368349.975433,ps_img,178489
1791368349.999163,SYNC_CNT,179013
1791368349.999465,IMG_FRAMES,178530
1791368349.999465,IMG_SENT,178490
1791368350.001883,PHY_FRAMES,179013
1791368350.007667,ps_img,178490
1791368350.031928,SYNC_CNT,179014
1791368350.032283,IMG_FRAMES,178531
1791368350.032283,IMG_SENT,178491
1791368350.034645,PHY_FRAMES,179014
1791368350.040216,ps_img,178491
1791368350.064785,SYNC_CNT,179015
1791368350.065024,IMG_FRAMES,178532
1791368350.065024,IMG_SENT,178492
1791368350.067520,PHY_FRAMES,179015
1791368350.073249,ps_img,178492
1791368350.097906,IMG_FRAMES,178533
1791368350.097906,IMG_SENT,178493
1791368350.098321,SYNC_CNT,179016
1791368350.101065,PHY_FRAMES,179016
1791368350.110979,ps_img,178493
1791368350.131159,SYNC_CNT,179017
1791368350.131402,IMG_SENT,178494
1791368350.131463,IMG_FRAMES,178534
1791368350.133871,PHY_FRAMES,179017
1791368350.139017,ps_img,178494
1791368350.163816,SYNC_CNT,179018
1791368350.164286,IMG_FRAMES,178535
1791368350.164286,IMG_SENT,178495
1791368350.166513,PHY_FRAMES,179018
1791368350.172111,ps_img,178495
1791368350.196685,SYNC_CNT,179019
1791368350.196927,IMG_FRAMES,178536
1791368350.196927,IMG_SENT,178496
1791368350.199429,PHY_FRAMES,179019
1791368350.209243,ps_img,178496
1791368350.229807,IMG_FRAMES,178537
1791368350.229807,IMG_SENT,178497
1791368350.232872,SYNC_CNT,179020
1791368350.235568,PHY_FRAMES,179020
1791368350.237363,ps_img,178497
1791368350.265654,SYNC_CNT,179021
1791368350.265955,IMG_FRAMES,178538
1791368350.265955,IMG_SENT,178498
1791368350.268349,PHY_FRAMES,179021
1791368350.274421,ps_img,178498
1791368350.298677,SYNC_CNT,179022
1791368350.298744,IMG_FRAMES,178539
1791368350.298744,IMG_SENT,178499
1791368350.301413,PHY_FRAMES,179022
1791368350.309277,ps_img,178499
1791368350.331383,SYNC_CNT,179023
1791368350.331742,IMG_SENT,178500
1791368350.331804,IMG_FRAMES,178540
1791368350.334122,PHY_FRAMES,179023
1791368350.340237,ps_img,178500
1791368350.343218,clk,-44902450896740
1791368350.343218,clk_rtt,579
1791368350.364519,IMG_FRAMES,178541
1791368350.364519,IMG_SENT,178501
1791368350.366186,SYNC_CNT,179024
1791368350.368923,PHY_FRAMES,179024
1791368350.374127,ps_img,178501
1791368350.399193,SYNC_CNT,179025
1791368350.399321,IMG_FRAMES,178542
1791368350.399321,IMG_SENT,178502
1791368350.401898,PHY_FRAMES,179025
1791368350.417367,ps_img,178502
1791368350.431849,SYNC_CNT,179026
1791368350.432259,IMG_SENT,178503
1791368350.432320,IMG_FRAMES,178543
1791368350.434599,PHY_FRAMES,179026
1791368350.449596,ps_img,178503
1791368350.464539,SYNC_CNT,179027
1791368350.464964,IMG_FRAMES,178544
1791368350.464964,IMG_SENT,178504
1791368350.467256,PHY_FRAMES,179027
1791368350.474441,ps_img,178504
1791368350.497599,IMG_FRAMES,178545
1791368350.497599,IMG_SENT,178505
1791368350.498593,SYNC_CNT,179028
1791368350.501300,PHY_FRAMES,179028
1791368350.511871,ps_img,178505
1791368350.531698,IMG_FRAMES,178546
1791368350.531698,IMG_SENT,178506
1791368350.532645,SYNC_CNT,179029
1791368350.535356,PHY_FRAMES,179029
1791368350.541336,ps_img,178506
1791368350.565394,SYNC_CNT,179030
1791368350.565747,IMG_FRAMES,178547
1791368350.565747,IMG_SENT,178507
1791368350.568111,PHY_FRAMES,179030
1791368350.574430,ps_img,178507
1791368350.598494,IMG_FRAMES,178548
1791368350.598494,IMG_SENT,178508
1791368350.599145,SYNC_CNT,179031
1791368350.601932,PHY_FRAMES,179031
1791368350.611221,ps_img,178508
1791368350.632278,IMG_FRAMES,178549
1791368350.632278,IMG_SENT,178509
1791368350.632348,SYNC_CNT,179032
1791368350.635090,PHY_FRAMES,179032
1791368350.642904,ps_img,178509
1791368350.665498,IMG_FRAMES,178550
1791368350.665498,IMG_SENT,178510
1791368350.670016,SYNC_CNT,179033
1791368350.672703,PHY_FRAMES,179033
1791368350.676243,ps_img,178510
1791368350.702642,SYNC_CNT,179034
1791368350.703110,IMG_FRAMES,178551
1791368350.703110,IMG_SENT,178511
1791368350.705380,PHY_FRAMES,179034
1791368350.711124,ps_img,178511
1791368350.735297,SYNC_CNT,179035
1791368350.735770,IMG_FRAMES,178552
1791368350.735770,IMG_SENT,178512
1791368350.737993,PHY_FRAMES,179035
1791368350.744007,ps_img,178512
1791368350.767965,SYNC_CNT,179036
1791368350.768381,IMG_SENT,178513
1791368350.768444,IMG_FRAMES,178553
1791368350.770658,PHY_FRAMES,179036
1791368350.775784,ps_img,178513
1791368350.800883,SYNC_CNT,179037
1791368350.801072,IMG_FRAMES,178554
1791368350.801072,IMG_SENT,178514
1791368350.803601,PHY_FRAMES,179037
1791368350.809074,ps_img,178514
1791368350.833519,SYNC_CNT,179038
1791368350.834001,IMG_FRAMES,178555
1791368350.834001,IMG_SENT,178515
1791368350.836241,PHY_FRAMES,179038
1791368350.851511,ps_img,178515
1791368350.866180,SYNC_CNT,179039
1791368350.866599,IMG_SENT,178516
1791368350.866662,IMG_FRAMES,178556
1791368350.868881,PHY_FRAMES,179039
1791368350.877704,ps_img,178516
1791368350.898827,SYNC_CNT,179040
1791368350.899256,IMG_FRAMES,178557
1791368350.899256,IMG_SENT,178517
1791368350.901541,PHY_FRAMES,179040
1791368350.908103,ps_img,178517
1791368350.931917,IMG_FRAMES,178558
1791368350.931917,IMG_SENT,178518
1791368350.938009,SYNC_CNT,179041
1791368350.940089,ps_img,178518
1791368350.940696,PHY_FRAMES,179041
1791368350.970852,SYNC_CNT,179042
1791368350.971091,IMG_FRAMES,178559
1791368350.971091,IMG_SENT,178519
1791368350.973603,PHY_FRAMES,179042
1791368350.980546,ps_img,178519
1791368351.003515,SYNC_CNT,179043
1791368351.003985,IMG_FRAMES,178560
1791368351.003985,IMG_SENT,178520
1791368351.006255,PHY_FRAMES,179043
1791368351.016388,ps_img,178520
1791368351.036297,SYNC_CNT,179044
1791368351.036605,IMG_FRAMES,178561
1791368351.036605,IMG_SENT,178521
1791368351.039031,PHY_FRAMES,179044
1791368351.045492,ps_img,178521
1791368351.068987,SYNC_CNT,179045
1791368351.069402,IMG_FRAMES,178562
1791368351.069402,IMG_SENT,178522
1791368351.071703,PHY_FRAMES,179045
1791368351.078021,ps_img,178522
1791368351.101638,SYNC_CNT,179046
1791368351.102070,IMG_FRAMES,178563
1791368351.102070,IMG_SENT,178523
1791368351.104339,PHY_FRAMES,179046
1791368351.111169,ps_img,178523
1791368351.134277,SYNC_CNT,179047
1791368351.134714,IMG_FRAMES,178564
1791368351.134714,IMG_SENT,178524
1791368351.137000,PHY_FRAMES,179047
1791368351.143938,ps_img,178524
1791368351.166934,SYNC_CNT,179048
1791368351.167350,IMG_SENT,178525
1791368351.167411,IMG_FRAMES,178565
1791368351.169610,PHY_FRAMES,179048
1791368351.175909,ps_img,178525
1791368351.199647,SYNC_CNT,179049
1791368351.200003,IMG_FRAMES,178566
1791368351.200003,IMG_SENT,178526
1791368351.202323,PHY_FRAMES,179049
1791368351.208861,ps_img,178526
1791368351.232265,SYNC_CNT,179050
1791368351.232695,IMG_SENT,178527
1791368351.232756,IMG_FRAMES,178567
1791368351.234997,PHY_FRAMES,179050
1791368351.239853,ps_img,178527
1791368351.265379,IMG_FRAMES,178568
1791368351.265379,IMG_SENT,178528
1791368351.265681,SYNC_CNT,179051
1791368351.268435,PHY_FRAMES,179051
1791368351.276084,ps_img,178528
1791368351.298359,SYNC_CNT,179052
1791368351.298833,IMG_FRAMES,178569
1791368351.298833,IMG_SENT,178529
1791368351.301075,PHY_FRAMES,179052
1791368351.310908,ps_img,178529
1791368351.330998,SYNC_CNT,179053
1791368351.331476,IMG_FRAMES,178570
1791368351.331476,IMG_SENT,178530
1791368351.333726,PHY_FRAMES,179053
1791368351.341544,ps_img,178530
1791368351.363681,SYNC_CNT,179054
1791368351.364113,IMG_FRAMES,178571
1791368351.364113,IMG_SENT,178531
1791368351.366359,PHY_FRAMES,179054
1791368351.371927,ps_img,178531
1791368351.396309,SYNC_CNT,179055
1791368351.396746,IMG_FRAMES,178572
1791368351.396746,IMG_SENT,178532
1791368351.399027,PHY_FRAMES,179055
1791368351.415828,ps_img,178532
1791368351.429410,IMG_FRAMES,178573
1791368351.429410,IMG_SENT,178533
1791368351.430584,SYNC_CNT,179056
1791368351.433293,PHY_FRAMES,179056
1791368351.441351,ps_img,178533
1791368351.463478,SYNC_CNT,179057
1791368351.463659,IMG_SENT,178534
1791368351.463720,IMG_FRAMES,178574
1791368351.466207,PHY_FRAMES,179057
1791368351.472433,ps_img,178534
1791368351.496567,IMG_FRAMES,178575
1791368351.496567,IMG_SENT,178535
1791368351.500416,SYNC_CNT,179058
1791368351.503119,PHY_FRAMES,179058
1791368351.517316,ps_img,178535
1791368351.533056,SYNC_CNT,179059
1791368351.533473,IMG_SENT,178536
1791368351.533535,IMG_FRAMES,178576
1791368351.535776,PHY_FRAMES,179059
1791368351.542239,ps_img,178536
1791368351.565696,SYNC_CNT,179060
1791368351.566163,IMG_FRAMES,178577
1791368351.566163,IMG_SENT,178537
1791368351.568459,PHY_FRAMES,179060
1791368351.574535,ps_img,178537
1791368351.598842,IMG_FRAMES,178578
1791368351.598842,IMG_SENT,178538
1791368351.601934,SYNC_CNT,179061
1791368351.604681,PHY_FRAMES,179061
1791368351.617891,ps_img,178538
1791368351.634626,SYNC_CNT,179062
1791368351.635038,IMG_FRAMES,178579
1791368351.635038,IMG_SENT,178539
1791368351.637316,PHY_FRAMES,179062
1791368351.643769,ps_img,178539
1791368351.667238,SYNC_CNT,179063
1791368351.667710,IMG_FRAMES,178580
1791368351.667710,IMG_SENT,178540
1791368351.669988,PHY_FRAMES,179063
1791368351.676032,ps_img,178540
1791368351.699913,SYNC_CNT,179064
1791368351.700326,IMG_SENT,178541
1791368351.700387,IMG_FRAMES,178581
1791368351.702613,PHY_FRAMES,179064
1791368351.718595,ps_img,178541
1791368351.732914,SYNC_CNT,179065
1791368351.733005,IMG_FRAMES,178582
1791368351.733005,IMG_SENT,178542
1791368351.735663,PHY_FRAMES,179065
1791368351.741762,ps_img,178542
1791368351.765600,SYNC_CNT,179066
1791368351.766018,IMG_FRAMES,178583
1791368351.766018,IMG_SENT,178543
1791368351.768329,PHY_FRAMES,179066
1791368351.774677,ps_img,178543
1791368351.798714,SYNC_CNT,179067
1791368351.798714,IMG_FRAMES,178584
1791368351.798714,IMG_SENT,178544
1791368351.801403,PHY_FRAMES,179067
1791368351.817333,ps_img,178544
1791368351.831784,IMG_FRAMES,178585
1791368351.831784,IMG_SENT,178545
1791368351.832207,SYNC_CNT,179068
1791368351.834927,PHY_FRAMES,179068
1791368351.843331,ps_img,178545
1791368351.864993,SYNC_CNT,179069
1791368351.865300,IMG_FRAMES,178586
1791368351.865300,IMG_SENT,178546
1791368351.867701,PHY_FRAMES,179069
1791368351.874473,ps_img,178546
1791368351.897660,SYNC_CNT,179070
1791368351.898054,IMG_FRAMES,178587
1791368351.898054,IMG_SENT,178547
1791368351.900368,PHY_FRAMES,179070
1791368351.915167,ps_img,178547
1791368351.930645,SYNC_CNT,179071
1791368351.932838,IMG_FRAMES,178588
1791368351.932838,IMG_SENT,178548
1791368351.933383,PHY_FRAMES,179071
1791368351.946658,ps_img,178548
1791368351.963766,IMG_FRAMES,178589
1791368351.963766,IMG_SENT,178549
1791368351.969981,SYNC_CNT,179072
1791368351.972702,PHY_FRAMES,179072
1791368351.974012,ps_img,178549
1791368352.002607,SYNC_CNT,179073
1791368352.003076,IMG_FRAMES,178590
1791368352.003076,IMG_SENT,178550
1791368352.005360,PHY_FRAMES,179073
1791368352.014285,ps_img,178550
1791368352.035281,SYNC_CNT,179074
1791368352.035750,IMG_FRAMES,178591
1791368352.035750,IMG_SENT,178551
1791368352.038027,PHY_FRAMES,179074
1791368352.042792,ps_img,178551
1791368352.068246,SYNC_CNT,179075
1791368352.068371,IMG_FRAMES,178592
1791368352.068371,IMG_SENT,178552
1791368352.070963,PHY_FRAMES,179075
1791368352.076298,ps_img,178552
1791368352.100948,SYNC_CNT,179076
1791368352.101356,IMG_FRAMES,178593
1791368352.101356,IMG_SENT,178553
1791368352.103653,PHY_FRAMES,179076
1791368352.115147,ps_img,178553
1791368352.133581,SYNC_CNT,179077
1791368352.134050,IMG_FRAMES,178594
1791368352.134050,IMG_SENT,178554
1791368352.136314,PHY_FRAMES,179077
1791368352.142070,ps_img,178554
1791368352.166236,SYNC_CNT,179078
1791368352.166649,IMG_SENT,178555
1791368352.166711,IMG_FRAMES,178595
1791368352.168911,PHY_FRAMES,179078
1791368352.174961,ps_img,178555
1791368352.199127,SYNC_CNT,179079
1791368352.199312,IMG_FRAMES,178596
1791368352.199312,IMG_SENT,178556
1791368352.201834,PHY_FRAMES,179079
1791368352.214177,ps_img,178556
1791368352.232255,IMG_FRAMES,178597
1791368352.232255,IMG_SENT,178557
1791368352.232324,SYNC_CNT,179080
1791368352.235053,PHY_FRAMES,179080
1791368352.239726,ps_img,178557
1791368352.265092,SYNC_CNT,179081
1791368352.265450,IMG_FRAMES,178598
1791368352.265450,IMG_SENT,178558
1791368352.267787,PHY_FRAMES,179081
1791368352.278632,ps_img,178558
1791368352.298048,SYNC_CNT,179082
1791368352.298172,IMG_FRAMES,178599
1791368352.298172,IMG_SENT,178559
1791368352.300799,PHY_FRAMES,179082
1791368352.314434,ps_img,178559
1791368352.331153,IMG_FRAMES,178600
1791368352.331153,IMG_SENT,178560
1791368352.332834,SYNC_CNT,179083
1791368352.335542,PHY_FRAMES,179083
1791368352.348356,ps_img,178560
1791368352.365922,IMG_FRAMES,178601
1791368352.365922,IMG_SENT,178561
1791368352.366278,SYNC_CNT,179084
1791368352.369008,PHY_FRAMES,179084
1791368352.380506,ps_img,178561
1791368352.399052,SYNC_CNT,179085
1791368352.399348,IMG_FRAMES,178602
1791368352.399348,IMG_SENT,178562
1791368352.401799,PHY_FRAMES,179085
1791368352.414877,ps_img,178562
1791368352.432227,SYNC_CNT,179086
1791368352.432227,IMG_FRAMES,178603
1791368352.432227,IMG_SENT,178563
1791368352.434933,PHY_FRAMES,179086
1791368352.446373,ps_img,178563
1791368352.464973,SYNC_CNT,179087
1791368352.465328,IMG_FRAMES,178604
1791368352.465328,IMG_SENT,178564
1791368352.467645,PHY_FRAMES,179087
1791368352.476791,ps_img,178564
1791368352.498034,IMG_FRAMES,178605
1791368352.498034,IMG_SENT,178565
1791368352.498279,SYNC_CNT,179088
1791368352.501003,PHY_FRAMES,179088
1791368352.514316,ps_img,178565
1791368352.531050,SYNC_CNT,179089
1791368352.531407,IMG_FRAMES,178606
1791368352.531407,IMG_SENT,178566
1791368352.533765,PHY_FRAMES,179089
1791368352.541047,ps_img,178566
1791368352.564147,IMG_FRAMES,178607
1791368352.564147,IMG_SENT,178567
1791368352.569965,SYNC_CNT,179090
1791368352.572705,PHY_FRAMES,179090
1791368352.573240,ps_img,178567
1791368352.602630,SYNC_CNT,179091
1791368352.603045,IMG_SENT,178568
1791368352.603108,IMG_FRAMES,178608
1791368352.605352,PHY_FRAMES,179091
1791368352.613017,ps_img,178568
1791368352.635264,SYNC_CNT,179092
1791368352.635707,IMG_FRAMES,178609
1791368352.635707,IMG_SENT,178569
1791368352.637981,PHY_FRAMES,179092
1791368352.646736,ps_img,178569
1791368352.668174,SYNC_CNT,179093
1791368352.668355,IMG_FRAMES,178610
1791368352.668355,IMG_SENT,178570
1791368352.670909,PHY_FRAMES,179093
1791368352.675732,ps_img,178570
1791368352.700842,SYNC_CNT,179094
1791368352.701260,IMG_SENT,178571
1791368352.701321,IMG_FRAMES,178611
1791368352.703573,PHY_FRAMES,179094
1791368352.713943,ps_img,178571
1791368352.733476,SYNC_CNT,179095
1791368352.733946,IMG_FRAMES,178612
1791368352.733946,IMG_SENT,178572
1791368352.736177,PHY_FRAMES,179095
1791368352.743155,ps_img,178572
1791368352.766320,SYNC_CNT,179096
1791368352.766563,IMG_SENT,178573
1791368352.766625,IMG_FRAMES,178613
1791368352.769030,PHY_FRAMES,179096
1791368352.775564,ps_img,178573
1791368352.799284,SYNC_CNT,179097
1791368352.799410,IMG_SENT,178574
1791368352.799472,IMG_FRAMES,178614
1791368352.802026,PHY_FRAMES,179097
1791368352.812441,ps_img,178574
1791368352.832238,SYNC_CNT,179098
1791368352.832425,IMG_FRAMES,178615
1791368352.832425,IMG_SENT,178575
1791368352.834924,PHY_FRAMES,179098
1791368352.845913,ps_img,178575
1791368352.865330,IMG_FRAMES,178616
1791368352.865330,IMG_SENT,178576
1791368352.869921,SYNC_CNT,179099
1791368352.872693,PHY_FRAMES,179099
1791368352.874676,ps_img,178576
1791368352.902624,SYNC_CNT,179100
1791368352.903043,IMG_FRAMES,178617
1791368352.903043,IMG_SENT,178577
1791368352.905303,PHY_FRAMES,179100
1791368352.916272,ps_img,178577
1791368352.935234,SYNC_CNT,179101
1791368352.935710,IMG_FRAMES,178618
1791368352.935710,IMG_SENT,178578
1791368352.937954,PHY_FRAMES,179101
1791368352.953752,ps_img,178578
1791368352.967999,SYNC_CNT,179102
1791368352.968354,IMG_FRAMES,178619
1791368352.968354,IMG_SENT,178579
1791368352.970735,PHY_FRAMES,179102
1791368352.976265,ps_img,178579
1791368353.000714,SYNC_CNT,179103
1791368353.001128,IMG_FRAMES,178620
1791368353.001128,IMG_SENT,178580
1791368353.003413,PHY_FRAMES,179103
1791368353.017870,ps_img,178580
1791368353.033455,SYNC_CNT,179104
1791368353.033808,IMG_FRAMES,178621
1791368353.033808,IMG_SENT,178581
1791368353.036174,PHY_FRAMES,179104
1791368353.041959,ps_img,178581
1791368353.066238,SYNC_CNT,179105
1791368353.066533,IMG_FRAMES,178622
1791368353.066533,IMG_SENT,178582
1791368353.068981,PHY_FRAMES,179105
1791368353.074539,ps_img,178582
1791368353.098920,SYNC_CNT,179106
1791368353.099329,IMG_SENT,178583
1791368353.099390,IMG_FRAMES,178623
1791368353.101618,PHY_FRAMES,179106
1791368353.116923,ps_img,178583
1791368353.131766,SYNC_CNT,179107
1791368353.132005,IMG_FRAMES,178624
1791368353.132005,IMG_SENT,178584
1791368353.134528,PHY_FRAMES,179107
1791368353.140735,ps_img,178584
1791368353.164446,SYNC_CNT,179108
1791368353.164872,IMG_FRAMES,178625
1791368353.164872,IMG_SENT,178585
1791368353.167126,PHY_FRAMES,179108
1791368353.172883,ps_img,178585
1791368353.197162,SYNC_CNT,179109
1791368353.197514,IMG_SENT,178586
1791368353.197575,IMG_FRAMES,178626
1791368353.199881,PHY_FRAMES,179109
1791368353.216103,ps_img,178586
1791368353.230283,IMG_FRAMES,178627
1791368353.230283,IMG_SENT,178587
1791368353.233038,SYNC_CNT,179110
1791368353.235726,PHY_FRAMES,179110
1791368353.238029,ps_img,178587
1791368353.266156,IMG_FRAMES,178628
1791368353.266156,IMG_SENT,178588
1791368353.269953,SYNC_CNT,179111
1791368353.272644,PHY_FRAMES,179111
1791368353.274303,ps_img,178588
1791368353.302683,SYNC_CNT,179112
1791368353.303041,IMG_FRAMES,178629
1791368353.303041,IMG_SENT,178589
1791368353.305377,PHY_FRAMES,179112
1791368353.318518,ps_img,178589
1791368353.335345,SYNC_CNT,179113
1791368353.335756,IMG_FRAMES,178630
1791368353.335756,IMG_SENT,178590
1791368353.338033,PHY_FRAMES,179113
1791368353.345757,ps_img,178590
1791368353.367987,SYNC_CNT,179114
1791368353.368397,IMG_SENT,178591
1791368353.368458,IMG_FRAMES,178631
1791368353.370675,PHY_FRAMES,179114
1791368353.376532,ps_img,178591
1791368353.400918,SYNC_CNT,179115
1791368353.401100,IMG_FRAMES,178632
1791368353.401100,IMG_SENT,178592
1791368353.403613,PHY_FRAMES,179115
1791368353.413742,ps_img,178592
1791368353.434030,IMG_FRAMES,178633
1791368353.434030,IMG_SENT,178593
1791368353.434256,SYNC_CNT,179116
1791368353.436935,PHY_FRAMES,179116
1791368353.454380,ps_img,178593
1791368353.466870,SYNC_CNT,179117
1791368353.467324,IMG_FRAMES,178634
1791368353.467324,IMG_SENT,178594
1791368353.469590,PHY_FRAMES,179117
1791368353.476472,ps_img,178594
1791368353.499815,SYNC_CNT,179118
1791368353.499996,IMG_FRAMES,178635
1791368353.499996,IMG_SENT,178595
1791368353.502544,PHY_FRAMES,179118
1791368353.518499,ps_img,178595
1791368353.532903,IMG_FRAMES,178636
1791368353.532903,IMG_SENT,178596
1791368353.536662,SYNC_CNT,179119
1791368353.539339,PHY_FRAMES,179119
1791368353.546738,ps_img,178596
1791368353.569305,SYNC_CNT,179120
1791368353.569725,IMG_FRAMES,178637
1791368353.569725,IMG_SENT,178597
1791368353.572006,PHY_FRAMES,179120
1791368353.578971,ps_img,178597
1791368353.602029,SYNC_CNT,179121
1791368353.602384,IMG_FRAMES,178638
1791368353.602384,IMG_SENT,178598
1791368353.604726,PHY_FRAMES,179121
1791368353.616177,ps_img,178598
1791368353.634680,SYNC_CNT,179122
1791368353.635153,IMG_FRAMES,178639
1791368353.635153,IMG_SENT,178599
1791368353.637394,PHY_FRAMES,179122
1791368353.644388,ps_img,178599
1791368353.667316,SYNC_CNT,179123
1791368353.667785,IMG_FRAMES,178640
1791368353.667785,IMG_SENT,178600
1791368353.670042,PHY_FRAMES,179123
1791368353.676479,ps_img,178600
1791368353.700047,SYNC_CNT,179124
1791368353.700458,IMG_FRAMES,178641
1791368353.700458,IMG_SENT,178601
1791368353.702730,PHY_FRAMES,179124
1791368353.708132,ps_img,178601
1791368353.732672,SYNC_CNT,179125
1791368353.733144,IMG_FRAMES,178642
1791368353.733144,IMG_SENT,178602
1791368353.735387,PHY_FRAMES,179125
1791368353.742584,ps_img,178602
1791368353.765582,SYNC_CNT,179126
1791368353.765767,IMG_FRAMES,178643
1791368353.765767,IMG_SENT,178603
1791368353.768282,PHY_FRAMES,179126
1791368353.774935,ps_img,178603
1791368353.798470,SYNC_CNT,179127
1791368353.798713,IMG_FRAMES,178644
1791368353.798713,IMG_SENT,178604
1791368353.801219,PHY_FRAMES,179127
1791368353.808393,ps_img,178604
1791368353.831588,IMG_FRAMES,178645
1791368353.831588,IMG_SENT,178605
1791368353.832864,SYNC_CNT,179128
1791368353.835584,PHY_FRAMES,179128
1791368353.841803,ps_img,178605
1791368353.865920,IMG_SENT,178606
1791368353.865988,IMG_FRAMES,178646
1791368353.869959,SYNC_CNT,179129
1791368353.872675,PHY_FRAMES,179129
1791368353.879391,ps_img,178606
1791368353.902578,SYNC_CNT,179130
1791368353.903053,IMG_FRAMES,178647
1791368353.903053,IMG_SENT,178607
1791368353.905331,PHY_FRAMES,179130
1791368353.920243,ps_img,178607
1791368353.935266,SYNC_CNT,179131
1791368353.935711,IMG_FRAMES,178648
1791368353.935711,IMG_SENT,178608
1791368353.937985,PHY_FRAMES,179131
1791368353.957898,ps_img,178608
1791368353.967952,SYNC_CNT,179132
1791368353.968365,IMG_FRAMES,178649
1791368353.968365,IMG_SENT,178609
1791368353.970651,PHY_FRAMES,179132
1791368353.976482,ps_img,178609
1791368354.000620,SYNC_CNT,179133
1791368354.001033,IMG_FRAMES,178650
1791368354.001033,IMG_SENT,178610
1791368354.003293,PHY_FRAMES,179133
1791368354.016181,ps_img,178610
1791368354.033356,SYNC_CNT,179134
1791368354.033710,IMG_FRAMES,178651
1791368354.033710,IMG_SENT,178611
1791368354.036090,PHY_FRAMES,179134
1791368354.041570,ps_img,178611
1791368354.066189,SYNC_CNT,179135
1791368354.066482,IMG_FRAMES,178652
1791368354.066482,IMG_SENT,178612
1791368354.068938,PHY_FRAMES,179135
1791368354.074238,ps_img,178612
1791368354.099187,SYNC_CNT,179136
1791368354.099311,IMG_FRAMES,178653
1791368354.099311,IMG_SENT,178613
1791368354.101875,PHY_FRAMES,179136
1791368354.113368,ps_img,178613
1791368354.132028,SYNC_CNT,179137
1791368354.132271,IMG_FRAMES,178654
1791368354.132271,IMG_SENT,178614
1791368354.134737,PHY_FRAMES,179137
1791368354.140568,ps_img,178614
1791368354.164989,SYNC_CNT,179138
1791368354.165113,IMG_SENT,178615
1791368354.165174,IMG_FRAMES,178655
1791368354.167721,PHY_FRAMES,179138
1791368354.173474,ps_img,178615
1791368354.198108,IMG_FRAMES,178656
1791368354.198108,IMG_SENT,178616
1791368354.199164,SYNC_CNT,179139
1791368354.201880,PHY_FRAMES,179139
1791368354.206882,ps_img,178616
1791368354.232214,IMG_SENT,178617
1791368354.232280,SYNC_CNT,179140
1791368354.232280,IMG_FRAMES,178657
1791368354.235015,PHY_FRAMES,179140
1791368354.239614,ps_img,178617
1791368354.264955,SYNC_CNT,179141
1791368354.265375,IMG_FRAMES,178658
1791368354.265375,IMG_SENT,178618
1791368354.267641,PHY_FRAMES,179141
1791368354.273162,ps_img,178618
1791368354.297582,SYNC_CNT,179142
1791368354.298055,IMG_FRAMES,178659
1791368354.298055,IMG_SENT,178619
1791368354.300323,PHY_FRAMES,179142
1791368354.306467,ps_img,178619
1791368354.330600,SYNC_CNT,179143
1791368354.330600,IMG_FRAMES,178660
1791368354.330600,IMG_SENT,178620
1791368354.333319,PHY_FRAMES,179143
1791368354.344980,ps_img,178620
1791368354.363699,IMG_FRAMES,178661
1791368354.363699,IMG_SENT,178621
1791368354.364300,SYNC_CNT,179144
1791368354.366979,PHY_FRAMES,179144
1791368354.375373,ps_img,178621
1791368354.397259,SYNC_CNT,179145
1791368354.397384,IMG_FRAMES,178662
1791368354.397384,IMG_SENT,178622
1791368354.399970,PHY_FRAMES,179145
1791368354.409235,ps_img,178622
1791368354.430115,SYNC_CNT,179146
1791368354.430345,IMG_FRAMES,178663
1791368354.430345,IMG_SENT,178623
1791368354.432824,PHY_FRAMES,179146
1791368354.441431,ps_img,178623
1791368354.462969,SYNC_CNT,179147
1791368354.463209,IMG_FRAMES,178664
1791368354.463209,IMG_SENT,178624
1791368354.465680,PHY_FRAMES,179147
1791368354.481242,ps_img,178624
1791368354.496087,IMG_FRAMES,178665
1791368354.496087,IMG_SENT,178625
1791368354.498609,SYNC_CNT,179148
1791368354.501326,PHY_FRAMES,179148
1791368354.506636,ps_img,178625
1791368354.531282,SYNC_CNT,179149
1791368354.531750,IMG_FRAMES,178666
1791368354.531750,IMG_SENT,178626
1791368354.533975,PHY_FRAMES,179149
1791368354.541837,ps_img,178626
1791368354.563949,SYNC_CNT,179150
1791368354.564359,IMG_FRAMES,178667
1791368354.564359,IMG_SENT,178627
1791368354.566666,PHY_FRAMES,179150
1791368354.572697,ps_img,178627
1791368354.596580,SYNC_CNT,179151
1791368354.597004,IMG_SENT,178628
1791368354.597065,IMG_FRAMES,178668
1791368354.599274,PHY_FRAMES,179151
1791368354.604846,ps_img,178628
1791368354.629664,IMG_FRAMES,178669
1791368354.629664,IMG_SENT,178629
1791368354.632370,SYNC_CNT,179152
1791368354.635135,PHY_FRAMES,179152
1791368354.641190,ps_img,178629
1791368354.665068,SYNC_CNT,179153
1791368354.665480,IMG_FRAMES,178670
1791368354.665480,IMG_SENT,178630
1791368354.667744,PHY_FRAMES,179153
1791368354.676323,ps_img,178630
1791368354.698017,SYNC_CNT,179154
1791368354.698141,IMG_FRAMES,178671
1791368354.698141,IMG_SENT,178631
1791368354.700754,PHY_FRAMES,179154
1791368354.705951,ps_img,178631
1791368354.731121,IMG_SENT,178632
1791368354.731186,IMG_FRAMES,178672
1791368354.732820,SYNC_CNT,179155
1791368354.735566,PHY_FRAMES,179155
1791368354.739400,ps_img,178632
1791368354.765909,IMG_SENT,178633
1791368354.765976,IMG_FRAMES,178673
1791368354.766272,SYNC_CNT,179156
1791368354.768994,PHY_FRAMES,179156
1791368354.774083,ps_img,178633
1791368354.799299,SYNC_CNT,179157
1791368354.799369,IMG_FRAMES,178674
1791368354.799369,IMG_SENT,178634
1791368354.801983,PHY_FRAMES,179157
1791368354.809767,ps_img,178634
1791368354.832294,SYNC_CNT,179158
1791368354.832361,IMG_FRAMES,178675
1791368354.832361,IMG_SENT,178635
1791368354.835029,PHY_FRAMES,179158
1791368354.844716,ps_img,178635
1791368354.864973,SYNC_CNT,179159
1791368354.865387,IMG_SENT,178636
1791368354.865450,IMG_FRAMES,178676
1791368354.867688,PHY_FRAMES,179159
1791368354.880169,ps_img,178636
1791368354.898062,IMG_FRAMES,178677
1791368354.898062,IMG_SENT,178637
1791368354.898363,SYNC_CNT,179160
1791368354.901072,PHY_FRAMES,179160
1791368354.910854,ps_img,178637
1791368354.931177,SYNC_CNT,179161
1791368354.931477,IMG_FRAMES,178678
1791368354.931477,IMG_SENT,178638
1791368354.933891,PHY_FRAMES,179161
1791368354.944803,ps_img,178638
1791368354.964276,IMG_SENT,178639
1791368354.964341,SYNC_CNT,179162
1791368354.964341,IMG_FRAMES,178679
1791368354.967037,PHY_FRAMES,179162
1791368354.974246,ps_img,178639
1791368354.997173,SYNC_CNT,179163
1791368354.997414,IMG_FRAMES,178680
1791368354.997414,IMG_SENT,178640
1791368354.999839,PHY_FRAMES,179163
1791368355.006250,ps_img,178640
1791368355.030256,IMG_FRAMES,178681
1791368355.030256,IMG_SENT,178641
1791368355.032890,SYNC_CNT,179164
1791368355.035567,PHY_FRAMES,179164
1791368355.038817,ps_img,178641
1791368355.065967,IMG_FRAMES,178682
1791368355.065967,IMG_SENT,178642
1791368355.069885,SYNC_CNT,179165
1791368355.072650,PHY_FRAMES,179165
1791368355.073181,ps_img,178642
1791368355.102577,SYNC_CNT,179166
1791368355.102985,IMG_FRAMES,178683
1791368355.102985,IMG_SENT,178643
1791368355.105251,PHY_FRAMES,179166
1791368355.112042,ps_img,178643
1791368355.135276,SYNC_CNT,179167
1791368355.135666,IMG_FRAMES,178684
1791368355.135666,IMG_SENT,178644
1791368355.137977,PHY_FRAMES,179167
1791368355.145044,ps_img,178644
1791368355.167939,SYNC_CNT,179168
1791368355.168349,IMG_SENT,178645
1791368355.168409,IMG_FRAMES,178685
1791368355.170612,PHY_FRAMES,179168
1791368355.177149,ps_img,178645
1791368355.200644,SYNC_CNT,179169
1791368355.201004,IMG_SENT,178646
1791368355.201065,IMG_FRAMES,178686
1791368355.203318,PHY_FRAMES,179169
1791368355.208247,ps_img,178646
1791368355.233356,SYNC_CNT,179170
1791368355.233653,IMG_SENT,178647
1791368355.233714,IMG_FRAMES,178687
1791368355.236092,PHY_FRAMES,179170
1791368355.242542,ps_img,178647
1791368355.266150,SYNC_CNT,179171
1791368355.266444,IMG_FRAMES,178688
1791368355.266444,IMG_SENT,178648
1791368355.268816,PHY_FRAMES,179171
1791368355.276223,ps_img,178648
1791368355.298777,SYNC_CNT,179172
1791368355.299246,IMG_FRAMES,178689
1791368355.299246,IMG_SENT,178649
1791368355.301471,PHY_FRAMES,179172
1791368355.307693,ps_img,178649
1791368355.331862,IMG_FRAMES,178690
1791368355.331862,IMG_SENT,178650
1791368355.337925,SYNC_CNT,179173
1791368355.339217,ps_img,178650
1791368355.340704,PHY_FRAMES,179173
1791368355.343224,clk,-44902450896698
1791368355.343224,clk_rtt,553
1791368355.370594,SYNC_CNT,179174
1791368355.371063,IMG_FRAMES,178691
1791368355.371063,IMG_SENT,178651
1791368355.373286,PHY_FRAMES,179174
1791368355.379700,ps_img,178651
1791368355.403399,SYNC_CNT,179175
1791368355.403694,IMG_FRAMES,178692
1791368355.403694,IMG_SENT,178652
1791368355.406091,PHY_FRAMES,179175
1791368355.412381,ps_img,178652
1791368355.436281,SYNC_CNT,179176
1791368355.436466,IMG_FRAMES,178693
1791368355.436466,IMG_SENT,178653
1791368355.439016,PHY_FRAMES,179176
1791368355.444100,ps_img,178653
1791368355.468932,SYNC_CNT,179177
1791368355.469409,IMG_FRAMES,178694
1791368355.469409,IMG_SENT,178654
1791368355.471682,PHY_FRAMES,179177
1791368355.482383,ps_img,178654
1791368355.501605,SYNC_CNT,179178
1791368355.502078,IMG_FRAMES,178695
1791368355.502078,IMG_SENT,178655
1791368355.504326,PHY_FRAMES,179178
1791368355.510722,ps_img,178655
1791368355.534477,SYNC_CNT,179179
1791368355.534722,IMG_FRAMES,178696
1791368355.534722,IMG_SENT,178656
1791368355.537189,PHY_FRAMES,179179
1791368355.543063,ps_img,178656
1791368355.567146,SYNC_CNT,179180
1791368355.567562,IMG_FRAMES,178697
1791368355.567562,IMG_SENT,178657
1791368355.569845,PHY_FRAMES,179180
1791368355.574941,ps_img,178657
1791368355.599891,SYNC_CNT,179181
1791368355.600246,IMG_FRAMES,178698
1791368355.600246,IMG_SENT,178658
1791368355.602560,PHY_FRAMES,179181
1791368355.609801,ps_img,178658
1791368355.632828,SYNC_CNT,179182
1791368355.632955,IMG_FRAMES,178699
1791368355.632955,IMG_SENT,178659
1791368355.635577,PHY_FRAMES,179182
1791368355.642683,ps_img,178659
1791368355.665936,IMG_FRAMES,178700
1791368355.665936,IMG_SENT,178660
1791368355.669917,SYNC_CNT,179183
1791368355.672637,PHY_FRAMES,179183
1791368355.675798,ps_img,178660
1791368355.702566,SYNC_CNT,179184
1791368355.703038,IMG_FRAMES,178701
1791368355.703038,IMG_SENT,178661
1791368355.705249,PHY_FRAMES,179184
1791368355.710657,ps_img,178661
1791368355.735377,SYNC_CNT,179185
1791368355.735674,IMG_FRAMES,178702
1791368355.735674,IMG_SENT,178662
1791368355.738068,PHY_FRAMES,179185
1791368355.743242,ps_img,178662
1791368355.768319,SYNC_CNT,179186
1791368355.768445,IMG_FRAMES,178703
1791368355.768445,IMG_SENT,178663
1791368355.771023,PHY_FRAMES,179186
1791368355.777056,ps_img,178663
1791368355.800952,SYNC_CNT,179187
1791368355.801440,IMG_FRAMES,178704
1791368355.801440,IMG_SENT,178664
1791368355.803722,PHY_FRAMES,179187
1791368355.810924,ps_img,178664
1791368355.834103,IMG_FRAMES,178705
1791368355.834103,IMG_SENT,178665
1791368355.834231,SYNC_CNT,179188
1791368355.836981,PHY_FRAMES,179188
1791368355.842044,ps_img,178665
1791368355.866908,SYNC_CNT,179189
1791368355.867379,IMG_FRAMES,178706
1791368355.867379,IMG_SENT,178666
1791368355.869642,PHY_FRAMES,179189
1791368355.880791,ps_img,178666
1791368355.899792,SYNC_CNT,179190
1791368355.899984,IMG_SENT,178667
1791368355.900047,IMG_FRAMES,178707
1791368355.902511,PHY_FRAMES,179190
1791368355.908119,ps_img,178667
1791368355.932876,IMG_FRAMES,178708
1791368355.932876,IMG_SENT,178668
1791368355.937989,SYNC_CNT,179191
1791368355.940725,PHY_FRAMES,179191
1791368355.958736,ps_img,178668
1791368355.970956,SYNC_CNT,179192
1791368355.971111,IMG_FRAMES,178709
1791368355.971111,IMG_SENT,178669
1791368355.973652,PHY_FRAMES,179192
1791368355.980401,ps_img,178669
1791368356.003856,SYNC_CNT,179193
1791368356.004035,IMG_FRAMES,178710
1791368356.004035,IMG_SENT,178670
1791368356.006548,PHY_FRAMES,179193
1791368356.012802,ps_img,178670
1791368356.036470,SYNC_CNT,179194
1791368356.036956,IMG_FRAMES,178711
1791368356.036956,IMG_SENT,178671
1791368356.039218,PHY_FRAMES,179194
1791368356.044089,ps_img,178671
1791368356.069126,SYNC_CNT,179195
1791368356.069593,IMG_FRAMES,178712
1791368356.069593,IMG_SENT,178672
1791368356.071850,PHY_FRAMES,179195
1791368356.078384,ps_img,178672
1791368356.101803,SYNC_CNT,179196
1791368356.102269,IMG_FRAMES,178713
1791368356.102269,IMG_SENT,178673
1791368356.104525,PHY_FRAMES,179196
1791368356.110727,ps_img,178673
1791368356.134467,SYNC_CNT,179197
1791368356.134884,IMG_FRAMES,178714
1791368356.134884,IMG_SENT,178674
1791368356.137195,PHY_FRAMES,179197
1791368356.144045,ps_img,178674
1791368356.167270,SYNC_CNT,179198
1791368356.167568,IMG_SENT,178675
1791368356.167629,IMG_FRAMES,178715
1791368356.170029,PHY_FRAMES,179198
1791368356.176281,ps_img,178675
1791368356.200254,SYNC_CNT,179199
1791368356.200378,IMG_FRAMES,178716
1791368356.200378,IMG_SENT,178676
1791368356.202944,PHY_FRAMES,179199
1791368356.208918,ps_img,178676
1791368356.232910,SYNC_CNT,179200
1791368356.233379,IMG_FRAMES,178717
1791368356.233379,IMG_SENT,178677
1791368356.235647,PHY_FRAMES,179200
1791368356.240413,ps_img,178677
1791368356.266002,IMG_FRAMES,178718
1791368356.266002,IMG_SENT,178678
1791368356.269974,SYNC_CNT,179201
1791368356.272658,PHY_FRAMES,179201
1791368356.275313,ps_img,178678
1791368356.302665,SYNC_CNT,179202
1791368356.303075,IMG_FRAMES,178719
1791368356.303075,IMG_SENT,178679
1791368356.305350,PHY_FRAMES,179202
1791368356.311816,ps_img,178679
1791368356.335334,SYNC_CNT,179203
1791368356.335752,IMG_FRAMES,178720
1791368356.335752,IMG_SENT,178680
1791368356.338070,PHY_FRAMES,179203
1791368356.345446,ps_img,178680
1791368356.368292,SYNC_CNT,179204
1791368356.368417,IMG_FRAMES,178721
1791368356.368417,IMG_SENT,178681
1791368356.371022,PHY_FRAMES,179204
1791368356.381140,ps_img,178681
1791368356.400966,SYNC_CNT,179205
1791368356.401380,IMG_SENT,178682
1791368356.401442,IMG_FRAMES,178722
1791368356.403646,PHY_FRAMES,179205
1791368356.412090,ps_img,178682
1791368356.433606,SYNC_CNT,179206
1791368356.434076,IMG_FRAMES,178723
1791368356.434076,IMG_SENT,178683
1791368356.436330,PHY_FRAMES,179206
1791368356.447023,ps_img,178683
1791368356.466263,SYNC_CNT,179207
1791368356.466733,IMG_FRAMES,178724
1791368356.466733,IMG_SENT,178684
1791368356.468950,PHY_FRAMES,179207
1791368356.481925,ps_img,178684
1791368356.499165,SYNC_CNT,179208
1791368356.499749,IMG_FRAMES,178725
1791368356.499749,IMG_SENT,178685
1791368356.501863,PHY_FRAMES,179208
1791368356.507727,ps_img,178685
1791368356.532271,IMG_FRAMES,178726
1791368356.532271,IMG_SENT,178686
1791368356.536654,SYNC_CNT,179209
1791368356.539324,PHY_FRAMES,179209
1791368356.540157,ps_img,178686
1791368356.569267,SYNC_CNT,179210
1791368356.569734,IMG_FRAMES,178727
1791368356.569734,IMG_SENT,178687
1791368356.571993,PHY_FRAMES,179210
1791368356.577677,ps_img,178687
1791368356.601949,SYNC_CNT,179211
1791368356.602360,IMG_SENT,178688
1791368356.602421,IMG_FRAMES,178728
1791368356.604640,PHY_FRAMES,179211
1791368356.610719,ps_img,178688
1791368356.634607,SYNC_CNT,179212
1791368356.635017,IMG_SENT,178689
1791368356.635078,IMG_FRAMES,178729
1791368356.637299,PHY_FRAMES,179212
1791368356.643332,ps_img,178689
1791368356.667316,SYNC_CNT,179213
1791368356.667671,IMG_SENT,178690
1791368356.667732,IMG_FRAMES,178730
1791368356.670014,PHY_FRAMES,179213
1791368356.675849,ps_img,178690
1791368356.700130,SYNC_CNT,179214
1791368356.700426,IMG_FRAMES,178731
1791368356.700426,IMG_SENT,178691
1791368356.702847,PHY_FRAMES,179214
1791368356.708781,ps_img,178691
1791368356.732918,SYNC_CNT,179215
1791368356.733219,IMG_FRAMES,178732
1791368356.733219,IMG_SENT,178692
1791368356.735613,PHY_FRAMES,179215
1791368356.745826,ps_img,178692
1791368356.765538,SYNC_CNT,179216
1791368356.766012,IMG_FRAMES,178733
1791368356.766012,IMG_SENT,178693
1791368356.768287,PHY_FRAMES,179216
1791368356.776666,ps_img,178693
1791368356.798240,SYNC_CNT,179217
1791368356.798652,IMG_FRAMES,178734
1791368356.798652,IMG_SENT,178694
1791368356.800963,PHY_FRAMES,179217
1791368356.808515,ps_img,178694
1791368356.831335,IMG_SENT,178695
1791368356.831401,IMG_FRAMES,178735
1791368356.832653,SYNC_CNT,179218
1791368356.835288,PHY_FRAMES,179218
1791368356.841121,ps_img,178695
1791368356.865257,SYNC_CNT,179219
1791368356.865723,IMG_FRAMES,178736
1791368356.865723,IMG_SENT,178696
1791368356.867950,PHY_FRAMES,179219
1791368356.874991,ps_img,178696
1791368356.898334,IMG_FRAMES,178737
1791368356.898334,IMG_SENT,178697
1791368356.898576,SYNC_CNT,179220
1791368356.901313,PHY_FRAMES,179220
1791368356.907796,ps_img,178697
1791368356.931236,SYNC_CNT,179221
1791368356.931648,IMG_SENT,178698
1791368356.931709,IMG_FRAMES,178738
1791368356.933933,PHY_FRAMES,179221
1791368356.942419,ps_img,178698
1791368356.963997,SYNC_CNT,179222
1791368356.964350,IMG_FRAMES,178739
1791368356.964350,IMG_SENT,178699
1791368356.966689,PHY_FRAMES,179222
1791368356.983218,ps_img,178699
1791368356.996666,SYNC_CNT,179223
1791368356.997076,IMG_FRAMES,178740
1791368356.997076,IMG_SENT,178700
1791368356.999369,PHY_FRAMES,179223
1791368357.010808,ps_img,178700
1791368357.029932,IMG_FRAMES,178741
1791368357.029932,IMG_SENT,178701
1791368357.034263,SYNC_CNT,179224
1791368357.036972,PHY_FRAMES,179224
1791368357.043105,ps_img,178701
1791368357.066972,SYNC_CNT,179225
1791368357.067323,IMG_FRAMES,178742
1791368357.067323,IMG_SENT,178702
1791368357.069690,PHY_FRAMES,179225
1791368357.075591,ps_img,178702
1791368357.099720,SYNC_CNT,179226
1791368357.100129,IMG_FRAMES,178743
1791368357.100129,IMG_SENT,178703
1791368357.102447,PHY_FRAMES,179226
1791368357.108004,ps_img,178703
1791368357.132799,IMG_FRAMES,178744
1791368357.132799,IMG_SENT,178704
1791368357.137989,SYNC_CNT,179227
1791368357.140723,PHY_FRAMES,179227
1791368357.145420,ps_img,178704
1791368357.170961,SYNC_CNT,179228
1791368357.171083,IMG_FRAMES,178745
1791368357.171083,IMG_SENT,178705
1791368357.173659,PHY_FRAMES,179228
1791368357.178866,ps_img,178705
1791368357.203779,SYNC_CNT,179229
1791368357.204073,IMG_FRAMES,178746
1791368357.204073,IMG_SENT,178706
1791368357.206495,PHY_FRAMES,179229
1791368357.212358,ps_img,178706
1791368357.236463,SYNC_CNT,179230
1791368357.236910,IMG_FRAMES,178747
1791368357.236910,IMG_SENT,178707
1791368357.239139,PHY_FRAMES,179230
1791368357.255270,ps_img,178707
1791368357.269370,SYNC_CNT,179231
1791368357.269554,IMG_FRAMES,178748
1791368357.269554,IMG_SENT,178708
1791368357.272115,PHY_FRAMES,179231
1791368357.284930,ps_img,178708
1791368357.302343,SYNC_CNT,179232
1791368357.302473,IMG_FRAMES,178749
1791368357.302473,IMG_SENT,178709
1791368357.305074,PHY_FRAMES,179232
1791368357.311604,ps_img,178709
1791368357.334979,SYNC_CNT,179233
1791368357.335461,IMG_FRAMES,178750
1791368357.335461,IMG_SENT,178710
1791368357.337724,PHY_FRAMES,179233
1791368357.346282,ps_img,178710
1791368357.367737,SYNC_CNT,179234
1791368357.368093,IMG_FRAMES,178751
1791368357.368093,IMG_SENT,178711
1791368357.370452,PHY_FRAMES,179234
1791368357.377982,ps_img,178711
1791368357.400722,SYNC_CNT,179235
1791368357.400848,IMG_FRAMES,178752
1791368357.400848,IMG_SENT,178712
1791368357.403436,PHY_FRAMES,179235
1791368357.411871,ps_img,178712
1791368357.433784,SYNC_CNT,179236
1791368357.433852,IMG_FRAMES,178753
1791368357.433852,IMG_SENT,178713
1791368357.436494,PHY_FRAMES,179236
1791368357.446677,ps_img,178713
1791368357.466677,SYNC_CNT,179237
1791368357.466859,IMG_FRAMES,178754
1791368357.466859,IMG_SENT,178714
1791368357.469343,PHY_FRAMES,179237
1791368357.475507,ps_img,178714
1791368357.499318,SYNC_CNT,179238
1791368357.499728,IMG_SENT,178715
1791368357.499790,IMG_FRAMES,178755
1791368357.502010,PHY_FRAMES,179238
1791368357.507931,ps_img,178715
1791368357.532417,IMG_FRAMES,178756
1791368357.532417,IMG_SENT,178716
1791368357.536676,SYNC_CNT,179239
1791368357.539375,PHY_FRAMES,179239
1791368357.540085,ps_img,178716
1791368357.569458,SYNC_CNT,179240
1791368357.569754,IMG_SENT,178717
1791368357.569815,IMG_FRAMES,178757
1791368357.572192,PHY_FRAMES,179240
1791368357.578128,ps_img,178717
1791368357.602107,SYNC_CNT,179241
1791368357.602575,IMG_FRAMES,178758
1791368357.602575,IMG_SENT,178718
1791368357.604862,PHY_FRAMES,179241
1791368357.612049,ps_img,178718
1791368357.634780,SYNC_CNT,179242
1791368357.635249,IMG_FRAMES,178759
1791368357.635249,IMG_SENT,178719
1791368357.637517,PHY_FRAMES,179242
1791368357.644578,ps_img,178719
1791368357.667417,SYNC_CNT,179243
1791368357.667855,IMG_SENT,178720
1791368357.667917,IMG_FRAMES,178760
1791368357.670138,PHY_FRAMES,179243
1791368357.675931,ps_img,178720
1791368357.700305,SYNC_CNT,179244
1791368357.700543,IMG_FRAMES,178761
1791368357.700543,IMG_SENT,178721
1791368357.702997,PHY_FRAMES,179244
1791368357.708552,ps_img,178721
1791368357.733225,SYNC_CNT,179245
1791368357.733407,IMG_FRAMES,178762
1791368357.733407,IMG_SENT,178722
1791368357.735963,PHY_FRAMES,179245
1791368357.744297,ps_img,178722
1791368357.766003,SYNC_CNT,179246
1791368357.766361,IMG_FRAMES,178763
1791368357.766361,IMG_SENT,178723
1791368357.768714,PHY_FRAMES,179246
1791368357.779246,ps_img,178723
1791368357.798652,SYNC_CNT,179247
1791368357.799073,IMG_SENT,178724
1791368357.799135,IMG_FRAMES,178764
1791368357.801381,PHY_FRAMES,179247
1791368357.807782,ps_img,178724
1791368357.831759,IMG_FRAMES,178765
1791368357.831759,IMG_SENT,178725
1791368357.832238,SYNC_CNT,179248
1791368357.834981,PHY_FRAMES,179248
1791368357.841020,ps_img,178725
1791368357.865012,SYNC_CNT,179249
1791368357.865312,IMG_SENT,178726
1791368357.865375,IMG_FRAMES,178766
1791368357.867715,PHY_FRAMES,179249
1791368357.873913,ps_img,178726
1791368357.898093,IMG_SENT,178727
1791368357.898161,IMG_FRAMES,178767
1791368357.899272,SYNC_CNT,179250
1791368357.902000,PHY_FRAMES,179250
1791368357.906567,ps_img,178727
1791368357.932065,SYNC_CNT,179251
1791368357.932364,IMG_FRAMES,178768
1791368357.932364,IMG_SENT,178728
1791368357.934738,PHY_FRAMES,179251
1791368357.945407,ps_img,178728
1791368357.964898,SYNC_CNT,179252
1791368357.965138,IMG_FRAMES,178769
1791368357.965138,IMG_SENT,178729
1791368357.967608,PHY_FRAMES,179252
1791368357.976392,ps_img,178729
1791368357.997723,SYNC_CNT,179253
1791368357.997963,IMG_FRAMES,178770
1791368357.997963,IMG_SENT,178730
1791368358.000456,PHY_FRAMES,179253
1791368358.006975,ps_img,178730
1791368358.030405,SYNC_CNT,179254
1791368358.030818,IMG_FRAMES,178771
1791368358.030818,IMG_SENT,178731
1791368358.033115,PHY_FRAMES,179254
1791368358.039731,ps_img,178731
1791368358.063167,SYNC_CNT,179255
1791368358.063523,IMG_FRAMES,178772
1791368358.063523,IMG_SENT,178732
1791368358.065871,PHY_FRAMES,179255
1791368358.072296,ps_img,178732
1791368358.096227,IMG_FRAMES,178773
1791368358.096227,IMG_SENT,178733
1791368358.098550,SYNC_CNT,179256
1791368358.101273,PHY_FRAMES,179256
1791368358.103623,ps_img,178733
1791368358.131408,SYNC_CNT,179257
1791368358.131647,IMG_SENT,178734
1791368358.131708,IMG_FRAMES,178774
1791368358.134120,PHY_FRAMES,179257
1791368358.140409,ps_img,178734
1791368358.164366,SYNC_CNT,179258
1791368358.164490,IMG_FRAMES,178775
1791368358.164490,IMG_SENT,178735
1791368358.167114,PHY_FRAMES,179258
1791368358.171571,ps_img,178735
1791368358.197041,SYNC_CNT,179259
1791368358.197453,IMG_SENT,178736
1791368358.197514,IMG_FRAMES,178776
1791368358.199726,PHY_FRAMES,179259
1791368358.206337,ps_img,178736
1791368358.230119,IMG_FRAMES,178777
1791368358.230119,IMG_SENT,178737
1791368358.233530,SYNC_CNT,179260
1791368358.236228,PHY_FRAMES,179260
1791368358.238652,ps_img,178737
1791368358.266204,SYNC_CNT,179261
1791368358.266618,IMG_FRAMES,178778
1791368358.266618,IMG_SENT,178738
1791368358.268921,PHY_FRAMES,179261
1791368358.275626,ps_img,178738
1791368358.298854,SYNC_CNT,179262
1791368358.299273,IMG_FRAMES,178779
1791368358.299273,IMG_SENT,178739
1791368358.301540,PHY_FRAMES,179262
1791368358.309524,ps_img,178739
1791368358.331755,SYNC_CNT,179263
1791368358.331941,IMG_FRAMES,178780
1791368358.331941,IMG_SENT,178740
1791368358.334490,PHY_FRAMES,179263
1791368358.341442,ps_img,178740
1791368358.364874,IMG_FRAMES,178781
1791368358.364874,IMG_SENT,178741
1791368358.369899,SYNC_CNT,179264
1791368358.372640,PHY_FRAMES,179264
1791368358.372640,ps_img,178741
1791368358.402560,SYNC_CNT,179265
1791368358.403035,IMG_FRAMES,178782
1791368358.403035,IMG_SENT,178742
1791368358.405305,PHY_FRAMES,179265
1791368358.415124,ps_img,178742
1791368358.435204,SYNC_CNT,179266
1791368358.435678,IMG_FRAMES,178783
1791368358.435678,IMG_SENT,178743
1791368358.437942,PHY_FRAMES,179266
1791368358.448545,ps_img,178743
1791368358.467988,SYNC_CNT,179267
1791368358.468295,IMG_SENT,178744
1791368358.468360,IMG_FRAMES,178784
1791368358.470667,PHY_FRAMES,179267
1791368358.483348,ps_img,178744
1791368358.500634,SYNC_CNT,179268
1791368358.501052,IMG_FRAMES,178785
1791368358.501052,IMG_SENT,178745
1791368358.503324,PHY_FRAMES,179268
1791368358.509780,ps_img,178745
1791368358.533731,IMG_FRAMES,178786
1791368358.533731,IMG_SENT,178746
1791368358.536007,SYNC_CNT,179269
1791368358.538727,PHY_FRAMES,179269
1791368358.542885,ps_img,178746
1791368358.568724,SYNC_CNT,179270
1791368358.569110,IMG_FRAMES,178787
1791368358.569110,IMG_SENT,178747
1791368358.571446,PHY_FRAMES,179270
1791368358.575948,ps_img,178747
1791368358.601442,SYNC_CNT,179271
1791368358.601853,IMG_FRAMES,178788
1791368358.601853,IMG_SENT,178748
1791368358.604120,PHY_FRAMES,179271
1791368358.610412,ps_img,178748
1791368358.634264,SYNC_CNT,179272
1791368358.634504,IMG_FRAMES,178789
1791368358.634504,IMG_SENT,178749
1791368358.636969,PHY_FRAMES,179272
1791368358.643146,ps_img,178749
1791368358.667164,SYNC_CNT,179273
1791368358.667346,IMG_FRAMES,178790
1791368358.667346,IMG_SENT,178750
1791368358.669853,PHY_FRAMES,179273
1791368358.676484,ps_img,178750
1791368358.699944,SYNC_CNT,179274
1791368358.700240,IMG_FRAMES,178791
1791368358.700240,IMG_SENT,178751
1791368358.702691,PHY_FRAMES,179274
1791368358.708962,ps_img,178751
1791368358.732895,SYNC_CNT,179275
1791368358.733078,IMG_FRAMES,178792
1791368358.733078,IMG_SENT,178752
1791368358.735645,PHY_FRAMES,179275
1791368358.741982,ps_img,178752
1791368358.765612,SYNC_CNT,179276
1791368358.766027,IMG_FRAMES,178793
1791368358.766027,IMG_SENT,178753
1791368358.768306,PHY_FRAMES,179276
1791368358.775225,ps_img,178753
1791368358.798239,SYNC_CNT,179277
1791368358.798712,IMG_FRAMES,178794
1791368358.798712,IMG_SENT,178754
1791368358.800955,PHY_FRAMES,179277
1791368358.808054,ps_img,178754
1791368358.831200,SYNC_CNT,179278
1791368358.831385,IMG_FRAMES,178795
1791368358.831385,IMG_SENT,178755
1791368358.833921,PHY_FRAMES,179278
1791368358.843085,ps_img,178755
1791368358.864340,IMG_FRAMES,178796
1791368358.864340,IMG_SENT,178756
1791368358.866196,SYNC_CNT,179279
1791368358.868957,PHY_FRAMES,179279
1791368358.872435,ps_img,178756
1791368358.899263,SYNC_CNT,179280
1791368358.899331,IMG_FRAMES,178797
1791368358.899331,IMG_SENT,178757
1791368358.902011,PHY_FRAMES,179280
1791368358.908187,ps_img,178757
1791368358.932288,SYNC_CNT,179281
1791368358.932411,IMG_FRAMES,178798
1791368358.932411,IMG_SENT,178758
1791368358.935032,PHY_FRAMES,179281
1791368358.942896,ps_img,178758
1791368358.965011,SYNC_CNT,179282
1791368358.965382,IMG_FRAMES,178799
1791368358.965382,IMG_SENT,178759
1791368358.967756,PHY_FRAMES,179282
1791368358.980975,ps_img,178759
1791368358.998010,SYNC_CNT,179283
1791368358.998133,IMG_FRAMES,178800
1791368358.998133,IMG_SENT,178760
1791368359.000764,PHY_FRAMES,179283
1791368359.006881,ps_img,178760
1791368359.031155,IMG_FRAMES,178801
1791368359.031155,IMG_SENT,178761
1791368359.032233,SYNC_CNT,179284
1791368359.034944,PHY_FRAMES,179284
1791368359.042826,ps_img,178761
1791368359.065079,SYNC_CNT,179285
1791368359.065318,IMG_FRAMES,178802
1791368359.065318,IMG_SENT,178762
1791368359.067759,PHY_FRAMES,179285
1791368359.074176,ps_img,178762
1791368359.098142,IMG_FRAMES,178803
1791368359.098142,IMG_SENT,178763
1791368359.099250,SYNC_CNT,179286
1791368359.101948,PHY_FRAMES,179286
1791368359.106845,ps_img,178763
1791368359.132163,SYNC_CNT,179287
1791368359.132347,IMG_FRAMES,178804
1791368359.132347,IMG_SENT,178764
1791368359.134880,PHY_FRAMES,179287
1791368359.142810,ps_img,178764
1791368359.164841,SYNC_CNT,179288
1791368359.165254,IMG_FRAMES,178805
1791368359.165254,IMG_SENT,178765
1791368359.167578,PHY_FRAMES,179288
1791368359.174254,ps_img,178765
1791368359.197685,SYNC_CNT,179289
1791368359.197984,IMG_FRAMES,178806
1791368359.197984,IMG_SENT,178766
1791368359.200361,PHY_FRAMES,179289
1791368359.206919,ps_img,178766
1791368359.230464,SYNC_CNT,179290
1791368359.230766,IMG_FRAMES,178807
1791368359.230766,IMG_SENT,178767
1791368359.233171,PHY_FRAMES,179290
1791368359.242662,ps_img,178767
1791368359.263090,SYNC_CNT,179291
1791368359.263565,IMG_FRAMES,178808
1791368359.263565,IMG_SENT,178768
1791368359.265813,PHY_FRAMES,179291
1791368359.272807,ps_img,178768
1791368359.296212,IMG_FRAMES,178809
1791368359.296212,IMG_SENT,178769
1791368359.298536,SYNC_CNT,179292
1791368359.301285,PHY_FRAMES,179292
1791368359.305843,ps_img,178769
1791368359.331506,SYNC_CNT,179293
1791368359.331635,IMG_SENT,178770
1791368359.331697,IMG_FRAMES,178810
1791368359.334251,PHY_FRAMES,179293
1791368359.341408,ps_img,178770
1791368359.364277,SYNC_CNT,179294
1791368359.364656,IMG_FRAMES,178811
1791368359.364656,IMG_SENT,178771
1791368359.366997,PHY_FRAMES,179294
1791368359.372225,ps_img,178771
1791368359.396892,SYNC_CNT,179295
1791368359.397361,IMG_FRAMES,178812
1791368359.397361,IMG_SENT,178772
1791368359.399629,PHY_FRAMES,179295
1791368359.406287,ps_img,178772
1791368359.430010,IMG_FRAMES,178813
1791368359.430010,IMG_SENT,178773
1791368359.431997,SYNC_CNT,179296
1791368359.434721,PHY_FRAMES,179296
1791368359.442856,ps_img,178773
1791368359.464894,SYNC_CNT,179297
1791368359.465083,IMG_FRAMES,178814
1791368359.465083,IMG_SENT,178774
1791368359.467628,PHY_FRAMES,179297
1791368359.481547,ps_img,178774
1791368359.497544,SYNC_CNT,179298
1791368359.498042,IMG_FRAMES,178815
1791368359.498042,IMG_SENT,178775
1791368359.500304,PHY_FRAMES,179298
1791368359.507855,ps_img,178775
1791368359.530494,SYNC_CNT,179299
1791368359.530680,IMG_FRAMES,178816
1791368359.530680,IMG_SENT,178776
1791368359.533313,PHY_FRAMES,179299
1791368359.542207,ps_img,178776
1791368359.563279,SYNC_CNT,179300
1791368359.563634,IMG_FRAMES,178817
1791368359.563634,IMG_SENT,178777
1791368359.566011,PHY_FRAMES,179300
1791368359.571391,ps_img,178777
1791368359.595959,SYNC_CNT,179301
1791368359.596428,IMG_FRAMES,178818
1791368359.596428,IMG_SENT,178778
1791368359.598683,PHY_FRAMES,179301
1791368359.604377,ps_img,178778
1791368359.628586,SYNC_CNT,179302
1791368359.629028,IMG_SENT,178779
1791368359.629092,IMG_FRAMES,178819
1791368359.631343,PHY_FRAMES,179302
1791368359.637882,ps_img,178779
1791368359.661691,IMG_FRAMES,178820
1791368359.661691,IMG_SENT,178780
1791368359.666194,SYNC_CNT,179303
1791368359.668900,PHY_FRAMES,179303
1791368359.672893,ps_img,178780
1791368359.698830,SYNC_CNT,179304
1791368359.699298,IMG_FRAMES,178821
1791368359.699298,IMG_SENT,178781
1791368359.701559,PHY_FRAMES,179304
1791368359.707608,ps_img,178781
1791368359.731632,SYNC_CNT,179305
1791368359.731929,IMG_FRAMES,178822
1791368359.731929,IMG_SENT,178782
1791368359.734318,PHY_FRAMES,179305
1791368359.741735,ps_img,178782
1791368359.764713,IMG_FRAMES,178823
1791368359.764713,IMG_SENT,178783
1791368359.765970,SYNC_CNT,179306
1791368359.768724,PHY_FRAMES,179306
1791368359.781653,ps_img,178783
1791368359.798870,SYNC_CNT,179307
1791368359.799110,IMG_FRAMES,178824
1791368359.799110,IMG_SENT,178784
1791368359.801548,PHY_FRAMES,179307
1791368359.812529,ps_img,178784
1791368359.831941,IMG_FRAMES,178825
1791368359.831941,IMG_SENT,178785
1791368359.832185,SYNC_CNT,179308
1791368359.834915,PHY_FRAMES,179308
1791368359.854620,ps_img,178785
1791368359.865006,SYNC_CNT,179309
1791368359.865312,IMG_FRAMES,178826
1791368359.865312,IMG_SENT,178786
1791368359.867722,PHY_FRAMES,179309
1791368359.875823,ps_img,178786
1791368359.897977,SYNC_CNT,179310
1791368359.898103,IMG_FRAMES,178827
1791368359.898103,IMG_SENT,178787
1791368359.900715,PHY_FRAMES,179310
1791368359.906773,ps_img,178787
1791368359.930697,SYNC_CNT,179311
1791368359.931113,IMG_FRAMES,178828
1791368359.931113,IMG_SENT,178788
1791368359.933425,PHY_FRAMES,179311
1791368359.954207,ps_img,178788
1791368359.963773,IMG_FRAMES,178829
1791368359.963773,IMG_SENT,178789
1791368359.965806,SYNC_CNT,179312
1791368359.968531,PHY_FRAMES,179312
1791368359.977506,ps_img,178789
1791368359.998506,SYNC_CNT,179313
1791368359.998917,IMG_FRAMES,178830
1791368359.998917,IMG_SENT,178790
1791368360.001199,PHY_FRAMES,179313
1791368360.007481,ps_img,178790
1791368360.031277,SYNC_CNT,179314
1791368360.031574,IMG_FRAMES,178831
1791368360.031574,IMG_SENT,178791
1791368360.033976,PHY_FRAMES,179314
1791368360.048508,ps_img,178791
1791368360.064044,SYNC_CNT,179315
1791368360.064345,IMG_FRAMES,178832
1791368360.064345,IMG_SENT,178792
1791368360.066759,PHY_FRAMES,179315
1791368360.073788,ps_img,178792
1791368360.097178,IMG_FRAMES,178833
1791368360.097178,IMG_SENT,178793
1791368360.098581,SYNC_CNT,179316
1791368360.101299,PHY_FRAMES,179316
1791368360.106021,ps_img,178793
1791368360.131510,SYNC_CNT,179317
1791368360.131634,IMG_SENT,178794
1791368360.131695,IMG_FRAMES,178834
1791368360.134207,PHY_FRAMES,179317
1791368360.152499,ps_img,178794
1791368360.164147,SYNC_CNT,179318
1791368360.164630,IMG_FRAMES,178835
1791368360.164630,IMG_SENT,178795
1791368360.166891,PHY_FRAMES,179318
1791368360.173111,ps_img,178795
1791368360.196833,SYNC_CNT,179319
1791368360.197245,IMG_SENT,178796
1791368360.197306,IMG_FRAMES,178836
1791368360.199509,PHY_FRAMES,179319
1791368360.206053,ps_img,178796
1791368360.229897,IMG_SENT,178797
1791368360.229963,IMG_FRAMES,178837
1791368360.232339,SYNC_CNT,179320
1791368360.235015,PHY_FRAMES,179320
1791368360.254273,ps_img,178797
1791368360.264994,SYNC_CNT,179321
1791368360.265418,IMG_FRAMES,178838
1791368360.265418,IMG_SENT,178798
1791368360.267656,PHY_FRAMES,179321
1791368360.285045,ps_img,178798
1791368360.298088,IMG_FRAMES,178839
1791368360.298088,IMG_SENT,178799
1791368360.299319,SYNC_CNT,179322
1791368360.302046,PHY_FRAMES,179322
1791368360.309200,ps_img,178799
1791368360.332179,SYNC_CNT,179323
1791368360.332421,IMG_FRAMES,178840
1791368360.332421,IMG_SENT,178800
1791368360.334896,PHY_FRAMES,179323
