t,name,value
1746465819.383240,img_start,3540061745
1746465819.396921,ps_take,82676
1746465819.363798,ps_take_src,82676
1746465819.396381,img_end,3540139280
1746465819.398169,img_start,3540142385
1746465819.402833,SYM_FRAMES,122953
1746465819.402894,FB_FRAMES,123493
1746465819.405600,TX_FRAMES,122953
1746465819.430201,ps_take,82677
1746465819.397125,ps_take_src,82677
1746465819.429857,img_end,3540335888
1746465819.431033,img_start,3540338025
1746465819.436338,FB_FRAMES,123494
1746465819.436338,SYM_FRAMES,122954
1746465819.439070,TX_FRAMES,122954
1746465819.462735,ps_take,82678
1746465819.430370,ps_take_src,82678
1746465819.469253,FB_FRAMES,123495
1746465819.469253,SYM_FRAMES,122955
1746465819.471965,TX_FRAMES,122955
1746465819.495606,ps_take,82679
1746465819.462948,ps_take_src,82679
1746465819.495546,img_end,3540729104
1746465819.496639,img_start,3540732209
1746465819.502002,SYM_FRAMES,122956
1746465819.502068,FB_FRAMES,123496
1746465819.504748,TX_FRAMES,122956
1746465819.528348,img_end,3540925712
1746465819.530561,ps_take,82680
1746465819.495760,ps_take_src,82680
1746465819.531633,img_start,3540928817
1746465819.534801,SYM_FRAMES,122957
1746465819.534865,FB_FRAMES,123497
1746465819.537624,TX_FRAMES,122957
1746465819.563321,ps_take,82681
1746465819.530744,ps_take_src,82681
1746465819.569824,FB_FRAMES,123498
1746465819.569824,SYM_FRAMES,122958
1746465819.572573,TX_FRAMES,122958
1746465819.596454,ps_take,82682
1746465819.563524,ps_take_src,82682
1746465819.595994,img_end,3541318928
1746465819.597491,img_start,3541320153
1746465819.602485,FB_FRAMES,123499
1746465819.602485,SYM_FRAMES,122959
1746465819.605223,TX_FRAMES,122959
1746465819.629225,img_end,3541515536
1746465819.630452,ps_take,82683
1746465819.596623,ps_take_src,82683
1746465819.631525,img_start,3541518037
1746465819.635697,FB_FRAMES,123500
1746465819.635697,SYM_FRAMES,122960
1746465819.638449,TX_FRAMES,122960
1746465819.663649,ps_take,82684
1746465819.630656,ps_take_src,82684
1746465819.663251,img_end,3541712144
1746465819.664673,img_start,3541715249
1746465819.669742,FB_FRAMES,123501
1746465819.669742,SYM_FRAMES,122961
1746465819.672482,TX_FRAMES,122961
1746465819.696972,ps_take,82685
1746465819.663820,ps_take_src,82685
1746465819.696402,img_end,3541908752
1746465819.698212,img_start,3541909238
1746465819.702834,SYM_FRAMES,122962
1746465819.702902,FB_FRAMES,123502
1746465819.705601,TX_FRAMES,122962
1746465819.730183,ps_take,82686
1746465819.697155,ps_take_src,82686
1746465819.729952,img_end,3542105360
1746465819.731238,img_start,3542107429
1746465819.736428,FB_FRAMES,123503
1746465819.736428,SYM_FRAMES,122963
1746465819.739170,TX_FRAMES,122963
1746465819.763336,ps_take,82687
1746465819.730352,ps_take_src,82687
1746465819.762991,img_end,3542301968
1746465819.764596,img_start,3542305073
1746465819.769419,SYM_FRAMES,122964
1746465819.769481,FB_FRAMES,123504
1746465819.772201,TX_FRAMES,122964
1746465819.796778,ps_take,82688
1746465819.763511,ps_take_src,82688
1746465819.796323,img_end,3542498576
1746465819.798134,img_start,3542498577
1746465819.802803,FB_FRAMES,123505
1746465819.802803,SYM_FRAMES,122965
1746465819.805553,TX_FRAMES,122965
1746465819.830527,ps_take,82689
1746465819.796937,ps_take_src,82689
1746465819.829881,img_end,3542695184
1746465819.831599,img_start,3542697934
1746465819.836356,FB_FRAMES,123506
1746465819.836356,SYM_FRAMES,122966
1746465819.839126,TX_FRAMES,122966
1746465819.863311,ps_take,82690
1746465819.830727,ps_take_src,82690
1746465819.864341,img_start,3542892587
1746465819.869781,FB_FRAMES,123507
1746465819.869781,SYM_FRAMES,122967
1746465819.872581,TX_FRAMES,122967
1746465819.896470,ps_take,82691
1746465819.863488,ps_take_src,82691
1746465819.896071,img_end,3543088400
1746465819.897493,img_start,3543088889
1746465819.902579,FB_FRAMES,123508
1746465819.902579,SYM_FRAMES,122968
1746465819.905305,TX_FRAMES,122968
1746465819.929248,img_end,3543285008
1746465819.930390,ps_take,82692
1746465819.896631,ps_take_src,82692
1746465819.931546,img_start,3543285625
1746465819.935734,FB_FRAMES,123509
1746465819.935734,SYM_FRAMES,122969
1746465819.938510,TX_FRAMES,122969
1746465819.963672,ps_take,82693
1746465819.930687,ps_take_src,82693
1746465819.963275,img_end,3543481616
1746465819.964672,img_start,3543481626
1746465819.969781,FB_FRAMES,123510
1746465819.969781,SYM_FRAMES,122970
1746465819.972518,TX_FRAMES,122970
1746465819.996534,ps_take,82694
1746465819.963836,ps_take_src,82694
1746465819.996418,img_end,3543678224
1746465819.997564,img_start,3543681329
1746465820.002892,FB_FRAMES,123511
1746465820.002892,SYM_FRAMES,122971
1746465820.005680,TX_FRAMES,122971
1746465820.029619,ps_take,82695
1746465819.996694,ps_take_src,82695
1746465820.029278,img_end,3543874832
1746465820.030675,img_start,3543876923
1746465820.035743,FB_FRAMES,123512
1746465820.035743,SYM_FRAMES,122972
1746465820.038492,TX_FRAMES,122972
1746465820.062749,ps_take,82696
1746465820.029792,ps_take_src,82696
1746465820.062458,img_end,3544071440
1746465820.063836,img_start,3544073986
1746465820.068861,SYM_FRAMES,122973
1746465820.068922,FB_FRAMES,123513
1746465820.071600,TX_FRAMES,122973
1746465820.095544,ps_take,82697
1746465820.062958,ps_take_src,82697
1746465820.102021,FB_FRAMES,123514
1746465820.102021,SYM_FRAMES,122974
1746465820.104808,TX_FRAMES,122974
1746465820.128198,img_end,3544464656
1746465820.130526,ps_take,82698
1746465820.095747,ps_take_src,82698
1746465820.131591,img_start,3544467761
1746465820.134681,FB_FRAMES,123515
1746465820.134681,SYM_FRAMES,122975
1746465820.137485,TX_FRAMES,122975
1746465820.163333,ps_take,82699
1746465820.130715,ps_take_src,82699
1746465820.163273,img_end,3544661264
1746465820.164362,img_start,3544664369
1746465820.169754,FB_FRAMES,123516
1746465820.169754,SYM_FRAMES,122976
1746465820.172566,TX_FRAMES,122976
1746465820.196462,ps_take,82700
1746465820.163486,ps_take_src,82700
1746465820.196063,img_end,3544857872
1746465820.197491,img_start,3544859017
1746465820.202557,FB_FRAMES,123517
1746465820.202557,SYM_FRAMES,122977
1746465820.205326,TX_FRAMES,122977
1746465820.229221,img_end,3545054480
1746465820.230493,ps_take,82701
1746465820.196628,ps_take_src,82701
1746465820.231337,img_start,3545056486
1746465820.235724,FB_FRAMES,123518
1746465820.235724,SYM_FRAMES,122978
1746465820.238470,TX_FRAMES,122978
1746465820.263060,ps_take,82702
1746465820.230676,ps_take_src,82702
1746465820.264093,img_start,3545253816
1746465820.269532,FB_FRAMES,123519
1746465820.269532,SYM_FRAMES,122979
1746465820.272339,TX_FRAMES,122979
1746465820.295818,img_end,3545447696
1746465820.296959,ps_take,82703
1746465820.263222,ps_take_src,82703
1746465820.298190,img_start,3545450801
1746465820.302289,FB_FRAMES,123520
1746465820.302289,SYM_FRAMES,122980
1746465820.305022,TX_FRAMES,122980
1746465820.330171,ps_take,82704
1746465820.297149,ps_take_src,82704
1746465820.329886,img_end,3545644304
1746465820.331226,img_start,3545645656
1746465820.336359,FB_FRAMES,123521
1746465820.336359,SYM_FRAMES,122981
1746465820.339095,TX_FRAMES,122981
1746465820.363350,ps_take,82705
1746465820.330378,ps_take_src,82705
1746465820.362953,img_end,3545840912
1746465820.364542,img_start,3545842243
1746465820.369414,SYM_FRAMES,122982
1746465820.369478,FB_FRAMES,123522
1746465820.372193,TX_FRAMES,122982
1746465820.396749,ps_take,82706
1746465820.363545,ps_take_src,82706
1746465820.396292,img_end,3546037520
1746465820.397780,img_start,3546039038
1746465820.402742,FB_FRAMES,123523
1746465820.402742,SYM_FRAMES,122983
1746465820.405509,TX_FRAMES,122983
1746465820.430524,ps_take,82707
1746465820.396912,ps_take_src,82707
1746465820.429536,img_end,3546234128
1746465820.431598,img_start,3546237233
1746465820.436013,FB_FRAMES,123524
1746465820.436013,SYM_FRAMES,122984
1746465820.438700,TX_FRAMES,122984
1746465820.463291,ps_take,82708
1746465820.430719,ps_take_src,82708
1746465820.463291,img_end,3546430736
1746465820.464384,img_start,3546433841
1746465820.469770,SYM_FRAMES,122985
1746465820.469832,FB_FRAMES,123525
1746465820.472505,TX_FRAMES,122985
1746465820.496431,ps_take,82709
1746465820.463495,ps_take_src,82709
1746465820.496089,img_end,3546627344
1746465820.497292,img_start,3546630449
1746465820.502580,FB_FRAMES,123526
1746465820.502580,SYM_FRAMES,122986
1746465820.505344,TX_FRAMES,122986
1746465820.529000,img_end,3546823952
1746465820.530494,ps_take,82710
1746465820.496631,ps_take_src,82710
1746465820.531559,img_start,3546826837
1746465820.535468,SYM_FRAMES,122987
1746465820.535529,FB_FRAMES,123527
1746465820.538244,TX_FRAMES,122987
1746465820.563635,ps_take,82711
1746465820.530687,ps_take_src,82711
1746465820.563290,img_end,3547020560
1746465820.564666,img_start,3547020691
1746465820.569730,SYM_FRAMES,122988
1746465820.569790,FB_FRAMES,123528
1746465820.572500,TX_FRAMES,122988
1746465820.596920,ps_take,82712
1746465820.563810,ps_take_src,82712
1746465820.596407,img_end,3547217168
1746465820.598104,img_start,3547219018
1746465820.602895,FB_FRAMES,123529
1746465820.602895,SYM_FRAMES,122989
1746465820.605611,TX_FRAMES,122989
1746465820.630187,ps_take,82713
1746465820.597103,ps_take_src,82713
1746465820.629845,img_end,3547413776
1746465820.631041,img_start,3547414153
1746465820.636317,FB_FRAMES,123530
1746465820.636317,SYM_FRAMES,122990
1746465820.639064,TX_FRAMES,122990
1746465820.662768,ps_take,82714
1746465820.630409,ps_take_src,82714
1746465820.663797,img_start,3547612879
1746465820.669270,FB_FRAMES,123531
1746465820.669270,SYM_FRAMES,122991
1746465820.672022,TX_FRAMES,122991
1746465820.695567,ps_take,82715
1746465820.662927,ps_take_src,82715
1746465820.695506,img_end,3547806992
1746465820.698154,img_start,3547810097
1746465820.701978,SYM_FRAMES,122992
1746465820.702041,FB_FRAMES,123532
1746465820.704749,TX_FRAMES,122992
1746465820.730381,ps_take,82716
1746465820.695762,ps_take_src,82716
1746465820.729867,img_end,3548003600
1746465820.731491,img_start,3548005400
1746465820.736308,SYM_FRAMES,122993
1746465820.736369,FB_FRAMES,123533
1746465820.739068,TX_FRAMES,122993
1746465820.763679,ps_take,82717
1746465820.730612,ps_take_src,82717
1746465820.763222,img_end,3548200208
1746465820.764477,img_start,3548201327
1746465820.769720,FB_FRAMES,123534
1746465820.769720,SYM_FRAMES,122994
1746465820.772467,TX_FRAMES,122994
1746465820.796444,ps_take,82718
1746465820.763844,ps_take_src,82718
1746465820.796213,img_end,3548396816
1746465820.797510,img_start,3548399007
1746465820.802694,FB_FRAMES,123535
1746465820.802694,SYM_FRAMES,122995
1746465820.805424,TX_FRAMES,122995
1746465820.829234,img_end,3548593424
1746465820.830513,ps_take,82719
1746465820.796634,ps_take_src,82719
1746465820.831528,img_start,3548593779
1746465820.835726,FB_FRAMES,123536
1746465820.835726,SYM_FRAMES,122996
1746465820.838427,TX_FRAMES,122996
1746465820.863613,ps_take,82720
1746465820.830697,ps_take_src,82720
1746465820.863270,img_end,3548790032
1746465820.864643,img_start,3548790900
1746465820.869761,FB_FRAMES,123537
1746465820.869761,SYM_FRAMES,122997
1746465820.872523,TX_FRAMES,122997
1746465820.896957,ps_take,82721
1746465820.863798,ps_take_src,82721
1746465820.896386,img_end,3548986640
1746465820.898210,img_start,3548988018
1746465820.902846,FB_FRAMES,123538
1746465820.902846,SYM_FRAMES,122998
1746465820.905595,TX_FRAMES,122998
1746465820.930195,ps_take,82722
1746465820.897180,ps_take_src,82722
1746465820.929961,img_end,3549183248
1746465820.931304,img_start,3549186353
1746465820.936426,FB_FRAMES,123539
1746465820.936426,SYM_FRAMES,122999
1746465820.939211,TX_FRAMES,122999
1746465820.963353,ps_take,82723
1746465820.930391,ps_take_src,82723
1746465820.963007,img_end,3549379856
1746465820.964550,img_start,3549381617
1746465820.969494,FB_FRAMES,123540
1746465820.969494,SYM_FRAMES,123000
1746465820.972206,TX_FRAMES,123000
1746465820.996732,ps_take,82724
1746465820.963531,ps_take_src,82724
1746465820.996279,img_end,3549576464
1746465820.997811,img_start,3549579569
1746465821.002773,FB_FRAMES,123541
1746465821.002773,SYM_FRAMES,123001
1746465821.005498,TX_FRAMES,123001
1746465821.029504,img_end,3549773072
1746465821.030546,ps_take,82725
1746465820.996934,ps_take_src,82725
1746465821.031622,img_start,3549776177
1746465821.035998,FB_FRAMES,123542
1746465821.035998,SYM_FRAMES,123002
1746465821.038694,TX_FRAMES,123002
1746465821.063310,img_end,3549969680
1746465821.064723,ps_take,82726
1746465821.030713,ps_take_src,82726
1746465821.066295,img_start,3549972321
1746465821.069803,FB_FRAMES,123543
1746465821.069803,SYM_FRAMES,123003
1746465821.072565,TX_FRAMES,123003
1746465821.098185,ps_take,82727
1746465821.065461,ps_take_src,82727
1746465821.098012,img_end,3550166288
1746465821.099324,img_start,3550168711
1746465821.104495,FB_FRAMES,123544
1746465821.104495,SYM_FRAMES,123004
1746465821.107219,TX_FRAMES,123004
1746465821.131504,ps_take,82728
1746465821.098415,ps_take_src,82728
1746465821.131052,img_end,3550362896
1746465821.132638,img_start,3550366001
1746465821.137508,SYM_FRAMES,123005
1746465821.137569,FB_FRAMES,123545
1746465821.140255,TX_FRAMES,123005
1746465821.164783,ps_take,82729
1746465821.131682,ps_take_src,82729
1746465821.164330,img_end,3550559504
1746465821.165804,img_start,3550562609
1746465821.170796,FB_FRAMES,123546
1746465821.170796,SYM_FRAMES,123006
1746465821.173596,TX_FRAMES,123006
1746465821.197517,ps_take,82730
1746465821.164943,ps_take_src,82730
1746465821.197517,img_end,3550756112
1746465821.198689,img_start,3550759217
1746465821.203977,SYM_FRAMES,123007
1746465821.204041,FB_FRAMES,123547
1746465821.206766,TX_FRAMES,123007
1746465821.230753,ps_take,82731
1746465821.197711,ps_take_src,82731
1746465821.230410,img_end,3550952720
1746465821.231833,img_start,3550955825
1746465821.236881,FB_FRAMES,123548
1746465821.236881,SYM_FRAMES,123008
1746465821.239626,TX_FRAMES,123008
1746465821.263891,ps_take,82732
1746465821.230953,ps_take_src,82732
1746465821.263550,img_end,3551149328
1746465821.265193,img_start,3551152433
1746465821.270029,FB_FRAMES,123549
1746465821.270029,SYM_FRAMES,123009
1746465821.272723,TX_FRAMES,123009
1746465821.297341,ps_take,82733
1746465821.264297,ps_take_src,82733
1746465821.296886,img_end,3551345936
1746465821.298366,img_start,3551346071
1746465821.303392,FB_FRAMES,123550
1746465821.303392,SYM_FRAMES,123010
1746465821.306158,TX_FRAMES,123010
1746465821.330365,ps_take,82734
1746465821.297533,ps_take_src,82734
1746465821.330135,img_end,3551542544
1746465821.331536,img_start,3551544883
1746465821.336611,FB_FRAMES,123551
1746465821.336611,SYM_FRAMES,123011
1746465821.339364,TX_FRAMES,123011
1746465821.363391,ps_take,82735
1746465821.330658,ps_take_src,82735
1746465821.363273,img_end,3551739152
1746465821.365041,img_start,3551739850
1746465821.369759,FB_FRAMES,123552
1746465821.369759,SYM_FRAMES,123012
1746465821.372520,TX_FRAMES,123012
1746465821.397038,ps_take,82736
1746465821.363567,ps_take_src,82736
1746465821.396808,img_end,3551935760
1746465821.398102,img_start,3551937363
1746465821.403237,SYM_FRAMES,123013
1746465821.403299,FB_FRAMES,123553
1746465821.406036,TX_FRAMES,123013
1746465821.430352,ps_take,82737
1746465821.397217,ps_take_src,82737
1746465821.429835,img_end,3552132368
1746465821.431570,img_start,3552134501
1746465821.436296,FB_FRAMES,123554
1746465821.436296,SYM_FRAMES,123014
1746465821.439035,TX_FRAMES,123014
1746465821.463603,ps_take,82738
1746465821.430689,ps_take_src,82738
1746465821.463318,img_end,3552328976
1746465821.464686,img_start,3552332081
1746465821.469800,FB_FRAMES,123555
1746465821.469800,SYM_FRAMES,123015
1746465821.472559,TX_FRAMES,123015
1746465821.496955,ps_take,82739
1746465821.463813,ps_take_src,82739
1746465821.496388,img_end,3552525584
1746465821.498088,img_start,3552525968
1746465821.502890,FB_FRAMES,123556
1746465821.502890,SYM_FRAMES,123016
1746465821.505665,TX_FRAMES,123016
1746465821.530179,ps_take,82740
1746465821.497120,ps_take_src,82740
1746465821.529835,img_end,3552722192
1746465821.531225,img_start,3552722533
1746465821.536333,FB_FRAMES,123557
1746465821.536333,SYM_FRAMES,123017
1746465821.539047,TX_FRAMES,123017
1746465821.563364,ps_take,82741
1746465821.530358,ps_take_src,82741
1746465821.562964,img_end,3552918800
1746465821.564561,img_start,3552920599
1746465821.569430,SYM_FRAMES,123018
1746465821.569491,FB_FRAMES,123558
1746465821.572216,TX_FRAMES,123018
1746465821.596743,ps_take,82742
1746465821.563548,ps_take_src,82742
1746465821.596287,img_end,3553115408
1746465821.598150,img_start,3553118513
1746465821.602748,SYM_FRAMES,123019
1746465821.602809,FB_FRAMES,123559
1746465821.605524,TX_FRAMES,123019
1746465821.630381,ps_take,82743
1746465821.596922,ps_take_src,82743
1746465821.629868,img_end,3553312016
1746465821.631464,img_start,3553314509
1746465821.636332,FB_FRAMES,123560
1746465821.636332,SYM_FRAMES,123020
1746465821.639058,TX_FRAMES,123020
1746465821.663293,ps_take,82744
1746465821.630601,ps_take_src,82744
1746465821.663175,img_end,3553508624
1746465821.664941,img_start,3553511729
1746465821.669646,FB_FRAMES,123561
1746465821.669646,SYM_FRAMES,123021
1746465821.672382,TX_FRAMES,123021
1746465821.697087,ps_take,82745
1746465821.664253,ps_take_src,82745
1746465821.696628,img_end,3553705232
1746465821.698119,img_start,3553707966
1746465821.703141,FB_FRAMES,123562
1746465821.703141,SYM_FRAMES,123022
1746465821.705888,TX_FRAMES,123022
1746465821.730464,ps_take,82746
1746465821.697242,ps_take_src,82746
1746465821.729862,img_end,3553901840
1746465821.731553,img_start,3553904108
1746465821.736312,FB_FRAMES,123563
1746465821.736312,SYM_FRAMES,123023
1746465821.739093,TX_FRAMES,123023
1746465821.763612,ps_take,82747
1746465821.730662,ps_take_src,82747
1746465821.763269,img_end,3554098448
1746465821.764695,img_start,3554101553
1746465821.769769,FB_FRAMES,123564
1746465821.769769,SYM_FRAMES,123024
1746465821.772477,TX_FRAMES,123024
1746465821.796915,ps_take,82748
1746465821.763815,ps_take_src,82748
1746465821.796400,img_end,3554295056
1746465821.798115,img_start,3554297540
1746465821.802853,FB_FRAMES,123565
1746465821.802853,SYM_FRAMES,123025
1746465821.805613,TX_FRAMES,123025
1746465821.830187,ps_take,82749
1746465821.797113,ps_take_src,82749
1746465821.829843,img_end,3554491664
1746465821.831070,img_start,3554494769
1746465821.836310,FB_FRAMES,123566
1746465821.836310,SYM_FRAMES,123026
1746465821.839100,TX_FRAMES,123026
1746465821.862754,ps_take,82750
1746465821.830380,ps_take_src,82750
1746465821.863786,img_start,3554689596
1746465821.869236,SYM_FRAMES,123027
1746465821.869299,FB_FRAMES,123567
1746465821.872019,TX_FRAMES,123027
1746465821.895585,ps_take,82751
1746465821.862928,ps_take_src,82751
1746465821.895524,img_end,3554884880
1746465821.896628,img_start,3554885358
1746465821.902014,FB_FRAMES,123568
1746465821.902014,SYM_FRAMES,123028
1746465821.904785,TX_FRAMES,123028
1746465821.928369,img_end,3555081488
1746465821.930413,ps_take,82752
1746465821.895766,ps_take_src,82752
1746465821.931491,img_start,3555084593
1746465821.934832,SYM_FRAMES,123029
1746465821.934893,FB_FRAMES,123569
1746465821.937594,TX_FRAMES,123029
1746465821.963253,ps_take,82753
1746465821.930593,ps_take_src,82753
1746465821.963194,img_end,3555278096
1746465821.964837,img_start,3555281201
1746465821.969659,SYM_FRAMES,123030
1746465821.969720,FB_FRAMES,123570
1746465821.972413,TX_FRAMES,123030
1746465821.997037,ps_take,82754
1746465821.964156,ps_take_src,82754
1746465821.996526,img_end,3555474704
1746465821.998122,img_start,3555477809
1746465822.003004,FB_FRAMES,123571
1746465822.003004,SYM_FRAMES,123031
1746465822.005735,TX_FRAMES,123031
1746465822.030425,ps_take,82755
1746465821.997215,ps_take_src,82755
1746465822.029832,img_end,3555671312
1746465822.031510,img_start,3555674377
1746465822.036286,SYM_FRAMES,123032
1746465822.036350,FB_FRAMES,123572
1746465822.039068,TX_FRAMES,123032
1746465822.063606,ps_take,82756
1746465822.030643,ps_take_src,82756
1746465822.063264,img_end,3555867920
1746465822.064690,img_start,3555871025
1746465822.069724,FB_FRAMES,123573
1746465822.069724,SYM_FRAMES,123033
1746465822.072438,TX_FRAMES,123033
1746465822.096478,ps_take,82757
1746465822.063801,ps_take_src,82757
1746465822.102907,FB_FRAMES,123574
1746465822.102907,SYM_FRAMES,123034
1746465822.105642,TX_FRAMES,123034
1746465822.128982,ps_take,82758
1746465822.096674,ps_take_src,82758
1746465822.135507,SYM_FRAMES,123035
1746465822.135571,FB_FRAMES,123575
1746465822.138302,TX_FRAMES,123035
1746465822.162723,ps_take,82759
1746465822.129184,ps_take_src,82759
1746465822.161786,img_end,3556457744
1746465822.163802,img_start,3556460714
1746465822.168279,FB_FRAMES,123576
1746465822.168279,SYM_FRAMES,123036
1746465822.171013,TX_FRAMES,123036
1746465822.195579,ps_take,82760
1746465822.162924,ps_take_src,82760
1746465822.195518,img_end,3556654352
1746465822.198214,img_start,3556657457
1746465822.202009,FB_FRAMES,123577
1746465822.202009,SYM_FRAMES,123037
1746465822.204761,TX_FRAMES,123037
1746465822.230372,ps_take,82761
1746465822.195780,ps_take_src,82761
1746465822.229916,img_end,3556850960
1746465822.231249,img_start,3556853442
1746465822.236370,SYM_FRAMES,123038
1746465822.236435,FB_FRAMES,123578
1746465822.239157,TX_FRAMES,123038
1746465822.263298,ps_take,82762
1746465822.230592,ps_take_src,82762
1746465822.262951,img_end,3557047568
1746465822.264819,img_start,3557050496
1746465822.269447,FB_FRAMES,123579
1746465822.269447,SYM_FRAMES,123039
1746465822.272220,TX_FRAMES,123039
1746465822.297038,ps_take,82763
1746465822.264161,ps_take_src,82763
1746465822.296533,img_end,3557244176
1746465822.298059,img_start,3557245780
1746465822.302992,SYM_FRAMES,123040
1746465822.303052,FB_FRAMES,123580
1746465822.305791,TX_FRAMES,123040
1746465822.330465,ps_take,82764
1746465822.297222,ps_take_src,82764
1746465822.329813,img_end,3557440784
1746465822.331542,img_start,3557443889
1746465822.336267,FB_FRAMES,123581
1746465822.336267,SYM_FRAMES,123041
1746465822.339060,TX_FRAMES,123041
1746465822.363616,ps_take,82765
1746465822.330672,ps_take_src,82765
1746465822.363273,img_end,3557637392
1746465822.364697,img_start,3557640260
1746465822.369716,FB_FRAMES,123582
1746465822.369716,SYM_FRAMES,123042
1746465822.372507,TX_FRAMES,123042
1746465822.396930,ps_take,82766
1746465822.363824,ps_take_src,82766
1746465822.396421,img_end,3557834000
1746465822.398116,img_start,3557837105
1746465822.402917,FB_FRAMES,123583
1746465822.402917,SYM_FRAMES,123043
1746465822.405638,TX_FRAMES,123043
1746465822.430167,ps_take,82767
1746465822.397094,ps_take_src,82767
1746465822.429823,img_end,3558030608
1746465822.431277,img_start,3558033713
1746465822.436317,FB_FRAMES,123584
1746465822.436317,SYM_FRAMES,123044
1746465822.439044,TX_FRAMES,123044
1746465822.463336,ps_take,82768
1746465822.430353,ps_take_src,82768
1746465822.462992,img_end,3558227216
1746465822.464591,img_start,3558229568
1746465822.469460,FB_FRAMES,123585
1746465822.469460,SYM_FRAMES,123045
1746465822.472173,TX_FRAMES,123045
1746465822.496764,ps_take,82769
1746465822.463518,ps_take_src,82769
1746465822.496312,img_end,3558423824
1746465822.497782,img_start,3558424280
1746465822.502810,FB_FRAMES,123586
1746465822.502810,SYM_FRAMES,123046
1746465822.505512,TX_FRAMES,123046
1746465822.530456,ps_take,82770
1746465822.496937,ps_take_src,82770
1746465822.529528,img_end,3558620432
1746465822.531590,img_start,3558623537
1746465822.536004,FB_FRAMES,123587
1746465822.536004,SYM_FRAMES,123047
1746465822.538788,TX_FRAMES,123047
1746465822.563390,ps_take,82771
1746465822.530665,ps_take_src,82771
1746465822.563273,img_end,3558817040
1746465822.565022,img_start,3558817079
1746465822.569788,FB_FRAMES,123588
1746465822.569788,SYM_FRAMES,123048
1746465822.572490,TX_FRAMES,123048
1746465822.597052,ps_take,82772
1746465822.564154,ps_take_src,82772
1746465822.596764,img_end,3559013648
1746465822.598085,img_start,3559013829
1746465822.603220,SYM_FRAMES,123049
1746465822.603284,FB_FRAMES,123589
1746465822.605985,TX_FRAMES,123049
1746465822.630339,ps_take,82773
1746465822.597218,ps_take_src,82773
1746465822.629828,img_end,3559210256
1746465822.631505,img_start,3559213361
1746465822.636294,FB_FRAMES,123590
1746465822.636294,SYM_FRAMES,123050
1746465822.639078,TX_FRAMES,123050
1746465822.663633,ps_take,82774
1746465822.630628,ps_take_src,82774
1746465822.663233,img_end,3559406864
1746465822.664673,img_start,3559409969
1746465822.669698,FB_FRAMES,123591
1746465822.669698,SYM_FRAMES,123051
1746465822.672455,TX_FRAMES,123051
1746465822.696930,ps_take,82775
1746465822.663798,ps_take_src,82775
1746465822.696413,img_end,3559603472
1746465822.698119,img_start,3559604533
1746465822.702841,SYM_FRAMES,123052
1746465822.702902,FB_FRAMES,123592
1746465822.705589,TX_FRAMES,123052
1746465822.730193,ps_take,82776
1746465822.697140,ps_take_src,82776
1746465822.729851,img_end,3559800080
1746465822.731238,img_start,3559800406
1746465822.736341,FB_FRAMES,123593
1746465822.736341,SYM_FRAMES,123053
1746465822.739084,TX_FRAMES,123053
1746465822.763316,ps_take,82777
1746465822.730384,ps_take_src,82777
1746465822.762974,img_end,3559996688
1746465822.764564,img_start,3559999793
1746465822.769487,FB_FRAMES,123594
1746465822.769487,SYM_FRAMES,123054
1746465822.772178,TX_FRAMES,123054
1746465822.796718,ps_take,82778
1746465822.763513,ps_take_src,82778
1746465822.796262,img_end,3560193296
1746465822.797795,img_start,3560196401
1746465822.802766,FB_FRAMES,123595
1746465822.802766,SYM_FRAMES,123055
1746465822.805490,TX_FRAMES,123055
1746465822.829637,ps_take,82779
1746465822.796920,ps_take_src,82779
1746465822.829520,img_end,3560389904
1746465822.831686,img_start,3560393009
1746465822.835979,FB_FRAMES,123596
1746465822.835979,SYM_FRAMES,123056
1746465822.838755,TX_FRAMES,123056
1746465822.863327,ps_take,82780
1746465822.830207,ps_take_src,82780
1746465822.863442,img_end,3560586512
1746465822.864599,img_start,3560589617
1746465822.869842,SYM_FRAMES,123057
1746465822.869906,FB_FRAMES,123597
1746465822.872622,TX_FRAMES,123057
1746465822.896485,ps_take,82781
1746465822.863513,ps_take_src,82781
1746465822.896312,img_end,3560783120
1746465822.897549,img_start,3560786225
1746465822.902800,FB_FRAMES,123598
1746465822.902800,SYM_FRAMES,123058
1746465822.905496,TX_FRAMES,123058
1746465822.929281,img_end,3560979728
1746465822.930490,ps_take,82782
1746465822.896655,ps_take_src,82782
1746465822.931559,img_start,3560982833
1746465822.935704,SYM_FRAMES,123059
1746465822.935792,FB_FRAMES,123599
1746465822.938483,TX_FRAMES,123059
1746465822.963636,ps_take,82783
1746465822.930677,ps_take_src,82783
1746465822.963237,img_end,3561176336
1746465822.964664,img_start,3561179441
1746465822.969718,FB_FRAMES,123600
1746465822.969718,SYM_FRAMES,123060
1746465822.972471,TX_FRAMES,123060
1746465822.996946,ps_take,82784
1746465822.963792,ps_take_src,82784
1746465822.996376,img_end,3561372944
1746465822.998138,img_start,3561376049
1746465823.002869,FB_FRAMES,123601
1746465823.002869,SYM_FRAMES,123061
1746465823.005637,TX_FRAMES,123061
1746465823.030169,ps_take,82785
1746465822.997121,ps_take_src,82785
1746465823.029830,img_end,3561569552
1746465823.031277,img_start,3561572657
1746465823.036319,FB_FRAMES,123602
1746465823.036319,SYM_FRAMES,123062
1746465823.039064,TX_FRAMES,123062
1746465823.063313,ps_take,82786
1746465823.030381,ps_take_src,82786
1746465823.062972,img_end,3561766160
1746465823.064560,img_start,3561768733
1746465823.069433,SYM_FRAMES,123063
1746465823.069495,FB_FRAMES,123603
1746465823.072206,TX_FRAMES,123063
1746465823.096769,ps_take,82787
1746465823.063502,ps_take_src,82787
1746465823.096317,img_end,3561962768
1746465823.097790,img_start,3561965873
1746465823.102768,FB_FRAMES,123604
1746465823.102768,SYM_FRAMES,123064
1746465823.105496,TX_FRAMES,123064
1746465823.130358,ps_take,82788
1746465823.096934,ps_take_src,82788
1746465823.129514,img_end,3562159376
1746465823.131507,img_start,3562161701
1746465823.135995,FB_FRAMES,123605
1746465823.135995,SYM_FRAMES,123065
1746465823.138717,TX_FRAMES,123065
1746465823.163397,ps_take,82789
1746465823.130652,ps_take_src,82789
1746465823.163223,img_end,3562355984
1746465823.164923,img_start,3562359089
1746465823.169700,FB_FRAMES,123606
1746465823.169700,SYM_FRAMES,123066
1746465823.172503,TX_FRAMES,123066
1746465823.197012,ps_take,82790
1746465823.163553,ps_take_src,82790
1746465823.196612,img_end,3562552592
1746465823.198041,img_start,3562552845
1746465823.203070,SYM_FRAMES,123067
1746465823.203131,FB_FRAMES,123607
1746465823.205876,TX_FRAMES,123067
1746465823.230374,ps_take,82791
1746465823.197202,ps_take_src,82791
1746465823.229807,img_end,3562749200
1746465823.231450,img_start,3562750639
1746465823.236282,FB_FRAMES,123608
1746465823.236282,SYM_FRAMES,123068
1746465823.239017,TX_FRAMES,123068
1746465823.263625,ps_take,82792
1746465823.230608,ps_take_src,82792
1746465823.263170,img_end,3562945808
1746465823.264647,img_start,3562948913
1746465823.269634,SYM_FRAMES,123069
1746465823.269695,FB_FRAMES,123609
1746465823.272447,TX_FRAMES,123069
1746465823.296864,ps_take,82793
1746465823.263784,ps_take_src,82793
1746465823.296355,img_end,3563142416
1746465823.297942,img_start,3563145521
1746465823.302858,FB_FRAMES,123610
1746465823.302858,SYM_FRAMES,123070
1746465823.305574,TX_FRAMES,123070
1746465823.330112,ps_take,82794
1746465823.297065,ps_take_src,82794
1746465823.329658,img_end,3563339024
1746465823.331155,img_start,3563341631
1746465823.336124,FB_FRAMES,123611
1746465823.336124,SYM_FRAMES,123071
1746465823.338925,TX_FRAMES,123071
1746465823.363299,ps_take,82795
1746465823.330294,ps_take_src,82795
1746465823.362900,img_end,3563535632
1746465823.364595,img_start,3563538737
1746465823.369383,FB_FRAMES,123612
1746465823.369383,SYM_FRAMES,123072
1746465823.372097,TX_FRAMES,123072
1746465823.396689,ps_take,82796
1746465823.363465,ps_take_src,82796
1746465823.396293,img_end,3563732240
1746465823.397711,img_start,3563735345
1746465823.402752,FB_FRAMES,123613
1746465823.402752,SYM_FRAMES,123073
1746465823.405499,TX_FRAMES,123073
1746465823.430213,ps_take,82797
1746465823.396858,ps_take_src,82797
1746465823.429422,img_end,3563928848
1746465823.431301,img_start,3563931953
1746465823.435881,FB_FRAMES,123614
1746465823.435881,SYM_FRAMES,123074
1746465823.438683,TX_FRAMES,123074
1746465823.463250,ps_take,82798
1746465823.430446,ps_take_src,82798
1746465823.463021,img_end,3564125456
1746465823.464887,img_start,3564128561
1746465823.469485,FB_FRAMES,123615
1746465823.469485,SYM_FRAMES,123075
1746465823.472275,TX_FRAMES,123075
1746465823.496685,ps_take,82799
1746465823.463898,ps_take_src,82799
1746465823.503068,FB_FRAMES,123616
1746465823.503068,SYM_FRAMES,123076
1746465823.505799,TX_FRAMES,123076
1746465823.529270,img_end,3564518672
1746465823.530425,ps_take,82800
1746465823.496880,ps_take_src,82800
1746465823.531432,img_start,3564519196
1746465823.535735,FB_FRAMES,123617
1746465823.535735,SYM_FRAMES,123077
1746465823.538487,TX_FRAMES,123077
1746465823.563635,ps_take,82801
1746465823.530591,ps_take_src,82801
1746465823.563173,img_end,3564715280
1746465823.564697,img_start,3564718385
1746465823.569663,FB_FRAMES,123618
1746465823.569663,SYM_FRAMES,123078
1746465823.572399,TX_FRAMES,123078
1746465823.596856,ps_take,82802
1746465823.563807,ps_take_src,82802
1746465823.596401,img_end,3564911888
1746465823.598102,img_start,3564914993
1746465823.602866,FB_FRAMES,123619
1746465823.602866,SYM_FRAMES,123079
1746465823.605636,TX_FRAMES,123079
1746465823.630231,ps_take,82803
1746465823.597065,ps_take_src,82803
1746465823.629834,img_end,3565108496
1746465823.631281,img_start,3565110895
1746465823.636300,FB_FRAMES,123620
1746465823.636300,SYM_FRAMES,123080
1746465823.639011,TX_FRAMES,123080
1746465823.663344,ps_take,82804
1746465823.630425,ps_take_src,82804
1746465823.663000,img_end,3565305104
1746465823.664596,img_start,3565308209
1746465823.669458,SYM_FRAMES,123081
1746465823.669519,FB_FRAMES,123621
1746465823.672246,TX_FRAMES,123081
1746465823.696736,ps_take,82805
1746465823.663517,ps_take_src,82805
1746465823.696284,img_end,3565501712
1746465823.697808,img_start,3565504817
1746465823.702784,FB_FRAMES,123622
1746465823.702784,SYM_FRAMES,123082
1746465823.705553,TX_FRAMES,123082
1746465823.730502,ps_take,82806
1746465823.696940,ps_take_src,82806
1746465823.729519,img_end,3565698320
1746465823.731568,img_start,3565701315
1746465823.735991,FB_FRAMES,123623
1746465823.735991,SYM_FRAMES,123083
1746465823.738758,TX_FRAMES,123083
1746465823.763309,ps_take,82807
1746465823.730680,ps_take_src,82807
1746465823.763309,img_end,3565894928
1746465823.764505,img_start,3565895802
1746465823.769779,FB_FRAMES,123624
1746465823.769779,SYM_FRAMES,123084
1746465823.772551,TX_FRAMES,123084
1746465823.796476,ps_take,82808
1746465823.763474,ps_take_src,82808
1746465823.796246,img_end,3566091536
1746465823.797505,img_start,3566092959
1746465823.802746,FB_FRAMES,123625
1746465823.802746,SYM_FRAMES,123085
1746465823.805481,TX_FRAMES,123085
1746465823.829256,img_end,3566288144
1746465823.830412,ps_take,82809
1746465823.796649,ps_take_src,82809
1746465823.831478,img_start,3566290588
1746465823.835724,FB_FRAMES,123626
1746465823.835724,SYM_FRAMES,123086
1746465823.838462,TX_FRAMES,123086
1746465823.863633,ps_take,82810
1746465823.830614,ps_take_src,82810
1746465823.863236,img_end,3566484752
1746465823.864679,img_start,3566487857
1746465823.869705,FB_FRAMES,123627
1746465823.869705,SYM_FRAMES,123087
1746465823.872420,TX_FRAMES,123087
1746465823.896919,ps_take,82811
1746465823.863801,ps_take_src,82811
1746465823.896411,img_end,3566681360
1746465823.898105,img_start,3566684465
1746465823.902861,FB_FRAMES,123628
1746465823.902861,SYM_FRAMES,123088
1746465823.905590,TX_FRAMES,123088
1746465823.930201,ps_take,82812
1746465823.897099,ps_take_src,82812
1746465823.929802,img_end,3566877968
1746465823.931251,img_start,3566881073
1746465823.936314,FB_FRAMES,123629
1746465823.936314,SYM_FRAMES,123089
1746465823.939060,TX_FRAMES,123089
1746465823.963369,ps_take,82813
1746465823.930362,ps_take_src,82813
1746465823.962966,img_end,3567074576
1746465823.964615,img_start,3567077681
1746465823.969453,FB_FRAMES,123630
1746465823.969453,SYM_FRAMES,123090
1746465823.972237,TX_FRAMES,123090
1746465823.996738,ps_take,82814
1746465823.963541,ps_take_src,82814
1746465823.996338,img_end,3567271184
1746465823.997760,img_start,3567271749
1746465824.002771,SYM_FRAMES,123091
1746465824.002832,FB_FRAMES,123631
1746465824.005565,TX_FRAMES,123091
1746465824.029498,img_end,3567467792
1746465824.030534,ps_take,82815
1746465823.996924,ps_take_src,82815
1746465824.031547,img_start,3567470184
1746465824.035972,FB_FRAMES,123632
1746465824.035972,SYM_FRAMES,123092
1746465824.038695,TX_FRAMES,123092
1746465824.063272,img_end,3567664400
1746465824.064738,ps_take,82816
1746465824.030698,ps_take_src,82816
1746465824.065752,img_start,3567665011
1746465824.069772,FB_FRAMES,123633
1746465824.069772,SYM_FRAMES,123093
1746465824.072531,TX_FRAMES,123093
1746465824.097553,ps_take,82817
1746465824.064900,ps_take_src,82817
1746465824.097492,img_end,3567861008
1746465824.098667,img_start,3567864113
1746465824.103999,FB_FRAMES,123634
1746465824.103999,SYM_FRAMES,123094
1746465824.106709,TX_FRAMES,123094
1746465824.130362,ps_take,82818
1746465824.097764,ps_take_src,82818
1746465824.130362,img_end,3568057616
1746465824.131484,img_start,3568058671
1746465824.136841,FB_FRAMES,123635
1746465824.136841,SYM_FRAMES,123095
1746465824.139556,TX_FRAMES,123095
1746465824.163615,ps_take,82819
1746465824.130632,ps_take_src,82819
1746465824.163214,img_end,3568254224
1746465824.164680,img_start,3568255752
1746465824.169717,FB_FRAMES,123636
1746465824.169717,SYM_FRAMES,123096
1746465824.172436,TX_FRAMES,123096
1746465824.196922,ps_take,82820
1746465824.163819,ps_take_src,82820
1746465824.196410,img_end,3568450832
1746465824.198113,img_start,3568453937
1746465824.202868,SYM_FRAMES,123097
1746465824.202931,FB_FRAMES,123637
1746465824.205613,TX_FRAMES,123097
1746465824.230187,ps_take,82821
1746465824.197115,ps_take_src,82821
1746465824.229848,img_end,3568647440
1746465824.231268,img_start,3568649039
1746465824.236291,FB_FRAMES,123638
1746465824.236291,SYM_FRAMES,123098
1746465824.239084,TX_FRAMES,123098
1746465824.263338,ps_take,82822
1746465824.230418,ps_take_src,82822
1746465824.262995,img_end,3568844048
1746465824.264536,img_start,3568844374
1746465824.269474,FB_FRAMES,123639
1746465824.269474,SYM_FRAMES,123099
1746465824.272210,TX_FRAMES,123099
1746465824.296729,ps_take,82823
1746465824.263524,ps_take_src,82823
1746465824.296276,img_end,3569040656
1746465824.297812,img_start,3569043761
1746465824.302785,FB_FRAMES,123640
1746465824.302785,SYM_FRAMES,123100
1746465824.305511,TX_FRAMES,123100
1746465824.330367,ps_take,82824
1746465824.296937,ps_take_src,82824
1746465824.329523,img_end,3569237264
1746465824.331467,img_start,3569240369
1746465824.336014,FB_FRAMES,123641
1746465824.336014,SYM_FRAMES,123101
1746465824.338737,TX_FRAMES,123101
1746465824.363375,ps_take,82825
1746465824.330578,ps_take_src,82825
1746465824.363202,img_end,3569433872
1746465824.364783,img_start,3569436313
1746465824.369645,FB_FRAMES,123642
1746465824.369645,SYM_FRAMES,123102
1746465824.372422,TX_FRAMES,123102
1746465824.396503,ps_take,82826
1746465824.364134,ps_take_src,82826
1746465824.397532,img_start,3569633262
1746465824.402994,FB_FRAMES,123643
1746465824.402994,SYM_FRAMES,123103
1746465824.405751,TX_FRAMES,123103
1746465824.429262,img_end,3569827088
1746465824.430389,ps_take,82827
1746465824.396665,ps_take_src,82827
1746465824.431478,img_start,3569830193
1746465824.435710,FB_FRAMES,123644
1746465824.435710,SYM_FRAMES,123104
1746465824.438443,TX_FRAMES,123104
1746465824.463619,ps_take,82828
1746465824.430601,ps_take_src,82828
1746465824.463220,img_end,3570023696
1746465824.464649,img_start,3570025358
1746465824.469682,FB_FRAMES,123645
1746465824.469682,SYM_FRAMES,123105
1746465824.472407,TX_FRAMES,123105
1746465824.496496,ps_take,82829
1746465824.463802,ps_take_src,82829
1746465824.496380,img_end,3570220304
1746465824.497577,img_start,3570223409
1746465824.502829,SYM_FRAMES,123106
1746465824.502892,FB_FRAMES,123646
1746465824.505645,TX_FRAMES,123106
1746465824.529594,ps_take,82830
1746465824.496705,ps_take_src,82830
1746465824.529308,img_end,3570416912
1746465824.530683,img_start,3570419549
1746465824.535732,SYM_FRAMES,123107
1746465824.535797,FB_FRAMES,123647
1746465824.538494,TX_FRAMES,123107
1746465824.562752,ps_take,82831
1746465824.529784,ps_take_src,82831
1746465824.562464,img_end,3570613520
1746465824.563835,img_start,3570616625
1746465824.568896,FB_FRAMES,123648
1746465824.568896,SYM_FRAMES,123108
1746465824.571657,TX_FRAMES,123108
1746465824.595646,ps_take,82832
1746465824.562956,ps_take_src,82832
1746465824.595529,img_end,3570810128
1746465824.598165,img_start,3570810909
1746465824.602017,FB_FRAMES,123649
1746465824.602017,SYM_FRAMES,123109
1746465824.604801,TX_FRAMES,123109
1746465824.630363,ps_take,82833
1746465824.597524,ps_take_src,82833
1746465824.629907,img_end,3571006736
1746465824.631528,img_start,3571009841
1746465824.636357,SYM_FRAMES,123110
1746465824.636419,FB_FRAMES,123650
1746465824.639096,TX_FRAMES,123110
1746465824.663328,ps_take,82834
1746465824.630641,ps_take_src,82834
1746465824.663209,img_end,3571203344
1746465824.664743,img_start,3571203803
1746465824.669692,FB_FRAMES,123651
1746465824.669692,SYM_FRAMES,123111
1746465824.672497,TX_FRAMES,123111
1746465824.696487,ps_take,82835
1746465824.664112,ps_take_src,82835
1746465824.697514,img_start,3571401889
1746465824.702986,FB_FRAMES,123652
1746465824.702986,SYM_FRAMES,123112
1746465824.705684,TX_FRAMES,123112
1746465824.729237,img_end,3571596560
1746465824.730457,ps_take,82836
1746465824.696662,ps_take_src,82836
1746465824.731524,img_start,3571599665
1746465824.735714,FB_FRAMES,123653
1746465824.735714,SYM_FRAMES,123113
1746465824.738500,TX_FRAMES,123113
1746465824.763564,ps_take,82837
1746465824.730641,ps_take_src,82837
1746465824.763222,img_end,3571793168
1746465824.764589,img_start,3571793485
1746465824.769695,FB_FRAMES,123654
1746465824.769695,SYM_FRAMES,123114
1746465824.772471,TX_FRAMES,123114
1746465824.796909,ps_take,82838
1746465824.763752,ps_take_src,82838
1746465824.796336,img_end,3571989776
1746465824.798097,img_start,3571990280
1746465824.802823,FB_FRAMES,123655
1746465824.802823,SYM_FRAMES,123115
1746465824.805580,TX_FRAMES,123115
1746465824.830226,ps_take,82839
1746465824.797111,ps_take_src,82839
1746465824.829829,img_end,3572186384
1746465824.831273,img_start,3572189489
1746465824.836327,FB_FRAMES,123656
1746465824.836327,SYM_FRAMES,123116
1746465824.839059,TX_FRAMES,123116
1746465824.863363,ps_take,82840
1746465824.830383,ps_take_src,82840
1746465824.862963,img_end,3572382992
1746465824.864551,img_start,3572383788
1746465824.869481,FB_FRAMES,123657
1746465824.869481,SYM_FRAMES,123117
1746465824.872193,TX_FRAMES,123117
1746465824.896805,ps_take,82841
1746465824.863527,ps_take_src,82841
1746465824.896295,img_end,3572579600
1746465824.897822,img_start,3572581207
1746465824.902761,FB_FRAMES,123658
1746465824.902761,SYM_FRAMES,123118
1746465824.905561,TX_FRAMES,123118
1746465824.930439,ps_take,82842
1746465824.896967,ps_take_src,82842
1746465824.929572,img_end,3572776208
1746465824.931455,img_start,3572777139
1746465824.936060,FB_FRAMES,123659
1746465824.936060,SYM_FRAMES,123119
1746465824.938790,TX_FRAMES,123119
1746465824.963413,ps_take,82843
1746465824.930607,ps_take_src,82843
1746465824.963183,img_end,3572972816
1746465824.964438,img_start,3572975128
1746465824.969657,FB_FRAMES,123660
1746465824.969657,SYM_FRAMES,123120
1746465824.972412,TX_FRAMES,123120
1746465824.996460,ps_take,82844
1746465824.963592,ps_take_src,82844
1746465824.996175,img_end,3573169424
1746465824.997548,img_start,3573172529
1746465825.002631,FB_FRAMES,123661
1746465825.002631,SYM_FRAMES,123121
1746465825.005427,TX_FRAMES,123121
1746465825.029272,img_end,3573366032
1746465825.030347,ps_take,82845
1746465824.996632,ps_take_src,82845
1746465825.031550,img_start,3573369137
1746465825.035730,FB_FRAMES,123662
1746465825.035730,SYM_FRAMES,123122
1746465825.038482,TX_FRAMES,123122
1746465825.063663,ps_take,82846
1746465825.030665,ps_take_src,82846
1746465825.063266,img_end,3573562640
1746465825.064688,img_start,3573565745
1746465825.069730,FB_FRAMES,123663
1746465825.069730,SYM_FRAMES,123123
1746465825.072473,TX_FRAMES,123123
1746465825.096929,ps_take,82847
1746465825.063818,ps_take_src,82847
1746465825.096365,img_end,3573759248
1746465825.098110,img_start,3573762353
1746465825.102885,FB_FRAMES,123664
1746465825.102885,SYM_FRAMES,123124
1746465825.105651,TX_FRAMES,123124
1746465825.130177,ps_take,82848
1746465825.097107,ps_take_src,82848
1746465825.129836,img_end,3573955856
1746465825.131222,img_start,3573956023
1746465825.136291,FB_FRAMES,123665
1746465825.136291,SYM_FRAMES,123125
1746465825.139088,TX_FRAMES,123125
1746465825.163357,ps_take,82849
1746465825.130362,ps_take_src,82849
1746465825.162958,img_end,3574152464
1746465825.164549,img_start,3574154643
1746465825.169457,FB_FRAMES,123666
1746465825.169457,SYM_FRAMES,123126
1746465825.172188,TX_FRAMES,123126
1746465825.196216,ps_take,82850
1746465825.163532,ps_take_src,82850
1746465825.202773,FB_FRAMES,123667
1746465825.202773,SYM_FRAMES,123127
1746465825.205542,TX_FRAMES,123127
1746465825.229031,ps_take,82851
1746465825.196372,ps_take_src,82851
1746465825.228971,img_end,3574545680
1746465825.231083,img_start,3574548785
1746465825.235438,FB_FRAMES,123668
1746465825.235438,SYM_FRAMES,123128
1746465825.238177,TX_FRAMES,123128
1746465825.262797,ps_take,82852
1746465825.230217,ps_take_src,82852
1746465825.262797,img_end,3574742288
1746465825.264763,img_start,3574745393
1746465825.269259,FB_FRAMES,123669
1746465825.269259,SYM_FRAMES,123129
1746465825.272048,TX_FRAMES,123129
1746465825.296432,ps_take,82853
1746465825.264104,ps_take_src,82853
1746465825.302982,FB_FRAMES,123670
1746465825.302982,SYM_FRAMES,123130
1746465825.305731,TX_FRAMES,123130
1746465825.329253,img_end,3575135504
1746465825.330464,ps_take,82854
1746465825.296640,ps_take_src,82854
1746465825.331523,img_start,3575138609
1746465825.335715,FB_FRAMES,123671
1746465825.335715,SYM_FRAMES,123131
1746465825.338502,TX_FRAMES,123131
1746465825.363603,ps_take,82855
1746465825.330647,ps_take_src,82855
1746465825.363261,img_end,3575332112
1746465825.364630,img_start,3575332226
1746465825.369733,FB_FRAMES,123672
1746465825.369733,SYM_FRAMES,123132
1746465825.372475,TX_FRAMES,123132
1746465825.396991,ps_take,82856
1746465825.363803,ps_take_src,82856
1746465825.396369,img_end,3575528720
1746465825.398185,img_start,3575531825
1746465825.402867,FB_FRAMES,123673
1746465825.402867,SYM_FRAMES,123133
1746465825.405596,TX_FRAMES,123133
1746465825.430184,ps_take,82857
1746465825.397174,ps_take_src,82857
1746465825.429897,img_end,3575725328
1746465825.431236,img_start,3575725740
1746465825.436388,FB_FRAMES,123674
1746465825.436388,SYM_FRAMES,123134
1746465825.439161,TX_FRAMES,123134
1746465825.463358,ps_take,82858
1746465825.430382,ps_take_src,82858
1746465825.463016,img_end,3575921936
1746465825.464611,img_start,3575925041
1746465825.469469,FB_FRAMES,123675
1746465825.469469,SYM_FRAMES,123135
1746465825.472213,TX_FRAMES,123135
1746465825.496751,ps_take,82859
1746465825.463528,ps_take_src,82859
1746465825.496297,img_end,3576118544
1746465825.497778,img_start,3576120262
1746465825.502774,FB_FRAMES,123676
1746465825.502774,SYM_FRAMES,123136
1746465825.505570,TX_FRAMES,123136
1746465825.530373,ps_take,82860
1746465825.496939,ps_take_src,82860
1746465825.529526,img_end,3576315152
1746465825.531523,img_start,3576317794
1746465825.536015,FB_FRAMES,123677
1746465825.536015,SYM_FRAMES,123137
1746465825.538750,TX_FRAMES,123137
1746465825.563413,ps_take,82861
1746465825.530646,ps_take_src,82861
1746465825.563239,img_end,3576511760
1746465825.564495,img_start,3576514865
1746465825.569713,FB_FRAMES,123678
1746465825.569713,SYM_FRAMES,123138
1746465825.572448,TX_FRAMES,123138
1746465825.596428,ps_take,82862
1746465825.563621,ps_take_src,82862
1746465825.596199,img_end,3576708368
1746465825.597513,img_start,3576710827
1746465825.602696,FB_FRAMES,123679
1746465825.602696,SYM_FRAMES,123139
1746465825.605399,TX_FRAMES,123139
1746465825.629251,img_end,3576904976
1746465825.630475,ps_take,82863
1746465825.596633,ps_take_src,82863
1746465825.631544,img_start,3576908081
1746465825.635742,FB_FRAMES,123680
1746465825.635742,SYM_FRAMES,123140
1746465825.638505,TX_FRAMES,123140
1746465825.663632,ps_take,82864
1746465825.630667,ps_take_src,82864
1746465825.663234,img_end,3577101584
1746465825.664652,img_start,3577103773
1746465825.669698,SYM_FRAMES,123141
1746465825.669759,FB_FRAMES,123681
1746465825.672453,TX_FRAMES,123141
1746465825.696877,ps_take,82865
1746465825.663817,ps_take_src,82865
1746465825.696365,img_end,3577298192
1746465825.697731,img_start,3577298718
1746465825.702858,FB_FRAMES,123682
1746465825.702858,SYM_FRAMES,123142
1746465825.705606,TX_FRAMES,123142
1746465825.729616,ps_take,82866
1746465825.697090,ps_take_src,82866
1746465825.729498,img_end,3577494800
1746465825.730724,img_start,3577497905
1746465825.735954,FB_FRAMES,123683
1746465825.735954,SYM_FRAMES,123143
1746465825.738733,TX_FRAMES,123143
1746465825.762770,ps_take,82867
1746465825.729805,ps_take_src,82867
1746465825.762389,img_end,3577691408
1746465825.763798,img_start,3577692254
1746465825.768903,FB_FRAMES,123684
1746465825.768903,SYM_FRAMES,123144
1746465825.771663,TX_FRAMES,123144
1746465825.795525,img_end,3577888016
1746465825.797042,ps_take,82868
1746465825.762951,ps_take_src,82868
1746465825.798114,img_start,3577891121
1746465825.802030,FB_FRAMES,123685
1746465825.802030,SYM_FRAMES,123145
1746465825.804792,TX_FRAMES,123145
1746465825.830495,ps_take,82869
1746465825.797231,ps_take_src,82869
1746465825.829820,img_end,3578084624
1746465825.831573,img_start,3578087729
1746465825.836289,FB_FRAMES,123686
1746465825.836289,SYM_FRAMES,123146
1746465825.839024,TX_FRAMES,123146
1746465825.863443,ps_take,82870
1746465825.830677,ps_take_src,82870
1746465825.863270,img_end,3578281232
1746465825.864444,img_start,3578282280
1746465825.869727,SYM_FRAMES,123147
1746465825.869791,FB_FRAMES,123687
1746465825.872504,TX_FRAMES,123147
1746465825.896438,ps_take,82871
1746465825.863596,ps_take_src,82871
1746465825.896207,img_end,3578477840
1746465825.897529,img_start,3578480945
1746465825.902675,FB_FRAMES,123688
1746465825.902675,SYM_FRAMES,123148
1746465825.905381,TX_FRAMES,123148
1746465825.929256,img_end,3578674448
1746465825.930335,ps_take,82872
1746465825.896621,ps_take_src,82872
1746465825.931541,img_start,3578677553
1746465825.935678,SYM_FRAMES,123149
1746465825.935738,FB_FRAMES,123689
1746465825.938479,TX_FRAMES,123149
1746465825.963671,ps_take,82873
1746465825.930646,ps_take_src,82873
1746465825.963216,img_end,3578871056
1746465825.964699,img_start,3578872405
1746465825.969708,FB_FRAMES,123690
1746465825.969708,SYM_FRAMES,123150
1746465825.972425,TX_FRAMES,123150
1746465825.996933,ps_take,82874
1746465825.963852,ps_take_src,82874
1746465825.996423,img_end,3579067664
1746465825.998125,img_start,3579070769
1746465826.002926,FB_FRAMES,123691
1746465826.002926,SYM_FRAMES,123151
1746465826.005657,TX_FRAMES,123151
1746465826.030179,ps_take,82875
1746465825.997117,ps_take_src,82875
1746465826.029835,img_end,3579264272
1746465826.031231,img_start,3579265054
1746465826.036291,SYM_FRAMES,123152
1746465826.036352,FB_FRAMES,123692
1746465826.039105,TX_FRAMES,123152
1746465826.063380,ps_take,82876
1746465826.030367,ps_take_src,82876
1746465826.062981,img_end,3579460880
1746465826.064574,img_start,3579463985
1746465826.069457,FB_FRAMES,123693
1746465826.069457,SYM_FRAMES,123153
1746465826.072183,TX_FRAMES,123153
1746465826.096735,ps_take,82877
1746465826.063553,ps_take_src,82877
1746465826.096279,img_end,3579657488
1746465826.098505,img_start,3579658533
1746465826.102733,SYM_FRAMES,123154
1746465826.102797,FB_FRAMES,123694
1746465826.105535,TX_FRAMES,123154
1746465826.130363,ps_take,82878
1746465826.097449,ps_take_src,82878
1746465826.130246,img_end,3579854096
1746465826.131478,img_start,3579854240
1746465826.136704,FB_FRAMES,123695
1746465826.136704,SYM_FRAMES,123155
1746465826.139491,TX_FRAMES,123155
1746465826.163354,ps_take,82879
1746465826.130648,ps_take_src,82879
1746465826.163237,img_end,3580050704
1746465826.164768,img_start,3580050797
1746465826.169697,FB_FRAMES,123696
1746465826.169697,SYM_FRAMES,123156
1746465826.172442,TX_FRAMES,123156
1746465826.196459,ps_take,82880
1746465826.164143,ps_take_src,82880
1746465826.202975,SYM_FRAMES,123157
1746465826.203037,FB_FRAMES,123697
1746465826.205761,TX_FRAMES,123157
1746465826.229258,img_end,3580443920
1746465826.230471,ps_take,82881
1746465826.196663,ps_take_src,82881
1746465826.231531,img_start,3580447025
1746465826.235709,FB_FRAMES,123698
1746465826.235709,SYM_FRAMES,123158
1746465826.238497,TX_FRAMES,123158
1746465826.263618,ps_take,82882
1746465826.230646,ps_take_src,82882
1746465826.263276,img_end,3580640528
1746465826.264703,img_start,3580643633
1746465826.269699,SYM_FRAMES,123159
1746465826.269759,FB_FRAMES,123699
1746465826.272476,TX_FRAMES,123159
1746465826.296963,ps_take,82883
1746465826.263815,ps_take_src,82883
1746465826.296396,img_end,3580837136
1746465826.298152,img_start,3580840241
1746465826.302855,SYM_FRAMES,123160
1746465826.302919,FB_FRAMES,123700
1746465826.305670,TX_FRAMES,123160
1746465826.330185,ps_take,82884
1746465826.297134,ps_take_src,82884
1746465826.329844,img_end,3581033744
1746465826.331206,img_start,3581033970
1746465826.336304,SYM_FRAMES,123161
1746465826.336367,FB_FRAMES,123701
1746465826.339074,TX_FRAMES,123161
1746465826.363328,ps_take,82885
1746465826.330365,ps_take_src,82885
1746465826.362987,img_end,3581230352
1746465826.364575,img_start,3581233457
1746465826.369406,SYM_FRAMES,123162
1746465826.369467,FB_FRAMES,123702
1746465826.372187,TX_FRAMES,123162
1746465826.396744,ps_take,82886
1746465826.363541,ps_take_src,82886
1746465826.396293,img_end,3581426960
1746465826.397767,img_start,3581427191
1746465826.402773,FB_FRAMES,123703
1746465826.402773,SYM_FRAMES,123163
1746465826.405516,TX_FRAMES,123163
1746465826.430372,ps_take,82887
1746465826.396928,ps_take_src,82887
1746465826.429524,img_end,3581623568
1746465826.431525,img_start,3581624105
1746465826.435982,FB_FRAMES,123704
1746465826.435982,SYM_FRAMES,123164
1746465826.438748,TX_FRAMES,123164
1746465826.463427,ps_take,82888
1746465826.430688,ps_take_src,82888
1746465826.463254,img_end,3581820176
1746465826.464952,img_start,3581821795
1746465826.469760,FB_FRAMES,123705
1746465826.469760,SYM_FRAMES,123165
1746465826.472491,TX_FRAMES,123165
1746465826.497048,ps_take,82889
1746465826.463582,ps_take_src,82889
1746465826.496707,img_end,3582016784
1746465826.498101,img_start,3582017317
1746465826.503168,FB_FRAMES,123706
1746465826.503168,SYM_FRAMES,123166
1746465826.505883,TX_FRAMES,123166
1746465826.530364,ps_take,82890
1746465826.497247,ps_take_src,82890
1746465826.529853,img_end,3582213392
1746465826.531525,img_start,3582216497
1746465826.536337,FB_FRAMES,123707
1746465826.536337,SYM_FRAMES,123167
1746465826.539041,TX_FRAMES,123167
1746465826.563632,ps_take,82891
1746465826.530641,ps_take_src,82891
1746465826.563235,img_end,3582410000
1746465826.564714,img_start,3582413105
1746465826.569716,FB_FRAMES,123708
1746465826.569716,SYM_FRAMES,123168
1746465826.572439,TX_FRAMES,123168
1746465826.596934,ps_take,82892
1746465826.563827,ps_take_src,82892
1746465826.596420,img_end,3582606608
1746465826.598130,img_start,3582608422
1746465826.602909,FB_FRAMES,123709
1746465826.602909,SYM_FRAMES,123169
1746465826.605606,TX_FRAMES,123169
1746465826.630210,ps_take,82893
1746465826.597143,ps_take_src,82893
1746465826.629869,img_end,3582803216
1746465826.631292,img_start,3582806321
1746465826.636338,FB_FRAMES,123710
1746465826.636338,SYM_FRAMES,123170
1746465826.639069,TX_FRAMES,123170
1746465826.663342,ps_take,82894
1746465826.630388,ps_take_src,82894
1746465826.662999,img_end,3582999824
1746465826.664590,img_start,3583002929
1746465826.669442,SYM_FRAMES,123171
1746465826.669503,FB_FRAMES,123711
1746465826.672236,TX_FRAMES,123171
1746465826.696771,ps_take,82895
1746465826.663518,ps_take_src,82895
1746465826.696317,img_end,3583196432
1746465826.697795,img_start,3583196853
1746465826.702750,SYM_FRAMES,123172
1746465826.702812,FB_FRAMES,123712
1746465826.705555,TX_FRAMES,123172
1746465826.730534,ps_take,82896
1746465826.696949,ps_take_src,82896
1746465826.729547,img_end,3583393040
1746465826.731605,img_start,3583396145
1746465826.736029,FB_FRAMES,123713
1746465826.736029,SYM_FRAMES,123173
1746465826.738727,TX_FRAMES,123173
1746465826.763328,img_end,3583589648
1746465826.764686,ps_take,82897
1746465826.730726,ps_take_src,82897
1746465826.765749,img_start,3583592753
1746465826.769797,FB_FRAMES,123714
1746465826.769797,SYM_FRAMES,123174
1746465826.772507,TX_FRAMES,123174
1746465826.797632,ps_take,82898
1746465826.764881,ps_take_src,82898
1746465826.797459,img_end,3583786256
1746465826.798686,img_start,3583787644
1746465826.803926,FB_FRAMES,123715
1746465826.803926,SYM_FRAMES,123175
1746465826.806680,TX_FRAMES,123175
1746465826.830374,ps_take,82899
1746465826.797835,ps_take_src,82899
1746465826.831583,img_start,3583985969
1746465826.836874,SYM_FRAMES,123176
1746465826.836935,FB_FRAMES,123716
1746465826.839612,TX_FRAMES,123176
1746465826.863612,ps_take,82900
1746465826.830702,ps_take_src,82900
1746465826.863267,img_end,3584179472
1746465826.864639,img_start,3584180795
1746465826.869782,FB_FRAMES,123717
1746465826.869782,SYM_FRAMES,123177
1746465826.872515,TX_FRAMES,123177
1746465826.896949,ps_take,82901
1746465826.863795,ps_take_src,82901
1746465826.896382,img_end,3584376080
1746465826.898142,img_start,3584378649
1746465826.902827,SYM_FRAMES,123178
1746465826.902888,FB_FRAMES,123718
1746465826.905634,TX_FRAMES,123178
1746465826.930168,ps_take,82902
1746465826.897136,ps_take_src,82902
1746465826.929880,img_end,3584572688
1746465826.931220,img_start,3584573594
1746465826.936318,SYM_FRAMES,123179
1746465826.936383,FB_FRAMES,123719
1746465826.939059,TX_FRAMES,123179
1746465826.963350,ps_take,82903
1746465826.930362,ps_take_src,82903
1746465826.962950,img_end,3584769296
1746465826.964543,img_start,3584770395
1746465826.969417,SYM_FRAMES,123180
1746465826.969478,FB_FRAMES,123720
1746465826.972172,TX_FRAMES,123180
1746465826.996782,ps_take,82904
1746465826.963525,ps_take_src,82904
1746465826.996272,img_end,3584965904
1746465826.997801,img_start,3584968915
1746465827.002735,SYM_FRAMES,123181
1746465827.002796,FB_FRAMES,123721
1746465827.005543,TX_FRAMES,123181
1746465827.030341,ps_take,82905
1746465826.996948,ps_take_src,82905
1746465827.029549,img_end,3585162512
1746465827.031498,img_start,3585164447
1746465827.035998,FB_FRAMES,123722
1746465827.035998,SYM_FRAMES,123182
1746465827.038729,TX_FRAMES,123182
1746465827.063386,ps_take,82906
1746465827.030639,ps_take_src,82906
1746465827.063213,img_end,3585359120
1746465827.064792,img_start,3585362225
1746465827.069719,FB_FRAMES,123723
1746465827.069719,SYM_FRAMES,123183
1746465827.072420,TX_FRAMES,123183
1746465827.096480,ps_take,82907
1746465827.064137,ps_take_src,82907
1746465827.102993,FB_FRAMES,123724
1746465827.102993,SYM_FRAMES,123184
1746465827.105742,TX_FRAMES,123184
1746465827.129270,img_end,3585752336
1746465827.130491,ps_take,82908
1746465827.096642,ps_take_src,82908
1746465827.131504,img_start,3585755124
1746465827.135702,SYM_FRAMES,123185
1746465827.135763,FB_FRAMES,123725
1746465827.138460,TX_FRAMES,123185
1746465827.163590,ps_take,82909
1746465827.130648,ps_take_src,82909
1746465827.163249,img_end,3585948944
1746465827.164669,img_start,3585952049
1746465827.169699,FB_FRAMES,123726
1746465827.169699,SYM_FRAMES,123186
1746465827.172469,TX_FRAMES,123186
1746465827.196912,ps_take,82910
1746465827.163798,ps_take_src,82910
1746465827.196401,img_end,3586145552
1746465827.197930,img_start,3586147638
1746465827.202871,FB_FRAMES,123727
1746465827.202871,SYM_FRAMES,123187
1746465827.205647,TX_FRAMES,123187
1746465827.229631,ps_take,82911
1746465827.197077,ps_take_src,82911
1746465827.236162,FB_FRAMES,123728
1746465827.236162,SYM_FRAMES,123188
1746465827.238924,TX_FRAMES,123188
1746465827.262745,ps_take,82912
1746465827.229798,ps_take_src,82912
1746465827.262456,img_end,3586538768
1746465827.263804,img_start,3586538901
1746465827.268907,FB_FRAMES,123729
1746465827.268907,SYM_FRAMES,123189
1746465827.271629,TX_FRAMES,123189
1746465827.295598,ps_take,82913
1746465827.262946,ps_take_src,82913
1746465827.302008,SYM_FRAMES,123190
1746465827.302070,FB_FRAMES,123730
1746465827.304815,TX_FRAMES,123190
1746465827.328218,img_end,3586931984
1746465827.330430,ps_take,82914
1746465827.295754,ps_take_src,82914
1746465827.331442,img_start,3586934444
1746465827.334659,SYM_FRAMES,123191
1746465827.334723,FB_FRAMES,123731
1746465827.337473,TX_FRAMES,123191
1746465827.363296,ps_take,82915
1746465827.330579,ps_take_src,82915
1746465827.363178,img_end,3587128592
1746465827.364811,img_start,3587130208
1746465827.369620,SYM_FRAMES,123192
1746465827.369681,FB_FRAMES,123732
1746465827.372357,TX_FRAMES,123192
1746465827.397047,ps_take,82916
1746465827.364167,ps_take_src,82916
1746465827.396538,img_end,3587325200
1746465827.398069,img_start,3587326917
1746465827.403012,FB_FRAMES,123733
1746465827.403012,SYM_FRAMES,123193
1746465827.405799,TX_FRAMES,123193
1746465827.430308,ps_take,82917
1746465827.397221,ps_take_src,82917
1746465827.429796,img_end,3587521808
1746465827.431469,img_start,3587522263
1746465827.436289,FB_FRAMES,123734
1746465827.436289,SYM_FRAMES,123194
1746465827.439025,TX_FRAMES,123194
1746465827.463593,ps_take,82918
1746465827.430612,ps_take_src,82918
1746465827.463195,img_end,3587718416
1746465827.464672,img_start,3587721521
1746465827.469687,FB_FRAMES,123735
1746465827.469687,SYM_FRAMES,123195
1746465827.472470,TX_FRAMES,123195
1746465827.496942,ps_take,82919
1746465827.463799,ps_take_src,82919
1746465827.496373,img_end,3587915024
1746465827.498159,img_start,3587918129
1746465827.502850,FB_FRAMES,123736
1746465827.502850,SYM_FRAMES,123196
1746465827.505599,TX_FRAMES,123196
1746465827.530524,ps_take,82920
1746465827.497148,ps_take_src,82920
1746465827.529882,img_end,3588111632
1746465827.531596,img_start,3588112015
1746465827.536343,FB_FRAMES,123737
1746465827.536343,SYM_FRAMES,123197
1746465827.539077,TX_FRAMES,123197
1746465827.563339,ps_take,82921
1746465827.530772,ps_take_src,82921
1746465827.563339,img_end,3588308240
1746465827.564531,img_start,3588309287
1746465827.569796,SYM_FRAMES,123198
1746465827.569895,FB_FRAMES,123738
1746465827.572614,TX_FRAMES,123198
1746465827.596714,ps_take,82922
1746465827.563537,ps_take_src,82922
1746465827.596258,img_end,3588504848
1746465827.597795,img_start,3588507953
1746465827.602773,FB_FRAMES,123739
1746465827.602773,SYM_FRAMES,123199
1746465827.605543,TX_FRAMES,123199
1746465827.630513,ps_take,82923
1746465827.596925,ps_take_src,82923
1746465827.629532,img_end,3588701456
1746465827.631582,img_start,3588704561
1746465827.635980,FB_FRAMES,123740
1746465827.635980,SYM_FRAMES,123200
1746465827.638786,TX_FRAMES,123200
1746465827.663280,img_end,3588898064
1746465827.664745,ps_take,82924
1746465827.630709,ps_take_src,82924
1746465827.665755,img_start,3588900162
1746465827.669764,FB_FRAMES,123741
1746465827.669764,SYM_FRAMES,123201
1746465827.672528,TX_FRAMES,123201
1746465827.697599,ps_take,82925
1746465827.664900,ps_take_src,82925
1746465827.697484,img_end,3589094672
1746465827.698697,img_start,3589097777
1746465827.703976,FB_FRAMES,123742
1746465827.703976,SYM_FRAMES,123202
1746465827.706694,TX_FRAMES,123202
1746465827.730531,ps_take,82926
1746465827.697796,ps_take_src,82926
1746465827.730389,img_end,3589291280
1746465827.731555,img_start,3589293748
1746465827.736848,SYM_FRAMES,123203
1746465827.736912,FB_FRAMES,123743
1746465827.739601,TX_FRAMES,123203
1746465827.763661,ps_take,82927
1746465827.730693,ps_take_src,82927
1746465827.763266,img_end,3589487888
1746465827.764680,img_start,3589489580
1746465827.769779,FB_FRAMES,123744
1746465827.769779,SYM_FRAMES,123204
1746465827.772528,TX_FRAMES,123204
1746465827.796872,ps_take,82928
1746465827.763838,ps_take_src,82928
1746465827.796418,img_end,3589684496
1746465827.797950,img_start,3589687601
1746465827.802866,SYM_FRAMES,123205
1746465827.802926,FB_FRAMES,123745
1746465827.805655,TX_FRAMES,123205
1746465827.829620,ps_take,82929
1746465827.797071,ps_take_src,82929
1746465827.836165,FB_FRAMES,123746
1746465827.836165,SYM_FRAMES,123206
1746465827.838895,TX_FRAMES,123206
1746465827.862752,ps_take,82930
1746465827.829813,ps_take_src,82930
1746465827.862465,img_end,3590077712
1746465827.863832,img_start,3590080817
1746465827.868880,SYM_FRAMES,123207
1746465827.868944,FB_FRAMES,123747
1746465827.871620,TX_FRAMES,123207
1746465827.895548,ps_take,82931
1746465827.862938,ps_take_src,82931
1746465827.895548,img_end,3590274320
1746465827.898095,img_start,3590276084
1746465827.901987,SYM_FRAMES,123208
1746465827.902047,FB_FRAMES,123748
1746465827.904800,TX_FRAMES,123208
1746465827.930416,ps_take,82932
1746465827.895749,ps_take_src,82932
1746465827.929825,img_end,3590470928
1746465827.931497,img_start,3590472312
1746465827.936293,FB_FRAMES,123749
1746465827.936293,SYM_FRAMES,123209
1746465827.939081,TX_FRAMES,123209
1746465827.963395,ps_take,82933
1746465827.930650,ps_take_src,82933
1746465827.964242,img_start,3590668024
1746465827.969738,FB_FRAMES,123750
1746465827.969738,SYM_FRAMES,123210
1746465827.972442,TX_FRAMES,123210
1746465827.996479,ps_take,82934
1746465827.963612,ps_take_src,82934
1746465827.996023,img_end,3590864144
1746465827.997550,img_start,3590867249
1746465828.002470,FB_FRAMES,123751
1746465828.002470,SYM_FRAMES,123211
1746465828.005219,TX_FRAMES,123211
1746465828.029268,img_end,3591060752
1746465828.030485,ps_take,82935
1746465827.996663,ps_take_src,82935
1746465828.031546,img_start,3591063857
1746465828.035729,FB_FRAMES,123752
1746465828.035729,SYM_FRAMES,123212
1746465828.038522,TX_FRAMES,123212
1746465828.063522,ps_take,82936
1746465828.030674,ps_take_src,82936
1746465828.063293,img_end,3591257360
1746465828.064548,img_start,3591260465
1746465828.069762,FB_FRAMES,123753
1746465828.069762,SYM_FRAMES,123213
1746465828.072536,TX_FRAMES,123213
1746465828.096899,ps_take,82937
1746465828.063687,ps_take_src,82937
1746465828.096276,img_end,3591453968
1746465828.098145,img_start,3591456956
1746465828.102730,FB_FRAMES,123754
1746465828.102730,SYM_FRAMES,123214
1746465828.105513,TX_FRAMES,123214
1746465828.130177,ps_take,82938
1746465828.097116,ps_take_src,82938
1746465828.129894,img_end,3591650576
1746465828.131226,img_start,3591651434
1746465828.136316,SYM_FRAMES,123215
1746465828.136380,FB_FRAMES,123755
1746465828.139063,TX_FRAMES,123215
1746465828.163359,ps_take,82939
1746465828.130377,ps_take_src,82939
1746465828.162960,img_end,3591847184
1746465828.164612,img_start,3591850289
1746465828.169430,FB_FRAMES,123756
1746465828.169430,SYM_FRAMES,123216
1746465828.172228,TX_FRAMES,123216
1746465828.196751,ps_take,82940
1746465828.163528,ps_take_src,82940
1746465828.196352,img_end,3592043792
1746465828.197806,img_start,3592046777
1746465828.202813,FB_FRAMES,123757
1746465828.202813,SYM_FRAMES,123217
1746465828.205597,TX_FRAMES,123217
1746465828.230473,ps_take,82941
1746465828.196941,ps_take_src,82941
1746465828.229548,img_end,3592240400
1746465828.231543,img_start,3592241650
1746465828.236030,FB_FRAMES,123758
1746465828.236030,SYM_FRAMES,123218
1746465828.238773,TX_FRAMES,123218
1746465828.263393,ps_take,82942
1746465828.230675,ps_take_src,82942
1746465828.263275,img_end,3592437008
1746465828.264424,img_start,3592438154
1746465828.269742,FB_FRAMES,123759
1746465828.269742,SYM_FRAMES,123219
1746465828.272489,TX_FRAMES,123219
1746465828.296468,ps_take,82943
1746465828.263594,ps_take_src,82943
1746465828.296181,img_end,3592633616
1746465828.297551,img_start,3592636721
1746465828.302624,FB_FRAMES,123760
1746465828.302624,SYM_FRAMES,123220
1746465828.305378,TX_FRAMES,123220
1746465828.329243,img_end,3592830224
1746465828.330570,ps_take,82944
1746465828.296652,ps_take_src,82944
1746465828.331579,img_start,3592831869
1746465828.335718,FB_FRAMES,123761
1746465828.335718,SYM_FRAMES,123221
1746465828.338469,TX_FRAMES,123221
1746465828.363503,ps_take,82945
1746465828.330732,ps_take_src,82945
1746465828.363329,img_end,3593026832
1746465828.364590,img_start,3593029937
1746465828.369796,FB_FRAMES,123762
1746465828.369796,SYM_FRAMES,123222
1746465828.372520,TX_FRAMES,123222
1746465828.396923,ps_take,82946
1746465828.363694,ps_take_src,82946
1746465828.396299,img_end,3593223440
1746465828.398114,img_start,3593226545
1746465828.402755,SYM_FRAMES,123223
1746465828.402817,FB_FRAMES,123763
1746465828.405569,TX_FRAMES,123223
1746465828.430212,ps_take,82947
1746465828.397099,ps_take_src,82947
1746465828.429813,img_end,3593420048
1746465828.431232,img_start,3593420380
1746465828.436271,SYM_FRAMES,123224
1746465828.436332,FB_FRAMES,123764
1746465828.439061,TX_FRAMES,123224
1746465828.463373,ps_take,82948
1746465828.430380,ps_take_src,82948
1746465828.462972,img_end,3593616656
1746465828.464563,img_start,3593619252
1746465828.469481,FB_FRAMES,123765
1746465828.469481,SYM_FRAMES,123225
1746465828.472225,TX_FRAMES,123225
1746465828.496788,ps_take,82949
1746465828.463552,ps_take_src,82949
1746465828.496278,img_end,3593813264
1746465828.498188,img_start,3593813745
1746465828.502743,FB_FRAMES,123766
1746465828.502743,SYM_FRAMES,123226
1746465828.505510,TX_FRAMES,123226
1746465828.530345,ps_take,82950
1746465828.496966,ps_take_src,82950
1746465828.529946,img_end,3594009872
1746465828.531510,img_start,3594011625
1746465828.536430,FB_FRAMES,123767
1746465828.536430,SYM_FRAMES,123227
1746465828.539182,TX_FRAMES,123227
1746465828.563454,ps_take,82951
1746465828.530653,ps_take_src,82951
1746465828.563224,img_end,3594206480
1746465828.564484,img_start,3594209585
1746465828.569721,FB_FRAMES,123768
1746465828.569721,SYM_FRAMES,123228
1746465828.572489,TX_FRAMES,123228
1746465828.596473,ps_take,82952
1746465828.563609,ps_take_src,82952
1746465828.596183,img_end,3594403088
1746465828.597508,img_start,3594404883
1746465828.602684,FB_FRAMES,123769
1746465828.602684,SYM_FRAMES,123229
1746465828.605432,TX_FRAMES,123229
1746465828.629259,img_end,3594599696
1746465828.630337,ps_take,82953
1746465828.596645,ps_take_src,82953
1746465828.631317,img_start,3594602801
1746465828.635726,FB_FRAMES,123770
1746465828.635726,SYM_FRAMES,123230
1746465828.638461,TX_FRAMES,123230
1746465828.663077,ps_take,82954
1746465828.630638,ps_take_src,82954
1746465828.663017,img_end,3594796304
1746465828.664109,img_start,3594799409
1746465828.669512,FB_FRAMES,123771
1746465828.669512,SYM_FRAMES,123231
1746465828.672231,TX_FRAMES,123231
1746465828.695819,img_end,3594992912
1746465828.696948,ps_take,82955
1746465828.663240,ps_take_src,82955
1746465828.698115,img_start,3594996017
1746465828.702316,FB_FRAMES,123772
1746465828.702316,SYM_FRAMES,123232
1746465828.705047,TX_FRAMES,123232
1746465828.730206,ps_take,82956
1746465828.697105,ps_take_src,82956
1746465828.729805,img_end,3595189520
1746465828.731256,img_start,3595192625
1746465828.736265,SYM_FRAMES,123233
1746465828.736326,FB_FRAMES,123773
1746465828.739051,TX_FRAMES,123233
1746465828.763367,ps_take,82957
1746465828.730373,ps_take_src,82957
1746465828.762970,img_end,3595386128
1746465828.764561,img_start,3595389233
1746465828.769426,SYM_FRAMES,123234
1746465828.769487,FB_FRAMES,123774
1746465828.772178,TX_FRAMES,123234
1746465828.796738,ps_take,82958
1746465828.763540,ps_take_src,82958
1746465828.796284,img_end,3595582736
1746465828.797801,img_start,3595584919
1746465828.802733,FB_FRAMES,123775
1746465828.802733,SYM_FRAMES,123235
1746465828.805537,TX_FRAMES,123235
1746465828.830376,ps_take,82959
1746465828.796938,ps_take_src,82959
1746465828.829535,img_end,3595779344
1746465828.831475,img_start,3595782449
1746465828.835979,SYM_FRAMES,123236
1746465828.836040,FB_FRAMES,123776
1746465828.838721,TX_FRAMES,123236
1746465828.863255,ps_take,82960
1746465828.830591,ps_take_src,82960
1746465828.863194,img_end,3595975952
1746465828.864878,img_start,3595976431
1746465828.869657,FB_FRAMES,123777
1746465828.869657,SYM_FRAMES,123237
1746465828.872412,TX_FRAMES,123237
1746465828.897072,ps_take,82961
1746465828.864242,ps_take_src,82961
1746465828.896618,img_end,3596172560
1746465828.898096,img_start,3596173639
1746465828.903100,FB_FRAMES,123778
1746465828.903100,SYM_FRAMES,123238
1746465828.905817,TX_FRAMES,123238
1746465828.930337,ps_take,82962
1746465828.897242,ps_take_src,82962
1746465828.929828,img_end,3596369168
1746465828.931554,img_start,3596372273
1746465828.936297,FB_FRAMES,123779
1746465828.936297,SYM_FRAMES,123239
1746465828.939081,TX_FRAMES,123239
1746465828.963628,ps_take,82963
1746465828.930661,ps_take_src,82963
1746465828.963288,img_end,3596565776
1746465828.964706,img_start,3596568881
1746465828.969721,SYM_FRAMES,123240
1746465828.969782,FB_FRAMES,123780
1746465828.972513,TX_FRAMES,123240
1746465828.996953,ps_take,82964
1746465828.963822,ps_take_src,82964
1746465828.996389,img_end,3596762384
1746465828.998135,img_start,3596765489
1746465829.002858,SYM_FRAMES,123241
1746465829.002923,FB_FRAMES,123781
1746465829.005642,TX_FRAMES,123241
1746465829.030182,ps_take,82965
1746465828.997118,ps_take_src,82965
1746465829.029839,img_end,3596958992
1746465829.031286,img_start,3596961823
1746465829.036299,FB_FRAMES,123782
1746465829.036299,SYM_FRAMES,123242
1746465829.039097,TX_FRAMES,123242
1746465829.063330,ps_take,82966
1746465829.030412,ps_take_src,82966
1746465829.062990,img_end,3597155600
1746465829.064579,img_start,3597158705
1746465829.069502,FB_FRAMES,123783
1746465829.069502,SYM_FRAMES,123243
1746465829.072260,TX_FRAMES,123243
1746465829.096751,ps_take,82967
1746465829.063534,ps_take_src,82967
1746465829.096295,img_end,3597352208
1746465829.098216,img_start,3597355313
1746465829.102781,FB_FRAMES,123784
1746465829.102781,SYM_FRAMES,123244
1746465829.105477,TX_FRAMES,123244
1746465829.130366,ps_take,82968
1746465829.096918,ps_take_src,82968
1746465829.129910,img_end,3597548816
1746465829.131476,img_start,3597551921
1746465829.136365,SYM_FRAMES,123245
1746465829.136426,FB_FRAMES,123785
1746465829.139176,TX_FRAMES,123245
1746465829.163383,ps_take,82969
1746465829.130590,ps_take_src,82969
1746465829.163208,img_end,3597745424
1746465829.164789,img_start,3597748107
1746465829.169674,FB_FRAMES,123786
1746465829.169674,SYM_FRAMES,123246
1746465829.172447,TX_FRAMES,123246
1746465829.196459,ps_take,82970
1746465829.164138,ps_take_src,82970
1746465829.202983,FB_FRAMES,123787
1746465829.202983,SYM_FRAMES,123247
1746465829.205729,TX_FRAMES,123247
1746465829.229229,img_end,3598138640
1746465829.230446,ps_take,82971
1746465829.196638,ps_take_src,82971
1746465829.231513,img_start,3598141745
1746465829.235691,SYM_FRAMES,123248
1746465829.235752,FB_FRAMES,123788
1746465829.238461,TX_FRAMES,123248
1746465829.263615,ps_take,82972
1746465829.230637,ps_take_src,82972
1746465829.263216,img_end,3598335248
1746465829.264697,img_start,3598338353
1746465829.269674,SYM_FRAMES,123249
1746465829.269735,FB_FRAMES,123789
1746465829.272476,TX_FRAMES,123249
1746465829.296963,ps_take,82973
1746465829.263810,ps_take_src,82973
1746465829.296399,img_end,3598531856
1746465829.298147,img_start,3598534961
1746465829.302858,SYM_FRAMES,123250
1746465829.302922,FB_FRAMES,123790
1746465829.305677,TX_FRAMES,123250
1746465829.330192,ps_take,82974
1746465829.297134,ps_take_src,82974
1746465829.329851,img_end,3598728464
1746465829.331297,img_start,3598731569
1746465829.336342,FB_FRAMES,123791
1746465829.336342,SYM_FRAMES,123251
1746465829.339083,TX_FRAMES,123251
1746465829.363351,ps_take,82975
1746465829.330383,ps_take_src,82975
1746465829.363007,img_end,3598925072
1746465829.364548,img_start,3598927251
1746465829.369469,FB_FRAMES,123792
1746465829.369469,SYM_FRAMES,123252
1746465829.372270,TX_FRAMES,123252
1746465829.396746,ps_take,82976
1746465829.363520,ps_take_src,82976
1746465829.396293,img_end,3599121680
1746465829.397767,img_start,3599124192
1746465829.402767,FB_FRAMES,123793
1746465829.402767,SYM_FRAMES,123253
1746465829.405519,TX_FRAMES,123253
1746465829.429512,img_end,3599318288
1746465829.430531,ps_take,82977
1746465829.396915,ps_take_src,82977
1746465829.431604,img_start,3599321393
1746465829.435948,SYM_FRAMES,123254
1746465829.436008,FB_FRAMES,123794
1746465829.438748,TX_FRAMES,123254
1746465829.463364,ps_take,82978
1746465829.430692,ps_take_src,82978
1746465829.463303,img_end,3599514896
1746465829.464780,img_start,3599517215
1746465829.469784,FB_FRAMES,123795
1746465829.469784,SYM_FRAMES,123255
1746465829.472545,TX_FRAMES,123255
1746465829.496478,ps_take,82979
1746465829.464131,ps_take_src,82979
1746465829.503008,FB_FRAMES,123796
1746465829.503008,SYM_FRAMES,123256
1746465829.505714,TX_FRAMES,123256
1746465829.529236,img_end,3599908112
1746465829.530513,ps_take,82980
1746465829.496641,ps_take_src,82980
1746465829.531524,img_start,3599908445
1746465829.535676,SYM_FRAMES,123257
1746465829.535737,FB_FRAMES,123797
1746465829.538414,TX_FRAMES,123257
1746465829.563676,ps_take,82981
1746465829.530688,ps_take_src,82981
1746465829.563278,img_end,3600104720
1746465829.564699,img_start,3600106479
1746465829.569741,FB_FRAMES,123798
1746465829.569741,SYM_FRAMES,123258
1746465829.572495,TX_FRAMES,123258
1746465829.596922,ps_take,82982
1746465829.563847,ps_take_src,82982
1746465829.596414,img_end,3600301328
1746465829.598107,img_start,3600304433
1746465829.602929,FB_FRAMES,123799
1746465829.602929,SYM_FRAMES,123259
1746465829.605633,TX_FRAMES,123259
1746465829.630177,ps_take,82983
1746465829.597097,ps_take_src,82983
1746465829.629836,img_end,3600497936
1746465829.631226,img_start,3600498030
1746465829.636305,FB_FRAMES,123800
1746465829.636305,SYM_FRAMES,123260
1746465829.639050,TX_FRAMES,123260
1746465829.663364,ps_take,82984
1746465829.630368,ps_take_src,82984
1746465829.662966,img_end,3600694544
1746465829.664555,img_start,3600697649
1746465829.669478,FB_FRAMES,123801
1746465829.669478,SYM_FRAMES,123261
1746465829.672243,TX_FRAMES,123261
1746465829.696764,ps_take,82985
1746465829.663522,ps_take_src,82985
1746465829.696251,img_end,3600891152
1746465829.698183,img_start,3600893470
1746465829.702724,SYM_FRAMES,123262
1746465829.702789,FB_FRAMES,123802
1746465829.705476,TX_FRAMES,123262
1746465829.730374,ps_take,82986
1746465829.696924,ps_take_src,82986
1746465829.729919,img_end,3601087760
1746465829.731458,img_start,3601089456
1746465829.736359,SYM_FRAMES,123263
1746465829.736421,FB_FRAMES,123803
1746465829.739116,TX_FRAMES,123263
1746465829.763413,ps_take,82987
1746465829.730597,ps_take_src,82987
1746465829.763184,img_end,3601284368
1746465829.764982,img_start,3601287473
1746465829.769650,SYM_FRAMES,123264
1746465829.769711,FB_FRAMES,123804
1746465829.772405,TX_FRAMES,123264
1746465829.797067,ps_take,82988
1746465829.763565,ps_take_src,82988
1746465829.796669,img_end,3601480976
1746465829.798091,img_start,3601481268
1746465829.803161,FB_FRAMES,123805
1746465829.803161,SYM_FRAMES,123265
1746465829.805911,TX_FRAMES,123265
1746465829.830282,ps_take,82989
1746465829.797244,ps_take_src,82989
1746465829.829827,img_end,3601677584
1746465829.831431,img_start,3601678381
1746465829.836312,FB_FRAMES,123806
1746465829.836312,SYM_FRAMES,123266
1746465829.839095,TX_FRAMES,123266
1746465829.863637,ps_take,82990
1746465829.830797,ps_take_src,82990
1746465829.863183,img_end,3601874192
1746465829.864663,img_start,3601877297
1746465829.869672,FB_FRAMES,123807
1746465829.869672,SYM_FRAMES,123267
1746465829.872423,TX_FRAMES,123267
1746465829.896938,ps_take,82991
1746465829.863810,ps_take_src,82991
1746465829.896370,img_end,3602070800
1746465829.898121,img_start,3602073905
1746465829.902879,FB_FRAMES,123808
1746465829.902879,SYM_FRAMES,123268
1746465829.905647,TX_FRAMES,123268
1746465829.930187,ps_take,82992
1746465829.897111,ps_take_src,82992
1746465829.929844,img_end,3602267408
1746465829.931510,img_start,3602270053
1746465829.936287,SYM_FRAMES,123269
1746465829.936350,FB_FRAMES,123809
1746465829.939063,TX_FRAMES,123269
1746465829.963400,ps_take,82993
1746465829.930367,ps_take_src,82993
1746465829.963227,img_end,3602464016
1746465829.964594,img_start,3602467121
1746465829.969683,SYM_FRAMES,123270
1746465829.969746,FB_FRAMES,123810
1746465829.972493,TX_FRAMES,123270
1746465829.996761,ps_take,82994
1746465829.963574,ps_take_src,82994
1746465829.996306,img_end,3602660624
1746465829.997787,img_start,3602663077
1746465830.002796,FB_FRAMES,123811
1746465830.002796,SYM_FRAMES,123271
1746465830.005504,TX_FRAMES,123271
1746465830.030424,ps_take,82995
1746465829.996931,ps_take_src,82995
1746465830.029500,img_end,3602857232
1746465830.031443,img_start,3602859077
1746465830.035995,FB_FRAMES,123812
1746465830.035995,SYM_FRAMES,123272
1746465830.038744,TX_FRAMES,123272
1746465830.063324,ps_take,82996
1746465830.030589,ps_take_src,82996
1746465830.063207,img_end,3603053840
1746465830.064900,img_start,3603055554
1746465830.069659,FB_FRAMES,123813
1746465830.069659,SYM_FRAMES,123273
1746465830.072439,TX_FRAMES,123273
1746465830.097062,ps_take,82997
1746465830.064248,ps_take_src,82997
1746465830.096657,img_end,3603250448
1746465830.098140,img_start,3603253553
1746465830.103118,FB_FRAMES,123814
1746465830.103118,SYM_FRAMES,123274
1746465830.105842,TX_FRAMES,123274
1746465830.130501,ps_take,82998
1746465830.097253,ps_take_src,82998
1746465830.129849,img_end,3603447056
1746465830.131520,img_start,3603449986
1746465830.136329,FB_FRAMES,123815
1746465830.136329,SYM_FRAMES,123275
1746465830.139095,TX_FRAMES,123275
1746465830.163621,ps_take,82999
1746465830.130659,ps_take_src,82999
1746465830.163224,img_end,3603643664
1746465830.164702,img_start,3603646769
1746465830.169692,SYM_FRAMES,123276
1746465830.169753,FB_FRAMES,123816
1746465830.172479,TX_FRAMES,123276
1746465830.196953,ps_take,83000
1746465830.163803,ps_take_src,83000
1746465830.196389,img_end,3603840272
1746465830.198141,img_start,3603843377
1746465830.202868,FB_FRAMES,123817
1746465830.202868,SYM_FRAMES,123277
1746465830.205652,TX_FRAMES,123277
1746465830.230172,ps_take,83001
1746465830.197123,ps_take_src,83001
1746465830.229831,img_end,3604036880
1746465830.231275,img_start,3604039985
1746465830.236291,SYM_FRAMES,123278
1746465830.236352,FB_FRAMES,123818
1746465830.239082,TX_FRAMES,123278
1746465830.263329,ps_take,83002
1746465830.230365,ps_take_src,83002
1746465830.262989,img_end,3604233488
1746465830.264575,img_start,3604236593
1746465830.269474,FB_FRAMES,123819
1746465830.269474,SYM_FRAMES,123279
1746465830.272183,TX_FRAMES,123279
1746465830.296734,ps_take,83003
1746465830.263528,ps_take_src,83003
1746465830.296281,img_end,3604430096
1746465830.297806,img_start,3604433201
1746465830.302747,FB_FRAMES,123820
1746465830.302747,SYM_FRAMES,123280
1746465830.305518,TX_FRAMES,123280
1746465830.329514,img_end,3604626704
1746465830.330552,ps_take,83004
1746465830.296941,ps_take_src,83004
1746465830.331566,img_start,3604626810
1746465830.335985,FB_FRAMES,123821
1746465830.335985,SYM_FRAMES,123281
1746465830.338767,TX_FRAMES,123281
1746465830.363292,ps_take,83005
1746465830.330732,ps_take_src,83005
1746465830.369768,SYM_FRAMES,123282
1746465830.369830,FB_FRAMES,123822
1746465830.372582,TX_FRAMES,123282
1746465830.396437,ps_take,83006
1746465830.363502,ps_take_src,83006
1746465830.395981,img_end,3605019920
1746465830.397518,img_start,3605023025
1746465830.402448,FB_FRAMES,123823
1746465830.402448,SYM_FRAMES,123283
1746465830.405228,TX_FRAMES,123283
1746465830.429240,img_end,3605216528
1746465830.430461,ps_take,83007
1746465830.396636,ps_take_src,83007
1746465830.431470,img_start,3605217622
1746465830.435709,FB_FRAMES,123824
1746465830.435709,SYM_FRAMES,123284
1746465830.438460,TX_FRAMES,123284
1746465830.463600,ps_take,83008
1746465830.430629,ps_take_src,83008
1746465830.463203,img_end,3605413136
1746465830.464680,img_start,3605416241
1746465830.469678,FB_FRAMES,123825
1746465830.469678,SYM_FRAMES,123285
1746465830.472400,TX_FRAMES,123285
1746465830.496908,ps_take,83009
1746465830.463804,ps_take_src,83009
1746465830.496397,img_end,3605609744
1746465830.498098,img_start,3605610480
1746465830.502835,FB_FRAMES,123826
1746465830.502835,SYM_FRAMES,123286
1746465830.505582,TX_FRAMES,123286
1746465830.530195,ps_take,83010
1746465830.497113,ps_take_src,83010
1746465830.529849,img_end,3605806352
1746465830.531250,img_start,3605808707
1746465830.536329,FB_FRAMES,123827
1746465830.536329,SYM_FRAMES,123287
1746465830.539055,TX_FRAMES,123287
1746465830.563376,ps_take,83011
1746465830.530368,ps_take_src,83011
1746465830.562975,img_end,3606002960
1746465830.564564,img_start,3606003408
1746465830.569437,FB_FRAMES,123828
1746465830.569437,SYM_FRAMES,123288
1746465830.572239,TX_FRAMES,123288
1746465830.596754,ps_take,83012
1746465830.563534,ps_take_src,83012
1746465830.596302,img_end,3606199568
1746465830.597781,img_start,3606201187
1746465830.602803,FB_FRAMES,123829
1746465830.602803,SYM_FRAMES,123289
1746465830.605507,TX_FRAMES,123289
1746465830.630345,ps_take,83013
1746465830.596942,ps_take_src,83013
1746465830.629496,img_end,3606396176
1746465830.631556,img_start,3606399281
1746465830.635973,SYM_FRAMES,123290
1746465830.636034,FB_FRAMES,123830
1746465830.638773,TX_FRAMES,123290
1746465830.663319,ps_take,83014
1746465830.630660,ps_take_src,83014
1746465830.663258,img_end,3606592784
1746465830.664840,img_start,3606595068
1746465830.669741,FB_FRAMES,123831
1746465830.669741,SYM_FRAMES,123291
1746465830.672468,TX_FRAMES,123291
1746465830.697072,ps_take,83015
1746465830.664190,ps_take_src,83015
1746465830.696563,img_end,3606789392
1746465830.698088,img_start,3606792497
1746465830.703036,FB_FRAMES,123832
1746465830.703036,SYM_FRAMES,123292
1746465830.705798,TX_FRAMES,123292
1746465830.730443,ps_take,83016
1746465830.697236,ps_take_src,83016
1746465830.729793,img_end,3606986000
1746465830.731525,img_start,3606989105
1746465830.736283,FB_FRAMES,123833
1746465830.736283,SYM_FRAMES,123293
1746465830.739009,TX_FRAMES,123293
1746465830.763648,ps_take,83017
1746465830.730642,ps_take_src,83017
1746465830.763247,img_end,3607182608
1746465830.764672,img_start,3607183606
1746465830.769721,FB_FRAMES,123834
1746465830.769721,SYM_FRAMES,123294
1746465830.772427,TX_FRAMES,123294
1746465830.796968,ps_take,83018
1746465830.763823,ps_take_src,83018
1746465830.796402,img_end,3607379216
1746465830.798100,img_start,3607379264
1746465830.802888,FB_FRAMES,123835
1746465830.802888,SYM_FRAMES,123295
1746465830.805670,TX_FRAMES,123295
1746465830.830186,ps_take,83019
1746465830.797134,ps_take_src,83019
1746465830.829842,img_end,3607575824
1746465830.831295,img_start,3607578929
1746465830.836302,SYM_FRAMES,123296
1746465830.836364,FB_FRAMES,123836
1746465830.839105,TX_FRAMES,123296
1746465830.863349,ps_take,83020
1746465830.830383,ps_take_src,83020
1746465830.863005,img_end,3607772432
1746465830.864598,img_start,3607775241
1746465830.869465,FB_FRAMES,123837
1746465830.869465,SYM_FRAMES,123297
1746465830.872219,TX_FRAMES,123297
1746465830.896729,ps_take,83021
1746465830.863525,ps_take_src,83021
1746465830.896331,img_end,3607969040
1746465830.897808,img_start,3607972145
1746465830.902793,FB_FRAMES,123838
1746465830.902793,SYM_FRAMES,123298
1746465830.905558,TX_FRAMES,123298
1746465830.930381,ps_take,83022
1746465830.896926,ps_take_src,83022
1746465830.929537,img_end,3608165648
1746465830.931532,img_start,3608168753
1746465830.935998,FB_FRAMES,123839
1746465830.935998,SYM_FRAMES,123299
1746465830.938715,TX_FRAMES,123299
1746465830.963437,ps_take,83023
1746465830.930645,ps_take_src,83023
1746465830.963264,img_end,3608362256
1746465830.964438,img_start,3608363483
1746465830.969708,FB_FRAMES,123840
1746465830.969708,SYM_FRAMES,123300
1746465830.972422,TX_FRAMES,123300
1746465830.996420,ps_take,83024
1746465830.963596,ps_take_src,83024
1746465830.996190,img_end,3608558864
1746465830.997510,img_start,3608561245
1746465831.002644,FB_FRAMES,123841
1746465831.002644,SYM_FRAMES,123301
1746465831.005438,TX_FRAMES,123301
1746465831.029259,img_end,3608755472
1746465831.030450,ps_take,83025
1746465830.996629,ps_take_src,83025
1746465831.031634,img_start,3608757263
1746465831.035729,FB_FRAMES,123842
1746465831.035729,SYM_FRAMES,123302
1746465831.038430,TX_FRAMES,123302
1746465831.063640,ps_take,83026
1746465831.030717,ps_take_src,83026
1746465831.063355,img_end,3608952080
1746465831.064696,img_start,3608955021
1746465831.069848,FB_FRAMES,123843
1746465831.069848,SYM_FRAMES,123303
1746465831.072623,TX_FRAMES,123303
1746465831.096934,ps_take,83027
1746465831.063835,ps_take_src,83027
1746465831.096423,img_end,3609148688
1746465831.098118,img_start,3609151793
1746465831.102903,FB_FRAMES,123844
1746465831.102903,SYM_FRAMES,123304
1746465831.105649,TX_FRAMES,123304
1746465831.130172,ps_take,83028
1746465831.097100,ps_take_src,83028
1746465831.129829,img_end,3609345296
1746465831.131613,img_start,3609347488
1746465831.136298,FB_FRAMES,123845
1746465831.136298,SYM_FRAMES,123305
1746465831.139078,TX_FRAMES,123305
1746465831.163347,ps_take,83029
1746465831.130907,ps_take_src,83029
1746465831.163347,img_end,3609541904
1746465831.164556,img_start,3609545009
1746465831.169842,FB_FRAMES,123846
1746465831.169842,SYM_FRAMES,123306
1746465831.172594,TX_FRAMES,123306
1746465831.196730,ps_take,83030
1746465831.163552,ps_take_src,83030
1746465831.196275,img_end,3609738512
1746465831.197813,img_start,3609741617
1746465831.202731,FB_FRAMES,123847
1746465831.202731,SYM_FRAMES,123307
1746465831.205489,TX_FRAMES,123307
1746465831.230373,ps_take,83031
1746465831.196915,ps_take_src,83031
1746465831.229527,img_end,3609935120
1746465831.231530,img_start,3609938225
1746465831.236008,FB_FRAMES,123848
1746465831.236008,SYM_FRAMES,123308
1746465831.238770,TX_FRAMES,123308
1746465831.263330,ps_take,83032
1746465831.230631,ps_take_src,83032
1746465831.263212,img_end,3610131728
1746465831.265111,img_start,3610134833
1746465831.269677,SYM_FRAMES,123309
1746465831.269741,FB_FRAMES,123849
1746465831.272453,TX_FRAMES,123309
1746465831.297097,ps_take,83033
1746465831.264166,ps_take_src,83033
1746465831.296812,img_end,3610328336
1746465831.298126,img_start,3610330198
1746465831.303277,FB_FRAMES,123850
1746465831.303277,SYM_FRAMES,123310
1746465831.306020,TX_FRAMES,123310
1746465831.330513,ps_take,83034
1746465831.297272,ps_take_src,83034
1746465831.329854,img_end,3610524944
1746465831.331587,img_start,3610528049
1746465831.336308,SYM_FRAMES,123311
1746465831.336372,FB_FRAMES,123851
1746465831.339065,TX_FRAMES,123311
1746465831.363600,ps_take,83035
1746465831.330706,ps_take_src,83035
1746465831.363313,img_end,3610721552
1746465831.364684,img_start,3610724657
1746465831.369791,FB_FRAMES,123852
1746465831.369791,SYM_FRAMES,123312
1746465831.372553,TX_FRAMES,123312
1746465831.396952,ps_take,83036
1746465831.363800,ps_take_src,83036
1746465831.396372,img_end,3610918160
1746465831.398141,img_start,3610919311
1746465831.402861,FB_FRAMES,123853
1746465831.402861,SYM_FRAMES,123313
1746465831.405636,TX_FRAMES,123313
1746465831.430224,ps_take,83037
1746465831.397143,ps_take_src,83037
1746465831.429881,img_end,3611114768
1746465831.431332,img_start,3611117873
1746465831.436381,FB_FRAMES,123854
1746465831.436381,SYM_FRAMES,123314
1746465831.439113,TX_FRAMES,123314
1746465831.463368,ps_take,83038
1746465831.430389,ps_take_src,83038
1746465831.463024,img_end,3611311376
1746465831.464565,img_start,3611314481
1746465831.469486,SYM_FRAMES,123315
1746465831.469548,FB_FRAMES,123855
1746465831.472261,TX_FRAMES,123315
1746465831.496743,ps_take,83039
1746465831.463532,ps_take_src,83039
1746465831.496290,img_end,3611507984
1746465831.498206,img_start,3611511068
1746465831.502746,FB_FRAMES,123856
1746465831.502746,SYM_FRAMES,123316
1746465831.505482,TX_FRAMES,123316
1746465831.530376,ps_take,83040
1746465831.496903,ps_take_src,83040
1746465831.529922,img_end,3611704592
1746465831.531597,img_start,3611706725
1746465831.536398,FB_FRAMES,123857
1746465831.536398,SYM_FRAMES,123317
1746465831.539157,TX_FRAMES,123317
1746465831.563378,ps_take,83041
1746465831.530668,ps_take_src,83041
1746465831.563318,img_end,3611901200
1746465831.564831,img_start,3611904305
1746465831.569784,SYM_FRAMES,123318
1746465831.569845,FB_FRAMES,123858
1746465831.572601,TX_FRAMES,123318
1746465831.596473,ps_take,83042
1746465831.564146,ps_take_src,83042
1746465831.603019,FB_FRAMES,123859
1746465831.603019,SYM_FRAMES,123319
1746465831.605767,TX_FRAMES,123319
1746465831.629280,img_end,3612294416
1746465831.630437,ps_take,83043
1746465831.596665,ps_take_src,83043
1746465831.631505,img_start,3612297521
1746465831.635739,FB_FRAMES,123860
1746465831.635739,SYM_FRAMES,123320
1746465831.638540,TX_FRAMES,123320
1746465831.663590,ps_take,83044
1746465831.630624,ps_take_src,83044
1746465831.663249,img_end,3612491024
1746465831.664609,img_start,3612491850
1746465831.669695,FB_FRAMES,123861
1746465831.669695,SYM_FRAMES,123321
1746465831.672425,TX_FRAMES,123321
1746465831.696869,ps_take,83045
1746465831.663771,ps_take_src,83045
1746465831.696359,img_end,3612687632
1746465831.698113,img_start,3612689034
1746465831.702826,FB_FRAMES,123862
1746465831.702826,SYM_FRAMES,123322
1746465831.705577,TX_FRAMES,123322
1746465831.730150,ps_take,83046
1746465831.697078,ps_take_src,83046
1746465831.729864,img_end,3612884240
1746465831.731257,img_start,3612887345
1746465831.736306,FB_FRAMES,123863
1746465831.736306,SYM_FRAMES,123323
1746465831.739082,TX_FRAMES,123323
1746465831.763348,ps_take,83047
1746465831.730350,ps_take_src,83047
1746465831.763007,img_end,3613080848
1746465831.764591,img_start,3613083953
1746465831.769452,FB_FRAMES,123864
1746465831.769452,SYM_FRAMES,123324
1746465831.772209,TX_FRAMES,123324
1746465831.796748,ps_take,83048
1746465831.763535,ps_take_src,83048
1746465831.796294,img_end,3613277456
1746465831.797776,img_start,3613277991
1746465831.802803,FB_FRAMES,123865
1746465831.802803,SYM_FRAMES,123325
1746465831.805512,TX_FRAMES,123325
1746465831.830434,ps_take,83049
1746465831.796917,ps_take_src,83049
1746465831.829506,img_end,3613474064
1746465831.831452,img_start,3613474884
1746465831.835973,SYM_FRAMES,123326
1746465831.836034,FB_FRAMES,123866
1746465831.838775,TX_FRAMES,123326
1746465831.863355,ps_take,83050
1746465831.830594,ps_take_src,83050
1746465831.863182,img_end,3613670672
1746465831.864819,img_start,3613673777
1746465831.869683,FB_FRAMES,123867
1746465831.869683,SYM_FRAMES,123327
1746465831.872453,TX_FRAMES,123327
1746465831.896492,ps_take,83051
1746465831.864142,ps_take_src,83051
1746465831.902984,FB_FRAMES,123868
1746465831.902984,SYM_FRAMES,123328
1746465831.905788,TX_FRAMES,123328
1746465831.929710,ps_take,83052
1746465831.896669,ps_take_src,83052
1746465831.929255,img_end,3614063888
1746465831.931418,img_start,3614065510
1746465831.935736,FB_FRAMES,123869
1746465831.935736,SYM_FRAMES,123329
1746465831.938498,TX_FRAMES,123329
1746465831.963652,ps_take,83053
1746465831.930761,ps_take_src,83053
1746465831.963144,img_end,3614260496
1746465831.964677,img_start,3614261845
1746465831.969611,SYM_FRAMES,123330
1746465831.969672,FB_FRAMES,123870
1746465831.972343,TX_FRAMES,123330
1746465831.996892,ps_take,83054
1746465831.963825,ps_take_src,83054
1746465831.996435,img_end,3614457104
1746465831.998084,img_start,3614458237
1746465832.002916,FB_FRAMES,123871
1746465832.002916,SYM_FRAMES,123331
1746465832.005634,TX_FRAMES,123331
1746465832.030180,ps_take,83055
1746465831.997101,ps_take_src,83055
1746465832.029835,img_end,3614653712
1746465832.031524,img_start,3614656817
1746465832.036278,FB_FRAMES,123872
1746465832.036278,SYM_FRAMES,123332
1746465832.039065,TX_FRAMES,123332
1746465832.063339,ps_take,83056
1746465832.030359,ps_take_src,83056
1746465832.063221,img_end,3614850320
1746465832.064601,img_start,3614851844
1746465832.069727,FB_FRAMES,123873
1746465832.069727,SYM_FRAMES,123333
1746465832.072438,TX_FRAMES,123333
1746465832.096771,ps_take,83057
1746465832.063545,ps_take_src,83057
1746465832.096317,img_end,3615046928
1746465832.097571,img_start,3615047642
1746465832.102821,FB_FRAMES,123874
1746465832.102821,SYM_FRAMES,123334
1746465832.105567,TX_FRAMES,123334
1746465832.129305,img_end,3615243536
1746465832.130378,ps_take,83058
1746465832.096936,ps_take_src,83058
1746465832.131472,img_start,3615246641
1746465832.135808,FB_FRAMES,123875
1746465832.135808,SYM_FRAMES,123335
1746465832.138570,TX_FRAMES,123335
1746465832.163240,ps_take,83059
1746465832.130598,ps_take_src,83059
1746465832.163180,img_end,3615440144
1746465832.164823,img_start,3615443249
1746465832.169646,FB_FRAMES,123876
1746465832.169646,SYM_FRAMES,123336
1746465832.172421,TX_FRAMES,123336
1746465832.197023,ps_take,83060
1746465832.164155,ps_take_src,83060
1746465832.196570,img_end,3615636752
1746465832.198075,img_start,3615638686
1746465832.203014,FB_FRAMES,123877
1746465832.203014,SYM_FRAMES,123337
1746465832.205767,TX_FRAMES,123337
1746465832.230468,ps_take,83061
1746465832.197234,ps_take_src,83061
1746465832.229819,img_end,3615833360
1746465832.231324,img_start,3615836465
1746465832.236275,FB_FRAMES,123878
1746465832.236275,SYM_FRAMES,123338
1746465832.239027,TX_FRAMES,123338
1746465832.263033,ps_take,83062
1746465832.230647,ps_take_src,83062
1746465832.264064,img_start,3616030337
1746465832.269529,FB_FRAMES,123879
1746465832.269529,SYM_FRAMES,123339
1746465832.272223,TX_FRAMES,123339
1746465832.295800,img_end,3616226576
1746465832.296877,ps_take,83063
1746465832.263232,ps_take_src,83063
1746465832.298107,img_start,3616229681
1746465832.302298,FB_FRAMES,123880
1746465832.302298,SYM_FRAMES,123340
1746465832.305068,TX_FRAMES,123340
1746465832.330157,ps_take,83064
1746465832.297093,ps_take_src,83064
1746465832.329813,img_end,3616423184
1746465832.331266,img_start,3616426289
1746465832.336314,FB_FRAMES,123881
1746465832.336314,SYM_FRAMES,123341
1746465832.339051,TX_FRAMES,123341
1746465832.363358,ps_take,83065
1746465832.330352,ps_take_src,83065
1746465832.362958,img_end,3616619792
1746465832.364612,img_start,3616622897
1746465832.369425,SYM_FRAMES,123342
1746465832.369486,FB_FRAMES,123882
1746465832.372172,TX_FRAMES,123342
1746465832.396734,ps_take,83066
1746465832.363529,ps_take_src,83066
1746465832.396335,img_end,3616816400
1746465832.397818,img_start,3616819505
1746465832.402785,FB_FRAMES,123883
1746465832.402785,SYM_FRAMES,123343
1746465832.405591,TX_FRAMES,123343
1746465832.430509,ps_take,83067
1746465832.396923,ps_take_src,83067
1746465832.429523,img_end,3617013008
1746465832.431529,img_start,3617013075
1746465832.436014,FB_FRAMES,123884
1746465832.436014,SYM_FRAMES,123344
1746465832.438730,TX_FRAMES,123344
1746465832.463376,ps_take,83068
1746465832.430677,ps_take_src,83068
1746465832.463260,img_end,3617209616
1746465832.464786,img_start,3617210362
1746465832.469749,FB_FRAMES,123885
1746465832.469749,SYM_FRAMES,123345
1746465832.472504,TX_FRAMES,123345
1746465832.496426,ps_take,83069
1746465832.464146,ps_take_src,83069
1746465832.502985,SYM_FRAMES,123346
1746465832.503080,FB_FRAMES,123886
1746465832.505720,TX_FRAMES,123346
1746465832.529200,img_end,3617602832
1746465832.530471,ps_take,83070
1746465832.496636,ps_take_src,83070
1746465832.531538,img_start,3617604820
1746465832.535632,SYM_FRAMES,123347
1746465832.535696,FB_FRAMES,123887
1746465832.538356,TX_FRAMES,123347
1746465832.563600,ps_take,83071
1746465832.530683,ps_take_src,83071
1746465832.563258,img_end,3617799440
1746465832.564686,img_start,3617802545
1746465832.569720,SYM_FRAMES,123348
1746465832.569781,FB_FRAMES,123888
1746465832.572470,TX_FRAMES,123348
1746465832.596904,ps_take,83072
1746465832.563797,ps_take_src,83072
1746465832.596395,img_end,3617996048
1746465832.598097,img_start,3617996829
1746465832.602895,FB_FRAMES,123889
1746465832.602895,SYM_FRAMES,123349
1746465832.605604,TX_FRAMES,123349
1746465832.630183,ps_take,83073
1746465832.597118,ps_take_src,83073
1746465832.629840,img_end,3618192656
1746465832.631063,img_start,3618195761
1746465832.636286,SYM_FRAMES,123350
1746465832.636350,FB_FRAMES,123890
1746465832.639054,TX_FRAMES,123350
1746465832.662800,ps_take,83074
1746465832.630376,ps_take_src,83074
1746465832.662800,img_end,3618389264
1746465832.663891,img_start,3618392369
1746465832.669245,FB_FRAMES,123891
1746465832.669245,SYM_FRAMES,123351
1746465832.671977,TX_FRAMES,123351
1746465832.695585,ps_take,83075
1746465832.662970,ps_take_src,83075
1746465832.695585,img_end,3618585872
1746465832.698155,img_start,3618588977
1746465832.702093,FB_FRAMES,123892
1746465832.702093,SYM_FRAMES,123352
1746465832.704795,TX_FRAMES,123352
1746465832.730391,ps_take,83076
1746465832.695760,ps_take_src,83076
1746465832.729876,img_end,3618782480
1746465832.731485,img_start,3618783110
1746465832.736333,FB_FRAMES,123893
1746465832.736333,SYM_FRAMES,123353
1746465832.739145,TX_FRAMES,123353
1746465832.763441,ps_take,83077
1746465832.730649,ps_take_src,83077
1746465832.764239,img_start,3618979268
1746465832.769683,SYM_FRAMES,123354
1746465832.769744,FB_FRAMES,123894
1746465832.772488,TX_FRAMES,123354
1746465832.796466,ps_take,83078
1746465832.763611,ps_take_src,83078
1746465832.796011,img_end,3619175696
1746465832.797493,img_start,3619176404
1746465832.802456,FB_FRAMES,123895
1746465832.802456,SYM_FRAMES,123355
1746465832.805231,TX_FRAMES,123355
1746465832.829230,img_end,3619372304
1746465832.830449,ps_take,83079
1746465832.796644,ps_take_src,83079
1746465832.831518,img_start,3619375409
1746465832.835713,FB_FRAMES,123896
1746465832.835713,SYM_FRAMES,123356
1746465832.838493,TX_FRAMES,123356
1746465832.863679,ps_take,83080
1746465832.830638,ps_take_src,83080
1746465832.863227,img_end,3619568912
1746465832.864702,img_start,3619570128
1746465832.869741,FB_FRAMES,123897
1746465832.869741,SYM_FRAMES,123357
1746465832.872430,TX_FRAMES,123357
1746465832.896909,ps_take,83081
1746465832.863837,ps_take_src,83081
1746465832.896456,img_end,3619765520
1746465832.897768,img_start,3619767709
1746465832.902899,FB_FRAMES,123898
1746465832.902899,SYM_FRAMES,123358
1746465832.905657,TX_FRAMES,123358
1746465832.929604,ps_take,83082
1746465832.897110,ps_take_src,83082
1746465832.929488,img_end,3619962128
1746465832.930650,img_start,3619963205
1746465832.935972,FB_FRAMES,123899
1746465832.935972,SYM_FRAMES,123359
1746465832.938720,TX_FRAMES,123359
1746465832.962757,ps_take,83083
1746465832.929794,ps_take_src,83083
1746465832.966887,img_start,3620182577
1746465832.968863,FB_FRAMES,123900
1746465832.968863,SYM_FRAMES,123360
1746465832.971640,TX_FRAMES,123360
1746465832.995559,ps_take,83084
1746465832.962935,ps_take_src,83084
1746465833.002150,FB_FRAMES,123901
1746465833.002150,SYM_FRAMES,123361
1746465833.004921,TX_FRAMES,123361
1746465833.028355,img_end,3620551952
1746465833.030553,ps_take,83085
1746465832.995752,ps_take_src,83085
1746465833.031391,img_start,3620555057
1746465833.034834,FB_FRAMES,123902
1746465833.034834,SYM_FRAMES,123362
1746465833.037601,TX_FRAMES,123362
1746465833.063123,img_end,3620748560
1746465833.065143,ps_take,83086
1746465833.030715,ps_take_src,83086
1746465833.066264,img_start,3620748784
1746465833.069597,FB_FRAMES,123903
1746465833.069597,SYM_FRAMES,123363
1746465833.072295,TX_FRAMES,123363
1746465833.098176,ps_take,83087
1746465833.065296,ps_take_src,83087
1746465833.098001,img_end,3620945168
1746465833.099220,img_start,3620945853
1746465833.104494,FB_FRAMES,123904
1746465833.104494,SYM_FRAMES,123364
1746465833.107215,TX_FRAMES,123364
1746465833.130958,ps_take,83088
1746465833.098368,ps_take_src,83088
1746465833.130958,img_end,3621141776
1746465833.132129,img_start,3621144236
1746465833.137431,FB_FRAMES,123905
1746465833.137431,SYM_FRAMES,123365
1746465833.140178,TX_FRAMES,123365
1746465833.164223,ps_take,83089
1746465833.131153,ps_take_src,83089
1746465833.163878,img_end,3621338384
1746465833.165306,img_start,3621340090
1746465833.170341,FB_FRAMES,123906
1746465833.170341,SYM_FRAMES,123366
1746465833.173087,TX_FRAMES,123366
1746465833.197533,ps_take,83090
1746465833.164412,ps_take_src,83090
1746465833.197024,img_end,3621534992
1746465833.198635,img_start,3621536026
1746465833.203524,FB_FRAMES,123907
1746465833.203524,SYM_FRAMES,123367
1746465833.206281,TX_FRAMES,123367
1746465833.230751,ps_take,83091
1746465833.197690,ps_take_src,83091
1746465833.230389,img_end,3621731600
1746465833.231831,img_start,3621734705
1746465833.236872,FB_FRAMES,123908
1746465833.236872,SYM_FRAMES,123368
1746465833.239609,TX_FRAMES,123368
1746465833.264096,ps_take,83092
1746465833.230940,ps_take_src,83092
1746465833.263530,img_end,3621928208
1746465833.265170,img_start,3621930710
1746465833.269990,SYM_FRAMES,123369
1746465833.270051,FB_FRAMES,123909
1746465833.272799,TX_FRAMES,123369
1746465833.297359,ps_take,83093
1746465833.264319,ps_take_src,83093
1746465833.296904,img_end,3622124816
1746465833.298382,img_start,3622125750
1746465833.303382,FB_FRAMES,123910
1746465833.303382,SYM_FRAMES,123370
1746465833.306138,TX_FRAMES,123370
1746465833.330366,ps_take,83094
1746465833.297539,ps_take_src,83094
1746465833.330136,img_end,3622321424
1746465833.331537,img_start,3622324529
1746465833.336586,FB_FRAMES,123911
1746465833.336586,SYM_FRAMES,123371
1746465833.339329,TX_FRAMES,123371
1746465833.363417,ps_take,83095
1746465833.330637,ps_take_src,83095
1746465833.363245,img_end,3622518032
1746465833.364504,img_start,3622521137
1746465833.369741,FB_FRAMES,123912
1746465833.369741,SYM_FRAMES,123372
1746465833.372460,TX_FRAMES,123372
1746465833.396507,ps_take,83096
1746465833.363611,ps_take_src,83096
1746465833.396220,img_end,3622714640
1746465833.398148,img_start,3622716075
1746465833.402687,FB_FRAMES,123913
1746465833.402687,SYM_FRAMES,123373
1746465833.405449,TX_FRAMES,123373
1746465833.430361,ps_take,83097
1746465833.396661,ps_take_src,83097
1746465833.429906,img_end,3622911248
1746465833.431526,img_start,3622912094
1746465833.436386,FB_FRAMES,123914
1746465833.436386,SYM_FRAMES,123374
1746465833.439103,TX_FRAMES,123374
1746465833.463483,ps_take,83098
1746465833.430676,ps_take_src,83098
1746465833.463254,img_end,3623107856
1746465833.464569,img_start,3623110961
1746465833.469758,FB_FRAMES,123915
1746465833.469758,SYM_FRAMES,123375
1746465833.472533,TX_FRAMES,123375
1746465833.496908,ps_take,83099
1746465833.463678,ps_take_src,83099
1746465833.496283,img_end,3623304464
1746465833.498052,img_start,3623304767
1746465833.502730,FB_FRAMES,123916
1746465833.502730,SYM_FRAMES,123376
1746465833.505529,TX_FRAMES,123376
1746465833.530204,ps_take,83100
1746465833.497071,ps_take_src,83100
1746465833.529806,img_end,3623501072
1746465833.531262,img_start,3623504177
1746465833.536264,FB_FRAMES,123917
1746465833.536264,SYM_FRAMES,123377
1746465833.538988,TX_FRAMES,123377
1746465833.563358,ps_take,83101
1746465833.530381,ps_take_src,83101
1746465833.563015,img_end,3623697680
1746465833.564328,img_start,3623700785
1746465833.569451,FB_FRAMES,123918
1746465833.569451,SYM_FRAMES,123378
1746465833.572245,TX_FRAMES,123378
1746465833.596058,img_end,3623894288
1746465833.597071,ps_take,83102
1746465833.563520,ps_take_src,83102
1746465833.598080,img_start,3623894739
1746465833.602520,FB_FRAMES,123919
1746465833.602520,SYM_FRAMES,123379
1746465833.605304,TX_FRAMES,123379
1746465833.630375,ps_take,83103
1746465833.597231,ps_take_src,83103
1746465833.629805,img_end,3624090896
1746465833.631451,img_start,3624091778
1746465833.636325,FB_FRAMES,123920
1746465833.636325,SYM_FRAMES,123380
1746465833.639032,TX_FRAMES,123380
1746465833.663420,ps_take,83104
1746465833.630585,ps_take_src,83104
1746465833.663191,img_end,3624287504
1746465833.664447,img_start,3624288548
1746465833.669681,FB_FRAMES,123921
1746465833.669681,SYM_FRAMES,123381
1746465833.672451,TX_FRAMES,123381
1746465833.696471,ps_take,83105
1746465833.663616,ps_take_src,83105
1746465833.696183,img_end,3624484112
1746465833.697271,img_start,3624484858
1746465833.702685,FB_FRAMES,123922
1746465833.702685,SYM_FRAMES,123382
1746465833.705427,TX_FRAMES,123382
1746465833.729005,img_end,3624680720
1746465833.730443,ps_take,83106
1746465833.696634,ps_take_src,83106
1746465833.731456,img_start,3624681005
1746465833.735488,FB_FRAMES,123923
1746465833.735488,SYM_FRAMES,123383
1746465833.738274,TX_FRAMES,123383
1746465833.763582,ps_take,83107
1746465833.730621,ps_take_src,83107
1746465833.763185,img_end,3624877328
1746465833.764667,img_start,3624880029
1746465833.769657,SYM_FRAMES,123384
1746465833.769718,FB_FRAMES,123924
1746465833.772459,TX_FRAMES,123384
1746465833.796889,ps_take,83108
1746465833.763794,ps_take_src,83108
1746465833.796377,img_end,3625073936
1746465833.798082,img_start,3625075063
1746465833.802856,FB_FRAMES,123925
1746465833.802856,SYM_FRAMES,123385
1746465833.805635,TX_FRAMES,123385
1746465833.830171,ps_take,83109
1746465833.797096,ps_take_src,83109
1746465833.829828,img_end,3625270544
1746465833.831282,img_start,3625273649
1746465833.836277,SYM_FRAMES,123386
1746465833.836337,FB_FRAMES,123926
1746465833.839012,TX_FRAMES,123386
1746465833.863317,ps_take,83110
1746465833.830379,ps_take_src,83110
1746465833.862973,img_end,3625467152
1746465833.864569,img_start,3625469420
1746465833.869439,SYM_FRAMES,123387
1746465833.869500,FB_FRAMES,123927
1746465833.872216,TX_FRAMES,123387
1746465833.896793,ps_take,83111
1746465833.863515,ps_take_src,83111
1746465833.896284,img_end,3625663760
1746465833.897813,img_start,3625666865
1746465833.902778,FB_FRAMES,123928
1746465833.902778,SYM_FRAMES,123388
1746465833.905505,TX_FRAMES,123388
1746465833.930380,ps_take,83112
1746465833.896946,ps_take_src,83112
1746465833.929530,img_end,3625860368
1746465833.931527,img_start,3625862630
1746465833.936005,FB_FRAMES,123929
1746465833.936005,SYM_FRAMES,123389
1746465833.938768,TX_FRAMES,123389
1746465833.963349,ps_take,83113
1746465833.930670,ps_take_src,83113
1746465833.963289,img_end,3626056976
1746465833.964759,img_start,3626057935
1746465833.969743,FB_FRAMES,123930
1746465833.969743,SYM_FRAMES,123390
1746465833.972493,TX_FRAMES,123390
1746465833.996439,ps_take,83114
1746465833.964121,ps_take_src,83114
1746465834.002965,FB_FRAMES,123931
1746465834.002965,SYM_FRAMES,123391
1746465834.005695,TX_FRAMES,123391
1746465834.029255,img_end,3626450192
1746465834.030471,ps_take,83115
1746465833.996644,ps_take_src,83115
1746465834.031482,img_start,3626450574
1746465834.035691,SYM_FRAMES,123392
1746465834.035753,FB_FRAMES,123932
1746465834.038504,TX_FRAMES,123392
1746465834.063586,ps_take,83116
1746465834.030634,ps_take_src,83116
1746465834.063244,img_end,3626646800
1746465834.064646,img_start,3626647024
1746465834.069726,FB_FRAMES,123933
1746465834.069726,SYM_FRAMES,123393
1746465834.072474,TX_FRAMES,123393
1746465834.096945,ps_take,83117
1746465834.063796,ps_take_src,83117
1746465834.096381,img_end,3626843408
1746465834.098134,img_start,3626846513
1746465834.102879,FB_FRAMES,123934
1746465834.102879,SYM_FRAMES,123394
1746465834.105650,TX_FRAMES,123394
1746465834.130192,ps_take,83118
1746465834.097123,ps_take_src,83118
1746465834.129851,img_end,3627040016
1746465834.131246,img_start,3627041581
1746465834.136306,FB_FRAMES,123935
1746465834.136306,SYM_FRAMES,123395
1746465834.139066,TX_FRAMES,123395
1746465834.163373,ps_take,83119
1746465834.130362,ps_take_src,83119
1746465834.162974,img_end,3627236624
1746465834.164563,img_start,3627238282
1746465834.169484,FB_FRAMES,123936
1746465834.169484,SYM_FRAMES,123396
1746465834.172201,TX_FRAMES,123396
1746465834.196749,ps_take,83120
1746465834.163536,ps_take_src,83120
1746465834.196297,img_end,3627433232
1746465834.197830,img_start,3627436337
1746465834.202759,FB_FRAMES,123937
1746465834.202759,SYM_FRAMES,123397
1746465834.205571,TX_FRAMES,123397
1746465834.229652,ps_take,83121
1746465834.196941,ps_take_src,83121
1746465834.229535,img_end,3627629840
1746465834.230926,img_start,3627632945
1746465834.235998,FB_FRAMES,123938
1746465834.235998,SYM_FRAMES,123398
1746465834.238746,TX_FRAMES,123398
1746465834.262812,ps_take,83122
1746465834.230220,ps_take_src,83122
1746465834.262640,img_end,3627826448
1746465834.263886,img_start,3627829152
1746465834.269096,FB_FRAMES,123939
1746465834.269096,SYM_FRAMES,123399
1746465834.271859,TX_FRAMES,123399
1746465834.296450,ps_take,83123
1746465834.263006,ps_take_src,83123
1746465834.295599,img_end,3628023056
1746465834.297527,img_start,3628026161
1746465834.302099,FB_FRAMES,123940
1746465834.302099,SYM_FRAMES,123400
1746465834.304877,TX_FRAMES,123400
1746465834.329241,img_end,3628219664
1746465834.330510,ps_take,83124
1746465834.296659,ps_take_src,83124
1746465834.331521,img_start,3628219902
1746465834.335737,FB_FRAMES,123941
1746465834.335737,SYM_FRAMES,123401
1746465834.338510,TX_FRAMES,123401
1746465834.363561,ps_take,83125
1746465834.330666,ps_take_src,83125
1746465834.363276,img_end,3628416272
1746465834.364623,img_start,3628418446
1746465834.369714,SYM_FRAMES,123402
1746465834.369778,FB_FRAMES,123942
1746465834.372530,TX_FRAMES,123402
1746465834.396935,ps_take,83126
1746465834.363768,ps_take_src,83126
1746465834.396368,img_end,3628612880
1746465834.398130,img_start,3628615985
1746465834.402800,SYM_FRAMES,123403
1746465834.402860,FB_FRAMES,123943
1746465834.405576,TX_FRAMES,123403
1746465834.430230,ps_take,83127
1746465834.397116,ps_take_src,83127
1746465834.429832,img_end,3628809488
1746465834.431281,img_start,3628812593
1746465834.436335,FB_FRAMES,123944
1746465834.436335,SYM_FRAMES,123404
1746465834.439080,TX_FRAMES,123404
1746465834.463300,ps_take,83128
1746465834.430388,ps_take_src,83128
1746465834.462958,img_end,3629006096
1746465834.464616,img_start,3629009201
1746465834.469481,FB_FRAMES,123945
1746465834.469481,SYM_FRAMES,123405
1746465834.472223,TX_FRAMES,123405
1746465834.496771,ps_take,83129
1746465834.463508,ps_take_src,83129
1746465834.496314,img_end,3629202704
1746465834.497791,img_start,3629203002
1746465834.502802,FB_FRAMES,123946
1746465834.502802,SYM_FRAMES,123406
1746465834.505589,TX_FRAMES,123406
1746465834.530519,ps_take,83130
1746465834.496948,ps_take_src,83130
1746465834.529536,img_end,3629399312
1746465834.531537,img_start,3629399454
1746465834.536016,FB_FRAMES,123947
1746465834.536016,SYM_FRAMES,123407
1746465834.538752,TX_FRAMES,123407
1746465834.563424,ps_take,83131
1746465834.530680,ps_take_src,83131
1746465834.563308,img_end,3629595920
1746465834.564451,img_start,3629597461
1746465834.569779,FB_FRAMES,123948
1746465834.569779,SYM_FRAMES,123408
1746465834.572521,TX_FRAMES,123408
1746465834.596478,ps_take,83132
1746465834.563587,ps_take_src,83132
1746465834.596190,img_end,3629792528
1746465834.597505,img_start,3629794263
1746465834.602689,FB_FRAMES,123949
1746465834.602689,SYM_FRAMES,123409
1746465834.605397,TX_FRAMES,123409
1746465834.629260,img_end,3629989136
1746465834.630336,ps_take,83133
1746465834.596652,ps_take_src,83133
1746465834.631298,img_start,3629990799
1746465834.635724,FB_FRAMES,123950
1746465834.635724,SYM_FRAMES,123410
1746465834.638435,TX_FRAMES,123410
1746465834.663089,ps_take,83134
1746465834.630649,ps_take_src,83134
1746465834.663028,img_end,3630185744
1746465834.664152,img_start,3630188849
1746465834.669503,FB_FRAMES,123951
1746465834.669503,SYM_FRAMES,123411
1746465834.672281,TX_FRAMES,123411
1746465834.695842,img_end,3630382352
1746465834.696974,ps_take,83135
1746465834.663259,ps_take_src,83135
1746465834.698154,img_start,3630384038
1746465834.702340,FB_FRAMES,123952
1746465834.702340,SYM_FRAMES,123412
1746465834.705040,TX_FRAMES,123412
1746465834.730208,ps_take,83136
1746465834.697144,ps_take_src,83136
1746465834.729866,img_end,3630578960
1746465834.731259,img_start,3630582065
1746465834.736335,SYM_FRAMES,123413
1746465834.736399,FB_FRAMES,123953
1746465834.739090,TX_FRAMES,123413
1746465834.763350,ps_take,83137
1746465834.730376,ps_take_src,83137
1746465834.762949,img_end,3630775568
1746465834.764550,img_start,3630777223
1746465834.769468,FB_FRAMES,123954
1746465834.769468,SYM_FRAMES,123414
1746465834.772196,TX_FRAMES,123414
1746465834.796749,ps_take,83138
1746465834.763526,ps_take_src,83138
1746465834.796291,img_end,3630972176
1746465834.797832,img_start,3630975281
1746465834.802745,FB_FRAMES,123955
1746465834.802745,SYM_FRAMES,123415
1746465834.805540,TX_FRAMES,123415
1746465834.830383,ps_take,83139
1746465834.796929,ps_take_src,83139
1746465834.829534,img_end,3631168784
1746465834.831539,img_start,3631170173
1746465834.836005,FB_FRAMES,123956
1746465834.836005,SYM_FRAMES,123416
1746465834.838746,TX_FRAMES,123416
1746465834.863376,ps_take,83140
1746465834.830659,ps_take_src,83140
1746465834.863260,img_end,3631365392
1746465834.864784,img_start,3631366618
1746465834.869726,SYM_FRAMES,123417
1746465834.869788,FB_FRAMES,123957
1746465834.872462,TX_FRAMES,123417
1746465834.896459,ps_take,83141
1746465834.864147,ps_take_src,83141
1746465834.902980,SYM_FRAMES,123418
1746465834.903042,FB_FRAMES,123958
1746465834.905786,TX_FRAMES,123418
1746465834.929167,img_end,3631758608
1746465834.930438,ps_take,83142
1746465834.896630,ps_take_src,83142
1746465834.931500,img_start,3631761446
1746465834.935632,SYM_FRAMES,123419
1746465834.935693,FB_FRAMES,123959
1746465834.938373,TX_FRAMES,123419
1746465834.963600,ps_take,83143
1746465834.930639,ps_take_src,83143
1746465834.963202,img_end,3631955216
1746465834.964688,img_start,3631957750
1746465834.969715,FB_FRAMES,123960
1746465834.969715,SYM_FRAMES,123420
1746465834.972494,TX_FRAMES,123420
1746465834.996886,ps_take,83144
1746465834.963811,ps_take_src,83144
1746465834.996432,img_end,3632151824
1746465834.998076,img_start,3632152150
1746465835.002912,FB_FRAMES,123961
1746465835.002912,SYM_FRAMES,123421
1746465835.005661,TX_FRAMES,123421
1746465835.030154,ps_take,83145
1746465834.997096,ps_take_src,83145
1746465835.029813,img_end,3632348432
1746465835.031036,img_start,3632351537
1746465835.036311,FB_FRAMES,123962
1746465835.036311,SYM_FRAMES,123422
1746465835.039084,TX_FRAMES,123422
1746465835.062735,ps_take,83146
1746465835.030360,ps_take_src,83146
1746465835.062735,img_end,3632545040
1746465835.063821,img_start,3632547337
1746465835.069244,FB_FRAMES,123963
1746465835.069244,SYM_FRAMES,123423
1746465835.072019,TX_FRAMES,123423
1746465835.095541,ps_take,83147
1746465835.062948,ps_take_src,83147
1746465835.095541,img_end,3632741648
1746465835.096633,img_start,3632744753
1746465835.101997,SYM_FRAMES,123424
1746465835.102059,FB_FRAMES,123964
1746465835.104768,TX_FRAMES,123424
1746465835.128322,img_end,3632938256
1746465835.130426,ps_take,83148
1746465835.095751,ps_take_src,83148
1746465835.131441,img_start,3632940016
1746465835.134789,SYM_FRAMES,123425
1746465835.134849,FB_FRAMES,123965
1746465835.137568,TX_FRAMES,123425
1746465835.163306,ps_take,83149
1746465835.130582,ps_take_src,83149
1746465835.169629,SYM_FRAMES,123426
1746465835.169692,FB_FRAMES,123966
1746465835.172398,TX_FRAMES,123426
1746465835.196481,ps_take,83150
1746465835.163511,ps_take_src,83150
1746465835.195914,img_end,3633331472
1746465835.197511,img_start,3633333921
1746465835.202344,FB_FRAMES,123967
1746465835.202344,SYM_FRAMES,123427
1746465835.205130,TX_FRAMES,123427
1746465835.229272,img_end,3633528080
1746465835.230352,ps_take,83151
1746465835.196638,ps_take_src,83151
1746465835.231501,img_start,3633531185
1746465835.235734,FB_FRAMES,123968
1746465835.235734,SYM_FRAMES,123428
1746465835.238474,TX_FRAMES,123428
1746465835.263580,ps_take,83152
1746465835.230630,ps_take_src,83152
1746465835.263237,img_end,3633724688
1746465835.264600,img_start,3633725050
1746465835.269709,FB_FRAMES,123969
1746465835.269709,SYM_FRAMES,123429
1746465835.272415,TX_FRAMES,123429
1746465835.296935,ps_take,83153
1746465835.263754,ps_take_src,83153
1746465835.296369,img_end,3633921296
1746465835.297767,img_start,3633924401
1746465835.302809,FB_FRAMES,123970
1746465835.302809,SYM_FRAMES,123430
1746465835.305582,TX_FRAMES,123430
1746465835.330462,ps_take,83154
1746465835.297095,ps_take_src,83154
1746465835.329476,img_end,3634117904
1746465835.331483,img_start,3634117982
1746465835.335965,FB_FRAMES,123971
1746465835.335965,SYM_FRAMES,123431
1746465835.338698,TX_FRAMES,123431
1746465835.363350,ps_take,83155
1746465835.330625,ps_take_src,83155
1746465835.363232,img_end,3634314512
1746465835.364552,img_start,3634314671
1746465835.369716,FB_FRAMES,123972
1746465835.369716,SYM_FRAMES,123432
1746465835.372472,TX_FRAMES,123432
1746465835.396745,ps_take,83156
1746465835.363520,ps_take_src,83156
1746465835.396293,img_end,3634511120
1746465835.397815,img_start,3634514225
1746465835.402781,FB_FRAMES,123973
1746465835.402781,SYM_FRAMES,123433
1746465835.405540,TX_FRAMES,123433
1746465835.430373,ps_take,83157
1746465835.396936,ps_take_src,83157
1746465835.429523,img_end,3634707728
1746465835.431528,img_start,3634710833
1746465835.436014,FB_FRAMES,123974
1746465835.436014,SYM_FRAMES,123434
1746465835.438756,TX_FRAMES,123434
1746465835.463354,ps_take,83158
1746465835.430650,ps_take_src,83158
1746465835.463237,img_end,3634904336
1746465835.464660,img_start,3634907441
1746465835.469687,SYM_FRAMES,123435
1746465835.469748,FB_FRAMES,123975
1746465835.472495,TX_FRAMES,123435
1746465835.496442,ps_take,83159
1746465835.463553,ps_take_src,83159
1746465835.496382,img_end,3635100944
1746465835.497530,img_start,3635104049
1746465835.502867,FB_FRAMES,123976
1746465835.502867,SYM_FRAMES,123436
1746465835.505644,TX_FRAMES,123436
1746465835.529244,img_end,3635297552
1746465835.530318,ps_take,83160
1746465835.496633,ps_take_src,83160
1746465835.531465,img_start,3635298855
1746465835.535699,FB_FRAMES,123977
1746465835.535699,SYM_FRAMES,123437
1746465835.538431,TX_FRAMES,123437
1746465835.563612,ps_take,83161
1746465835.530609,ps_take_src,83161
1746465835.563214,img_end,3635494160
1746465835.564466,img_start,3635497265
1746465835.569654,SYM_FRAMES,123438
1746465835.569715,FB_FRAMES,123978
1746465835.572424,TX_FRAMES,123438
1746465835.596920,ps_take,83162
1746465835.563803,ps_take_src,83162
1746465835.596190,img_end,3635690768
1746465835.598076,img_start,3635691244
1746465835.602682,FB_FRAMES,123979
1746465835.602682,SYM_FRAMES,123439
1746465835.605386,TX_FRAMES,123439
1746465835.630167,ps_take,83163
1746465835.597098,ps_take_src,83163
1746465835.629824,img_end,3635887376
1746465835.631269,img_start,3635890481
1746465835.636314,FB_FRAMES,123980
1746465835.636314,SYM_FRAMES,123440
1746465835.639051,TX_FRAMES,123440
1746465835.663329,ps_take,83164
1746465835.630363,ps_take_src,83164
1746465835.662987,img_end,3636083984
1746465835.664580,img_start,3636087089
1746465835.669469,FB_FRAMES,123981
1746465835.669469,SYM_FRAMES,123441
1746465835.672211,TX_FRAMES,123441
1746465835.696748,ps_take,83165
1746465835.663519,ps_take_src,83165
1746465835.696295,img_end,3636280592
1746465835.697829,img_start,3636283697
1746465835.702757,FB_FRAMES,123982
1746465835.702757,SYM_FRAMES,123442
1746465835.705560,TX_FRAMES,123442
1746465835.730349,ps_take,83166
1746465835.696957,ps_take_src,83166
1746465835.729558,img_end,3636477200
1746465835.731505,img_start,3636479475
1746465835.736047,FB_FRAMES,123983
1746465835.736047,SYM_FRAMES,123443
1746465835.738771,TX_FRAMES,123443
1746465835.763350,ps_take,83167
1746465835.730632,ps_take_src,83167
1746465835.763233,img_end,3636673808
1746465835.764939,img_start,3636676720
1746465835.769696,FB_FRAMES,123984
1746465835.769696,SYM_FRAMES,123444
1746465835.772481,TX_FRAMES,123444
1746465835.797047,ps_take,83168
1746465835.763532,ps_take_src,83168
1746465835.796648,img_end,3636870416
1746465835.798131,img_start,3636873521
1746465835.803162,FB_FRAMES,123985
1746465835.803162,SYM_FRAMES,123445
1746465835.805910,TX_FRAMES,123445
1746465835.830421,ps_take,83169
1746465835.797221,ps_take_src,83169
1746465835.829832,img_end,3637067024
1746465835.831388,img_start,3637070129
1746465835.836307,FB_FRAMES,123986
1746465835.836307,SYM_FRAMES,123446
1746465835.839025,TX_FRAMES,123446
1746465835.863077,ps_take,83170
1746465835.830694,ps_take_src,83170
1746465835.864102,img_start,3637266615
1746465835.869558,FB_FRAMES,123987
1746465835.869558,SYM_FRAMES,123447
1746465835.872269,TX_FRAMES,123447
1746465835.895828,img_end,3637460240
1746465835.896841,ps_take,83171
1746465835.863239,ps_take_src,83171
1746465835.897897,img_start,3637460494
1746465835.902320,FB_FRAMES,123988
1746465835.902320,SYM_FRAMES,123448
1746465835.905038,TX_FRAMES,123448
1746465835.929637,ps_take,83172
1746465835.897055,ps_take_src,83172
1746465835.929637,img_end,3637656848
1746465835.930698,img_start,3637659680
1746465835.936103,SYM_FRAMES,123449
1746465835.936164,FB_FRAMES,123989
1746465835.938892,TX_FRAMES,123449
1746465835.962764,ps_take,83173
1746465835.929813,ps_take_src,83173
1746465835.962474,img_end,3637853456
1746465835.963850,img_start,3637856123
1746465835.968870,SYM_FRAMES,123450
1746465835.968930,FB_FRAMES,123990
1746465835.971657,TX_FRAMES,123450
1746465835.995594,ps_take,83174
1746465835.962967,ps_take_src,83174
1746465835.995594,img_end,3638050064
1746465835.998120,img_start,3638050373
1746465836.002038,FB_FRAMES,123991
1746465836.002038,SYM_FRAMES,123451
1746465836.004845,TX_FRAMES,123451
1746465836.030523,ps_take,83175
1746465835.995743,ps_take_src,83175
1746465836.029877,img_end,3638246672
1746465836.031602,img_start,3638249777
1746465836.036354,FB_FRAMES,123992
1746465836.036354,SYM_FRAMES,123452
1746465836.039082,TX_FRAMES,123452
1746465836.063339,img_end,3638443280
1746465836.064690,ps_take,83176
1746465836.030704,ps_take_src,83176
1746465836.065753,img_start,3638446385
1746465836.069809,FB_FRAMES,123993
1746465836.069809,SYM_FRAMES,123453
1746465836.072553,TX_FRAMES,123453
1746465836.097643,ps_take,83177
1746465836.064897,ps_take_src,83177
1746465836.097469,img_end,3638639888
1746465836.098697,img_start,3638641523
1746465836.103947,FB_FRAMES,123994
1746465836.103947,SYM_FRAMES,123454
1746465836.106709,TX_FRAMES,123454
1746465836.130381,ps_take,83178
1746465836.097809,ps_take_src,83178
1746465836.136881,SYM_FRAMES,123455
1746465836.136944,FB_FRAMES,123995
1746465836.139644,TX_FRAMES,123455
1746465836.163599,ps_take,83179
1746465836.130651,ps_take_src,83179
1746465836.163258,img_end,3639033104
1746465836.169740,FB_FRAMES,123996
1746465836.169740,SYM_FRAMES,123456
1746465836.171871,img_start,3639033886
1746465836.172441,TX_FRAMES,123456
1746465836.203838,ps_take,83180
1746465836.171202,ps_take_src,83180
1746465836.203609,img_end,3639229712
1746465836.205027,img_start,3639231335
1746465836.210064,SYM_FRAMES,123457
1746465836.210125,FB_FRAMES,123997
1746465836.212835,TX_FRAMES,123457
1746465836.237209,ps_take,83181
1746465836.204194,ps_take_src,83181
1746465836.236758,img_end,3639426320
1746465836.238230,img_start,3639428626
1746465836.243225,FB_FRAMES,123998
1746465836.243225,SYM_FRAMES,123458
1746465836.245967,TX_FRAMES,123458
1746465836.270342,ps_take,83182
1746465836.237380,ps_take_src,83182
1746465836.269946,img_end,3639622928
1746465836.271420,img_start,3639624067
1746465836.276410,SYM_FRAMES,123459
1746465836.276470,FB_FRAMES,123999
1746465836.279157,TX_FRAMES,123459
1746465836.303397,ps_take,83183
1746465836.270558,ps_take_src,83183
1746465836.303168,img_end,3639819536
1746465836.304420,img_start,3639821877
1746465836.309639,FB_FRAMES,124000
1746465836.309639,SYM_FRAMES,123460
1746465836.312375,TX_FRAMES,123460
1746465836.336308,ps_take,83184
1746465836.303578,ps_take_src,83184
1746465836.336135,img_end,3640016144
1746465836.337306,img_start,3640018918
1746465836.342642,FB_FRAMES,124001
1746465836.342642,SYM_FRAMES,123461
1746465836.342642,TX_FRAMES,123465
1746465836.342642,ps_take,83185
1746465836.336457,ps_take_src,83185
1746465836.483990,img_start,3640897073
1746465836.483990,FB_FRAMES,124005
1746465836.483990,SYM_FRAMES,123465
1746465836.501559,ps_take,83189
1746465836.468621,ps_take_src,83189
1746465836.501217,img_end,3640999184
1746465836.502629,img_start,3641002289
1746465836.507717,FB_FRAMES,124006
1746465836.507717,SYM_FRAMES,123466
1746465836.510466,TX_FRAMES,123466
1746465836.534458,ps_take,83190
1746465836.501743,ps_take_src,83190
1746465836.534329,img_end,3641195792
1746465836.535433,img_start,3641197132
1746465836.540814,FB_FRAMES,124007
1746465836.540814,SYM_FRAMES,123467
1746465836.543583,TX_FRAMES,123467
1746465836.567415,ps_take,83191
1746465836.534600,ps_take_src,83191
1746465836.567184,img_end,3641392400
1746465836.568437,img_start,3641395505
1746465836.573642,FB_FRAMES,124008
1746465836.573642,SYM_FRAMES,123468
1746465836.576396,TX_FRAMES,123468
1746465836.600496,ps_take,83192
1746465836.567571,ps_take_src,83192
1746465836.600155,img_end,3641589008
1746465836.601519,img_start,3641592113
1746465836.606638,FB_FRAMES,124009
1746465836.606638,SYM_FRAMES,123469
1746465836.609385,TX_FRAMES,123469
1746465836.633385,ps_take,83193
1746465836.600650,ps_take_src,83193
1746465836.633213,img_end,3641785616
1746465836.634484,img_start,3641788721
1746465836.639689,FB_FRAMES,124010
1746465836.639689,SYM_FRAMES,123470
1746465836.642427,TX_FRAMES,123470
1746465836.666312,ps_take,83194
1746465836.633587,ps_take_src,83194
1746465836.666196,img_end,3641982224
1746465836.667414,img_start,3641983923
1746465836.672634,SYM_FRAMES,123471
1746465836.672694,FB_FRAMES,124011
1746465836.675414,TX_FRAMES,123471
1746465836.699385,ps_take,83195
1746465836.666572,ps_take_src,83195
1746465836.699156,img_end,3642178832
1746465836.700413,img_start,3642181937
1746465836.705634,FB_FRAMES,124012
1746465836.705634,SYM_FRAMES,123472
1746465836.708343,TX_FRAMES,123472
1746465836.732337,ps_take,83196
1746465836.699544,ps_take_src,83196
1746465836.732107,img_end,3642375440
1746465836.733362,img_start,3642376280
1746465836.738589,FB_FRAMES,124013
1746465836.738589,SYM_FRAMES,123473
1746465836.741347,TX_FRAMES,123473
1746465836.765378,ps_take,83197
1746465836.732529,ps_take_src,83197
1746465836.765093,img_end,3642572048
1746465836.766423,img_start,3642573268
1746465836.771576,FB_FRAMES,124014
1746465836.771576,SYM_FRAMES,123474
1746465836.774320,TX_FRAMES,123474
1746465836.798239,ps_take,83198
1746465836.765565,ps_take_src,83198
1746465836.798178,img_end,3642768656
1746465836.799347,img_start,3642770651
1746465836.804659,FB_FRAMES,124015
1746465836.804659,SYM_FRAMES,123475
1746465836.807415,TX_FRAMES,123475
1746465836.831373,ps_take,83199
1746465836.798506,ps_take_src,83199
1746465836.831087,img_end,3642965264
1746465836.832398,img_start,3642965668
1746465836.837576,FB_FRAMES,124016
1746465836.837576,SYM_FRAMES,123476
1746465836.840332,TX_FRAMES,123476
1746465836.864514,ps_take,83200
1746465836.831553,ps_take_src,83200
1746465836.864174,img_end,3643161872
1746465836.865588,img_start,3643164977
1746465836.870596,SYM_FRAMES,123477
1746465836.870657,FB_FRAMES,124017
1746465836.873405,TX_FRAMES,123477
1746465836.897635,ps_take,83201
1746465836.864705,ps_take_src,83201
1746465836.897294,img_end,3643358480
1746465836.898682,img_start,3643359655
1746465836.903735,SYM_FRAMES,123478
1746465836.903796,FB_FRAMES,124018
1746465836.906475,TX_FRAMES,123478
1746465836.930355,ps_take,83202
1746465836.897824,ps_take_src,83202
1746465836.931520,img_start,3643556925
1746465836.936890,FB_FRAMES,124019
1746465836.936890,SYM_FRAMES,123479
1746465836.939658,TX_FRAMES,123479
1746465836.963332,ps_take,83203
1746465836.930650,ps_take_src,83203
1746465836.963273,img_end,3643751696
1746465836.964513,img_start,3643754801
1746465836.969733,FB_FRAMES,124020
1746465836.969733,SYM_FRAMES,123480
1746465836.972468,TX_FRAMES,123480
1746465836.996446,ps_take,83204
1746465836.963521,ps_take_src,83204
1746465836.996217,img_end,3643948304
1746465836.997528,img_start,3643950725
1746465837.002689,FB_FRAMES,124021
1746465837.002689,SYM_FRAMES,123481
1746465837.005442,TX_FRAMES,123481
1746465837.029252,img_end,3644144912
1746465837.030462,ps_take,83205
1746465836.996649,ps_take_src,83205
1746465837.031305,img_start,3644148017
1746465837.035716,FB_FRAMES,124022
1746465837.035716,SYM_FRAMES,123482
1746465837.038464,TX_FRAMES,123482
1746465837.062961,ps_take,83206
1746465837.030631,ps_take_src,83206
1746465837.069469,SYM_FRAMES,123483
1746465837.069531,FB_FRAMES,124023
1746465837.072274,TX_FRAMES,123483
1746465837.095757,img_end,3644538128
1746465837.096884,ps_take,83207
1746465837.063163,ps_take_src,83207
1746465837.097951,img_start,3644541233
1746465837.102205,SYM_FRAMES,123484
1746465837.102266,FB_FRAMES,124024
1746465837.104963,TX_FRAMES,123484
1746465837.129592,ps_take,83208
1746465837.097046,ps_take_src,83208
1746465837.136112,FB_FRAMES,124025
1746465837.136112,SYM_FRAMES,123485
1746465837.138839,TX_FRAMES,123485
1746465837.162757,ps_take,83209
1746465837.129796,ps_take_src,83209
1746465837.162385,img_end,3644931344
1746465837.163556,img_start,3644931724
1746465837.168888,FB_FRAMES,124026
1746465837.168888,SYM_FRAMES,123486
1746465837.171635,TX_FRAMES,123486
1746465837.195286,img_end,3645127952
1746465837.197029,ps_take,83210
1746465837.162926,ps_take_src,83210
1746465837.198096,img_start,3645131057
1746465837.201759,SYM_FRAMES,123487
1746465837.201820,FB_FRAMES,124027
1746465837.204540,TX_FRAMES,123487
1746465837.230500,ps_take,83211
1746465837.197214,ps_take_src,83211
1746465837.229822,img_end,3645324560
1746465837.231585,img_start,3645327056
1746465837.236300,FB_FRAMES,124028
1746465837.236300,SYM_FRAMES,123488
1746465837.239058,TX_FRAMES,123488
1746465837.263407,ps_take,83212
1746465837.230682,ps_take_src,83212
1746465837.263291,img_end,3645521168
1746465837.264438,img_start,3645521765
1746465837.269769,SYM_FRAMES,123489
1746465837.269829,FB_FRAMES,124029
1746465837.272534,TX_FRAMES,123489
1746465837.296482,ps_take,83213
1746465837.263606,ps_take_src,83213
1746465837.296197,img_end,3645717776
1746465837.297284,img_start,3645718949
1746465837.302635,SYM_FRAMES,123490
1746465837.302697,FB_FRAMES,124030
1746465837.305431,TX_FRAMES,123490
1746465837.329036,img_end,3645914384
1746465837.330476,ps_take,83214
1746465837.296639,ps_take_src,83214
1746465837.331547,img_start,3645917489
1746465837.335516,FB_FRAMES,124031
1746465837.335516,SYM_FRAMES,123491
1746465837.338264,TX_FRAMES,123491
1746465837.363603,ps_take,83215
1746465837.330653,ps_take_src,83215
1746465837.363262,img_end,3646110992
1746465837.364690,img_start,3646114097
1746465837.369734,FB_FRAMES,124032
1746465837.369734,SYM_FRAMES,123492
1746465837.372456,TX_FRAMES,123492
1746465837.396914,ps_take,83216
1746465837.363806,ps_take_src,83216
1746465837.396404,img_end,3646307600
1746465837.398110,img_start,3646308207
1746465837.402888,FB_FRAMES,124033
1746465837.402888,SYM_FRAMES,123493
1746465837.405639,TX_FRAMES,123493
1746465837.430217,ps_take,83217
1746465837.397111,ps_take_src,83217
1746465837.429877,img_end,3646504208
1746465837.431264,img_start,3646507224
1746465837.436306,SYM_FRAMES,123494
1746465837.436367,FB_FRAMES,124034
1746465837.439049,TX_FRAMES,123494
1746465837.463346,ps_take,83218
1746465837.430382,ps_take_src,83218
1746465837.463003,img_end,3646700816
1746465837.464602,img_start,3646702644
1746465837.469481,FB_FRAMES,124035
1746465837.469481,SYM_FRAMES,123495
1746465837.472254,TX_FRAMES,123495
1746465837.496766,ps_take,83219
1746465837.463507,ps_take_src,83219
1746465837.496315,img_end,3646897424
1746465837.497787,img_start,3646898507
1746465837.502789,SYM_FRAMES,123496
1746465837.502849,FB_FRAMES,124036
1746465837.505547,TX_FRAMES,123496
1746465837.529522,img_end,3647094032
1746465837.530567,ps_take,83220
1746465837.496943,ps_take_src,83220
1746465837.531584,img_start,3647094958
1746465837.535993,FB_FRAMES,124037
1746465837.535993,SYM_FRAMES,123497
1746465837.538748,TX_FRAMES,123497
1746465837.563285,ps_take,83221
1746465837.530738,ps_take_src,83221
1746465837.569809,FB_FRAMES,124038
1746465837.569809,SYM_FRAMES,123498
1746465837.572567,TX_FRAMES,123498
1746465837.596446,ps_take,83222
1746465837.563489,ps_take_src,83222
1746465837.595991,img_end,3647487248
1746465837.597530,img_start,3647490353
1746465837.602461,FB_FRAMES,124039
1746465837.602461,SYM_FRAMES,123499
1746465837.605224,TX_FRAMES,123499
1746465837.629245,img_end,3647683856
1746465837.630457,ps_take,83223
1746465837.596632,ps_take_src,83223
1746465837.631528,img_start,3647686961
1746465837.635710,FB_FRAMES,124040
1746465837.635710,SYM_FRAMES,123500
1746465837.638433,TX_FRAMES,123500
1746465837.663623,ps_take,83224
1746465837.630659,ps_take_src,83224
1746465837.663224,img_end,3647880464
1746465837.664649,img_start,3647881452
1746465837.669697,SYM_FRAMES,123501
1746465837.669759,FB_FRAMES,124041
1746465837.672453,TX_FRAMES,123501
1746465837.696948,ps_take,83225
1746465837.663798,ps_take_src,83225
1746465837.696381,img_end,3648077072
1746465837.698191,img_start,3648080177
1746465837.702867,FB_FRAMES,124042
1746465837.702867,SYM_FRAMES,123502
1746465837.705621,TX_FRAMES,123502
1746465837.730190,ps_take,83226
1746465837.697158,ps_take_src,83226
1746465837.729905,img_end,3648273680
1746465837.731243,img_start,3648274803
1746465837.736391,FB_FRAMES,124043
1746465837.736391,SYM_FRAMES,123503
1746465837.739144,TX_FRAMES,123503
1746465837.763344,ps_take,83227
1746465837.730381,ps_take_src,83227
1746465837.763002,img_end,3648470288
1746465837.764572,img_start,3648472555
1746465837.769437,SYM_FRAMES,123504
1746465837.769498,FB_FRAMES,124044
1746465837.772197,TX_FRAMES,123504
1746465837.796744,ps_take,83228
1746465837.763524,ps_take_src,83228
1746465837.796289,img_end,3648666896
1746465837.797828,img_start,3648670001
1746465837.802788,FB_FRAMES,124045
1746465837.802788,SYM_FRAMES,123505
1746465837.805549,TX_FRAMES,123505
1746465837.830426,ps_take,83229
1746465837.796928,ps_take_src,83229
1746465837.829556,img_end,3648863504
1746465837.831444,img_start,3648863837
1746465837.835999,FB_FRAMES,124046
1746465837.835999,SYM_FRAMES,123506
1746465837.838760,TX_FRAMES,123506
1746465837.863318,ps_take,83230
1746465837.830591,ps_take_src,83230
1746465837.863202,img_end,3649060112
1746465837.864788,img_start,3649063217
1746465837.869675,FB_FRAMES,124047
1746465837.869675,SYM_FRAMES,123507
1746465837.872416,TX_FRAMES,123507
1746465837.896482,ps_take,83231
1746465837.864099,ps_take_src,83231
1746465837.897507,img_start,3649258754
1746465837.902967,FB_FRAMES,124048
1746465837.902967,SYM_FRAMES,123508
1746465837.905684,TX_FRAMES,123508
1746465837.929245,img_end,3649453328
1746465837.930454,ps_take,83232
1746465837.896644,ps_take_src,83232
1746465837.931524,img_start,3649456433
1746465837.935708,FB_FRAMES,124049
1746465837.935708,SYM_FRAMES,123509
1746465837.938467,TX_FRAMES,123509
1746465837.963648,ps_take,83233
1746465837.930626,ps_take_src,83233
1746465837.963252,img_end,3649649936
1746465837.964673,img_start,3649651826
1746465837.969706,FB_FRAMES,124050
1746465837.969706,SYM_FRAMES,123510
1746465837.972486,TX_FRAMES,123510
1746465837.996900,ps_take,83234
1746465837.963826,ps_take_src,83234
1746465837.996390,img_end,3649846544
1746465837.998093,img_start,3649848220
1746465838.002854,SYM_FRAMES,123511
1746465838.002918,FB_FRAMES,124051
1746465838.005672,TX_FRAMES,123511
1746465838.030210,ps_take,83235
1746465837.997083,ps_take_src,83235
1746465838.029813,img_end,3650043152
1746465838.031259,img_start,3650043950
1746465838.036293,FB_FRAMES,124052
1746465838.036293,SYM_FRAMES,123512
1746465838.039080,TX_FRAMES,123512
1746465838.063352,ps_take,83236
1746465838.030422,ps_take_src,83236
1746465838.063011,img_end,3650239760
1746465838.064604,img_start,3650242200
1746465838.069474,FB_FRAMES,124053
1746465838.069474,SYM_FRAMES,123513
1746465838.072260,TX_FRAMES,123513
1746465838.096747,ps_take,83237
1746465838.063521,ps_take_src,83237
1746465838.096349,img_end,3650436368
1746465838.098208,img_start,3650439473
1746465838.102810,FB_FRAMES,124054
1746465838.102810,SYM_FRAMES,123514
1746465838.105556,TX_FRAMES,123514
1746465838.130355,ps_take,83238
1746465838.096939,ps_take_src,83238
1746465838.129900,img_end,3650632976
1746465838.131507,img_start,3650634817
1746465838.136370,FB_FRAMES,124055
1746465838.136370,SYM_FRAMES,123515
1746465838.139147,TX_FRAMES,123515
1746465838.163367,ps_take,83239
1746465838.130656,ps_take_src,83239
1746465838.163250,img_end,3650829584
1746465838.164777,img_start,3650830653
1746465838.169718,FB_FRAMES,124056
1746465838.169718,SYM_FRAMES,123516
1746465838.172475,TX_FRAMES,123516
1746465838.196443,ps_take,83240
1746465838.164140,ps_take_src,83240
1746465838.202967,SYM_FRAMES,123517
1746465838.203030,FB_FRAMES,124057
1746465838.205749,TX_FRAMES,123517
1746465838.229234,img_end,3651222800
1746465838.230435,ps_take,83241
1746465838.196628,ps_take_src,83241
1746465838.231497,img_start,3651223955
1746465838.235722,FB_FRAMES,124058
1746465838.235722,SYM_FRAMES,123518
1746465838.238503,TX_FRAMES,123518
1746465838.263645,ps_take,83242
1746465838.230642,ps_take_src,83242
1746465838.263249,img_end,3651419408
1746465838.264667,img_start,3651420262
1746465838.269711,FB_FRAMES,124059
1746465838.269711,SYM_FRAMES,123519
1746465838.272497,TX_FRAMES,123519
1746465838.296927,ps_take,83243
1746465838.263814,ps_take_src,83243
1746465838.296417,img_end,3651616016
1746465838.298111,img_start,3651617766
1746465838.302867,FB_FRAMES,124060
1746465838.302867,SYM_FRAMES,123520
1746465838.305612,TX_FRAMES,123520
1746465838.330176,ps_take,83244
1746465838.297131,ps_take_src,83244
1746465838.329835,img_end,3651812624
1746465838.331273,img_start,3651815729
1746465838.336338,FB_FRAMES,124061
1746465838.336338,SYM_FRAMES,123521
1746465838.339052,TX_FRAMES,123521
1746465838.363327,ps_take,83245
1746465838.330360,ps_take_src,83245
1746465838.362986,img_end,3652009232
1746465838.364621,img_start,3652012337
1746465838.369466,FB_FRAMES,124062
1746465838.369466,SYM_FRAMES,123522
1746465838.372245,TX_FRAMES,123522
1746465838.396722,ps_take,83246
1746465838.363527,ps_take_src,83246
1746465838.396322,img_end,3652205840
1746465838.397807,img_start,3652208945
1746465838.402838,FB_FRAMES,124063
1746465838.402838,SYM_FRAMES,123523
1746465838.405599,TX_FRAMES,123523
1746465838.430372,ps_take,83247
1746465838.396923,ps_take_src,83247
1746465838.429529,img_end,3652402448
1746465838.431556,img_start,3652405553
1746465838.436009,FB_FRAMES,124064
1746465838.436009,SYM_FRAMES,123524
1746465838.438777,TX_FRAMES,123524
1746465838.463408,ps_take,83248
1746465838.430665,ps_take_src,83248
1746465838.463233,img_end,3652599056
1746465838.464444,img_start,3652600120
1746465838.469716,FB_FRAMES,124065
1746465838.469716,SYM_FRAMES,123525
1746465838.472446,TX_FRAMES,123525
1746465838.496475,ps_take,83249
1746465838.463588,ps_take_src,83249
1746465838.496191,img_end,3652795664
1746465838.497331,img_start,3652797866
1746465838.502671,FB_FRAMES,124066
1746465838.502671,SYM_FRAMES,123526
1746465838.505389,TX_FRAMES,123526
1746465838.529077,img_end,3652992272
1746465838.530318,ps_take,83250
1746465838.496684,ps_take_src,83250
1746465838.531473,img_start,3652992949
1746465838.535546,FB_FRAMES,124067
1746465838.535546,SYM_FRAMES,123527
1746465838.538269,TX_FRAMES,123527
1746465838.563651,ps_take,83251
1746465838.530606,ps_take_src,83251
1746465838.563196,img_end,3653188880
1746465838.564671,img_start,3653190376
1746465838.569717,FB_FRAMES,124068
1746465838.569717,SYM_FRAMES,123528
1746465838.572479,TX_FRAMES,123528
1746465838.596932,ps_take,83252
1746465838.563812,ps_take_src,83252
1746465838.596421,img_end,3653385488
1746465838.598176,img_start,3653388593
1746465838.602901,FB_FRAMES,124069
1746465838.602901,SYM_FRAMES,123529
1746465838.605644,TX_FRAMES,123529
1746465838.630153,ps_take,83253
1746465838.597139,ps_take_src,83253
1746465838.629869,img_end,3653582096
1746465838.631256,img_start,3653585201
1746465838.636326,SYM_FRAMES,123530
1746465838.636389,FB_FRAMES,124070
1746465838.639093,TX_FRAMES,123530
1746465838.663331,ps_take,83254
1746465838.630342,ps_take_src,83254
1746465838.662988,img_end,3653778704
1746465838.664585,img_start,3653781809
1746465838.669452,FB_FRAMES,124071
1746465838.669452,SYM_FRAMES,123531
1746465838.672185,TX_FRAMES,123531
1746465838.696773,ps_take,83255
1746465838.663520,ps_take_src,83255
1746465838.696319,img_end,3653975312
1746465838.697848,img_start,3653978417
1746465838.702803,FB_FRAMES,124072
1746465838.702803,SYM_FRAMES,123532
1746465838.705561,TX_FRAMES,123532
1746465838.729536,img_end,3654171920
1746465838.730580,ps_take,83256
1746465838.696945,ps_take_src,83256
1746465838.731646,img_start,3654174781
1746465838.736018,FB_FRAMES,124073
1746465838.736018,SYM_FRAMES,123533
1746465838.738774,TX_FRAMES,123533
1746465838.763382,ps_take,83257
1746465838.730729,ps_take_src,83257
1746465838.769832,FB_FRAMES,124074
1746465838.769832,SYM_FRAMES,123534
1746465838.772587,TX_FRAMES,123534
1746465838.796501,ps_take,83258
1746465838.763575,ps_take_src,83258
1746465838.796043,img_end,3654565136
1746465838.797534,img_start,3654566547
1746465838.802477,SYM_FRAMES,123535
1746465838.802540,FB_FRAMES,124075
1746465838.805277,TX_FRAMES,123535
1746465838.829291,img_end,3654761744
1746465838.830487,ps_take,83259
1746465838.796663,ps_take_src,83259
1746465838.831507,img_start,3654762237
1746465838.835761,FB_FRAMES,124076
1746465838.835761,SYM_FRAMES,123536
1746465838.838530,TX_FRAMES,123536
1746465838.863614,ps_take,83260
1746465838.830664,ps_take_src,83260
1746465838.863272,img_end,3654958352
1746465838.864642,img_start,3654960944
1746465838.869743,FB_FRAMES,124077
1746465838.869743,SYM_FRAMES,123537
1746465838.872448,TX_FRAMES,123537
1746465838.896984,ps_take,83261
1746465838.863785,ps_take_src,83261
1746465838.896362,img_end,3655154960
1746465838.897838,img_start,3655158065
1746465838.902824,SYM_FRAMES,123538
1746465838.902885,FB_FRAMES,124078
1746465838.905579,TX_FRAMES,123538
1746465838.929619,ps_take,83262
1746465838.897173,ps_take_src,83262
1746465838.929558,img_end,3655351568
1746465838.930682,img_start,3655352929
1746465838.936060,FB_FRAMES,124079
1746465838.936060,SYM_FRAMES,123539
1746465838.938797,TX_FRAMES,123539
1746465838.962730,ps_take,83263
1746465838.929797,ps_take_src,83263
1746465838.962442,img_end,3655548176
1746465838.963816,img_start,3655551237
1746465838.968919,FB_FRAMES,124080
1746465838.968919,SYM_FRAMES,123540
1746465838.971610,TX_FRAMES,123540
1746465838.995546,ps_take,83264
1746465838.962947,ps_take_src,83264
1746465838.995546,img_end,3655744784
1746465838.996633,img_start,3655747889
1746465839.001991,SYM_FRAMES,123541
1746465839.002053,FB_FRAMES,124081
1746465839.004747,TX_FRAMES,123541
1746465839.028347,img_end,3655941392
1746465839.030555,ps_take,83265
1746465838.995750,ps_take_src,83265
1746465839.031397,img_start,3655942153
1746465839.034838,FB_FRAMES,124082
1746465839.034838,SYM_FRAMES,123542
1746465839.037606,TX_FRAMES,123542
1746465839.063155,img_end,3656138000
1746465839.064784,ps_take,83266
1746465839.030753,ps_take_src,83266
1746465839.065850,img_start,3656140990
1746465839.069622,FB_FRAMES,124083
1746465839.069622,SYM_FRAMES,123543
1746465839.072384,TX_FRAMES,123543
1746465839.097591,ps_take,83267
1746465839.064984,ps_take_src,83267
1746465839.098645,img_start,3656337713
1746465839.104049,FB_FRAMES,124084
1746465839.104049,SYM_FRAMES,123544
1746465839.106795,TX_FRAMES,123544
1746465839.130506,ps_take,83268
1746465839.097763,ps_take_src,83268
1746465839.130364,img_end,3656531216
1746465839.131536,img_start,3656534321
1746465839.136832,FB_FRAMES,124085
1746465839.136832,SYM_FRAMES,123545
1746465839.139570,TX_FRAMES,123545
1746465839.163621,ps_take,83269
1746465839.130661,ps_take_src,83269
1746465839.163282,img_end,3656727824
1746465839.164703,img_start,3656730929
1746465839.169752,FB_FRAMES,124086
1746465839.169752,SYM_FRAMES,123546
1746465839.172508,TX_FRAMES,123546
1746465839.196872,ps_take,83270
1746465839.163827,ps_take_src,83270
1746465839.196417,img_end,3656924432
1746465839.198071,img_start,3656926790
1746465839.202911,FB_FRAMES,124087
1746465839.202911,SYM_FRAMES,123547
1746465839.205615,TX_FRAMES,123547
1746465839.230211,ps_take,83271
1746465839.197074,ps_take_src,83271
1746465839.229813,img_end,3657121040
1746465839.231264,img_start,3657123502
1746465839.236261,FB_FRAMES,124088
1746465839.236261,SYM_FRAMES,123548
1746465839.239066,TX_FRAMES,123548
1746465839.263363,ps_take,83272
1746465839.230378,ps_take_src,83272
1746465839.263022,img_end,3657317648
1746465839.264554,img_start,3657318402
1746465839.269446,SYM_FRAMES,123549
1746465839.269507,FB_FRAMES,124089
1746465839.272188,TX_FRAMES,123549
1746465839.296743,ps_take,83273
1746465839.263537,ps_take_src,83273
1746465839.296292,img_end,3657514256
1746465839.297594,img_start,3657517361
1746465839.302800,FB_FRAMES,124090
1746465839.302800,SYM_FRAMES,123550
1746465839.305508,TX_FRAMES,123550
1746465839.329606,ps_take,83274
1746465839.296934,ps_take_src,83274
1746465839.329320,img_end,3657710864
1746465839.331707,img_start,3657713969
1746465839.335783,FB_FRAMES,124091
1746465839.335783,SYM_FRAMES,123551
1746465839.338487,TX_FRAMES,123551
1746465839.363356,ps_take,83275
1746465839.330224,ps_take_src,83275
1746465839.363470,img_end,3657907472
1746465839.364771,img_start,3657907682
1746465839.369872,SYM_FRAMES,123552
1746465839.369936,FB_FRAMES,124092
1746465839.372685,TX_FRAMES,123552
1746465839.396443,ps_take,83276
1746465839.364144,ps_take_src,83276
1746465839.402972,SYM_FRAMES,123553
1746465839.403034,FB_FRAMES,124093
1746465839.405750,TX_FRAMES,123553
1746465839.429235,img_end,3658300688
1746465839.430521,ps_take,83277
1746465839.396638,ps_take_src,83277
1746465839.431360,img_start,3658303793
1746465839.435692,FB_FRAMES,124094
1746465839.435692,SYM_FRAMES,123554
1746465839.438442,TX_FRAMES,123554
1746465839.462977,ps_take,83278
1746465839.430687,ps_take_src,83278
1746465839.469518,SYM_FRAMES,123555
1746465839.469581,FB_FRAMES,124095
1746465839.472305,TX_FRAMES,123555
1746465839.495744,img_end,3658693904
1746465839.496922,ps_take,83279
1746465839.463170,ps_take_src,83279
1746465839.498093,img_start,3658696316
1746465839.502213,FB_FRAMES,124096
1746465839.502213,SYM_FRAMES,123556
1746465839.504940,TX_FRAMES,123556
1746465839.530231,ps_take,83280
1746465839.497083,ps_take_src,83280
1746465839.529834,img_end,3658890512
1746465839.531275,img_start,3658893617
1746465839.536304,FB_FRAMES,124097
1746465839.536304,SYM_FRAMES,123557
1746465839.539051,TX_FRAMES,123557
1746465839.563341,ps_take,83281
1746465839.530383,ps_take_src,83281
1746465839.563001,img_end,3659087120
1746465839.564303,img_start,3659089998
1746465839.569450,FB_FRAMES,124098
1746465839.569450,SYM_FRAMES,123558
1746465839.572245,TX_FRAMES,123558
1746465839.596156,ps_take,83282
1746465839.563511,ps_take_src,83282
1746465839.596040,img_end,3659283728
1746465839.598113,img_start,3659284405
1746465839.602483,SYM_FRAMES,123559
1746465839.602543,FB_FRAMES,124099
1746465839.605237,TX_FRAMES,123559
1746465839.630346,ps_take,83283
1746465839.596363,ps_take_src,83283
1746465839.629839,img_end,3659480336
1746465839.631501,img_start,3659483441
1746465839.636354,FB_FRAMES,124100
1746465839.636354,SYM_FRAMES,123560
1746465839.639062,TX_FRAMES,123560
1746465839.663373,ps_take,83284
1746465839.630617,ps_take_src,83284
1746465839.663201,img_end,3659676944
1746465839.664774,img_start,3659678436
1746465839.669692,FB_FRAMES,124101
1746465839.669692,SYM_FRAMES,123561
1746465839.672446,TX_FRAMES,123561
1746465839.696456,ps_take,83285
1746465839.664135,ps_take_src,83285
1746465839.702981,FB_FRAMES,124102
1746465839.702981,SYM_FRAMES,123562
1746465839.705785,TX_FRAMES,123562
1746465839.729152,img_end,3660070160
1746465839.730391,ps_take,83286
1746465839.696626,ps_take_src,83286
1746465839.731491,img_start,3660072376
1746465839.735658,FB_FRAMES,124103
1746465839.735658,SYM_FRAMES,123563
1746465839.738361,TX_FRAMES,123563
1746465839.763509,ps_take,83287
1746465839.730632,ps_take_src,83287
1746465839.763225,img_end,3660266768
1746465839.764523,img_start,3660267670
1746465839.769713,FB_FRAMES,124104
1746465839.769713,SYM_FRAMES,123564
1746465839.772434,TX_FRAMES,123564
1746465839.796903,ps_take,83288
1746465839.763676,ps_take_src,83288
1746465839.796283,img_end,3660463376
1746465839.798087,img_start,3660466481
1746465839.802720,SYM_FRAMES,123565
1746465839.802781,FB_FRAMES,124105
1746465839.805451,TX_FRAMES,123565
1746465839.830216,ps_take,83289
1746465839.797092,ps_take_src,83289
1746465839.829818,img_end,3660659984
1746465839.831065,img_start,3660663089
1746465839.836303,FB_FRAMES,124106
1746465839.836303,SYM_FRAMES,123566
1746465839.839026,TX_FRAMES,123566
1746465839.862756,ps_take,83290
1746465839.830378,ps_take_src,83290
1746465839.862756,img_end,3660856592
1746465839.863856,img_start,3660859697
1746465839.869262,FB_FRAMES,124107
1746465839.869262,SYM_FRAMES,123567
1746465839.872012,TX_FRAMES,123567
1746465839.895550,img_end,3661053200
1746465839.897070,ps_take,83291
1746465839.862944,ps_take_src,83291
1746465839.898133,img_start,3661056305
1746465839.902011,SYM_FRAMES,123568
1746465839.902072,FB_FRAMES,124108
1746465839.904819,TX_FRAMES,123568
1746465839.930511,ps_take,83292
1746465839.897254,ps_take_src,83292
1746465839.929863,img_end,3661249808
1746465839.931592,img_start,3661252913
1746465839.936318,FB_FRAMES,124109
1746465839.936318,SYM_FRAMES,123569
1746465839.939074,TX_FRAMES,123569
1746465839.963322,img_end,3661446416
1746465839.964673,ps_take,83293
1746465839.930699,ps_take_src,83293
1746465839.965738,img_start,3661447552
1746465839.969748,SYM_FRAMES,123570
1746465839.969808,FB_FRAMES,124110
1746465839.972517,TX_FRAMES,123570
1746465839.997584,ps_take,83294
1746465839.964885,ps_take_src,83294
1746465839.997468,img_end,3661643024
1746465839.998632,img_start,3661646129
1746465840.003953,FB_FRAMES,124111
1746465840.003953,SYM_FRAMES,123571
1746465840.006690,TX_FRAMES,123571
1746465840.030488,ps_take,83295
1746465839.997750,ps_take_src,83295
1746465840.030346,img_end,3661839632
1746465840.031515,img_start,3661839702
1746465840.036851,FB_FRAMES,124112
1746465840.036851,SYM_FRAMES,123572
1746465840.039536,TX_FRAMES,123572
1746465840.063652,ps_take,83296
1746465840.030668,ps_take_src,83296
1746465840.063252,img_end,3662036240
1746465840.064738,img_start,3662039345
1746465840.069765,FB_FRAMES,124113
1746465840.069765,SYM_FRAMES,123573
1746465840.072512,TX_FRAMES,123573
1746465840.096895,ps_take,83297
1746465840.063834,ps_take_src,83297
1746465840.096442,img_end,3662232848
1746465840.098145,img_start,3662235953
1746465840.102926,FB_FRAMES,124114
1746465840.102926,SYM_FRAMES,123574
1746465840.105671,TX_FRAMES,123574
1746465840.130172,ps_take,83298
1746465840.097090,ps_take_src,83298
1746465840.129888,img_end,3662429456
1746465840.131214,img_start,3662429563
1746465840.136316,FB_FRAMES,124115
1746465840.136316,SYM_FRAMES,123575
1746465840.139074,TX_FRAMES,123575
1746465840.163328,ps_take,83299
1746465840.130371,ps_take_src,83299
1746465840.162987,img_end,3662626064
1746465840.164577,img_start,3662628389
1746465840.169440,FB_FRAMES,124116
1746465840.169440,SYM_FRAMES,123576
1746465840.172213,TX_FRAMES,123576
1746465840.196745,ps_take,83300
1746465840.163517,ps_take_src,83300
1746465840.196292,img_end,3662822672
1746465840.197825,img_start,3662825777
1746465840.202754,SYM_FRAMES,123577
1746465840.202815,FB_FRAMES,124117
1746465840.205520,TX_FRAMES,123577
1746465840.230379,ps_take,83301
1746465840.196940,ps_take_src,83301
1746465840.229540,img_end,3663019280
1746465840.231468,img_start,3663020867
1746465840.236037,FB_FRAMES,124118
1746465840.236037,SYM_FRAMES,123578
1746465840.238791,TX_FRAMES,123578
1746465840.263276,ps_take,83302
1746465840.230606,ps_take_src,83302
1746465840.263215,img_end,3663215888
1746465840.264732,img_start,3663218993
1746465840.269670,FB_FRAMES,124119
1746465840.269670,SYM_FRAMES,123579
1746465840.272416,TX_FRAMES,123579
1746465840.296430,ps_take,83303
1746465840.264062,ps_take_src,83303
1746465840.296430,img_end,3663412496
1746465840.297520,img_start,3663415601
1746465840.302927,FB_FRAMES,124120
1746465840.302927,SYM_FRAMES,123580
1746465840.305624,TX_FRAMES,123580
1746465840.329221,img_end,3663609104
1746465840.330489,ps_take,83304
1746465840.296626,ps_take_src,83304
1746465840.331500,img_start,3663609812
1746465840.335683,FB_FRAMES,124121
1746465840.335683,SYM_FRAMES,123581
1746465840.338469,TX_FRAMES,123581
1746465840.363653,ps_take,83305
1746465840.330664,ps_take_src,83305
1746465840.363257,img_end,3663805712
1746465840.364447,img_start,3663806846
1746465840.369729,FB_FRAMES,124122
1746465840.369729,SYM_FRAMES,123582
1746465840.372437,TX_FRAMES,123582
1746465840.396927,ps_take,83306
1746465840.363815,ps_take_src,83306
1746465840.396197,img_end,3664002320
1746465840.398105,img_start,3664004138
1746465840.402647,FB_FRAMES,124123
1746465840.402647,SYM_FRAMES,123583
1746465840.405420,TX_FRAMES,123583
1746465840.430168,ps_take,83307
1746465840.397112,ps_take_src,83307
1746465840.429827,img_end,3664198928
1746465840.431218,img_start,3664199341
1746465840.436316,FB_FRAMES,124124
1746465840.436316,SYM_FRAMES,123584
1746465840.439082,TX_FRAMES,123584
1746465840.463357,ps_take,83308
1746465840.430353,ps_take_src,83308
1746465840.462958,img_end,3664395536
1746465840.464546,img_start,3664396583
1746465840.469412,SYM_FRAMES,123585
1746465840.469474,FB_FRAMES,124125
1746465840.472206,TX_FRAMES,123585
1746465840.496729,ps_take,83309
1746465840.463526,ps_take_src,83309
1746465840.496276,img_end,3664592144
1746465840.497583,img_start,3664595249
1746465840.502748,FB_FRAMES,124126
1746465840.502748,SYM_FRAMES,123586
1746465840.505504,TX_FRAMES,123586
1746465840.529299,img_end,3664788752
1746465840.530457,ps_take,83310
1746465840.496912,ps_take_src,83310
1746465840.531469,img_start,3664790199
1746465840.535751,FB_FRAMES,124127
1746465840.535751,SYM_FRAMES,123587
1746465840.538483,TX_FRAMES,123587
1746465840.563303,ps_take,83311
1746465840.530608,ps_take_src,83311
1746465840.563186,img_end,3664985360
1746465840.565277,img_start,3664988465
1746465840.569683,FB_FRAMES,124128
1746465840.569683,SYM_FRAMES,123588
1746465840.572458,TX_FRAMES,123588
1746465840.597064,ps_take,83312
1746465840.563709,ps_take_src,83312
1746465840.597004,img_end,3665181968
1746465840.598090,img_start,3665182368
1746465840.603469,FB_FRAMES,124129
1746465840.603469,SYM_FRAMES,123589
1746465840.606241,TX_FRAMES,123589
1746465840.630482,ps_take,83313
1746465840.597226,ps_take_src,83313
1746465840.629830,img_end,3665378576
1746465840.631502,img_start,3665380233
1746465840.636318,FB_FRAMES,124130
1746465840.636318,SYM_FRAMES,123590
1746465840.639042,TX_FRAMES,123590
1746465840.663625,ps_take,83314
1746465840.630656,ps_take_src,83314
1746465840.663227,img_end,3665575184
1746465840.664650,img_start,3665576920
1746465840.669693,SYM_FRAMES,123591
1746465840.669755,FB_FRAMES,124131
1746465840.672491,TX_FRAMES,123591
1746465840.696891,ps_take,83315
1746465840.663785,ps_take_src,83315
1746465840.696382,img_end,3665771792
1746465840.697915,img_start,3665773605
1746465840.702882,FB_FRAMES,124132
1746465840.702882,SYM_FRAMES,123592
1746465840.705631,TX_FRAMES,123592
1746465840.729594,ps_take,83316
1746465840.697057,ps_take_src,83316
1746465840.736143,FB_FRAMES,124133
1746465840.736143,SYM_FRAMES,123593
1746465840.738843,TX_FRAMES,123593
1746465840.762714,ps_take,83317
1746465840.729803,ps_take_src,83317
1746465840.762425,img_end,3666165008
1746465840.763561,img_start,3666167152
1746465840.768868,SYM_FRAMES,123594
1746465840.768929,FB_FRAMES,124134
1746465840.771626,TX_FRAMES,123594
1746465840.795593,ps_take,83318
1746465840.762917,ps_take_src,83318
1746465840.795306,img_end,3666361616
1746465840.798125,img_start,3666363250
1746465840.801778,FB_FRAMES,124135
1746465840.801778,SYM_FRAMES,123595
1746465840.804483,TX_FRAMES,123595
1746465840.830545,ps_take,83319
1746465840.795779,ps_take_src,83319
1746465840.829845,img_end,3666558224
1746465840.831568,img_start,3666559789
1746465840.836313,SYM_FRAMES,123596
1746465840.836377,FB_FRAMES,124136
1746465840.839052,TX_FRAMES,123596
1746465840.863338,ps_take,83320
1746465840.830709,ps_take_src,83320
1746465840.864367,img_start,3666755433
1746465840.869770,FB_FRAMES,124137
1746465840.869770,SYM_FRAMES,123597
1746465840.872500,TX_FRAMES,123597
1746465840.896513,ps_take,83321
1746465840.863512,ps_take_src,83321
1746465840.896119,img_end,3666951440
1746465840.898246,img_start,3666954545
1746465840.902577,FB_FRAMES,124138
1746465840.902577,SYM_FRAMES,123598
1746465840.905382,TX_FRAMES,123598
1746465840.930380,ps_take,83322
1746465840.896690,ps_take_src,83322
1746465840.929985,img_end,3667148048
1746465840.931471,img_start,3667150585
1746465840.936431,FB_FRAMES,124139
1746465840.936431,SYM_FRAMES,123599
1746465840.939178,TX_FRAMES,123599
1746465840.963605,ps_take,83323
1746465840.930602,ps_take_src,83323
1746465840.963210,img_end,3667344656
1746465840.964684,img_start,3667347473
1746465840.969699,FB_FRAMES,124140
1746465840.969699,SYM_FRAMES,123600
1746465840.972383,TX_FRAMES,123600
1746465840.996971,ps_take,83324
1746465840.963816,ps_take_src,83324
1746465840.996411,img_end,3667541264
1746465840.998152,img_start,3667544369
1746465841.002896,FB_FRAMES,124141
1746465841.002896,SYM_FRAMES,123601
1746465841.005644,TX_FRAMES,123601
1746465841.030194,ps_take,83325
1746465840.997146,ps_take_src,83325
1746465841.029855,img_end,3667737872
1746465841.031296,img_start,3667740977
1746465841.036360,FB_FRAMES,124142
1746465841.036360,SYM_FRAMES,123602
1746465841.039083,TX_FRAMES,123602
1746465841.063344,ps_take,83326
1746465841.030409,ps_take_src,83326
1746465841.063005,img_end,3667934480
1746465841.064567,img_start,3667937186
1746465841.069485,FB_FRAMES,124143
1746465841.069485,SYM_FRAMES,123603
1746465841.072185,TX_FRAMES,123603
1746465841.096776,ps_take,83327
1746465841.063504,ps_take_src,83327
1746465841.096323,img_end,3668131088
1746465841.097835,img_start,3668134193
1746465841.102747,SYM_FRAMES,123604
1746465841.102808,FB_FRAMES,124144
1746465841.105559,TX_FRAMES,123604
1746465841.130390,ps_take,83328
1746465841.096953,ps_take_src,83328
1746465841.129549,img_end,3668327696
1746465841.131485,img_start,3668330801
1746465841.136048,FB_FRAMES,124145
1746465841.136048,SYM_FRAMES,123605
1746465841.138746,TX_FRAMES,123605
1746465841.163292,ps_take,83329
1746465841.130614,ps_take_src,83329
1746465841.163176,img_end,3668524304
1746465841.164865,img_start,3668524423
1746465841.169690,FB_FRAMES,124146
1746465841.169690,SYM_FRAMES,123606
1746465841.172434,TX_FRAMES,123606
1746465841.197028,ps_take,83330
1746465841.164236,ps_take_src,83330
1746465841.196630,img_end,3668720912
1746465841.198694,img_start,3668721728
1746465841.203077,FB_FRAMES,124147
1746465841.203077,SYM_FRAMES,123607
1746465841.205881,TX_FRAMES,123607
1746465841.230451,ps_take,83331
1746465841.197898,ps_take_src,83331
1746465841.230451,img_end,3668917520
1746465841.231536,img_start,3668920625
1746465841.236889,SYM_FRAMES,123608
1746465841.236949,FB_FRAMES,124148
1746465841.239692,TX_FRAMES,123608
1746465841.263598,ps_take,83332
1746465841.230664,ps_take_src,83332
1746465841.263258,img_end,3669114128
1746465841.264677,img_start,3669117233
1746465841.269737,FB_FRAMES,124149
1746465841.269737,SYM_FRAMES,123609
1746465841.272480,TX_FRAMES,123609
1746465841.296941,ps_take,83333
1746465841.263791,ps_take_src,83333
1746465841.296380,img_end,3669310736
1746465841.298126,img_start,3669313841
1746465841.302866,FB_FRAMES,124150
1746465841.302866,SYM_FRAMES,123610
1746465841.305571,TX_FRAMES,123610
1746465841.330176,ps_take,83334
1746465841.297130,ps_take_src,83334
1746465841.329835,img_end,3669507344
1746465841.331269,img_start,3669510449
1746465841.336343,FB_FRAMES,124151
1746465841.336343,SYM_FRAMES,123611
1746465841.339060,TX_FRAMES,123611
1746465841.363337,ps_take,83335
1746465841.330362,ps_take_src,83335
1746465841.362994,img_end,3669703952
1746465841.364585,img_start,3669704274
1746465841.369423,SYM_FRAMES,123612
1746465841.369484,FB_FRAMES,124152
1746465841.372201,TX_FRAMES,123612
1746465841.396759,ps_take,83336
1746465841.363537,ps_take_src,83336
1746465841.396364,img_end,3669900560
1746465841.397808,img_start,3669903665
1746465841.402781,SYM_FRAMES,123613
1746465841.402841,FB_FRAMES,124153
1746465841.405525,TX_FRAMES,123613
1746465841.430356,ps_take,83337
1746465841.396932,ps_take_src,83337
1746465841.429512,img_end,3670097168
1746465841.431254,img_start,3670100273
1746465841.435985,FB_FRAMES,124154
1746465841.435985,SYM_FRAMES,123614
1746465841.438790,TX_FRAMES,123614
1746465841.463371,ps_take,83338
1746465841.430577,ps_take_src,83338
1746465841.462975,img_end,3670293776
1746465841.465055,img_start,3670296881
1746465841.469428,FB_FRAMES,124155
1746465841.469428,SYM_FRAMES,123615
1746465841.472215,TX_FRAMES,123615
1746465841.497038,ps_take,83339
1746465841.464147,ps_take_src,83339
1746465841.496752,img_end,3670490384
1746465841.498069,img_start,3670492107
1746465841.503232,FB_FRAMES,124156
1746465841.503232,SYM_FRAMES,123616
1746465841.505957,TX_FRAMES,123616
1746465841.530450,ps_take,83340
1746465841.497194,ps_take_src,83340
1746465841.529805,img_end,3670686992
1746465841.531470,img_start,3670688646
1746465841.536277,FB_FRAMES,124157
1746465841.536277,SYM_FRAMES,123617
1746465841.539043,TX_FRAMES,123617
1746465841.563614,ps_take,83341
1746465841.530621,ps_take_src,83341
1746465841.563217,img_end,3670883600
1746465841.564468,img_start,3670886705
1746465841.569700,FB_FRAMES,124158
1746465841.569700,SYM_FRAMES,123618
1746465841.572425,TX_FRAMES,123618
1746465841.596898,ps_take,83342
1746465841.563796,ps_take_src,83342
1746465841.596163,img_end,3671080208
1746465841.598076,img_start,3671081143
1746465841.602669,FB_FRAMES,124159
1746465841.602669,SYM_FRAMES,123619
1746465841.605394,TX_FRAMES,123619
1746465841.630209,ps_take,83343
1746465841.597097,ps_take_src,83343
1746465841.629813,img_end,3671276816
1746465841.631254,img_start,3671277271
1746465841.636294,FB_FRAMES,124160
1746465841.636294,SYM_FRAMES,123620
1746465841.639039,TX_FRAMES,123620
1746465841.663315,ps_take,83344
1746465841.630426,ps_take_src,83344
1746465841.663029,img_end,3671473424
1746465841.664566,img_start,3671473922
1746465841.669482,FB_FRAMES,124161
1746465841.669482,SYM_FRAMES,123621
1746465841.672266,TX_FRAMES,123621
1746465841.696771,ps_take,83345
1746465841.663492,ps_take_src,83345
1746465841.696320,img_end,3671670032
1746465841.697790,img_start,3671672102
1746465841.702804,FB_FRAMES,124162
1746465841.702804,SYM_FRAMES,123622
1746465841.705501,TX_FRAMES,123622
1746465841.729619,ps_take,83346
1746465841.696936,ps_take_src,83346
1746465841.729504,img_end,3671866640
1746465841.731739,img_start,3671868727
1746465841.735977,FB_FRAMES,124163
1746465841.735977,SYM_FRAMES,123623
1746465841.738781,TX_FRAMES,123623
1746465841.763935,ps_take,83347
1746465841.730203,ps_take_src,83347
1746465841.763484,img_end,3672063248
1746465841.765067,img_start,3672066008
1746465841.769924,SYM_FRAMES,123624
1746465841.769985,FB_FRAMES,124164
1746465841.772727,TX_FRAMES,123624
1746465841.797022,ps_take,83348
1746465841.764172,ps_take_src,83348
1746465841.796794,img_end,3672259856
1746465841.798057,img_start,3672260028
1746465841.803262,FB_FRAMES,124165
1746465841.803262,SYM_FRAMES,123625
1746465841.806046,TX_FRAMES,123625
1746465841.830520,ps_take,83349
1746465841.797206,ps_take_src,83349
1746465841.829816,img_end,3672456464
1746465841.831539,img_start,3672457238
1746465841.836269,FB_FRAMES,124166
1746465841.836269,SYM_FRAMES,123626
1746465841.839034,TX_FRAMES,123626
1746465841.863627,ps_take,83350
1746465841.830689,ps_take_src,83350
1746465841.863286,img_end,3672653072
1746465841.864649,img_start,3672653533
1746465841.869734,SYM_FRAMES,123627
1746465841.869798,FB_FRAMES,124167
1746465841.872553,TX_FRAMES,123627
1746465841.896922,ps_take,83351
1746465841.863796,ps_take_src,83351
1746465841.896413,img_end,3672849680
1746465841.898113,img_start,3672852785
1746465841.902879,FB_FRAMES,124168
1746465841.902879,SYM_FRAMES,123628
1746465841.905615,TX_FRAMES,123628
1746465841.930166,ps_take,83352
1746465841.897094,ps_take_src,83352
1746465841.929825,img_end,3673046288
1746465841.931214,img_start,3673047019
1746465841.936309,FB_FRAMES,124169
1746465841.936309,SYM_FRAMES,123629
1746465841.939077,TX_FRAMES,123629
1746465841.963338,ps_take,83353
1746465841.930354,ps_take_src,83353
1746465841.962940,img_end,3673242896
1746465841.964591,img_start,3673246001
1746465841.969435,FB_FRAMES,124170
1746465841.969435,SYM_FRAMES,123630
1746465841.972193,TX_FRAMES,123630
1746465841.996756,ps_take,83354
1746465841.963531,ps_take_src,83354
1746465841.996303,img_end,3673439504
1746465841.997780,img_start,3673441504
1746465842.002780,FB_FRAMES,124171
1746465842.002780,SYM_FRAMES,123631
1746465842.005521,TX_FRAMES,123631
1746465842.030513,ps_take,83355
1746465841.996933,ps_take_src,83355
1746465842.029530,img_end,3673636112
1746465842.031579,img_start,3673639217
1746465842.036001,FB_FRAMES,124172
1746465842.036001,SYM_FRAMES,123632
1746465842.038757,TX_FRAMES,123632
1746465842.063271,img_end,3673832720
1746465842.064667,ps_take,83356
1746465842.030699,ps_take_src,83356
1746465842.065675,img_start,3673833086
1746465842.069732,SYM_FRAMES,123633
1746465842.069795,FB_FRAMES,124173
1746465842.072528,TX_FRAMES,123633
1746465842.097639,ps_take,83357
1746465842.064827,ps_take_src,83357
1746465842.097411,img_end,3674029328
1746465842.098687,img_start,3674030631
1746465842.103905,FB_FRAMES,124174
1746465842.103905,SYM_FRAMES,123634
1746465842.106623,TX_FRAMES,123634
1746465842.130455,ps_take,83358
1746465842.097821,ps_take_src,83358
1746465842.131483,img_start,3674226009
1746465842.136912,FB_FRAMES,124175
1746465842.136912,SYM_FRAMES,123635
1746465842.139636,TX_FRAMES,123635
1746465842.163492,ps_take,83359
1746465842.130659,ps_take_src,83359
1746465842.163264,img_end,3674422544
1746465842.164567,img_start,3674425649
1746465842.169686,SYM_FRAMES,123636
1746465842.169747,FB_FRAMES,124176
1746465842.172489,TX_FRAMES,123636
1746465842.196941,ps_take,83360
1746465842.163696,ps_take_src,83360
1746465842.196268,img_end,3674619152
1746465842.198123,img_start,3674622257
1746465842.202751,FB_FRAMES,124177
1746465842.202751,SYM_FRAMES,123637
1746465842.205493,TX_FRAMES,123637
1746465842.230217,ps_take,83361
1746465842.197107,ps_take_src,83361
1746465842.229824,img_end,3674815760
1746465842.231259,img_start,3674816974
1746465842.236310,FB_FRAMES,124178
1746465842.236310,SYM_FRAMES,123638
1746465842.239076,TX_FRAMES,123638
1746465842.263323,ps_take,83362
1746465842.230388,ps_take_src,83362
1746465842.262984,img_end,3675012368
1746465842.264563,img_start,3675012921
1746465842.269497,FB_FRAMES,124179
1746465842.269497,SYM_FRAMES,123639
1746465842.272206,TX_FRAMES,123639
1746465842.296767,ps_take,83363
1746465842.263499,ps_take_src,83363
1746465842.296316,img_end,3675208976
1746465842.297787,img_start,3675211921
1746465842.302759,SYM_FRAMES,123640
1746465842.302819,FB_FRAMES,124180
1746465842.305518,TX_FRAMES,123640
1746465842.329494,img_end,3675405584
1746465842.330525,ps_take,83364
1746465842.296935,ps_take_src,83364
1746465842.331591,img_start,3675408689
1746465842.336010,FB_FRAMES,124181
1746465842.336010,SYM_FRAMES,123641
1746465842.338709,TX_FRAMES,123641
1746465842.363414,ps_take,83365
1746465842.330716,ps_take_src,83365
1746465842.369751,SYM_FRAMES,123642
1746465842.369815,FB_FRAMES,124182
1746465842.372553,TX_FRAMES,123642
1746465842.396512,ps_take,83366
1746465842.363574,ps_take_src,83366
1746465842.395939,img_end,3675798800
1746465842.397532,img_start,3675800355
1746465842.402406,FB_FRAMES,124183
1746465842.402406,SYM_FRAMES,123643
1746465842.405184,TX_FRAMES,123643
1746465842.429265,ps_take,83367
1746465842.396669,ps_take_src,83367
1746465842.429265,img_end,3675995408
1746465842.431389,img_start,3675998306
1746465842.435744,FB_FRAMES,124184
1746465842.435744,SYM_FRAMES,123644
1746465842.438466,TX_FRAMES,123644
1746465842.463041,ps_take,83368
1746465842.430726,ps_take_src,83368
1746465842.469568,SYM_FRAMES,123645
1746465842.469631,FB_FRAMES,124185
1746465842.472339,TX_FRAMES,123645
1746465842.495803,img_end,3676388624
1746465842.496929,ps_take,83369
1746465842.463233,ps_take_src,83369
1746465842.497768,img_start,3676388774
1746465842.502293,FB_FRAMES,124186
1746465842.502293,SYM_FRAMES,123646
1746465842.505038,TX_FRAMES,123646
1746465842.529572,ps_take,83370
1746465842.497131,ps_take_src,83370
1746465842.529513,img_end,3676585232
1746465842.530683,img_start,3676588337
1746465842.535969,SYM_FRAMES,123647
1746465842.536031,FB_FRAMES,124187
1746465842.538723,TX_FRAMES,123647
1746465842.562737,ps_take,83371
1746465842.529770,ps_take_src,83371
1746465842.562367,img_end,3676781840
1746465842.563754,img_start,3676782271
1746465842.568883,FB_FRAMES,124188
1746465842.568883,SYM_FRAMES,123648
1746465842.571612,TX_FRAMES,123648
1746465842.595585,ps_take,83372
1746465842.562908,ps_take_src,83372
1746465842.595525,img_end,3676978448
1746465842.596621,img_start,3676978829
1746465842.602001,FB_FRAMES,124189
1746465842.602001,SYM_FRAMES,123649
1746465842.604750,TX_FRAMES,123649
1746465842.628397,img_end,3677175056
1746465842.630355,ps_take,83373
1746465842.595771,ps_take_src,83373
1746465842.631503,img_start,3677176146
1746465842.634857,FB_FRAMES,124190
1746465842.634857,SYM_FRAMES,123650
1746465842.637625,TX_FRAMES,123650
1746465842.663377,ps_take,83374
1746465842.630660,ps_take_src,83374
1746465842.663260,img_end,3677371664
1746465842.664835,img_start,3677374769
1746465842.669697,SYM_FRAMES,123651
1746465842.669757,FB_FRAMES,124191
1746465842.672442,TX_FRAMES,123651
1746465842.697043,ps_take,83375
1746465842.664166,ps_take_src,83375
1746465842.696533,img_end,3677568272
1746465842.698095,img_start,3677569782
1746465842.703032,FB_FRAMES,124192
1746465842.703032,SYM_FRAMES,123652
1746465842.705737,TX_FRAMES,123652
1746465842.730464,ps_take,83376
1746465842.697229,ps_take_src,83376
1746465842.729822,img_end,3677764880
1746465842.731543,img_start,3677765883
1746465842.736295,FB_FRAMES,124193
1746465842.736295,SYM_FRAMES,123653
1746465842.739059,TX_FRAMES,123653
1746465842.763653,ps_take,83377
1746465842.730674,ps_take_src,83377
1746465842.763311,img_end,3677961488
1746465842.764675,img_start,3677962296
1746465842.769746,FB_FRAMES,124194
1746465842.769746,SYM_FRAMES,123654
1746465842.772494,TX_FRAMES,123654
1746465842.796891,ps_take,83378
1746465842.763827,ps_take_src,83378
1746465842.796435,img_end,3678158096
1746465842.798089,img_start,3678160695
1746465842.802912,FB_FRAMES,124195
1746465842.802912,SYM_FRAMES,123655
1746465842.805666,TX_FRAMES,123655
1746465842.830209,ps_take,83379
1746465842.797086,ps_take_src,83379
1746465842.829815,img_end,3678354704
1746465842.831267,img_start,3678357809
1746465842.836298,FB_FRAMES,124196
1746465842.836298,SYM_FRAMES,123656
1746465842.839010,TX_FRAMES,123656
1746465842.863336,ps_take,83380
1746465842.830376,ps_take_src,83380
1746465842.862996,img_end,3678551312
1746465842.864588,img_start,3678554417
1746465842.869446,FB_FRAMES,124197
1746465842.869446,SYM_FRAMES,123657
1746465842.872251,TX_FRAMES,123657
1746465842.896776,ps_take,83381
1746465842.863499,ps_take_src,83381
1746465842.896322,img_end,3678747920
1746465842.897855,img_start,3678751025
1746465842.902795,FB_FRAMES,124198
1746465842.902795,SYM_FRAMES,123658
1746465842.905552,TX_FRAMES,123658
1746465842.930448,ps_take,83382
1746465842.896958,ps_take_src,83382
1746465842.929579,img_end,3678944528
1746465842.931463,img_start,3678945273
1746465842.936067,FB_FRAMES,124199
1746465842.936067,SYM_FRAMES,123659
1746465842.938784,TX_FRAMES,123659
1746465842.963331,ps_take,83383
1746465842.930617,ps_take_src,83383
1746465842.963215,img_end,3679141136
1746465842.964741,img_start,3679141622
1746465842.969671,FB_FRAMES,124200
1746465842.969671,SYM_FRAMES,123660
1746465842.972468,TX_FRAMES,123660
1746465842.996484,ps_take,83384
1746465842.964113,ps_take_src,83384
1746465842.997512,img_start,3679339139
1746465843.002976,FB_FRAMES,124201
1746465843.002976,SYM_FRAMES,123661
1746465843.005740,TX_FRAMES,123661
1746465843.029249,img_end,3679534352
1746465843.030514,ps_take,83385
1746465842.996655,ps_take_src,83385
1746465843.031327,img_start,3679535217
1746465843.035725,FB_FRAMES,124202
1746465843.035725,SYM_FRAMES,123662
1746465843.038447,TX_FRAMES,123662
1746465843.063054,ps_take,83386
1746465843.030691,ps_take_src,83386
1746465843.064092,img_start,3679731666
1746465843.069542,FB_FRAMES,124203
1746465843.069542,SYM_FRAMES,123663
1746465843.072337,TX_FRAMES,123663
1746465843.095827,img_end,3679927568
1746465843.096897,ps_take,83387
1746465843.063225,ps_take_src,83387
1746465843.098071,img_start,3679928368
1746465843.102312,FB_FRAMES,124204
1746465843.102312,SYM_FRAMES,123664
1746465843.105046,TX_FRAMES,123664
1746465843.130205,ps_take,83388
1746465843.097088,ps_take_src,83388
1746465843.129806,img_end,3680124176
1746465843.131255,img_start,3680127236
1746465843.136304,FB_FRAMES,124205
1746465843.136304,SYM_FRAMES,123665
1746465843.139069,TX_FRAMES,123665
1746465843.163306,ps_take,83389
1746465843.130389,ps_take_src,83389
1746465843.162966,img_end,3680320784
1746465843.164271,img_start,3680320936
1746465843.169476,FB_FRAMES,124206
1746465843.169476,SYM_FRAMES,123666
1746465843.172207,TX_FRAMES,123666
1746465843.196158,ps_take,83390
1746465843.163508,ps_take_src,83390
1746465843.196041,img_end,3680517392
1746465843.198184,img_start,3680520497
1746465843.202482,FB_FRAMES,124207
1746465843.202482,SYM_FRAMES,123667
1746465843.205282,TX_FRAMES,123667
1746465843.230365,ps_take,83391
1746465843.196350,ps_take_src,83391
1746465843.229912,img_end,3680714000
1746465843.231459,img_start,3680717105
1746465843.236351,SYM_FRAMES,123668
1746465843.236412,FB_FRAMES,124208
1746465843.239101,TX_FRAMES,123668
1746465843.263338,ps_take,83392
1746465843.230584,ps_take_src,83392
1746465843.263165,img_end,3680910608
1746465843.264756,img_start,3680912081
1746465843.269679,FB_FRAMES,124209
1746465843.269679,SYM_FRAMES,123669
1746465843.272367,TX_FRAMES,123669
1746465843.296451,ps_take,83393
1746465843.264105,ps_take_src,83393
1746465843.302955,FB_FRAMES,124210
1746465843.302955,SYM_FRAMES,123670
1746465843.305763,TX_FRAMES,123670
1746465843.329227,img_end,3681303824
1746465843.330601,ps_take,83394
1746465843.296655,ps_take_src,83394
1746465843.331670,img_start,3681306929
1746465843.335746,FB_FRAMES,124211
1746465843.335746,SYM_FRAMES,123671
1746465843.338461,TX_FRAMES,123671
1746465843.363645,ps_take,83395
1746465843.330796,ps_take_src,83395
1746465843.363415,img_end,3681500432
1746465843.364669,img_start,3681501738
1746465843.369859,FB_FRAMES,124212
1746465843.369859,SYM_FRAMES,123672
1746465843.372599,TX_FRAMES,123672
1746465843.396951,ps_take,83396
1746465843.363824,ps_take_src,83396
1746465843.396390,img_end,3681697040
1746465843.398135,img_start,3681700145
1746465843.402883,FB_FRAMES,124213
1746465843.402883,SYM_FRAMES,123673
1746465843.405657,TX_FRAMES,123673
1746465843.430181,ps_take,83397
1746465843.397134,ps_take_src,83397
1746465843.429842,img_end,3681893648
1746465843.431057,img_start,3681896753
1746465843.436313,FB_FRAMES,124214
1746465843.436313,SYM_FRAMES,123674
1746465843.439052,TX_FRAMES,123674
1746465843.462759,ps_take,83398
1746465843.430380,ps_take_src,83398
1746465843.462759,img_end,3682090256
1746465843.463843,img_start,3682093361
1746465843.469244,FB_FRAMES,124215
1746465843.469244,SYM_FRAMES,123675
1746465843.472003,TX_FRAMES,123675
1746465843.495570,ps_take,83399
1746465843.462945,ps_take_src,83399
1746465843.495570,img_end,3682286864
1746465843.496661,img_start,3682289637
1746465843.502037,FB_FRAMES,124216
1746465843.502037,SYM_FRAMES,123676
1746465843.504788,TX_FRAMES,123676
1746465843.528385,img_end,3682483472
1746465843.530390,ps_take,83400
1746465843.495777,ps_take_src,83400
1746465843.531536,img_start,3682486577
1746465843.534849,FB_FRAMES,124217
1746465843.534849,SYM_FRAMES,123677
1746465843.537605,TX_FRAMES,123677
1746465843.563390,ps_take,83401
1746465843.530640,ps_take_src,83401
1746465843.563274,img_end,3682680080
1746465843.564823,img_start,3682683185
1746465843.569687,SYM_FRAMES,123678
1746465843.569748,FB_FRAMES,124218
1746465843.572437,TX_FRAMES,123678
1746465843.597044,ps_take,83402
1746465843.564162,ps_take_src,83402
1746465843.596535,img_end,3682876688
1746465843.598065,img_start,3682877688
1746465843.603009,FB_FRAMES,124219
1746465843.603009,SYM_FRAMES,123679
1746465843.605762,TX_FRAMES,123679
1746465843.630439,ps_take,83403
1746465843.597214,ps_take_src,83403
1746465843.629796,img_end,3683073296
1746465843.631460,img_start,3683075140
1746465843.636285,FB_FRAMES,124220
1746465843.636285,SYM_FRAMES,123680
1746465843.639031,TX_FRAMES,123680
1746465843.663514,ps_take,83404
1746465843.630607,ps_take_src,83404
1746465843.663227,img_end,3683269904
1746465843.664539,img_start,3683270021
1746465843.669697,FB_FRAMES,124221
1746465843.669697,SYM_FRAMES,123681
1746465843.672449,TX_FRAMES,123681
1746465843.696923,ps_take,83405
1746465843.663706,ps_take_src,83405
1746465843.696304,img_end,3683466512
1746465843.698139,img_start,3683469617
1746465843.702757,FB_FRAMES,124222
1746465843.702757,SYM_FRAMES,123682
1746465843.705534,TX_FRAMES,123682
1746465843.730172,ps_take,83406
1746465843.697106,ps_take_src,83406
1746465843.729832,img_end,3683663120
1746465843.731222,img_start,3683663364
1746465843.736314,FB_FRAMES,124223
1746465843.736314,SYM_FRAMES,123683
1746465843.739048,TX_FRAMES,123683
1746465843.763333,ps_take,83407
1746465843.730370,ps_take_src,83407
1746465843.762991,img_end,3683859728
1746465843.764580,img_start,3683861601
1746465843.769422,SYM_FRAMES,123684
1746465843.769483,FB_FRAMES,124224
1746465843.772213,TX_FRAMES,123684
1746465843.796766,ps_take,83408
1746465843.763509,ps_take_src,83408
1746465843.796312,img_end,3684056336
1746465843.797792,img_start,3684059441
1746465843.802812,FB_FRAMES,124225
1746465843.802812,SYM_FRAMES,123685
1746465843.805524,TX_FRAMES,123685
1746465843.829498,img_end,3684252944
1746465843.830534,ps_take,83409
1746465843.796934,ps_take_src,83409
1746465843.831380,img_start,3684256049
1746465843.835969,FB_FRAMES,124226
1746465843.835969,SYM_FRAMES,123686
1746465843.838766,TX_FRAMES,123686
1746465843.863126,img_end,3684449552
1746465843.865045,ps_take,83410
1746465843.830718,ps_take_src,83410
1746465843.866220,img_start,3684451803
1746465843.869593,FB_FRAMES,124227
1746465843.869593,SYM_FRAMES,123687
1746465843.872325,TX_FRAMES,123687
1746465843.898179,ps_take,83411
1746465843.865231,ps_take_src,83411
1746465843.897950,img_end,3684646160
1746465843.899233,img_start,3684646762
1746465843.904447,FB_FRAMES,124228
1746465843.904447,SYM_FRAMES,123688
1746465843.907173,TX_FRAMES,123688
1746465843.930999,ps_take,83412
1746465843.898366,ps_take_src,83412
1746465843.930999,img_end,3684842768
1746465843.932249,img_start,3684844364
1746465843.937456,FB_FRAMES,124229
1746465843.937456,SYM_FRAMES,123689
1746465843.940231,TX_FRAMES,123689
1746465843.964217,ps_take,83413
1746465843.931200,ps_take_src,83413
1746465843.965007,img_start,3685039815
1746465843.970453,FB_FRAMES,124230
1746465843.970453,SYM_FRAMES,123690
1746465843.973174,TX_FRAMES,123690
1746465843.996926,ps_take,83414
1746465843.964387,ps_take_src,83414
1746465843.996752,img_end,3685235984
1746465843.998123,img_start,3685238092
1746465844.003247,FB_FRAMES,124231
1746465844.003247,SYM_FRAMES,123691
1746465844.006009,TX_FRAMES,123691
1746465844.030197,ps_take,83415
1746465843.997126,ps_take_src,83415
1746465844.029857,img_end,3685432592
1746465844.031248,img_start,3685434099
1746465844.036324,FB_FRAMES,124232
1746465844.036324,SYM_FRAMES,123692
1746465844.039119,TX_FRAMES,123692
1746465844.063366,ps_take,83416
1746465844.030369,ps_take_src,83416
1746465844.062968,img_end,3685629200
1746465844.064562,img_start,3685630270
1746465844.069447,FB_FRAMES,124233
1746465844.069447,SYM_FRAMES,123693
1746465844.072186,TX_FRAMES,123693
1746465844.096763,ps_take,83417
1746465844.063527,ps_take_src,83417
1746465844.096308,img_end,3685825808
1746465844.097564,img_start,3685827363
1746465844.102757,SYM_FRAMES,123694
1746465844.102819,FB_FRAMES,124234
1746465844.105543,TX_FRAMES,123694
1746465844.129319,img_end,3686022416
1746465844.130551,ps_take,83418
1746465844.096925,ps_take_src,83418
1746465844.131568,img_start,3686022729
1746465844.135760,FB_FRAMES,124235
1746465844.135760,SYM_FRAMES,123695
1746465844.138514,TX_FRAMES,123695
1746465844.163322,img_end,3686219024
1746465844.164737,ps_take,83419
1746465844.130740,ps_take_src,83419
1746465844.165801,img_start,3686222129
1746465844.169781,FB_FRAMES,124236
1746465844.169781,SYM_FRAMES,123696
1746465844.172575,TX_FRAMES,123696
1746465844.197579,ps_take,83420
1746465844.164925,ps_take_src,83420
1746465844.197518,img_end,3686415632
1746465844.198607,img_start,3686418469
1746465844.203964,SYM_FRAMES,123697
1746465844.204026,FB_FRAMES,124237
1746465844.206703,TX_FRAMES,123697
1746465844.230417,ps_take,83421
1746465844.197744,ps_take_src,83421
1746465844.236823,FB_FRAMES,124238
1746465844.236823,SYM_FRAMES,123698
1746465844.239574,TX_FRAMES,123698
1746465844.263036,ps_take,83422
1746465844.230623,ps_take_src,83422
1746465844.264067,img_start,3686808920
1746465844.269471,FB_FRAMES,124239
1746465844.269471,SYM_FRAMES,123699
1746465844.272238,TX_FRAMES,123699
1746465844.295808,img_end,3687005456
1746465844.296888,ps_take,83423
1746465844.263238,ps_take_src,83423
1746465844.298132,img_start,3687008561
1746465844.302288,FB_FRAMES,124240
1746465844.302288,SYM_FRAMES,123700
1746465844.305084,TX_FRAMES,123700
1746465844.330531,ps_take,83424
1746465844.297086,ps_take_src,83424
1746465844.329828,img_end,3687202064
1746465844.331663,img_start,3687205169
1746465844.336319,FB_FRAMES,124241
1746465844.336319,SYM_FRAMES,123701
1746465844.339060,TX_FRAMES,123701
1746465844.363348,ps_take,83425
1746465844.330786,ps_take_src,83425
1746465844.369862,FB_FRAMES,124242
1746465844.369862,SYM_FRAMES,123702
1746465844.372572,TX_FRAMES,123702
1746465844.396201,ps_take,83426
1746465844.363514,ps_take_src,83426
1746465844.396027,img_end,3687595280
1746465844.398124,img_start,3687598385
1746465844.402508,FB_FRAMES,124243
1746465844.402508,SYM_FRAMES,123703
1746465844.405258,TX_FRAMES,123703
1746465844.430553,ps_take,83427
1746465844.396362,ps_take_src,83427
1746465844.429846,img_end,3687791888
1746465844.431576,img_start,3687793761
1746465844.436301,FB_FRAMES,124244
1746465844.436301,SYM_FRAMES,123704
1746465844.439053,TX_FRAMES,123704
1746465844.463294,img_end,3687988496
1746465844.464759,ps_take,83428
1746465844.430726,ps_take_src,83428
1746465844.465824,img_start,3687991601
1746465844.469799,FB_FRAMES,124245
1746465844.469799,SYM_FRAMES,123705
1746465844.472579,TX_FRAMES,123705
1746465844.497596,ps_take,83429
1746465844.464962,ps_take_src,83429
1746465844.504000,FB_FRAMES,124246
1746465844.504000,SYM_FRAMES,123706
1746465844.506732,TX_FRAMES,123706
1746465844.530499,ps_take,83430
1746465844.497798,ps_take_src,83430
1746465844.530187,img_end,3688381712
1746465844.531523,img_start,3688384817
1746465844.536658,FB_FRAMES,124247
1746465844.536658,SYM_FRAMES,123707
1746465844.539416,TX_FRAMES,123707
1746465844.563583,ps_take,83431
1746465844.530654,ps_take_src,83431
1746465844.563243,img_end,3688578320
1746465844.564665,img_start,3688581425
1746465844.569727,FB_FRAMES,124248
1746465844.569727,SYM_FRAMES,123708
1746465844.572486,TX_FRAMES,123708
1746465844.596604,ps_take,83432
1746465844.563783,ps_take_src,83432
1746465844.596374,img_end,3688774928
1746465844.597630,img_start,3688775938
1746465844.602859,FB_FRAMES,124249
1746465844.602859,SYM_FRAMES,123709
1746465844.605609,TX_FRAMES,123709
1746465844.629608,ps_take,83433
1746465844.596782,ps_take_src,83433
1746465844.629381,img_end,3688971536
1746465844.630711,img_start,3688974641
1746465844.635844,FB_FRAMES,124250
1746465844.635844,SYM_FRAMES,123710
1746465844.638609,TX_FRAMES,123710
1746465844.662778,ps_take,83434
1746465844.629811,ps_take_src,83434
1746465844.662434,img_end,3689168144
1746465844.663800,img_start,3689169851
1746465844.668889,FB_FRAMES,124251
1746465844.668889,SYM_FRAMES,123711
1746465844.671603,TX_FRAMES,123711
1746465844.695592,ps_take,83435
1746465844.662939,ps_take_src,83435
1746465844.695532,img_end,3689364752
1746465844.696617,img_start,3689367354
1746465844.702004,FB_FRAMES,124252
1746465844.702004,SYM_FRAMES,123712
1746465844.704759,TX_FRAMES,123712
1746465844.728353,img_end,3689561360
1746465844.730417,ps_take,83436
1746465844.695760,ps_take_src,83436
1746465844.731530,img_start,3689562242
1746465844.734827,FB_FRAMES,124253
1746465844.734827,SYM_FRAMES,123713
1746465844.737598,TX_FRAMES,123713
1746465844.763394,ps_take,83437
1746465844.730687,ps_take_src,83437
1746465844.763279,img_end,3689757968
1746465844.765023,img_start,3689761073
1746465844.769747,FB_FRAMES,124254
1746465844.769747,SYM_FRAMES,123714
1746465844.772493,TX_FRAMES,123714
1746465844.797027,ps_take,83438
1746465844.763566,ps_take_src,83438
1746465844.796744,img_end,3689954576
1746465844.798103,img_start,3689957681
1746465844.803207,FB_FRAMES,124255
1746465844.803207,SYM_FRAMES,123715
1746465844.805968,TX_FRAMES,123715
1746465844.830458,ps_take,83439
1746465844.797218,ps_take_src,83439
1746465844.829809,img_end,3690151184
1746465844.831537,img_start,3690153706
1746465844.836274,FB_FRAMES,124256
1746465844.836274,SYM_FRAMES,123716
1746465844.839062,TX_FRAMES,123716
1746465844.863533,ps_take,83440
1746465844.830660,ps_take_src,83440
1746465844.863249,img_end,3690347792
1746465844.864546,img_start,3690350871
1746465844.869735,FB_FRAMES,124257
1746465844.869735,SYM_FRAMES,123717
1746465844.872454,TX_FRAMES,123717
1746465844.896876,ps_take,83441
1746465844.863690,ps_take_src,83441
1746465844.896259,img_end,3690544400
1746465844.897718,img_start,3690547505
1746465844.902749,FB_FRAMES,124258
1746465844.902749,SYM_FRAMES,123718
1746465844.905524,TX_FRAMES,123718
1746465844.929602,ps_take,83442
1746465844.897065,ps_take_src,83442
1746465844.929430,img_end,3690741008
1746465844.930715,img_start,3690744113
1746465844.935910,FB_FRAMES,124259
1746465844.935910,SYM_FRAMES,123719
1746465844.938686,TX_FRAMES,123719
1746465844.962737,ps_take,83443
1746465844.929808,ps_take_src,83443
1746465844.962451,img_end,3690937616
1746465844.963811,img_start,3690940721
1746465844.968877,SYM_FRAMES,123720
1746465844.968940,FB_FRAMES,124260
1746465844.971683,TX_FRAMES,123720
1746465844.995534,ps_take,83444
1746465844.962941,ps_take_src,83444
1746465844.995534,img_end,3691134224
1746465844.998047,img_start,3691134844
1746465845.001998,FB_FRAMES,124261
1746465845.001998,SYM_FRAMES,123721
1746465845.004762,TX_FRAMES,123721
1746465845.030452,ps_take,83445
1746465844.995739,ps_take_src,83445
1746465845.029785,img_end,3691330832
1746465845.031518,img_start,3691331822
1746465845.036284,FB_FRAMES,124262
1746465845.036284,SYM_FRAMES,123722
1746465845.039015,TX_FRAMES,123722
1746465845.063290,ps_take,83446
1746465845.030667,ps_take_src,83446
1746465845.063290,img_end,3691527440
1746465845.064928,img_start,3691529677
1746465845.069727,FB_FRAMES,124263
1746465845.069727,SYM_FRAMES,123723
1746465845.072477,TX_FRAMES,123723
1746465845.097059,ps_take,83447
1746465845.063504,ps_take_src,83447
1746465845.096663,img_end,3691724048
1746465845.098088,img_start,3691725879
1746465845.103137,FB_FRAMES,124264
1746465845.103137,SYM_FRAMES,123724
1746465845.105847,TX_FRAMES,123724
1746465845.129886,ps_take,83448
1746465845.097212,ps_take_src,83448
1746465845.129826,img_end,3691920656
1746465845.131458,img_start,3691923761
1746465845.136279,FB_FRAMES,124265
1746465845.136279,SYM_FRAMES,123725
1746465845.139092,TX_FRAMES,123725
1746465845.163580,ps_take,83449
1746465845.130778,ps_take_src,83449
1746465845.163184,img_end,3692117264
1746465845.164438,img_start,3692119563
1746465845.169629,FB_FRAMES,124266
1746465845.169629,SYM_FRAMES,123726
1746465845.172408,TX_FRAMES,123726
1746465845.196898,ps_take,83450
1746465845.163793,ps_take_src,83450
1746465845.196171,img_end,3692313872
1746465845.198077,img_start,3692316977
1746465845.202648,FB_FRAMES,124267
1746465845.202648,SYM_FRAMES,123727
1746465845.205361,TX_FRAMES,123727
1746465845.230186,ps_take,83451
1746465845.197084,ps_take_src,83451
1746465845.229790,img_end,3692510480
1746465845.231238,img_start,3692511325
1746465845.236245,SYM_FRAMES,123728
1746465845.236306,FB_FRAMES,124268
1746465845.239005,TX_FRAMES,123728
1746465845.263347,ps_take,83452
1746465845.230366,ps_take_src,83452
1746465845.263007,img_end,3692707088
1746465845.264593,img_start,3692709891
1746465845.269457,FB_FRAMES,124269
1746465845.269457,SYM_FRAMES,123729
1746465845.272227,TX_FRAMES,123729
1746465845.296714,ps_take,83453
1746465845.263539,ps_take_src,83453
1746465845.296318,img_end,3692903696
1746465845.297570,img_start,3692906801
1746465845.302779,FB_FRAMES,124270
1746465845.302779,SYM_FRAMES,123730
1746465845.305584,TX_FRAMES,123730
1746465845.329293,img_end,3693100304
1746465845.330370,ps_take,83454
1746465845.296918,ps_take_src,83454
1746465845.331514,img_start,3693103409
1746465845.335747,FB_FRAMES,124271
1746465845.335747,SYM_FRAMES,123731
1746465845.338533,TX_FRAMES,123731
1746465845.363363,ps_take,83455
1746465845.330642,ps_take_src,83455
1746465845.363247,img_end,3693296912
1746465845.364942,img_start,3693300017
1746465845.369721,FB_FRAMES,124272
1746465845.369721,SYM_FRAMES,123732
1746465845.372449,TX_FRAMES,123732
1746465845.397037,ps_take,83456
1746465845.363545,ps_take_src,83456
1746465845.396640,img_end,3693493520
1746465845.398113,img_start,3693496625
1746465845.403146,FB_FRAMES,124273
1746465845.403146,SYM_FRAMES,123733
1746465845.405896,TX_FRAMES,123733
1746465845.429879,ps_take,83457
1746465845.397225,ps_take_src,83457
1746465845.429819,img_end,3693690128
1746465845.431453,img_start,3693691497
1746465845.436309,FB_FRAMES,124274
1746465845.436309,SYM_FRAMES,123734
1746465845.439020,TX_FRAMES,123734
1746465845.463184,ps_take,83458
1746465845.430813,ps_take_src,83458
1746465845.463184,img_end,3693886736
1746465845.464336,img_start,3693889841
1746465845.469651,FB_FRAMES,124275
1746465845.469651,SYM_FRAMES,123735
1746465845.472458,TX_FRAMES,123735
1746465845.497012,ps_take,83459
1746465845.463391,ps_take_src,83459
1746465845.496058,img_end,3694083344
1746465845.498196,img_start,3694086449
1746465845.502513,FB_FRAMES,124276
1746465845.502513,SYM_FRAMES,123736
1746465845.505229,TX_FRAMES,123736
1746465845.530179,ps_take,83460
1746465845.497187,ps_take_src,83460
1746465845.529894,img_end,3694279952
1746465845.531228,img_start,3694281557
1746465845.536371,FB_FRAMES,124277
1746465845.536371,SYM_FRAMES,123737
1746465845.539142,TX_FRAMES,123737
1746465845.563318,ps_take,83461
1746465845.530376,ps_take_src,83461
1746465845.562977,img_end,3694476560
1746465845.564285,img_start,3694477176
1746465845.569440,FB_FRAMES,124278
1746465845.569440,SYM_FRAMES,123738
1746465845.572230,TX_FRAMES,123738
1746465845.596021,img_end,3694673168
1746465845.597034,ps_take,83462
1746465845.563511,ps_take_src,83462
1746465845.598103,img_start,3694675580
1746465845.602521,FB_FRAMES,124279
1746465845.602521,SYM_FRAMES,123739
1746465845.605304,TX_FRAMES,123739
1746465845.630391,ps_take,83463
1746465845.597231,ps_take_src,83463
1746465845.629826,img_end,3694869776
1746465845.631494,img_start,3694870320
1746465845.636310,FB_FRAMES,124280
1746465845.636310,SYM_FRAMES,123740
1746465845.639071,TX_FRAMES,123740
1746465845.663374,ps_take,83464
1746465845.630641,ps_take_src,83464
1746465845.663258,img_end,3695066384
1746465845.664676,img_start,3695069489
1746465845.669704,FB_FRAMES,124281
1746465845.669704,SYM_FRAMES,123741
1746465845.672456,TX_FRAMES,123741
1746465845.696440,ps_take,83465
1746465845.663563,ps_take_src,83465
1746465845.702836,SYM_FRAMES,123742
1746465845.702898,FB_FRAMES,124282
1746465845.705629,TX_FRAMES,123742
1746465845.729052,img_end,3695459600
1746465845.730424,ps_take,83466
1746465845.696612,ps_take_src,83466
1746465845.731491,img_start,3695462705
1746465845.735493,SYM_FRAMES,123743
1746465845.735580,FB_FRAMES,124283
1746465845.738291,TX_FRAMES,123743
1746465845.763657,ps_take,83467
1746465845.730613,ps_take_src,83467
1746465845.763202,img_end,3695656208
1746465845.764683,img_start,3695659038
1746465845.769662,FB_FRAMES,124284
1746465845.769662,SYM_FRAMES,123744
1746465845.772424,TX_FRAMES,123744
1746465845.796480,ps_take,83468
1746465845.763812,ps_take_src,83468
1746465845.796421,img_end,3695852816
1746465845.797565,img_start,3695855921
1746465845.802875,FB_FRAMES,124285
1746465845.802875,SYM_FRAMES,123745
1746465845.805599,TX_FRAMES,123745
1746465845.829619,ps_take,83469
1746465845.796687,ps_take_src,83469
1746465845.829278,img_end,3696049424
1746465845.830443,img_start,3696051934
1746465845.835726,FB_FRAMES,124286
1746465845.835726,SYM_FRAMES,123746
1746465845.838460,TX_FRAMES,123746
1746465845.862765,ps_take,83470
1746465845.829776,ps_take_src,83470
1746465845.862162,img_end,3696246032
1746465845.863835,img_start,3696249137
1746465845.868662,FB_FRAMES,124287
1746465845.868662,SYM_FRAMES,123747
1746465845.871434,TX_FRAMES,123747
1746465845.895540,ps_take,83471
1746465845.862948,ps_take_src,83471
1746465845.895540,img_end,3696442640
1746465845.896629,img_start,3696445745
1746465845.901996,FB_FRAMES,124288
1746465845.901996,SYM_FRAMES,123748
1746465845.904795,TX_FRAMES,123748
1746465845.928337,img_end,3696639248
1746465845.930345,ps_take,83472
1746465845.895748,ps_take_src,83472
1746465845.931492,img_start,3696641825
1746465845.934814,FB_FRAMES,124289
1746465845.934814,SYM_FRAMES,123749
1746465845.937577,TX_FRAMES,123749
1746465845.963343,ps_take,83473
1746465845.930632,ps_take_src,83473
1746465845.969680,FB_FRAMES,124290
1746465845.969680,SYM_FRAMES,123750
1746465845.972413,TX_FRAMES,123750
1746465845.996499,ps_take,83474
1746465845.963537,ps_take_src,83474
1746465845.995930,img_end,3697032464
1746465845.997573,img_start,3697035569
1746465846.002412,FB_FRAMES,124291
1746465846.002412,SYM_FRAMES,123751
1746465846.005175,TX_FRAMES,123751
1746465846.029264,img_end,3697229072
1746465846.030474,ps_take,83475
1746465845.996679,ps_take_src,83475
1746465846.031540,img_start,3697230425
1746465846.035771,FB_FRAMES,124292
1746465846.035771,SYM_FRAMES,123752
1746465846.038519,TX_FRAMES,123752
1746465846.063622,ps_take,83476
1746465846.030674,ps_take_src,83476
1746465846.063277,img_end,3697425680
1746465846.064646,img_start,3697426957
1746465846.069731,SYM_FRAMES,123753
1746465846.069795,FB_FRAMES,124293
1746465846.072539,TX_FRAMES,123753
1746465846.096943,ps_take,83477
1746465846.063784,ps_take_src,83477
1746465846.096379,img_end,3697622288
1746465846.097738,img_start,3697622898
1746465846.102843,FB_FRAMES,124294
1746465846.102843,SYM_FRAMES,123754
1746465846.105613,TX_FRAMES,123754
1746465846.129608,ps_take,83478
1746465846.097101,ps_take_src,83478
1746465846.129492,img_end,3697818896
1746465846.130718,img_start,3697822001
1746465846.135967,FB_FRAMES,124295
1746465846.135967,SYM_FRAMES,123755
1746465846.138681,TX_FRAMES,123755
1746465846.162727,ps_take,83479
1746465846.129800,ps_take_src,83479
1746465846.162438,img_end,3698015504
1746465846.163799,img_start,3698018609
1746465846.168867,SYM_FRAMES,123756
1746465846.168931,FB_FRAMES,124296
1746465846.171675,TX_FRAMES,123756
1746465846.195570,ps_take,83480
1746465846.162919,ps_take_src,83480
1746465846.195511,img_end,3698212112
1746465846.196598,img_start,3698213137
1746465846.201970,SYM_FRAMES,123757
1746465846.202031,FB_FRAMES,124297
1746465846.204772,TX_FRAMES,123757
1746465846.228324,img_end,3698408720
1746465846.230505,ps_take,83481
1746465846.195751,ps_take_src,83481
1746465846.231897,img_start,3698409452
1746465846.234790,SYM_FRAMES,123758
1746465846.234851,FB_FRAMES,124298
1746465846.237525,TX_FRAMES,123758
1746465846.263867,ps_take,83482
1746465846.231017,ps_take_src,83482
1746465846.263638,img_end,3698605328
1746465846.264999,img_start,3698606562
1746465846.270096,FB_FRAMES,124299
1746465846.270096,SYM_FRAMES,123759
1746465846.272906,TX_FRAMES,123759
1746465846.297018,ps_take,83483
1746465846.264094,ps_take_src,83483
1746465846.296733,img_end,3698801936
1746465846.298101,img_start,3698804611
1746465846.303195,FB_FRAMES,124300
1746465846.303195,SYM_FRAMES,123760
1746465846.305990,TX_FRAMES,123760
1746465846.330456,ps_take,83484
1746465846.297210,ps_take_src,83484
1746465846.329813,img_end,3698998544
1746465846.331474,img_start,3698999026
1746465846.336312,FB_FRAMES,124301
1746465846.336312,SYM_FRAMES,123761
1746465846.339019,TX_FRAMES,123761
1746465846.363621,ps_take,83485
1746465846.330619,ps_take_src,83485
1746465846.363227,img_end,3699195152
1746465846.364460,img_start,3699198257
1746465846.369690,FB_FRAMES,124302
1746465846.369690,SYM_FRAMES,123762
1746465846.372414,TX_FRAMES,123762
1746465846.396898,ps_take,83486
1746465846.363794,ps_take_src,83486
1746465846.396166,img_end,3699391760
1746465846.398089,img_start,3699394850
1746465846.402620,SYM_FRAMES,123763
1746465846.402685,FB_FRAMES,124303
1746465846.405358,TX_FRAMES,123763
1746465846.430194,ps_take,83487
1746465846.397069,ps_take_src,83487
1746465846.429798,img_end,3699588368
1746465846.431247,img_start,3699589959
1746465846.436268,FB_FRAMES,124304
1746465846.436268,SYM_FRAMES,123764
1746465846.439065,TX_FRAMES,123764
1746465846.463348,ps_take,83488
1746465846.430366,ps_take_src,83488
1746465846.463002,img_end,3699784976
1746465846.464604,img_start,3699788081
1746465846.469476,FB_FRAMES,124305
1746465846.469476,SYM_FRAMES,123765
1746465846.472193,TX_FRAMES,123765
1746465846.496734,ps_take,83489
1746465846.463506,ps_take_src,83489
1746465846.496337,img_end,3699981584
1746465846.497872,img_start,3699984689
1746465846.502776,FB_FRAMES,124306
1746465846.502776,SYM_FRAMES,123766
1746465846.505571,TX_FRAMES,123766
1746465846.529636,ps_take,83490
1746465846.496951,ps_take_src,83490
1746465846.529575,img_end,3700178192
1746465846.531628,img_start,3700181297
1746465846.536029,SYM_FRAMES,123767
1746465846.536090,FB_FRAMES,124307
1746465846.538768,TX_FRAMES,123767
1746465846.563300,ps_take,83491
1746465846.530232,ps_take_src,83491
1746465846.563413,img_end,3700374800
1746465846.564884,img_start,3700374821
1746465846.569820,FB_FRAMES,124308
1746465846.569820,SYM_FRAMES,123768
1746465846.572530,TX_FRAMES,123768
1746465846.597021,ps_take,83492
1746465846.563457,ps_take_src,83492
1746465846.596625,img_end,3700571408
1746465846.598159,img_start,3700573387
1746465846.603096,FB_FRAMES,124309
1746465846.603096,SYM_FRAMES,123769
1746465846.605825,TX_FRAMES,123769
1746465846.630661,ps_take,83493
1746465846.597206,ps_take_src,83493
1746465846.629878,img_end,3700768016
1746465846.631510,img_start,3700770986
1746465846.636379,FB_FRAMES,124310
1746465846.636379,SYM_FRAMES,123770
1746465846.639151,TX_FRAMES,123770
1746465846.663595,ps_take,83494
1746465846.630854,ps_take_src,83494
1746465846.663254,img_end,3700964624
1746465846.664694,img_start,3700967729
1746465846.669714,FB_FRAMES,124311
1746465846.669714,SYM_FRAMES,123771
1746465846.672492,TX_FRAMES,123771
1746465846.696932,ps_take,83495
1746465846.663805,ps_take_src,83495
1746465846.696425,img_end,3701161232
1746465846.698117,img_start,3701163289
1746465846.702903,FB_FRAMES,124312
1746465846.702903,SYM_FRAMES,123772
1746465846.705610,TX_FRAMES,123772
1746465846.730191,ps_take,83496
1746465846.697120,ps_take_src,83496
1746465846.729848,img_end,3701357840
1746465846.731290,img_start,3701360945
1746465846.736338,FB_FRAMES,124313
1746465846.736338,SYM_FRAMES,123773
1746465846.739069,TX_FRAMES,123773
1746465846.763346,ps_take,83497
1746465846.730375,ps_take_src,83497
1746465846.763004,img_end,3701554448
1746465846.764317,img_start,3701557279
1746465846.769449,FB_FRAMES,124314
1746465846.769449,SYM_FRAMES,123774
1746465846.772219,TX_FRAMES,123774
1746465846.796149,ps_take,83498
1746465846.763520,ps_take_src,83498
1746465846.796032,img_end,3701751056
1746465846.798118,img_start,3701754161
1746465846.802517,FB_FRAMES,124315
1746465846.802517,SYM_FRAMES,123775
1746465846.805258,TX_FRAMES,123775
1746465846.830335,ps_take,83499
1746465846.796326,ps_take_src,83499
1746465846.829824,img_end,3701947664
1746465846.831493,img_start,3701948376
1746465846.836312,FB_FRAMES,124316
1746465846.836312,SYM_FRAMES,123776
1746465846.839057,TX_FRAMES,123776
1746465846.863345,ps_take,83500
1746465846.830636,ps_take_src,83500
1746465846.863228,img_end,3702144272
1746465846.864927,img_start,3702147377
1746465846.869719,FB_FRAMES,124317
1746465846.869719,SYM_FRAMES,123777
1746465846.872456,TX_FRAMES,123777
1746465846.897034,ps_take,83501
1746465846.863532,ps_take_src,83501
1746465846.896640,img_end,3702340880
1746465846.898113,img_start,3702343985
1746465846.903092,SYM_FRAMES,123778
1746465846.903153,FB_FRAMES,124318
1746465846.905833,TX_FRAMES,123778
1746465846.930578,ps_take,83502
1746465846.897227,ps_take_src,83502
1746465846.929821,img_end,3702537488
1746465846.931595,img_start,3702538131
1746465846.936326,FB_FRAMES,124319
1746465846.936326,SYM_FRAMES,123779
1746465846.939074,TX_FRAMES,123779
1746465846.963641,ps_take,83503
1746465846.930749,ps_take_src,83503
1746465846.963355,img_end,3702734096
1746465846.964705,img_start,3702737201
1746465846.969837,FB_FRAMES,124320
1746465846.969837,SYM_FRAMES,123780
1746465846.972565,TX_FRAMES,123780
1746465846.996930,ps_take,83504
1746465846.963800,ps_take_src,83504
1746465846.996421,img_end,3702930704
1746465846.998108,img_start,3702933809
1746465847.002852,SYM_FRAMES,123781
1746465847.002916,FB_FRAMES,124321
1746465847.005645,TX_FRAMES,123781
1746465847.030209,ps_take,83505
1746465846.997102,ps_take_src,83505
1746465847.029813,img_end,3703127312
1746465847.031306,img_start,3703127785
1746465847.036306,FB_FRAMES,124322
1746465847.036306,SYM_FRAMES,123782
1746465847.039056,TX_FRAMES,123782
1746465847.063300,ps_take,83506
1746465847.030382,ps_take_src,83506
1746465847.063070,img_end,3703323920
1746465847.064557,img_start,3703324590
1746465847.069542,FB_FRAMES,124323
1746465847.069542,SYM_FRAMES,123783
1746465847.072280,TX_FRAMES,123783
1746465847.096716,ps_take,83507
1746465847.063511,ps_take_src,83507
1746465847.096318,img_end,3703520528
1746465847.097808,img_start,3703523633
1746465847.102774,FB_FRAMES,124324
1746465847.102774,SYM_FRAMES,123784
1746465847.105547,TX_FRAMES,123784
1746465847.130351,ps_take,83508
1746465847.096914,ps_take_src,83508
1746465847.129508,img_end,3703717136
1746465847.131496,img_start,3703720241
1746465847.136007,FB_FRAMES,124325
1746465847.136007,SYM_FRAMES,123785
1746465847.138724,TX_FRAMES,123785
1746465847.163283,ps_take,83509
1746465847.130630,ps_take_src,83509
1746465847.163223,img_end,3703913744
1746465847.164741,img_start,3703916849
1746465847.169694,FB_FRAMES,124326
1746465847.169694,SYM_FRAMES,123786
1746465847.172449,TX_FRAMES,123786
1746465847.196465,ps_take,83510
1746465847.164062,ps_take_src,83510
1746465847.197499,img_start,3704111395
1746465847.202925,FB_FRAMES,124327
1746465847.202925,SYM_FRAMES,123787
1746465847.205694,TX_FRAMES,123787
1746465847.229249,img_end,3704306960
1746465847.230472,ps_take,83511
1746465847.196639,ps_take_src,83511
1746465847.231533,img_start,3704310065
1746465847.235697,SYM_FRAMES,123788
1746465847.235758,FB_FRAMES,124328
1746465847.238468,TX_FRAMES,123788
1746465847.263643,ps_take,83512
1746465847.230658,ps_take_src,83512
1746465847.263248,img_end,3704503568
1746465847.264719,img_start,3704506673
1746465847.269710,FB_FRAMES,124329
1746465847.269710,SYM_FRAMES,123789
1746465847.272495,TX_FRAMES,123789
1746465847.296887,ps_take,83513
1746465847.263841,ps_take_src,83513
1746465847.296433,img_end,3704700176
1746465847.298132,img_start,3704703281
1746465847.302920,FB_FRAMES,124330
1746465847.302920,SYM_FRAMES,123790
1746465847.305653,TX_FRAMES,123790
1746465847.330170,ps_take,83514
1746465847.297085,ps_take_src,83514
1746465847.329828,img_end,3704896784
1746465847.331278,img_start,3704899889
1746465847.336327,FB_FRAMES,124331
1746465847.336327,SYM_FRAMES,123791
1746465847.339084,TX_FRAMES,123791
1746465847.363325,ps_take,83515
1746465847.330358,ps_take_src,83515
1746465847.362985,img_end,3705093392
1746465847.364578,img_start,3705093958
1746465847.369446,FB_FRAMES,124332
1746465847.369446,SYM_FRAMES,123792
1746465847.372204,TX_FRAMES,123792
1746465847.396720,ps_take,83516
1746465847.363516,ps_take_src,83516
1746465847.396322,img_end,3705290000
1746465847.397799,img_start,3705293105
1746465847.402805,FB_FRAMES,124333
1746465847.402805,SYM_FRAMES,123793
1746465847.405537,TX_FRAMES,123793
1746465847.430387,ps_take,83517
1746465847.396914,ps_take_src,83517
1746465847.429488,img_end,3705486608
1746465847.431482,img_start,3705489713
1746465847.435995,FB_FRAMES,124334
1746465847.435995,SYM_FRAMES,123794
1746465847.438690,TX_FRAMES,123794
1746465847.463348,ps_take,83518
1746465847.430591,ps_take_src,83518
1746465847.463176,img_end,3705683216
1746465847.464927,img_start,3705684347
1746465847.469677,FB_FRAMES,124335
1746465847.469677,SYM_FRAMES,123795
1746465847.472382,TX_FRAMES,123795
1746465847.497077,ps_take,83519
1746465847.463512,ps_take_src,83519
1746465847.496681,img_end,3705879824
1746465847.498098,img_start,3705881888
1746465847.503141,FB_FRAMES,124336
1746465847.503141,SYM_FRAMES,123796
1746465847.505869,TX_FRAMES,123796
1746465847.530499,ps_take,83520
1746465847.497241,ps_take_src,83520
1746465847.529820,img_end,3706076432
1746465847.531513,img_start,3706077518
1746465847.536278,SYM_FRAMES,123797
1746465847.536342,FB_FRAMES,124337
1746465847.539028,TX_FRAMES,123797
1746465847.563549,ps_take,83521
1746465847.530671,ps_take_src,83521
1746465847.563265,img_end,3706273040
1746465847.564569,img_start,3706275741
1746465847.569749,FB_FRAMES,124338
1746465847.569749,SYM_FRAMES,123798
1746465847.572480,TX_FRAMES,123798
1746465847.596877,ps_take,83522
1746465847.563704,ps_take_src,83522
1746465847.596310,img_end,3706469648
1746465847.598121,img_start,3706472753
1746465847.602759,FB_FRAMES,124339
1746465847.602759,SYM_FRAMES,123799
1746465847.605495,TX_FRAMES,123799
1746465847.630208,ps_take,83523
1746465847.597080,ps_take_src,83523
1746465847.629810,img_end,3706666256
1746465847.631251,img_start,3706666492
1746465847.636296,FB_FRAMES,124340
1746465847.636296,SYM_FRAMES,123800
1746465847.639081,TX_FRAMES,123800
1746465847.663354,ps_take,83524
1746465847.630383,ps_take_src,83524
1746465847.663014,img_end,3706862864
1746465847.664578,img_start,3706865969
1746465847.669501,FB_FRAMES,124341
1746465847.669501,SYM_FRAMES,123801
1746465847.672255,TX_FRAMES,123801
1746465847.696734,ps_take,83525
1746465847.663522,ps_take_src,83525
1746465847.696281,img_end,3707059472
1746465847.697817,img_start,3707062577
1746465847.702794,FB_FRAMES,124342
1746465847.702794,SYM_FRAMES,123802
1746465847.705552,TX_FRAMES,123802
1746465847.730378,ps_take,83526
1746465847.696940,ps_take_src,83526
1746465847.729535,img_end,3707256080
1746465847.731530,img_start,3707259185
1746465847.736008,FB_FRAMES,124343
1746465847.736008,SYM_FRAMES,123803
1746465847.738716,TX_FRAMES,123803
1746465847.763353,ps_take,83527
1746465847.730645,ps_take_src,83527
1746465847.763235,img_end,3707452688
1746465847.764825,img_start,3707455793
1746465847.769741,FB_FRAMES,124344
1746465847.769741,SYM_FRAMES,123804
1746465847.772454,TX_FRAMES,123804
1746465847.796476,ps_take,83528
1746465847.764158,ps_take_src,83528
1746465847.803009,FB_FRAMES,124345
1746465847.803009,SYM_FRAMES,123805
1746465847.805744,TX_FRAMES,123805
1746465847.829245,img_end,3707845904
1746465847.830375,ps_take,83529
1746465847.796653,ps_take_src,83529
1746465847.831470,img_start,3707847743
1746465847.835719,FB_FRAMES,124346
1746465847.835719,SYM_FRAMES,123806
1746465847.838437,TX_FRAMES,123806
1746465847.863616,ps_take,83530
1746465847.830616,ps_take_src,83530
1746465847.863219,img_end,3708042512
1746465847.864698,img_start,3708045617
1746465847.869663,FB_FRAMES,124347
1746465847.869663,SYM_FRAMES,123807
1746465847.872402,TX_FRAMES,123807
1746465847.896923,ps_take,83531
1746465847.863805,ps_take_src,83531
1746465847.896412,img_end,3708239120
1746465847.898089,img_start,3708239708
1746465847.902853,SYM_FRAMES,123808
1746465847.902917,FB_FRAMES,124348
1746465847.905667,TX_FRAMES,123808
1746465847.930176,ps_take,83532
1746465847.897099,ps_take_src,83532
1746465847.929838,img_end,3708435728
1746465847.931278,img_start,3708438833
1746465847.936292,SYM_FRAMES,123809
1746465847.936352,FB_FRAMES,124349
1746465847.939085,TX_FRAMES,123809
1746465847.963351,ps_take,83533
1746465847.930384,ps_take_src,83533
1746465847.963011,img_end,3708632336
1746465847.964598,img_start,3708634663
1746465847.969463,FB_FRAMES,124350
1746465847.969463,SYM_FRAMES,123810
1746465847.972232,TX_FRAMES,123810
1746465847.996725,ps_take,83534
1746465847.963542,ps_take_src,83534
1746465847.996328,img_end,3708828944
1746465847.997780,img_start,3708829334
1746465848.002781,SYM_FRAMES,123811
1746465848.002842,FB_FRAMES,124351
1746465848.005520,TX_FRAMES,123811
1746465848.030374,ps_take,83535
1746465847.996924,ps_take_src,83535
1746465848.029528,img_end,3709025552
1746465848.031469,img_start,3709026718
1746465848.035983,SYM_FRAMES,123812
1746465848.036044,FB_FRAMES,124352
1746465848.038756,TX_FRAMES,123812
1746465848.063280,ps_take,83536
1746465848.030600,ps_take_src,83536
1746465848.063220,img_end,3709222160
1746465848.064905,img_start,3709225265
1746465848.069680,FB_FRAMES,124353
1746465848.069680,SYM_FRAMES,123813
1746465848.072421,TX_FRAMES,123813
1746465848.097096,ps_take,83537
1746465848.064226,ps_take_src,83537
1746465848.096587,img_end,3709418768
1746465848.098176,img_start,3709421873
1746465848.103098,FB_FRAMES,124354
1746465848.103098,SYM_FRAMES,123814
1746465848.105864,TX_FRAMES,123814
1746465848.130624,ps_take,83538
1746465848.097265,ps_take_src,83538
1746465848.129870,img_end,3709615376
1746465848.131641,img_start,3709617353
1746465848.136328,SYM_FRAMES,123815
1746465848.136390,FB_FRAMES,124355
1746465848.139128,TX_FRAMES,123815
1746465848.163519,ps_take,83539
1746465848.130782,ps_take_src,83539
1746465848.163404,img_end,3709811984
1746465848.165044,img_start,3709815089
1746465848.169829,SYM_FRAMES,123816
1746465848.169891,FB_FRAMES,124356
1746465848.172647,TX_FRAMES,123816
1746465848.196922,ps_take,83540
1746465848.163683,ps_take_src,83540
1746465848.196748,img_end,3710008592
1746465848.198161,img_start,3710011697
1746465848.203211,SYM_FRAMES,123817
1746465848.203275,FB_FRAMES,124357
1746465848.206030,TX_FRAMES,123817
1746465848.230204,ps_take,83541
1746465848.197124,ps_take_src,83541
1746465848.229864,img_end,3710205200
1746465848.231029,img_start,3710207165
1746465848.236348,FB_FRAMES,124358
1746465848.236348,SYM_FRAMES,123818
1746465848.239100,TX_FRAMES,123818
1746465848.262723,ps_take,83542
1746465848.230372,ps_take_src,83542
1746465848.269255,FB_FRAMES,124359
1746465848.269255,SYM_FRAMES,123819
1746465848.272022,TX_FRAMES,123819
1746465848.295584,ps_take,83543
1746465848.262912,ps_take_src,83543
1746465848.295524,img_end,3710598416
1746465848.296672,img_start,3710600840
1746465848.301987,FB_FRAMES,124360
1746465848.301987,SYM_FRAMES,123820
1746465848.304726,TX_FRAMES,123820
1746465848.328396,img_end,3710795024
1746465848.330351,ps_take,83544
1746465848.295791,ps_take_src,83544
1746465848.331432,img_start,3710795200
1746465848.334861,FB_FRAMES,124361
1746465848.334861,SYM_FRAMES,123821
1746465848.337599,TX_FRAMES,123821
1746465848.363341,ps_take,83545
1746465848.330597,ps_take_src,83545
1746465848.363169,img_end,3710991632
1746465848.364920,img_start,3710994737
1746465848.369663,FB_FRAMES,124362
1746465848.369663,SYM_FRAMES,123822
1746465848.372447,TX_FRAMES,123822
1746465848.397036,ps_take,83546
1746465848.363526,ps_take_src,83546
1746465848.396639,img_end,3711188240
1746465848.398119,img_start,3711191345
1746465848.403087,SYM_FRAMES,123823
1746465848.403148,FB_FRAMES,124363
1746465848.405900,TX_FRAMES,123823
1746465848.430447,ps_take,83547
1746465848.397218,ps_take_src,83547
1746465848.429845,img_end,3711384848
1746465848.431530,img_start,3711386293
1746465848.436299,FB_FRAMES,124364
1746465848.436299,SYM_FRAMES,123824
1746465848.439063,TX_FRAMES,123824
1746465848.463515,ps_take,83548
1746465848.430664,ps_take_src,83548
1746465848.463287,img_end,3711581456
1746465848.464537,img_start,3711584561
1746465848.469764,FB_FRAMES,124365
1746465848.469764,SYM_FRAMES,123825
1746465848.472481,TX_FRAMES,123825
1746465848.496872,ps_take,83549
1746465848.463670,ps_take_src,83549
1746465848.496256,img_end,3711778064
1746465848.497936,img_start,3711781169
1746465848.502694,SYM_FRAMES,123826
1746465848.502759,FB_FRAMES,124366
1746465848.505480,TX_FRAMES,123826
1746465848.529587,ps_take,83550
1746465848.497053,ps_take_src,83550
1746465848.530702,img_start,3711977777
1746465848.536088,SYM_FRAMES,123827
1746465848.536150,FB_FRAMES,124367
1746465848.538827,TX_FRAMES,123827
1746465848.562720,ps_take,83551
1746465848.529798,ps_take_src,83551
1746465848.562431,img_end,3712171280
1746465848.563809,img_start,3712173049
1746465848.568882,FB_FRAMES,124368
1746465848.568882,SYM_FRAMES,123828
1746465848.571628,TX_FRAMES,123828
1746465848.595591,ps_take,83552
1746465848.562919,ps_take_src,83552
1746465848.595531,img_end,3712367888
1746465848.596628,img_start,3712370993
1746465848.602025,FB_FRAMES,124369
1746465848.602025,SYM_FRAMES,123829
1746465848.604739,TX_FRAMES,123829
1746465848.628627,ps_take,83553
1746465848.595745,ps_take_src,83553
1746465848.628342,img_end,3712564496
1746465848.629428,img_start,3712566219
1746465848.634816,FB_FRAMES,124370
1746465848.634816,SYM_FRAMES,123830
1746465848.637577,TX_FRAMES,123830
1746465848.661511,ps_take,83554
1746465848.628783,ps_take_src,83554
1746465848.661167,img_end,3712761104
1746465848.664814,img_start,3712764209
1746465848.667655,FB_FRAMES,124371
1746465848.667655,SYM_FRAMES,123831
1746465848.670421,TX_FRAMES,123831
1746465848.696467,ps_take,83555
1746465848.661714,ps_take_src,83555
1746465848.703009,FB_FRAMES,124372
1746465848.703009,SYM_FRAMES,123832
1746465848.705745,TX_FRAMES,123832
1746465848.729220,img_end,3713154320
1746465848.730486,ps_take,83556
1746465848.696631,ps_take_src,83556
1746465848.731552,img_start,3713157425
1746465848.735721,FB_FRAMES,124373
1746465848.735721,SYM_FRAMES,123833
1746465848.738466,TX_FRAMES,123833
1746465848.763630,ps_take,83557
1746465848.730663,ps_take_src,83557
1746465848.763287,img_end,3713350928
1746465848.764488,img_start,3713354033
1746465848.769747,FB_FRAMES,124374
1746465848.769747,SYM_FRAMES,123834
1746465848.772463,TX_FRAMES,123834
1746465848.796926,ps_take,83558
1746465848.763817,ps_take_src,83558
1746465848.796196,img_end,3713547536
1746465848.798104,img_start,3713549960
1746465848.802680,FB_FRAMES,124375
1746465848.802680,SYM_FRAMES,123835
1746465848.805408,TX_FRAMES,123835
1746465848.830517,ps_take,83559
1746465848.797108,ps_take_src,83559
1746465848.829820,img_end,3713744144
1746465848.831618,img_start,3713745428
1746465848.836329,FB_FRAMES,124376
1746465848.836329,SYM_FRAMES,123836
1746465848.839051,TX_FRAMES,123836
1746465848.863312,ps_take,83560
1746465848.830775,ps_take_src,83560
1746465848.863428,img_end,3713940752
1746465848.864626,img_start,3713943857
1746465848.869805,SYM_FRAMES,123837
1746465848.869865,FB_FRAMES,124377
1746465848.872563,TX_FRAMES,123837
1746465848.896780,ps_take,83561
1746465848.863511,ps_take_src,83561
1746465848.896332,img_end,3714137360
1746465848.897799,img_start,3714139780
1746465848.902778,SYM_FRAMES,123838
1746465848.902839,FB_FRAMES,124378
1746465848.905538,TX_FRAMES,123838
1746465848.930367,ps_take,83562
1746465848.896940,ps_take_src,83562
1746465848.929518,img_end,3714333968
1746465848.931571,img_start,3714336779
1746465848.935974,SYM_FRAMES,123839
1746465848.936034,FB_FRAMES,124379
1746465848.938780,TX_FRAMES,123839
1746465848.963364,ps_take,83563
1746465848.930685,ps_take_src,83563
1746465848.963305,img_end,3714530576
1746465848.964941,img_start,3714533681
1746465848.969780,FB_FRAMES,124380
1746465848.969780,SYM_FRAMES,123840
1746465848.972562,TX_FRAMES,123840
1746465848.997060,ps_take,83564
1746465848.963545,ps_take_src,83564
1746465848.996662,img_end,3714727184
1746465848.998088,img_start,3714728004
1746465849.003144,FB_FRAMES,124381
1746465849.003144,SYM_FRAMES,123841
1746465849.005840,TX_FRAMES,123841
1746465849.030387,ps_take,83565
1746465848.997219,ps_take_src,83565
1746465849.029822,img_end,3714923792
1746465849.031500,img_start,3714926897
1746465849.036293,FB_FRAMES,124382
1746465849.036293,SYM_FRAMES,123842
1746465849.039022,TX_FRAMES,123842
1746465849.063617,ps_take,83566
1746465849.030619,ps_take_src,83566
1746465849.063220,img_end,3715120400
1746465849.064703,img_start,3715123505
1746465849.069703,FB_FRAMES,124383
1746465849.069703,SYM_FRAMES,123843
1746465849.072428,TX_FRAMES,123843
1746465849.096915,ps_take,83567
1746465849.063811,ps_take_src,83567
1746465849.096406,img_end,3715317008
1746465849.097936,img_start,3715318446
1746465849.102870,SYM_FRAMES,123844
1746465849.102931,FB_FRAMES,124384
1746465849.105606,TX_FRAMES,123844
1746465849.129604,ps_take,83568
1746465849.097093,ps_take_src,83568
1746465849.136162,FB_FRAMES,124385
1746465849.136162,SYM_FRAMES,123845
1746465849.138945,TX_FRAMES,123845
1746465849.162716,ps_take,83569
1746465849.129774,ps_take_src,83569
1746465849.162426,img_end,3715710224
1746465849.163566,img_start,3715711559
1746465849.168886,FB_FRAMES,124386
1746465849.168886,SYM_FRAMES,123846
1746465849.171653,TX_FRAMES,123846
1746465849.195574,ps_take,83570
1746465849.162924,ps_take_src,83570
1746465849.195288,img_end,3715906832
1746465849.196599,img_start,3715907951
1746465849.201803,FB_FRAMES,124387
1746465849.201803,SYM_FRAMES,123847
1746465849.204495,TX_FRAMES,123847
1746465849.228340,img_end,3716103440
1746465849.230355,ps_take,83571
1746465849.195754,ps_take_src,83571
1746465849.231470,img_start,3716103504
1746465849.234787,SYM_FRAMES,123848
1746465849.234848,FB_FRAMES,124388
1746465849.237533,TX_FRAMES,123848
1746465849.263350,ps_take,83572
1746465849.230633,ps_take_src,83572
1746465849.263235,img_end,3716300048
1746465849.264930,img_start,3716303153
1746465849.269710,FB_FRAMES,124389
1746465849.269710,SYM_FRAMES,123849
1746465849.272483,TX_FRAMES,123849
1746465849.297046,ps_take,83573
1746465849.263535,ps_take_src,83573
1746465849.296649,img_end,3716496656
1746465849.298127,img_start,3716499761
1746465849.303105,FB_FRAMES,124390
1746465849.303105,SYM_FRAMES,123850
1746465849.305827,TX_FRAMES,123850
1746465849.330479,ps_take,83574
1746465849.297230,ps_take_src,83574
1746465849.329831,img_end,3716693264
1746465849.331550,img_start,3716696369
1746465849.336315,FB_FRAMES,124391
1746465849.336315,SYM_FRAMES,123851
1746465849.339059,TX_FRAMES,123851
1746465849.363658,ps_take,83575
1746465849.330648,ps_take_src,83575
1746465849.363261,img_end,3716889872
1746465849.364682,img_start,3716892377
1746465849.369706,FB_FRAMES,124392
1746465849.369706,SYM_FRAMES,123852
1746465849.372510,TX_FRAMES,123852
1746465849.396919,ps_take,83576
1746465849.363818,ps_take_src,83576
1746465849.396410,img_end,3717086480
1746465849.398105,img_start,3717089585
1746465849.402881,FB_FRAMES,124393
1746465849.402881,SYM_FRAMES,123853
1746465849.405644,TX_FRAMES,123853
1746465849.430165,ps_take,83577
1746465849.397080,ps_take_src,83577
1746465849.429823,img_end,3717283088
1746465849.431041,img_start,3717286176
1746465849.436266,SYM_FRAMES,123854
1746465849.436439,FB_FRAMES,124394
1746465849.439058,TX_FRAMES,123854
1746465849.462732,ps_take,83578
1746465849.430363,ps_take_src,83578
1746465849.469246,FB_FRAMES,124395
1746465849.469246,SYM_FRAMES,123855
1746465849.471974,TX_FRAMES,123855
1746465849.495565,ps_take,83579
1746465849.462960,ps_take_src,83579
1746465849.496588,img_start,3717677629
1746465849.502023,FB_FRAMES,124396
1746465849.502023,SYM_FRAMES,123856
1746465849.504810,TX_FRAMES,123856
1746465849.528334,img_end,3717872912
1746465849.530344,ps_take,83580
1746465849.495738,ps_take_src,83580
1746465849.531496,img_start,3717875570
1746465849.534825,FB_FRAMES,124397
1746465849.534825,SYM_FRAMES,123857
1746465849.537514,TX_FRAMES,123857
1746465849.563353,ps_take,83581
1746465849.530626,ps_take_src,83581
1746465849.563237,img_end,3718069520
1746465849.564930,img_start,3718070312
1746465849.569686,FB_FRAMES,124398
1746465849.569686,SYM_FRAMES,123858
1746465849.572458,TX_FRAMES,123858
1746465849.597076,ps_take,83582
1746465849.563560,ps_take_src,83582
1746465849.596680,img_end,3718266128
1746465849.598096,img_start,3718266328
1746465849.603156,FB_FRAMES,124399
1746465849.603156,SYM_FRAMES,123859
1746465849.605921,TX_FRAMES,123859
1746465849.630480,ps_take,83583
1746465849.597237,ps_take_src,83583
1746465849.629834,img_end,3718462736
1746465849.631558,img_start,3718465563
1746465849.636318,FB_FRAMES,124400
1746465849.636318,SYM_FRAMES,123860
1746465849.639117,TX_FRAMES,123860
1746465849.663640,ps_take,83584
1746465849.630681,ps_take_src,83584
1746465849.663301,img_end,3718659344
1746465849.664716,img_start,3718662449
1746465849.669733,SYM_FRAMES,123861
1746465849.669794,FB_FRAMES,124401
1746465849.672487,TX_FRAMES,123861
1746465849.696925,ps_take,83585
1746465849.663834,ps_take_src,83585
1746465849.696415,img_end,3718855952
1746465849.697833,img_start,3718859057
1746465849.702899,FB_FRAMES,124402
1746465849.702899,SYM_FRAMES,123862
1746465849.705599,TX_FRAMES,123862
1746465849.729601,ps_take,83586
1746465849.697136,ps_take_src,83586
1746465849.729541,img_end,3719052560
1746465849.730716,img_start,3719055665
1746465849.735977,SYM_FRAMES,123863
1746465849.736041,FB_FRAMES,124403
1746465849.738750,TX_FRAMES,123863
1746465849.762722,ps_take,83587
1746465849.729788,ps_take_src,83587
1746465849.762434,img_end,3719249168
1746465849.763892,img_start,3719252273
1746465849.768876,SYM_FRAMES,123864
1746465849.768938,FB_FRAMES,124404
1746465849.771665,TX_FRAMES,123864
1746465849.795594,img_end,3719445776
1746465849.797105,ps_take,83588
1746465849.762951,ps_take_src,83588
1746465849.798168,img_start,3719446756
1746465849.802066,FB_FRAMES,124405
1746465849.802066,SYM_FRAMES,123865
1746465849.804799,TX_FRAMES,123865
1746465849.830489,ps_take,83589
1746465849.797292,ps_take_src,83589
1746465849.829902,img_end,3719642384
1746465849.831563,img_start,3719644175
1746465849.836369,FB_FRAMES,124406
1746465849.836369,SYM_FRAMES,123866
1746465849.839133,TX_FRAMES,123866
1746465849.863307,ps_take,83590
1746465849.830673,ps_take_src,83590
1746465849.863307,img_end,3719838992
1746465849.864946,img_start,3719842097
1746465849.869790,FB_FRAMES,124407
1746465849.869790,SYM_FRAMES,123867
1746465849.872556,TX_FRAMES,123867
1746465849.897061,ps_take,83591
1746465849.863528,ps_take_src,83591
1746465849.896660,img_end,3720035600
1746465849.898149,img_start,3720038705
1746465849.903114,SYM_FRAMES,123868
1746465849.903175,FB_FRAMES,124408
1746465849.905921,TX_FRAMES,123868
1746465849.930688,ps_take,83592
1746465849.897229,ps_take_src,83592
1746465849.929872,img_end,3720232208
1746465849.931762,img_start,3720233187
1746465849.936337,FB_FRAMES,124409
1746465849.936337,SYM_FRAMES,123869
1746465849.939050,TX_FRAMES,123869
1746465849.963548,ps_take,83593
1746465849.930886,ps_take_src,83593
1746465849.963489,img_end,3720428816
1746465849.964616,img_start,3720429736
1746465849.969995,FB_FRAMES,124410
1746465849.969995,SYM_FRAMES,123870
1746465849.972731,TX_FRAMES,123870
1746465849.996984,ps_take,83594
1746465849.963768,ps_take_src,83594
1746465849.996368,img_end,3720625424
1746465849.998165,img_start,3720628529
1746465850.002840,FB_FRAMES,124411
1746465850.002840,SYM_FRAMES,123871
1746465850.005631,TX_FRAMES,123871
1746465850.030202,ps_take,83595
1746465849.997146,ps_take_src,83595
1746465850.029860,img_end,3720822032
1746465850.031253,img_start,3720825137
1746465850.036345,FB_FRAMES,124412
1746465850.036345,SYM_FRAMES,123872
1746465850.039104,TX_FRAMES,123872
1746465850.063377,ps_take,83596
1746465850.030360,ps_take_src,83596
1746465850.062982,img_end,3721018640
1746465850.064588,img_start,3721021745
1746465850.069440,FB_FRAMES,124413
1746465850.069440,SYM_FRAMES,123873
1746465850.072188,TX_FRAMES,123873
1746465850.096750,ps_take,83597
1746465850.063534,ps_take_src,83597
1746465850.096298,img_end,3721215248
1746465850.097602,img_start,3721218353
1746465850.102797,FB_FRAMES,124414
1746465850.102797,SYM_FRAMES,123874
1746465850.105497,TX_FRAMES,123874
1746465850.129304,img_end,3721411856
1746465850.130369,ps_take,83598
1746465850.096941,ps_take_src,83598
1746465850.131482,img_start,3721414212
1746465850.135815,FB_FRAMES,124415
1746465850.135815,SYM_FRAMES,123875
1746465850.138551,TX_FRAMES,123875
1746465850.163334,ps_take,83599
1746465850.130625,ps_take_src,83599
1746465850.163217,img_end,3721608464
1746465850.164917,img_start,3721611569
1746465850.169662,SYM_FRAMES,123876
1746465850.169726,FB_FRAMES,124416
1746465850.172450,TX_FRAMES,123876
1746465850.197082,ps_take,83600
1746465850.163514,ps_take_src,83600
1746465850.196629,img_end,3721805072
1746465850.198156,img_start,3721808177
1746465850.203131,FB_FRAMES,124417
1746465850.203131,SYM_FRAMES,123877
1746465850.205899,TX_FRAMES,123877
1746465850.230447,ps_take,83601
1746465850.197238,ps_take_src,83601
1746465850.229857,img_end,3722001680
1746465850.231577,img_start,3722002931
1746465850.236334,FB_FRAMES,124418
1746465850.236334,SYM_FRAMES,123878
1746465850.239071,TX_FRAMES,123878
1746465850.263621,ps_take,83602
1746465850.230646,ps_take_src,83602
1746465850.263335,img_end,3722198288
1746465850.264704,img_start,3722201393
1746465850.269775,FB_FRAMES,124419
1746465850.269775,SYM_FRAMES,123879
1746465850.272508,TX_FRAMES,123879
1746465850.296921,ps_take,83603
1746465850.263814,ps_take_src,83603
1746465850.296409,img_end,3722394896
1746465850.298171,img_start,3722398001
1746465850.302865,FB_FRAMES,124420
1746465850.302865,SYM_FRAMES,123880
1746465850.305629,TX_FRAMES,123880
1746465850.330234,ps_take,83604
1746465850.297125,ps_take_src,83604
1746465850.329894,img_end,3722591504
1746465850.331280,img_start,3722594609
1746465850.336363,FB_FRAMES,124421
1746465850.336363,SYM_FRAMES,123881
1746465850.339137,TX_FRAMES,123881
1746465850.363385,ps_take,83605
1746465850.330413,ps_take_src,83605
1746465850.362987,img_end,3722788112
1746465850.364549,img_start,3722788287
1746465850.369493,FB_FRAMES,124422
1746465850.369493,SYM_FRAMES,123882
1746465850.372216,TX_FRAMES,123882
1746465850.396717,ps_take,83606
1746465850.363543,ps_take_src,83606
1746465850.396318,img_end,3722984720
1746465850.397803,img_start,3722987825
1746465850.402788,FB_FRAMES,124423
1746465850.402788,SYM_FRAMES,123883
1746465850.405498,TX_FRAMES,123883
1746465850.430374,ps_take,83607
1746465850.396916,ps_take_src,83607
1746465850.429524,img_end,3723181328
1746465850.431530,img_start,3723184433
1746465850.435995,FB_FRAMES,124424
1746465850.435995,SYM_FRAMES,123884
1746465850.438739,TX_FRAMES,123884
1746465850.463259,ps_take,83608
1746465850.430641,ps_take_src,83608
1746465850.463259,img_end,3723377936
1746465850.464731,img_start,3723381041
1746465850.469704,FB_FRAMES,124425
1746465850.469704,SYM_FRAMES,123885
1746465850.472442,TX_FRAMES,123885
1746465850.496453,ps_take,83609
1746465850.464061,ps_take_src,83609
1746465850.502933,FB_FRAMES,124426
1746465850.502933,SYM_FRAMES,123886
1746465850.505686,TX_FRAMES,123886
1746465850.529104,img_end,3723771152
1746465850.530479,ps_take,83610
1746465850.496664,ps_take_src,83610
1746465850.531547,img_start,3723774257
1746465850.535555,SYM_FRAMES,123887
1746465850.535616,FB_FRAMES,124427
1746465850.538373,TX_FRAMES,123887
1746465850.563583,ps_take,83611
1746465850.530669,ps_take_src,83611
1746465850.563297,img_end,3723967760
1746465850.564669,img_start,3723970865
1746465850.569751,FB_FRAMES,124428
1746465850.569751,SYM_FRAMES,123888
1746465850.572487,TX_FRAMES,123888
1746465850.596905,ps_take,83612
1746465850.563793,ps_take_src,83612
1746465850.596396,img_end,3724164368
1746465850.598094,img_start,3724166068
1746465850.602855,FB_FRAMES,124429
1746465850.602855,SYM_FRAMES,123889
1746465850.605645,TX_FRAMES,123889
1746465850.630188,ps_take,83613
1746465850.597088,ps_take_src,83613
1746465850.629845,img_end,3724360976
1746465850.631294,img_start,3724362401
1746465850.636327,FB_FRAMES,124430
1746465850.636327,SYM_FRAMES,123890
1746465850.639093,TX_FRAMES,123890
1746465850.663338,ps_take,83614
1746465850.630390,ps_take_src,83614
1746465850.663052,img_end,3724557584
1746465850.664641,img_start,3724560689
1746465850.669485,SYM_FRAMES,123891
1746465850.669547,FB_FRAMES,124431
1746465850.672249,TX_FRAMES,123891
1746465850.696757,ps_take,83615
1746465850.663514,ps_take_src,83615
1746465850.696360,img_end,3724754192
1746465850.697782,img_start,3724756507
1746465850.702823,FB_FRAMES,124432
1746465850.702823,SYM_FRAMES,123892
1746465850.705606,TX_FRAMES,123892
1746465850.730308,ps_take,83616
1746465850.696936,ps_take_src,83616
1746465850.729516,img_end,3724950800
1746465850.731514,img_start,3724951502
1746465850.736009,FB_FRAMES,124433
1746465850.736009,SYM_FRAMES,123893
1746465850.738725,TX_FRAMES,123893
1746465850.763328,ps_take,83617
1746465850.730608,ps_take_src,83617
1746465850.763268,img_end,3725147408
1746465850.764796,img_start,3725150513
1746465850.769710,SYM_FRAMES,123894
1746465850.769770,FB_FRAMES,124434
1746465850.772486,TX_FRAMES,123894
1746465850.796464,ps_take,83618
1746465850.764117,ps_take_src,83618
1746465850.802955,SYM_FRAMES,123895
1746465850.803018,FB_FRAMES,124435
1746465850.805734,TX_FRAMES,123895
1746465850.829306,ps_take,83619
1746465850.796633,ps_take_src,83619
1746465850.829246,img_end,3725540624
1746465850.831403,img_start,3725541927
1746465850.835696,SYM_FRAMES,123896
1746465850.835757,FB_FRAMES,124436
1746465850.838448,TX_FRAMES,123896
1746465850.863043,ps_take,83620
1746465850.830764,ps_take_src,83620
1746465850.869615,FB_FRAMES,124437
1746465850.869615,SYM_FRAMES,123897
1746465850.872376,TX_FRAMES,123897
1746465850.895837,img_end,3725933840
1746465850.896974,ps_take,83621
1746465850.863234,ps_take_src,83621
1746465850.897817,img_start,3725936945
1746465850.902321,FB_FRAMES,124438
1746465850.902321,SYM_FRAMES,123898
1746465850.905042,TX_FRAMES,123898
1746465850.929596,ps_take,83622
1746465850.897136,ps_take_src,83622
1746465850.929535,img_end,3726130448
1746465850.930714,img_start,3726133553
1746465850.935991,FB_FRAMES,124439
1746465850.935991,SYM_FRAMES,123899
1746465850.938761,TX_FRAMES,123899
1746465850.962778,ps_take,83623
1746465850.929796,ps_take_src,83623
1746465850.962489,img_end,3726327056
1746465850.963833,img_start,3726330161
1746465850.968908,FB_FRAMES,124440
1746465850.968908,SYM_FRAMES,123900
1746465850.971676,TX_FRAMES,123900
1746465850.995619,ps_take,83624
1746465850.962944,ps_take_src,83624
1746465850.995559,img_end,3726523664
1746465850.996674,img_start,3726526769
1746465851.002028,FB_FRAMES,124441
1746465851.002028,SYM_FRAMES,123901
1746465851.004750,TX_FRAMES,123901
1746465851.028389,img_end,3726720272
1746465851.030420,ps_take,83625
1746465850.995787,ps_take_src,83625
1746465851.031543,img_start,3726722889
1746465851.034876,FB_FRAMES,124442
1746465851.034876,SYM_FRAMES,123902
1746465851.037646,TX_FRAMES,123902
1746465851.063339,ps_take,83626
1746465851.030658,ps_take_src,83626
1746465851.063280,img_end,3726916880
1746465851.064931,img_start,3726916894
1746465851.069758,FB_FRAMES,124443
1746465851.069758,SYM_FRAMES,123903
1746465851.072499,TX_FRAMES,123903
1746465851.097024,ps_take,83627
1746465851.063537,ps_take_src,83627
1746465851.096685,img_end,3727113488
1746465851.098108,img_start,3727114291
1746465851.103137,SYM_FRAMES,123904
1746465851.103199,FB_FRAMES,124444
1746465851.105924,TX_FRAMES,123904
1746465851.130464,ps_take,83628
1746465851.097230,ps_take_src,83628
1746465851.129870,img_end,3727310096
1746465851.131479,img_start,3727312097
1746465851.136338,FB_FRAMES,124445
1746465851.136338,SYM_FRAMES,123905
1746465851.139118,TX_FRAMES,123905
1746465851.163626,ps_take,83629
1746465851.130628,ps_take_src,83629
1746465851.163228,img_end,3727506704
1746465851.164480,img_start,3727509809
1746465851.169688,FB_FRAMES,124446
1746465851.169688,SYM_FRAMES,123906
1746465851.172445,TX_FRAMES,123906
1746465851.196880,ps_take,83630
1746465851.163819,ps_take_src,83630
1746465851.196205,img_end,3727703312
1746465851.197957,img_start,3727706417
1746465851.202663,FB_FRAMES,124447
1746465851.202663,SYM_FRAMES,123907
1746465851.205409,TX_FRAMES,123907
1746465851.229615,ps_take,83631
1746465851.197063,ps_take_src,83631
1746465851.236153,FB_FRAMES,124448
1746465851.236153,SYM_FRAMES,123908
1746465851.238923,TX_FRAMES,123908
1746465851.262738,ps_take,83632
1746465851.229812,ps_take_src,83632
1746465851.262447,img_end,3728096528
1746465851.264269,img_start,3728096608
1746465851.268861,SYM_FRAMES,123909
1746465851.268926,FB_FRAMES,124449
1746465851.271606,TX_FRAMES,123909
1746465851.296150,ps_take,83633
1746465851.263445,ps_take_src,83633
1746465851.296033,img_end,3728293136
1746465851.297221,img_start,3728294391
1746465851.302496,FB_FRAMES,124450
1746465851.302496,SYM_FRAMES,123910
1746465851.305289,TX_FRAMES,123910
1746465851.329065,ps_take,83634
1746465851.296364,ps_take_src,83634
1746465851.328948,img_end,3728489744
1746465851.331105,img_start,3728492849
1746465851.335431,FB_FRAMES,124451
1746465851.335431,SYM_FRAMES,123911
1746465851.338205,TX_FRAMES,123911
1746465851.362777,ps_take,83635
1746465851.330212,ps_take_src,83635
1746465851.362894,img_end,3728686352
1746465851.364913,img_start,3728689457
1746465851.369288,FB_FRAMES,124452
1746465851.369288,SYM_FRAMES,123912
1746465851.372017,TX_FRAMES,123912
1746465851.396977,ps_take,83636
1746465851.362949,ps_take_src,83636
1746465851.396636,img_end,3728882960
1746465851.398061,img_start,3728886065
1746465851.403085,FB_FRAMES,124453
1746465851.403085,SYM_FRAMES,123913
1746465851.405844,TX_FRAMES,123913
1746465851.430523,ps_take,83637
1746465851.397167,ps_take_src,83637
1746465851.429759,img_end,3729079568
1746465851.431596,img_start,3729082673
1746465851.436263,FB_FRAMES,124454
1746465851.436263,SYM_FRAMES,123914
1746465851.438962,TX_FRAMES,123914
1746465851.463483,ps_take,83638
1746465851.430692,ps_take_src,83638
1746465851.463312,img_end,3729276176
1746465851.464502,img_start,3729276535
1746465851.469785,FB_FRAMES,124455
1746465851.469785,SYM_FRAMES,123915
1746465851.472499,TX_FRAMES,123915
1746465851.496875,ps_take,83639
1746465851.463674,ps_take_src,83639
1746465851.496257,img_end,3729472784
1746465851.497891,img_start,3729473271
1746465851.502696,SYM_FRAMES,123916
1746465851.502760,FB_FRAMES,124456
1746465851.505446,TX_FRAMES,123916
1746465851.529589,ps_take,83640
1746465851.497060,ps_take_src,83640
1746465851.536134,FB_FRAMES,124457
1746465851.536134,SYM_FRAMES,123917
1746465851.538904,TX_FRAMES,123917
1746465851.562769,ps_take,83641
1746465851.529783,ps_take_src,83641
1746465851.562391,img_end,3729866000
1746465851.563854,img_start,3729868095
1746465851.568886,FB_FRAMES,124458
1746465851.568886,SYM_FRAMES,123918
1746465851.571660,TX_FRAMES,123918
1746465851.595540,ps_take,83642
1746465851.562964,ps_take_src,83642
1746465851.602047,FB_FRAMES,124459
1746465851.602047,SYM_FRAMES,123919
1746465851.604820,TX_FRAMES,123919
1746465851.628333,img_end,3730259216
1746465851.630423,ps_take,83643
1746465851.595734,ps_take_src,83643
1746465851.631484,img_start,3730262321
1746465851.634794,FB_FRAMES,124460
1746465851.634794,SYM_FRAMES,123920
1746465851.637550,TX_FRAMES,123920
1746465851.663375,ps_take,83644
1746465851.630590,ps_take_src,83644
1746465851.663202,img_end,3730455824
1746465851.664905,img_start,3730456091
1746465851.669666,FB_FRAMES,124461
1746465851.669666,SYM_FRAMES,123921
1746465851.672417,TX_FRAMES,123921
1746465851.697070,ps_take,83645
1746465851.663533,ps_take_src,83645
1746465851.696672,img_end,3730652432
1746465851.698148,img_start,3730655537
1746465851.703147,FB_FRAMES,124462
1746465851.703147,SYM_FRAMES,123922
1746465851.705842,TX_FRAMES,123922
1746465851.730611,ps_take,83646
1746465851.697244,ps_take_src,83646
1746465851.729847,img_end,3730849040
1746465851.731639,img_start,3730850485
1746465851.736316,FB_FRAMES,124463
1746465851.736316,SYM_FRAMES,123923
1746465851.739064,TX_FRAMES,123923
1746465851.763646,ps_take,83647
1746465851.730785,ps_take_src,83647
1746465851.763361,img_end,3731045648
1746465851.764670,img_start,3731048753
1746465851.769879,FB_FRAMES,124464
1746465851.769879,SYM_FRAMES,123924
1746465851.772631,TX_FRAMES,123924
1746465851.796885,ps_take,83648
1746465851.763815,ps_take_src,83648
1746465851.796374,img_end,3731242256
1746465851.798071,img_start,3731242474
1746465851.802849,FB_FRAMES,124465
1746465851.802849,SYM_FRAMES,123925
1746465851.805650,TX_FRAMES,123925
1746465851.830181,ps_take,83649
1746465851.797079,ps_take_src,83649
1746465851.829838,img_end,3731438864
1746465851.831033,img_start,3731441054
1746465851.836316,FB_FRAMES,124466
1746465851.836316,SYM_FRAMES,123926
1746465851.839019,TX_FRAMES,123926
1746465851.862732,ps_take,83650
1746465851.830364,ps_take_src,83650
1746465851.869222,FB_FRAMES,124467
1746465851.869222,SYM_FRAMES,123927
1746465851.872033,TX_FRAMES,123927
1746465851.895624,ps_take,83651
1746465851.862928,ps_take_src,83651
1746465851.895565,img_end,3731832080
1746465851.896658,img_start,3731832271
1746465851.902009,FB_FRAMES,124468
1746465851.902009,SYM_FRAMES,123928
1746465851.904731,TX_FRAMES,123928
1746465851.928424,img_end,3732028688
1746465851.930332,ps_take,83652
1746465851.895797,ps_take_src,83652
1746465851.931481,img_start,3732028723
1746465851.934881,FB_FRAMES,124469
1746465851.934881,SYM_FRAMES,123929
1746465851.937677,TX_FRAMES,123929
1746465851.963364,ps_take,83653
1746465851.930631,ps_take_src,83653
1746465851.963246,img_end,3732225296
1746465851.964943,img_start,3732225875
1746465851.969718,FB_FRAMES,124470
1746465851.969718,SYM_FRAMES,123930
1746465851.972425,TX_FRAMES,123930
1746465851.997046,ps_take,83654
1746465851.963548,ps_take_src,83654
1746465851.996705,img_end,3732421904
1746465851.998072,img_start,3732422097
1746465852.003170,FB_FRAMES,124471
1746465852.003170,SYM_FRAMES,123931
1746465852.005901,TX_FRAMES,123931
1746465852.030638,ps_take,83655
1746465851.997218,ps_take_src,83655
1746465852.029824,img_end,3732618512
1746465852.031717,img_start,3732621617
1746465852.036315,FB_FRAMES,124472
1746465852.036315,SYM_FRAMES,123932
1746465852.039031,TX_FRAMES,123932
1746465852.063626,ps_take,83656
1746465852.030843,ps_take_src,83656
1746465852.063396,img_end,3732815120
1746465852.064660,img_start,3732817362
1746465852.069881,FB_FRAMES,124473
1746465852.069881,SYM_FRAMES,123933
1746465852.072638,TX_FRAMES,123933
1746465852.096852,ps_take,83657
1746465852.063797,ps_take_src,83657
1746465852.096398,img_end,3733011728
1746465852.098153,img_start,3733014833
1746465852.102842,SYM_FRAMES,123934
1746465852.102902,FB_FRAMES,124474
1746465852.105586,TX_FRAMES,123934
1746465852.130197,ps_take,83658
1746465852.097067,ps_take_src,83658
1746465852.129855,img_end,3733208336
1746465852.131258,img_start,3733210538
1746465852.136351,FB_FRAMES,124475
1746465852.136351,SYM_FRAMES,123935
1746465852.139060,TX_FRAMES,123935
1746465852.163346,ps_take,83659
1746465852.130368,ps_take_src,83659
1746465852.163007,img_end,3733404944
1746465852.164598,img_start,3733408049
1746465852.169465,FB_FRAMES,124476
1746465852.169465,SYM_FRAMES,123936
1746465852.172180,TX_FRAMES,123936
1746465852.196768,ps_take,83660
1746465852.163533,ps_take_src,83660
1746465852.196313,img_end,3733601552
1746465852.197789,img_start,3733601836
1746465852.202788,FB_FRAMES,124477
1746465852.202788,SYM_FRAMES,123937
1746465852.205542,TX_FRAMES,123937
1746465852.230376,ps_take,83661
1746465852.196937,ps_take_src,83661
1746465852.229531,img_end,3733798160
1746465852.231304,img_start,3733799794
1746465852.236036,FB_FRAMES,124478
1746465852.236036,SYM_FRAMES,123938
1746465852.238736,TX_FRAMES,123938
1746465852.263359,ps_take,83662
1746465852.230653,ps_take_src,83662
1746465852.263072,img_end,3733994768
1746465852.264769,img_start,3733995794
1746465852.269528,FB_FRAMES,124479
1746465852.269528,SYM_FRAMES,123939
1746465852.272288,TX_FRAMES,123939
1746465852.296474,ps_take,83663
1746465852.264128,ps_take_src,83663
1746465852.302977,FB_FRAMES,124480
1746465852.302977,SYM_FRAMES,123940
1746465852.305749,TX_FRAMES,123940
1746465852.329310,ps_take,83664
1746465852.296643,ps_take_src,83664
1746465852.329250,img_end,3734387984
1746465852.331407,img_start,3734391089
1746465852.335707,FB_FRAMES,124481
1746465852.335707,SYM_FRAMES,123941
1746465852.338490,TX_FRAMES,123941
1746465852.363010,ps_take,83665
1746465852.330725,ps_take_src,83665
1746465852.369582,FB_FRAMES,124482
1746465852.369582,SYM_FRAMES,123942
1746465852.372346,TX_FRAMES,123942
1746465852.395760,img_end,3734781200
1746465852.396887,ps_take,83666
1746465852.363218,ps_take_src,83666
1746465852.398117,img_start,3734784305
1746465852.402213,FB_FRAMES,124483
1746465852.402213,SYM_FRAMES,123943
1746465852.404951,TX_FRAMES,123943
1746465852.430182,ps_take,83667
1746465852.397085,ps_take_src,83667
1746465852.429840,img_end,3734977808
1746465852.431289,img_start,3734980913
1746465852.436311,FB_FRAMES,124484
1746465852.436311,SYM_FRAMES,123944
1746465852.439023,TX_FRAMES,123944
1746465852.463352,ps_take,83668
1746465852.430375,ps_take_src,83668
1746465852.463012,img_end,3735174416
1746465852.464600,img_start,3735177521
1746465852.469453,FB_FRAMES,124485
1746465852.469453,SYM_FRAMES,123945
1746465852.472179,TX_FRAMES,123945
1746465852.496727,ps_take,83669
1746465852.463521,ps_take_src,83669
1746465852.496331,img_end,3735371024
1746465852.497803,img_start,3735374129
1746465852.502807,FB_FRAMES,124486
1746465852.502807,SYM_FRAMES,123946
1746465852.505508,TX_FRAMES,123946
1746465852.529517,img_end,3735567632
1746465852.530556,ps_take,83670
1746465852.496927,ps_take_src,83670
1746465852.531574,img_start,3735567733
1746465852.535979,FB_FRAMES,124487
1746465852.535979,SYM_FRAMES,123947
1746465852.538733,TX_FRAMES,123947
1746465852.563357,img_end,3735764240
1746465852.564708,ps_take,83671
1746465852.530716,ps_take_src,83671
1746465852.565768,img_start,3735766404
1746465852.569818,FB_FRAMES,124488
1746465852.569818,SYM_FRAMES,123948
1746465852.572567,TX_FRAMES,123948
1746465852.597625,ps_take,83672
1746465852.564911,ps_take_src,83672
1746465852.597507,img_end,3735960848
1746465852.598676,img_start,3735963953
1746465852.603998,FB_FRAMES,124489
1746465852.603998,SYM_FRAMES,123949
1746465852.606767,TX_FRAMES,123949
1746465852.630474,ps_take,83673
1746465852.597793,ps_take_src,83673
1746465852.630386,img_end,3736157456
1746465852.631502,img_start,3736159465
1746465852.636883,FB_FRAMES,124490
1746465852.636883,SYM_FRAMES,123950
1746465852.639593,TX_FRAMES,123950
1746465852.663971,ps_take,83674
1746465852.630644,ps_take_src,83674
1746465852.663231,img_end,3736354064
1746465852.665050,img_start,3736356856
1746465852.669682,SYM_FRAMES,123951
1746465852.669742,FB_FRAMES,124491
1746465852.672424,TX_FRAMES,123951
1746465852.696959,ps_take,83675
1746465852.664181,ps_take_src,83675
1746465852.696784,img_end,3736550672
1746465852.698148,img_start,3736553777
1746465852.703272,FB_FRAMES,124492
1746465852.703272,SYM_FRAMES,123952
1746465852.706027,TX_FRAMES,123952
1746465852.730234,ps_take,83676
1746465852.697126,ps_take_src,83676
1746465852.729837,img_end,3736747280
1746465852.731251,img_start,3736748262
1746465852.736303,SYM_FRAMES,123953
1746465852.736364,FB_FRAMES,124493
1746465852.739079,TX_FRAMES,123953
1746465852.763312,ps_take,83677
1746465852.730413,ps_take_src,83677
1746465852.762972,img_end,3736943888
1746465852.764560,img_start,3736946993
1746465852.769456,FB_FRAMES,124494
1746465852.769456,SYM_FRAMES,123954
1746465852.772256,TX_FRAMES,123954
1746465852.796731,ps_take,83678
1746465852.763517,ps_take_src,83678
1746465852.796279,img_end,3737140496
1746465852.797807,img_start,3737141610
1746465852.802748,FB_FRAMES,124495
1746465852.802748,SYM_FRAMES,123955
1746465852.805495,TX_FRAMES,123955
1746465852.830386,ps_take,83679
1746465852.796915,ps_take_src,83679
1746465852.829541,img_end,3737337104
1746465852.831537,img_start,3737340209
1746465852.836036,FB_FRAMES,124496
1746465852.836036,SYM_FRAMES,123956
1746465852.838752,TX_FRAMES,123956
1746465852.863338,ps_take,83680
1746465852.830662,ps_take_src,83680
1746465852.863278,img_end,3737533712
1746465852.864802,img_start,3737536817
1746465852.869708,SYM_FRAMES,123957
1746465852.869769,FB_FRAMES,124497
1746465852.872504,TX_FRAMES,123957
1746465852.896477,ps_take,83681
1746465852.864141,ps_take_src,83681
1746465852.903003,FB_FRAMES,124498
1746465852.903003,SYM_FRAMES,123958
1746465852.905784,TX_FRAMES,123958
1746465852.929227,img_end,3737926928
1746465852.930359,ps_take,83682
1746465852.896642,ps_take_src,83682
1746465852.931445,img_start,3737930033
1746465852.935731,FB_FRAMES,124499
1746465852.935731,SYM_FRAMES,123959
1746465852.938468,TX_FRAMES,123959
1746465852.963515,ps_take,83683
1746465852.930588,ps_take_src,83683
1746465852.963176,img_end,3738123536
1746465852.964537,img_start,3738123869
1746465852.969651,FB_FRAMES,124500
1746465852.969651,SYM_FRAMES,123960
1746465852.972396,TX_FRAMES,123960
1746465852.996908,ps_take,83684
1746465852.963701,ps_take_src,83684
1746465852.996280,img_end,3738320144
1746465852.997929,img_start,3738321719
1746465853.002764,FB_FRAMES,124501
1746465853.002764,SYM_FRAMES,123961
1746465853.005474,TX_FRAMES,123961
1746465853.029626,ps_take,83685
1746465852.997082,ps_take_src,83685
1746465853.036141,FB_FRAMES,124502
1746465853.036141,SYM_FRAMES,123962
1746465853.038864,TX_FRAMES,123962
1746465853.062770,ps_take,83686
1746465853.029799,ps_take_src,83686
1746465853.062425,img_end,3738713360
1746465853.063796,img_start,3738716116
1746465853.068868,FB_FRAMES,124503
1746465853.068868,SYM_FRAMES,123963
1746465853.071626,TX_FRAMES,123963
1746465853.095563,ps_take,83687
1746465853.062933,ps_take_src,83687
1746465853.095502,img_end,3738909968
1746465853.098083,img_start,3738912490
1746465853.101973,SYM_FRAMES,123964
1746465853.102034,FB_FRAMES,124504
1746465853.104726,TX_FRAMES,123964
1746465853.130352,ps_take,83688
1746465853.095768,ps_take_src,83688
1746465853.129787,img_end,3739106576
1746465853.131453,img_start,3739108562
1746465853.136283,FB_FRAMES,124505
1746465853.136283,SYM_FRAMES,123965
1746465853.139048,TX_FRAMES,123965
1746465853.163333,ps_take,83689
1746465853.130607,ps_take_src,83689
1746465853.163216,img_end,3739303184
1746465853.164741,img_start,3739306289
1746465853.169659,FB_FRAMES,124506
1746465853.169659,SYM_FRAMES,123966
1746465853.172381,TX_FRAMES,123966
1746465853.196476,ps_take,83690
1746465853.164082,ps_take_src,83690
1746465853.197497,img_start,3739501398
1746465853.202913,SYM_FRAMES,123967
1746465853.203001,FB_FRAMES,124507
1746465853.205732,TX_FRAMES,123967
1746465853.229225,img_end,3739696400
1746465853.230359,ps_take,83691
1746465853.196647,ps_take_src,83691
1746465853.231449,img_start,3739699505
1746465853.235691,FB_FRAMES,124508
1746465853.235691,SYM_FRAMES,123968
1746465853.238496,TX_FRAMES,123968
1746465853.263608,ps_take,83692
1746465853.230571,ps_take_src,83692
1746465853.263158,img_end,3739893008
1746465853.264629,img_start,3739895208
1746465853.269606,SYM_FRAMES,123969
1746465853.269667,FB_FRAMES,124509
1746465853.272387,TX_FRAMES,123969
1746465853.296867,ps_take,83693
1746465853.263791,ps_take_src,83693
1746465853.296359,img_end,3740089616
1746465853.297890,img_start,3740092239
1746465853.302824,FB_FRAMES,124510
1746465853.302824,SYM_FRAMES,123970
1746465853.305623,TX_FRAMES,123970
1746465853.329561,ps_take,83694
1746465853.297034,ps_take_src,83694
1746465853.336112,FB_FRAMES,124511
1746465853.336112,SYM_FRAMES,123971
1746465853.338826,TX_FRAMES,123971
1746465853.362681,ps_take,83695
1746465853.329702,ps_take_src,83695
1746465853.362267,img_end,3740482832
1746465853.363702,img_start,3740485937
1746465853.368744,FB_FRAMES,124512
1746465853.368744,SYM_FRAMES,123972
1746465853.371490,TX_FRAMES,123972
1746465853.395544,ps_take,83696
1746465853.362853,ps_take_src,83696
1746465853.395427,img_end,3740679440
1746465853.396568,img_start,3740682545
1746465853.401868,SYM_FRAMES,123973
1746465853.401929,FB_FRAMES,124513
1746465853.404691,TX_FRAMES,123973
1746465853.428447,ps_take,83697
1746465853.395704,ps_take_src,83697
1746465853.428275,img_end,3740876048
1746465853.430496,img_start,3740879153
1746465853.434736,FB_FRAMES,124514
1746465853.434736,SYM_FRAMES,123974
1746465853.437503,TX_FRAMES,123974
1746465853.462095,ps_take,83698
1746465853.428592,ps_take_src,83698
1746465853.462204,img_end,3741072656
1746465853.464625,img_start,3741075761
1746465853.468668,FB_FRAMES,124515
1746465853.468668,SYM_FRAMES,123975
1746465853.471473,TX_FRAMES,123975
1746465853.496719,ps_take,83699
1746465853.462271,ps_take_src,83699
1746465853.496320,img_end,3741269264
1746465853.497601,img_start,3741272369
1746465853.502809,FB_FRAMES,124516
1746465853.502809,SYM_FRAMES,123976
1746465853.505521,TX_FRAMES,123976
1746465853.529261,ps_take,83700
1746465853.496916,ps_take_src,83700
1746465853.529373,img_end,3741465872
1746465853.531358,img_start,3741468977
1746465853.535769,FB_FRAMES,124517
1746465853.535769,SYM_FRAMES,123977
1746465853.538556,TX_FRAMES,123977
1746465853.563016,ps_take,83701
1746465853.530522,ps_take_src,83701
1746465853.569552,FB_FRAMES,124518
1746465853.569552,SYM_FRAMES,123978
1746465853.572291,TX_FRAMES,123978
1746465853.595873,ps_take,83702
1746465853.563224,ps_take_src,83702
1746465853.595813,img_end,3741859088
1746465853.596908,img_start,3741860960
1746465853.602277,FB_FRAMES,124519
1746465853.602277,SYM_FRAMES,123979
1746465853.605038,TX_FRAMES,123979
1746465853.629019,ps_take,83703
1746465853.596044,ps_take_src,83703
1746465853.628622,img_end,3742055696
1746465853.630098,img_start,3742058801
1746465853.635098,SYM_FRAMES,123980
1746465853.635159,FB_FRAMES,124520
1746465853.637837,TX_FRAMES,123980
1746465853.662759,ps_take,83704
1746465853.629223,ps_take_src,83704
1746465853.661823,img_end,3742252304
1746465853.663779,img_start,3742252345
1746465853.668259,SYM_FRAMES,123981
1746465853.668320,FB_FRAMES,124521
1746465853.670992,TX_FRAMES,123981
1746465853.695624,ps_take,83705
1746465853.662923,ps_take_src,83705
1746465853.695564,img_end,3742448912
1746465853.696718,img_start,3742452017
1746465853.702030,FB_FRAMES,124522
1746465853.702030,SYM_FRAMES,123982
1746465853.704732,TX_FRAMES,123982
1746465853.728430,img_end,3742645520
1746465853.730335,ps_take,83706
1746465853.695798,ps_take_src,83706
1746465853.731542,img_start,3742648625
1746465853.734870,SYM_FRAMES,123983
1746465853.734931,FB_FRAMES,124523
1746465853.737634,TX_FRAMES,123983
1746465853.763280,ps_take,83707
1746465853.730659,ps_take_src,83707
1746465853.763280,img_end,3742842128
1746465853.764875,img_start,3742845233
1746465853.769744,FB_FRAMES,124524
1746465853.769744,SYM_FRAMES,123984
1746465853.772527,TX_FRAMES,123984
1746465853.797047,ps_take,83708
1746465853.763455,ps_take_src,83708
1746465853.796594,img_end,3743038736
1746465853.798068,img_start,3743040616
1746465853.803054,FB_FRAMES,124525
1746465853.803054,SYM_FRAMES,123985
1746465853.805848,TX_FRAMES,123985
1746465853.830359,ps_take,83709
1746465853.797226,ps_take_src,83709
1746465853.829793,img_end,3743235344
1746465853.831445,img_start,3743237069
1746465853.836273,FB_FRAMES,124526
1746465853.836273,SYM_FRAMES,123986
1746465853.839042,TX_FRAMES,123986
1746465853.863594,ps_take,83710
1746465853.830581,ps_take_src,83710
1746465853.863195,img_end,3743431952
1746465853.864616,img_start,3743435057
1746465853.869656,FB_FRAMES,124527
1746465853.869656,SYM_FRAMES,123987
1746465853.872404,TX_FRAMES,123987
1746465853.896737,ps_take,83711
1746465853.863752,ps_take_src,83711
1746465853.896342,img_end,3743628560
1746465853.897760,img_start,3743630942
1746465853.902803,FB_FRAMES,124528
1746465853.902803,SYM_FRAMES,123988
1746465853.905530,TX_FRAMES,123988
1746465853.929610,ps_take,83712
1746465853.896903,ps_take_src,83712
1746465853.929493,img_end,3743825168
1746465853.930656,img_start,3743827298
1746465853.935989,FB_FRAMES,124529
1746465853.935989,SYM_FRAMES,123989
1746465853.938707,TX_FRAMES,123989
1746465853.962756,ps_take,83713
1746465853.929787,ps_take_src,83713
1746465853.962378,img_end,3744021776
1746465853.963890,img_start,3744024881
1746465853.968857,FB_FRAMES,124530
1746465853.968857,SYM_FRAMES,123990
1746465853.971616,TX_FRAMES,123990
1746465853.995580,ps_take,83714
1746465853.962944,ps_take_src,83714
1746465854.002096,FB_FRAMES,124531
1746465854.002096,SYM_FRAMES,123991
1746465854.004812,TX_FRAMES,123991
1746465854.028406,img_end,3744414992
1746465854.030359,ps_take,83715
1746465853.995770,ps_take_src,83715
1746465854.031498,img_start,3744418097
1746465854.034869,FB_FRAMES,124532
1746465854.034869,SYM_FRAMES,123992
1746465854.037608,TX_FRAMES,123992
1746465854.063348,ps_take,83716
1746465854.030624,ps_take_src,83716
1746465854.063232,img_end,3744611600
1746465854.064809,img_start,3744614705
1746465854.069690,FB_FRAMES,124533
1746465854.069690,SYM_FRAMES,123993
1746465854.072403,TX_FRAMES,123993
1746465854.096498,ps_take,83717
1746465854.064127,ps_take_src,83717
1746465854.096498,img_end,3744808208
1746465854.097582,img_start,3744811313
1746465854.102956,SYM_FRAMES,123994
1746465854.103018,FB_FRAMES,124534
1746465854.105719,TX_FRAMES,123994
1746465854.129302,ps_take,83718
1746465854.096662,ps_take_src,83718
1746465854.129302,img_end,3745004816
1746465854.131392,img_start,3745004986
1746465854.135776,FB_FRAMES,124535
1746465854.135776,SYM_FRAMES,123995
1746465854.138547,TX_FRAMES,123995
1746465854.163611,ps_take,83719
1746465854.130755,ps_take_src,83719
1746465854.163157,img_end,3745201424
1746465854.164694,img_start,3745204529
1746465854.169614,FB_FRAMES,124536
1746465854.169614,SYM_FRAMES,123996
1746465854.172374,TX_FRAMES,123996
1746465854.196882,ps_take,83720
1746465854.163816,ps_take_src,83720
1746465854.196431,img_end,3745398032
1746465854.198126,img_start,3745400919
1746465854.202873,FB_FRAMES,124537
1746465854.202873,SYM_FRAMES,123997
1746465854.205673,TX_FRAMES,123997
1746465854.230249,ps_take,83721
1746465854.197070,ps_take_src,83721
1746465854.229855,img_end,3745594640
1746465854.231284,img_start,3745596685
1746465854.236332,FB_FRAMES,124538
1746465854.236332,SYM_FRAMES,123998
1746465854.239057,TX_FRAMES,123998
1746465854.263378,ps_take,83722
1746465854.230430,ps_take_src,83722
1746465854.263036,img_end,3745791248
1746465854.264559,img_start,3745791435
1746465854.269497,FB_FRAMES,124539
1746465854.269497,SYM_FRAMES,123999
1746465854.272209,TX_FRAMES,123999
1746465854.296744,ps_take,83723
1746465854.263550,ps_take_src,83723
1746465854.296294,img_end,3745987856
1746465854.297812,img_start,3745990961
1746465854.302786,FB_FRAMES,124540
1746465854.302786,SYM_FRAMES,124000
1746465854.305552,TX_FRAMES,124000
1746465854.330501,ps_take,83724
1746465854.296940,ps_take_src,83724
1746465854.329519,img_end,3746184464
1746465854.331563,img_start,3746187569
1746465854.336026,FB_FRAMES,124541
1746465854.336026,SYM_FRAMES,124001
1746465854.338728,TX_FRAMES,124001
1746465854.363311,img_end,3746381072
1746465854.364664,ps_take,83725
1746465854.330692,ps_take_src,83725
1746465854.365729,img_start,3746382750
1746465854.369734,SYM_FRAMES,124002
1746465854.369796,FB_FRAMES,124542
1746465854.372492,TX_FRAMES,124002
1746465854.397644,ps_take,83726
1746465854.364873,ps_take_src,83726
1746465854.397471,img_end,3746577680
1746465854.398697,img_start,3746580697
1746465854.403938,FB_FRAMES,124543
1746465854.403938,SYM_FRAMES,124003
1746465854.406670,TX_FRAMES,124003
1746465854.430361,ps_take,83727
1746465854.397805,ps_take_src,83727
1746465854.436900,FB_FRAMES,124544
1746465854.436900,SYM_FRAMES,124004
1746465854.439682,TX_FRAMES,124004
1746465854.463539,ps_take,83728
1746465854.430578,ps_take_src,83728
1746465854.463197,img_end,3746970896
1746465854.464551,img_start,3746971732
1746465854.469622,FB_FRAMES,124545
1746465854.469622,SYM_FRAMES,124005
1746465854.472411,TX_FRAMES,124005
1746465854.496899,ps_take,83729
1746465854.463707,ps_take_src,83729
1746465854.496278,img_end,3747167504
1746465854.498141,img_start,3747170609
1746465854.502769,FB_FRAMES,124546
1746465854.502769,SYM_FRAMES,124006
1746465854.505558,TX_FRAMES,124006
1746465854.530186,ps_take,83730
1746465854.497115,ps_take_src,83730
1746465854.529845,img_end,3747364112
1746465854.531236,img_start,3747365365
1746465854.536331,FB_FRAMES,124547
1746465854.536331,SYM_FRAMES,124007
1746465854.539074,TX_FRAMES,124007
1746465854.563365,ps_take,83731
1746465854.530372,ps_take_src,83731
1746465854.562968,img_end,3747560720
1746465854.564552,img_start,3747562384
1746465854.569472,FB_FRAMES,124548
1746465854.569472,SYM_FRAMES,124008
1746465854.572184,TX_FRAMES,124008
1746465854.596727,ps_take,83732
1746465854.563536,ps_take_src,83732
1746465854.596274,img_end,3747757328
1746465854.597808,img_start,3747760433
1746465854.602737,SYM_FRAMES,124009
1746465854.602798,FB_FRAMES,124549
1746465854.605508,TX_FRAMES,124009
1746465854.630363,ps_take,83733
1746465854.596926,ps_take_src,83733
1746465854.629520,img_end,3747953936
1746465854.631515,img_start,3747956883
1746465854.635989,FB_FRAMES,124550
1746465854.635989,SYM_FRAMES,124010
1746465854.638782,TX_FRAMES,124010
1746465854.663337,ps_take,83734
1746465854.630643,ps_take_src,83734
1746465854.663221,img_end,3748150544
1746465854.664754,img_start,3748151027
1746465854.669687,SYM_FRAMES,124011
1746465854.669747,FB_FRAMES,124551
1746465854.672477,TX_FRAMES,124011
1746465854.696445,ps_take,83735
1746465854.663534,ps_take_src,83735
1746465854.702967,FB_FRAMES,124552
1746465854.702967,SYM_FRAMES,124012
1746465854.705712,TX_FRAMES,124012
1746465854.729245,img_end,3748543760
1746465854.730461,ps_take,83736
1746465854.696644,ps_take_src,83736
1746465854.731529,img_start,3748546865
1746465854.735675,SYM_FRAMES,124013
1746465854.735736,FB_FRAMES,124553
1746465854.738418,TX_FRAMES,124013
1746465854.763673,ps_take,83737
1746465854.730642,ps_take_src,83737
1746465854.763220,img_end,3748740368
1746465854.764698,img_start,3748743312
1746465854.769710,FB_FRAMES,124554
1746465854.769710,SYM_FRAMES,124014
1746465854.772449,TX_FRAMES,124014
1746465854.796937,ps_take,83738
1746465854.763841,ps_take_src,83738
1746465854.796427,img_end,3748936976
1746465854.798131,img_start,3748940081
1746465854.802879,FB_FRAMES,124555
1746465854.802879,SYM_FRAMES,124015
1746465854.805685,TX_FRAMES,124015
1746465854.830192,ps_take,83739
1746465854.797117,ps_take_src,83739
1746465854.829851,img_end,3749133584
1746465854.831242,img_start,3749134395
1746465854.836339,FB_FRAMES,124556
1746465854.836339,SYM_FRAMES,124016
1746465854.839090,TX_FRAMES,124016
1746465854.863308,ps_take,83740
1746465854.830387,ps_take_src,83740
1746465854.862967,img_end,3749330192
1746465854.864563,img_start,3749330223
1746465854.869433,SYM_FRAMES,124017
1746465854.869493,FB_FRAMES,124557
1746465854.872193,TX_FRAMES,124017
1746465854.896782,ps_take,83741
1746465854.863517,ps_take_src,83741
1746465854.896329,img_end,3749526800
1746465854.897807,img_start,3749529128
1746465854.902800,FB_FRAMES,124558
1746465854.902800,SYM_FRAMES,124018
1746465854.905560,TX_FRAMES,124018
1746465854.930340,ps_take,83742
1746465854.896943,ps_take_src,83742
1746465854.929551,img_end,3749723408
1746465854.931493,img_start,3749726018
1746465854.936020,FB_FRAMES,124559
1746465854.936020,SYM_FRAMES,124019
1746465854.938775,TX_FRAMES,124019
1746465854.963363,ps_take,83743
1746465854.930631,ps_take_src,83743
1746465854.963246,img_end,3749920016
1746465854.964821,img_start,3749923121
1746465854.969676,SYM_FRAMES,124020
1746465854.969737,FB_FRAMES,124560
1746465854.972459,TX_FRAMES,124020
1746465854.996472,ps_take,83744
1746465854.964150,ps_take_src,83744
1746465855.003034,FB_FRAMES,124561
1746465855.003034,SYM_FRAMES,124021
1746465855.005762,TX_FRAMES,124021
1746465855.029275,img_end,3750313232
1746465855.030491,ps_take,83745
1746465854.996660,ps_take_src,83745
1746465855.031495,img_start,3750313967
1746465855.035737,FB_FRAMES,124562
1746465855.035737,SYM_FRAMES,124022
1746465855.038510,TX_FRAMES,124022
1746465855.063676,ps_take,83746
1746465855.030651,ps_take_src,83746
1746465855.063225,img_end,3750509840
1746465855.064698,img_start,3750512945
1746465855.069736,FB_FRAMES,124563
1746465855.069736,SYM_FRAMES,124023
1746465855.072487,TX_FRAMES,124023
1746465855.096912,ps_take,83747
1746465855.063828,ps_take_src,83747
1746465855.096402,img_end,3750706448
1746465855.097938,img_start,3750709553
1746465855.102880,FB_FRAMES,124564
1746465855.102880,SYM_FRAMES,124024
1746465855.105655,TX_FRAMES,124024
1746465855.129598,ps_take,83748
1746465855.097067,ps_take_src,83748
1746465855.136113,FB_FRAMES,124565
1746465855.136113,SYM_FRAMES,124025
1746465855.138851,TX_FRAMES,124025
1746465855.162721,ps_take,83749
1746465855.129784,ps_take_src,83749
1746465855.162431,img_end,3751099664
1746465855.163581,img_start,3751100886
1746465855.168864,FB_FRAMES,124566
1746465855.168864,SYM_FRAMES,124026
1746465855.171589,TX_FRAMES,124026
1746465855.195583,ps_take,83750
1746465855.162939,ps_take_src,83750
1746465855.195295,img_end,3751296272
1746465855.196672,img_start,3751299377
1746465855.201766,SYM_FRAMES,124027
1746465855.201830,FB_FRAMES,124567
1746465855.204530,TX_FRAMES,124027
1746465855.228367,img_end,3751492880
1746465855.230328,ps_take,83751
1746465855.195780,ps_take_src,83751
1746465855.231476,img_start,3751494345
1746465855.234851,FB_FRAMES,124568
1746465855.234851,SYM_FRAMES,124028
1746465855.237611,TX_FRAMES,124028
1746465855.263333,ps_take,83752
1746465855.230629,ps_take_src,83752
1746465855.263217,img_end,3751689488
1746465855.264582,img_start,3751692593
1746465855.269657,SYM_FRAMES,124029
1746465855.269720,FB_FRAMES,124569
1746465855.272405,TX_FRAMES,124029
1746465855.296482,ps_take,83753
1746465855.263509,ps_take_src,83753
1746465855.296309,img_end,3751886096
1746465855.297516,img_start,3751888174
1746465855.302794,FB_FRAMES,124570
1746465855.302794,SYM_FRAMES,124030
1746465855.305488,TX_FRAMES,124030
1746465855.329267,img_end,3752082704
1746465855.330467,ps_take,83754
1746465855.296651,ps_take_src,83754
1746465855.331481,img_start,3752084916
1746465855.335719,FB_FRAMES,124571
1746465855.335719,SYM_FRAMES,124031
1746465855.338509,TX_FRAMES,124031
1746465855.363644,ps_take,83755
1746465855.330624,ps_take_src,83755
1746465855.363191,img_end,3752279312
1746465855.364663,img_start,3752281800
1746465855.369706,FB_FRAMES,124572
1746465855.369706,SYM_FRAMES,124032
1746465855.372473,TX_FRAMES,124032
1746465855.396912,ps_take,83756
1746465855.363808,ps_take_src,83756
1746465855.396402,img_end,3752475920
1746465855.398135,img_start,3752479025
1746465855.402852,FB_FRAMES,124573
1746465855.402852,SYM_FRAMES,124033
1746465855.405590,TX_FRAMES,124033
1746465855.430438,ps_take,83757
1746465855.397121,ps_take_src,83757
1746465855.429847,img_end,3752672528
1746465855.431575,img_start,3752674753
1746465855.436316,FB_FRAMES,124574
1746465855.436316,SYM_FRAMES,124034
1746465855.439065,TX_FRAMES,124034
1746465855.463334,ps_take,83758
1746465855.430723,ps_take_src,83758
1746465855.463334,img_end,3752869136
1746465855.464589,img_start,3752870900
1746465855.469794,FB_FRAMES,124575
1746465855.469794,SYM_FRAMES,124035
1746465855.472575,TX_FRAMES,124035
1746465855.496791,ps_take,83759
1746465855.463524,ps_take_src,83759
1746465855.496339,img_end,3753065744
1746465855.497816,img_start,3753068849
1746465855.502792,FB_FRAMES,124576
1746465855.502792,SYM_FRAMES,124036
1746465855.505538,TX_FRAMES,124036
1746465855.530380,ps_take,83760
1746465855.496954,ps_take_src,83760
1746465855.529533,img_end,3753262352
1746465855.531532,img_start,3753263908
1746465855.535993,FB_FRAMES,124577
1746465855.535993,SYM_FRAMES,124037
1746465855.538742,TX_FRAMES,124037
1746465855.563393,ps_take,83761
1746465855.530679,ps_take_src,83761
1746465855.563277,img_end,3753458960
1746465855.564970,img_start,3753460128
1746465855.569722,SYM_FRAMES,124038
1746465855.569786,FB_FRAMES,124578
1746465855.572500,TX_FRAMES,124038
1746465855.597057,ps_take,83762
1746465855.563581,ps_take_src,83762
1746465855.596717,img_end,3753655568
1746465855.598078,img_start,3753656165
1746465855.603197,FB_FRAMES,124579
1746465855.603197,SYM_FRAMES,124039
1746465855.605936,TX_FRAMES,124039
1746465855.630391,ps_take,83763
1746465855.597221,ps_take_src,83763
1746465855.629827,img_end,3753852176
1746465855.631494,img_start,3753855281
1746465855.636274,SYM_FRAMES,124040
1746465855.636334,FB_FRAMES,124580
1746465855.639079,TX_FRAMES,124040
1746465855.663533,ps_take,83764
1746465855.630618,ps_take_src,83764
1746465855.663193,img_end,3754048784
1746465855.664559,img_start,3754051889
1746465855.669658,SYM_FRAMES,124041
1746465855.669719,FB_FRAMES,124581
1746465855.672405,TX_FRAMES,124041
1746465855.696894,ps_take,83765
1746465855.663684,ps_take_src,83765
1746465855.696271,img_end,3754245392
1746465855.697751,img_start,3754248497
1746465855.702737,FB_FRAMES,124582
1746465855.702737,SYM_FRAMES,124042
1746465855.705469,TX_FRAMES,124042
1746465855.729632,ps_take,83766
1746465855.697065,ps_take_src,83766
1746465855.729457,img_end,3754442000
1746465855.730691,img_start,3754444057
1746465855.735931,FB_FRAMES,124583
1746465855.735931,SYM_FRAMES,124043
1746465855.738672,TX_FRAMES,124043
1746465855.762749,ps_take,83767
1746465855.729808,ps_take_src,83767
1746465855.762461,img_end,3754638608
1746465855.763832,img_start,3754641713
1746465855.768879,FB_FRAMES,124584
1746465855.768879,SYM_FRAMES,124044
1746465855.771615,TX_FRAMES,124044
1746465855.795635,ps_take,83768
1746465855.762947,ps_take_src,83768
1746465855.795520,img_end,3754835216
1746465855.796661,img_start,3754838321
1746465855.802037,FB_FRAMES,124585
1746465855.802037,SYM_FRAMES,124045
1746465855.804726,TX_FRAMES,124045
1746465855.828390,img_end,3755031824
1746465855.830420,ps_take,83769
1746465855.795791,ps_take_src,83769
1746465855.831541,img_start,3755034929
1746465855.834858,FB_FRAMES,124586
1746465855.834858,SYM_FRAMES,124046
1746465855.837637,TX_FRAMES,124046
1746465855.863379,ps_take,83770
1746465855.830654,ps_take_src,83770
1746465855.863262,img_end,3755228432
1746465855.864903,img_start,3755229795
1746465855.869709,FB_FRAMES,124587
1746465855.869709,SYM_FRAMES,124047
1746465855.872446,TX_FRAMES,124047
1746465855.897052,ps_take,83771
1746465855.863544,ps_take_src,83771
1746465855.896654,img_end,3755425040
1746465855.898136,img_start,3755428145
1746465855.903114,FB_FRAMES,124588
1746465855.903114,SYM_FRAMES,124048
1746465855.905842,TX_FRAMES,124048
1746465855.929849,ps_take,83772
1746465855.897235,ps_take_src,83772
1746465855.929849,img_end,3755621648
1746465855.931402,img_start,3755622343
1746465855.936342,FB_FRAMES,124589
1746465855.936342,SYM_FRAMES,124049
1746465855.939059,TX_FRAMES,124049
1746465855.963639,ps_take,83773
1746465855.930773,ps_take_src,83773
1746465855.963130,img_end,3755818256
1746465855.964663,img_start,3755818664
1746465855.969620,FB_FRAMES,124590
1746465855.969620,SYM_FRAMES,124050
1746465855.972399,TX_FRAMES,124050
1746465855.996875,ps_take,83774
1746465855.963825,ps_take_src,83774
1746465855.996422,img_end,3756014864
1746465855.997953,img_start,3756017969
1746465856.002867,SYM_FRAMES,124051
1746465856.002927,FB_FRAMES,124591
1746465856.005648,TX_FRAMES,124051
1746465856.029610,ps_take,83775
1746465855.997082,ps_take_src,83775
1746465856.036159,FB_FRAMES,124592
1746465856.036159,SYM_FRAMES,124052
1746465856.038928,TX_FRAMES,124052
1746465856.062793,ps_take,83776
1746465856.029799,ps_take_src,83776
1746465856.062446,img_end,3756408080
1746465856.063826,img_start,3756410285
1746465856.068895,FB_FRAMES,124593
1746465856.068895,SYM_FRAMES,124053
1746465856.071656,TX_FRAMES,124053
1746465856.095569,ps_take,83777
1746465856.062960,ps_take_src,83777
1746465856.095569,img_end,3756604688
1746465856.096656,img_start,3756607793
1746465856.102015,FB_FRAMES,124594
1746465856.102015,SYM_FRAMES,124054
1746465856.104761,TX_FRAMES,124054
1746465856.128375,img_end,3756801296
1746465856.130389,ps_take,83778
1746465856.095758,ps_take_src,83778
1746465856.131532,img_start,3756804229
1746465856.134860,FB_FRAMES,124595
1746465856.134860,SYM_FRAMES,124055
1746465856.137564,TX_FRAMES,124055
1746465856.163359,ps_take,83779
1746465856.130659,ps_take_src,83779
1746465856.163243,img_end,3756997904
1746465856.164943,img_start,3756998000
1746465856.169706,SYM_FRAMES,124056
1746465856.169769,FB_FRAMES,124596
1746465856.172507,TX_FRAMES,124056
1746465856.197026,ps_take,83780
1746465856.163556,ps_take_src,83780
1746465856.196685,img_end,3757194512
1746465856.198107,img_start,3757197617
1746465856.203172,FB_FRAMES,124597
1746465856.203172,SYM_FRAMES,124057
1746465856.205882,TX_FRAMES,124057
1746465856.230460,ps_take,83781
1746465856.197234,ps_take_src,83781
1746465856.229815,img_end,3757391120
1746465856.231482,img_start,3757391182
1746465856.236300,FB_FRAMES,124598
1746465856.236300,SYM_FRAMES,124058
1746465856.239014,TX_FRAMES,124058
1746465856.263664,ps_take,83782
1746465856.230640,ps_take_src,83782
1746465856.263266,img_end,3757587728
1746465856.265016,img_start,3757588321
1746465856.269730,FB_FRAMES,124599
1746465856.269730,SYM_FRAMES,124059
1746465856.272424,TX_FRAMES,124059
1746465856.296921,ps_take,83783
1746465856.264348,ps_take_src,83783
1746465856.296747,img_end,3757784336
1746465856.298116,img_start,3757787441
1746465856.303254,FB_FRAMES,124600
1746465856.303254,SYM_FRAMES,124060
1746465856.306018,TX_FRAMES,124060
1746465856.330167,ps_take,83784
1746465856.297100,ps_take_src,83784
1746465856.329827,img_end,3757980944
1746465856.331264,img_start,3757984049
1746465856.336311,FB_FRAMES,124601
1746465856.336311,SYM_FRAMES,124061
1746465856.339051,TX_FRAMES,124061
1746465856.363323,ps_take,83785
1746465856.330361,ps_take_src,83785
1746465856.362983,img_end,3758177552
1746465856.364576,img_start,3758180657
1746465856.369442,FB_FRAMES,124602
1746465856.369442,SYM_FRAMES,124062
1746465856.372180,TX_FRAMES,124062
1746465856.396760,ps_take,83786
1746465856.363531,ps_take_src,83786
1746465856.396305,img_end,3758374160
1746465856.397786,img_start,3758375303
1746465856.402754,FB_FRAMES,124603
1746465856.402754,SYM_FRAMES,124063
1746465856.405528,TX_FRAMES,124063
1746465856.430336,ps_take,83787
1746465856.396942,ps_take_src,83787
1746465856.429542,img_end,3758570768
1746465856.431491,img_start,3758573873
1746465856.436014,FB_FRAMES,124604
1746465856.436014,SYM_FRAMES,124064
1746465856.438788,TX_FRAMES,124064
1746465856.463309,ps_take,83788
1746465856.430625,ps_take_src,83788
1746465856.463192,img_end,3758767376
1746465856.464715,img_start,3758768005
1746465856.469656,SYM_FRAMES,124065
1746465856.469717,FB_FRAMES,124605
1746465856.472399,TX_FRAMES,124065
1746465856.496483,ps_take,83789
1746465856.464083,ps_take_src,83789
1746465856.497511,img_start,3758965379
1746465856.502936,FB_FRAMES,124606
1746465856.502936,SYM_FRAMES,124066
1746465856.505722,TX_FRAMES,124066
1746465856.529257,img_end,3759160592
1746465856.530471,ps_take,83790
1746465856.496643,ps_take_src,83790
1746465856.531539,img_start,3759163697
1746465856.535716,FB_FRAMES,124607
1746465856.535716,SYM_FRAMES,124067
1746465856.538488,TX_FRAMES,124067
1746465856.563688,ps_take,83791
1746465856.530661,ps_take_src,83791
1746465856.563236,img_end,3759357200
1746465856.564712,img_start,3759360305
1746465856.569753,FB_FRAMES,124608
1746465856.569753,SYM_FRAMES,124068
1746465856.572490,TX_FRAMES,124068
1746465856.596920,ps_take,83792
1746465856.563845,ps_take_src,83792
1746465856.596410,img_end,3759553808
1746465856.597940,img_start,3759555387
1746465856.602895,FB_FRAMES,124609
1746465856.602895,SYM_FRAMES,124069
1746465856.605626,TX_FRAMES,124069
1746465856.629612,ps_take,83793
1746465856.597092,ps_take_src,83793
1746465856.636166,FB_FRAMES,124610
1746465856.636166,SYM_FRAMES,124070
1746465856.638896,TX_FRAMES,124070
1746465856.662759,ps_take,83794
1746465856.629805,ps_take_src,83794
1746465856.662468,img_end,3759947024
1746465856.663785,img_start,3759947027
1746465856.668880,FB_FRAMES,124611
1746465856.668880,SYM_FRAMES,124071
1746465856.671616,TX_FRAMES,124071
1746465856.695557,ps_take,83795
1746465856.662933,ps_take_src,83795
1746465856.695557,img_end,3760143632
1746465856.696651,img_start,3760146737
1746465856.702029,FB_FRAMES,124612
1746465856.702029,SYM_FRAMES,124072
1746465856.704780,TX_FRAMES,124072
1746465856.728359,img_end,3760340240
1746465856.730387,ps_take,83796
1746465856.695766,ps_take_src,83796
1746465856.731477,img_start,3760343345
1746465856.734849,FB_FRAMES,124613
1746465856.734849,SYM_FRAMES,124073
1746465856.737572,TX_FRAMES,124073
1746465856.763325,ps_take,83797
1746465856.730596,ps_take_src,83797
1746465856.763208,img_end,3760536848
1746465856.764727,img_start,3760539953
1746465856.769681,FB_FRAMES,124614
1746465856.769681,SYM_FRAMES,124074
1746465856.772419,TX_FRAMES,124074
1746465856.796496,ps_take,83798
1746465856.764058,ps_take_src,83798
1746465856.796437,img_end,3760733456
1746465856.797580,img_start,3760736561
1746465856.802899,FB_FRAMES,124615
1746465856.802899,SYM_FRAMES,124075
1746465856.805696,TX_FRAMES,124075
1746465856.829281,img_end,3760930064
1746465856.830596,ps_take,83799
1746465856.796683,ps_take_src,83799
1746465856.831604,img_start,3760932444
1746465856.835770,FB_FRAMES,124616
1746465856.835770,SYM_FRAMES,124076
1746465856.838516,TX_FRAMES,124076
1746465856.863629,ps_take,83800
1746465856.830748,ps_take_src,83800
1746465856.863343,img_end,3761126672
1746465856.864649,img_start,3761127620
1746465856.869827,FB_FRAMES,124617
1746465856.869827,SYM_FRAMES,124077
1746465856.872588,TX_FRAMES,124077
1746465856.896885,ps_take,83801
1746465856.863803,ps_take_src,83801
1746465856.896379,img_end,3761323280
1746465856.898077,img_start,3761324244
1746465856.902853,FB_FRAMES,124618
1746465856.902853,SYM_FRAMES,124078
1746465856.905626,TX_FRAMES,124078
1746465856.930179,ps_take,83802
1746465856.897095,ps_take_src,83802
1746465856.929835,img_end,3761519888
1746465856.931244,img_start,3761522993
1746465856.936303,FB_FRAMES,124619
1746465856.936303,SYM_FRAMES,124079
1746465856.939029,TX_FRAMES,124079
1746465856.963319,ps_take,83803
1746465856.930357,ps_take_src,83803
1746465856.962975,img_end,3761716496
1746465856.964565,img_start,3761718741
1746465856.969420,FB_FRAMES,124620
1746465856.969420,SYM_FRAMES,124080
1746465856.972190,TX_FRAMES,124080
1746465856.996743,ps_take,83804
1746465856.963530,ps_take_src,83804
1746465856.996290,img_end,3761913104
1746465856.997816,img_start,3761916209
1746465857.002763,FB_FRAMES,124621
1746465857.002763,SYM_FRAMES,124081
1746465857.005509,TX_FRAMES,124081
1746465857.030333,ps_take,83805
1746465856.996946,ps_take_src,83805
1746465857.029542,img_end,3762109712
1746465857.031435,img_start,3762110615
1746465857.035982,SYM_FRAMES,124082
1746465857.036042,FB_FRAMES,124622
1746465857.038757,TX_FRAMES,124082
1746465857.063339,ps_take,83806
1746465857.030593,ps_take_src,83806
1746465857.063166,img_end,3762306320
1746465857.064868,img_start,3762307057
1746465857.069631,SYM_FRAMES,124083
1746465857.069695,FB_FRAMES,124623
1746465857.072416,TX_FRAMES,124083
1746465857.097087,ps_take,83807
1746465857.063507,ps_take_src,83807
1746465857.096632,img_end,3762502928
1746465857.098108,img_start,3762504064
1746465857.103083,FB_FRAMES,124624
1746465857.103083,SYM_FRAMES,124084
1746465857.105851,TX_FRAMES,124084
1746465857.130424,ps_take,83808
1746465857.097247,ps_take_src,83808
1746465857.129834,img_end,3762699536
1746465857.131502,img_start,3762702641
1746465857.136310,FB_FRAMES,124625
1746465857.136310,SYM_FRAMES,124085
1746465857.139085,TX_FRAMES,124085
1746465857.163626,ps_take,83809
1746465857.130604,ps_take_src,83809
1746465857.163229,img_end,3762896144
1746465857.164648,img_start,3762897513
1746465857.169690,FB_FRAMES,124626
1746465857.169690,SYM_FRAMES,124086
1746465857.172469,TX_FRAMES,124086
1746465857.196911,ps_take,83810
1746465857.163803,ps_take_src,83810
1746465857.196403,img_end,3763092752
1746465857.198100,img_start,3763095733
1746465857.202886,FB_FRAMES,124627
1746465857.202886,SYM_FRAMES,124087
1746465857.205637,TX_FRAMES,124087
1746465857.230237,ps_take,83811
1746465857.197102,ps_take_src,83811
1746465857.229838,img_end,3763289360
1746465857.231286,img_start,3763292465
1746465857.236279,SYM_FRAMES,124088
1746465857.236368,FB_FRAMES,124628
1746465857.239025,TX_FRAMES,124088
1746465857.263355,ps_take,83812
1746465857.230386,ps_take_src,83812
1746465857.263014,img_end,3763485968
1746465857.264599,img_start,3763489073
1746465857.269440,SYM_FRAMES,124089
1746465857.269501,FB_FRAMES,124629
1746465857.272216,TX_FRAMES,124089
1746465857.296760,ps_take,83813
1746465857.263519,ps_take_src,83813
1746465857.296306,img_end,3763682576
1746465857.297786,img_start,3763682807
1746465857.302744,SYM_FRAMES,124090
1746465857.302805,FB_FRAMES,124630
1746465857.305540,TX_FRAMES,124090
1746465857.330529,ps_take,83814
1746465857.296952,ps_take_src,83814
1746465857.329545,img_end,3763879184
1746465857.331489,img_start,3763879685
1746465857.335994,FB_FRAMES,124631
1746465857.335994,SYM_FRAMES,124091
1746465857.338734,TX_FRAMES,124091
1746465857.363248,ps_take,83815
1746465857.330650,ps_take_src,83815
1746465857.363248,img_end,3764075792
1746465857.364821,img_start,3764078897
1746465857.369728,FB_FRAMES,124632
1746465857.369728,SYM_FRAMES,124092
1746465857.372475,TX_FRAMES,124092
1746465857.396470,ps_take,83816
1746465857.364148,ps_take_src,83816
1746465857.402976,SYM_FRAMES,124093
1746465857.403038,FB_FRAMES,124633
1746465857.405755,TX_FRAMES,124093
1746465857.429219,img_end,3764469008
1746465857.430431,ps_take,83817
1746465857.396649,ps_take_src,83817
1746465857.431503,img_start,3764472113
1746465857.435685,SYM_FRAMES,124094
1746465857.435745,FB_FRAMES,124634
1746465857.438471,TX_FRAMES,124094
1746465857.463489,ps_take,83818
1746465857.430610,ps_take_src,83818
1746465857.463203,img_end,3764665616
1746465857.464566,img_start,3764668721
1746465857.469698,FB_FRAMES,124635
1746465857.469698,SYM_FRAMES,124095
1746465857.472445,TX_FRAMES,124095
1746465857.496905,ps_take,83819
1746465857.463686,ps_take_src,83819
1746465857.496285,img_end,3764862224
1746465857.498090,img_start,3764864455
1746465857.502736,FB_FRAMES,124636
1746465857.502736,SYM_FRAMES,124096
1746465857.505541,TX_FRAMES,124096
1746465857.530457,ps_take,83820
1746465857.497103,ps_take_src,83820
1746465857.529817,img_end,3765058832
1746465857.531532,img_start,3765059258
1746465857.536313,FB_FRAMES,124637
1746465857.536313,SYM_FRAMES,124097
1746465857.539058,TX_FRAMES,124097
1746465857.563370,ps_take,83821
1746465857.530692,ps_take_src,83821
1746465857.563311,img_end,3765255440
1746465857.564541,img_start,3765256049
1746465857.569736,SYM_FRAMES,124098
1746465857.569797,FB_FRAMES,124638
1746465857.572479,TX_FRAMES,124098
1746465857.596754,ps_take,83822
1746465857.563536,ps_take_src,83822
1746465857.596300,img_end,3765452048
1746465857.597774,img_start,3765452258
1746465857.602778,FB_FRAMES,124639
1746465857.602778,SYM_FRAMES,124099
1746465857.605505,TX_FRAMES,124099
1746465857.630327,ps_take,83823
1746465857.596928,ps_take_src,83823
1746465857.629539,img_end,3765648656
1746465857.631534,img_start,3765651761
1746465857.635993,FB_FRAMES,124640
1746465857.635993,SYM_FRAMES,124100
1746465857.638712,TX_FRAMES,124100
1746465857.663256,ps_take,83824
1746465857.630657,ps_take_src,83824
1746465857.663256,img_end,3765845264
1746465857.664722,img_start,3765847574
1746465857.669698,FB_FRAMES,124641
1746465857.669698,SYM_FRAMES,124101
1746465857.672434,TX_FRAMES,124101
1746465857.696438,ps_take,83825
1746465857.664069,ps_take_src,83825
1746465857.696438,img_end,3766041872
1746465857.697524,img_start,3766044532
1746465857.702922,FB_FRAMES,124642
1746465857.702922,SYM_FRAMES,124102
1746465857.705648,TX_FRAMES,124102
1746465857.729309,ps_take,83826
1746465857.696647,ps_take_src,83826
1746465857.729249,img_end,3766238480
1746465857.731415,img_start,3766241585
1746465857.735713,FB_FRAMES,124643
1746465857.735713,SYM_FRAMES,124103
1746465857.738451,TX_FRAMES,124103
1746465857.763071,ps_take,83827
1746465857.730752,ps_take_src,83827
1746465857.769588,FB_FRAMES,124644
1746465857.769588,SYM_FRAMES,124104
1746465857.772357,TX_FRAMES,124104
1746465857.795843,img_end,3766631696
1746465857.796854,ps_take,83828
1746465857.763256,ps_take_src,83828
1746465857.798146,img_start,3766634801
1746465857.802304,FB_FRAMES,124645
1746465857.802304,SYM_FRAMES,124105
1746465857.805048,TX_FRAMES,124105
1746465857.830242,ps_take,83829
1746465857.797072,ps_take_src,83829
1746465857.829845,img_end,3766828304
1746465857.831290,img_start,3766831409
1746465857.836302,SYM_FRAMES,124106
1746465857.836362,FB_FRAMES,124646
1746465857.839069,TX_FRAMES,124106
1746465857.863324,ps_take,83830
1746465857.830421,ps_take_src,83830
1746465857.863039,img_end,3767024912
1746465857.864571,img_start,3767025284
1746465857.869507,FB_FRAMES,124647
1746465857.869507,SYM_FRAMES,124107
1746465857.872247,TX_FRAMES,124107
1746465857.896765,ps_take,83831
1746465857.863522,ps_take_src,83831
1746465857.896310,img_end,3767221520
1746465857.897788,img_start,3767224400
1746465857.902785,FB_FRAMES,124648
1746465857.902785,SYM_FRAMES,124108
1746465857.905586,TX_FRAMES,124108
1746465857.930365,ps_take,83832
1746465857.896930,ps_take_src,83832
1746465857.929519,img_end,3767418128
1746465857.931537,img_start,3767421233
1746465857.936005,FB_FRAMES,124649
1746465857.936005,SYM_FRAMES,124109
1746465857.938735,TX_FRAMES,124109
1746465857.963359,ps_take,83833
1746465857.930664,ps_take_src,83833
1746465857.969753,FB_FRAMES,124650
1746465857.969753,SYM_FRAMES,124110
1746465857.972524,TX_FRAMES,124110
1746465857.996454,ps_take,83834
1746465857.963547,ps_take_src,83834
1746465857.995942,img_end,3767811344
1746465857.997530,img_start,3767814261
1746465858.002380,FB_FRAMES,124651
1746465858.002380,SYM_FRAMES,124111
1746465858.005128,TX_FRAMES,124111
1746465858.029324,ps_take,83835
1746465857.996664,ps_take_src,83835
1746465858.029264,img_end,3768007952
1746465858.031361,img_start,3768008739
1746465858.035733,FB_FRAMES,124652
1746465858.035733,SYM_FRAMES,124112
1746465858.038456,TX_FRAMES,124112
1746465858.063062,ps_take,83836
1746465858.030723,ps_take_src,83836
1746465858.069575,FB_FRAMES,124653
1746465858.069575,SYM_FRAMES,124113
1746465858.072326,TX_FRAMES,124113
1746465858.095823,img_end,3768401168
1746465858.096897,ps_take,83837
1746465858.063251,ps_take_src,83837
1746465858.098072,img_start,3768401814
1746465858.102307,FB_FRAMES,124654
1746465858.102307,SYM_FRAMES,124114
1746465858.105046,TX_FRAMES,124114
1746465858.130209,ps_take,83838
1746465858.097084,ps_take_src,83838
1746465858.129814,img_end,3768597776
1746465858.131250,img_start,3768600881
1746465858.136273,SYM_FRAMES,124115
1746465858.136333,FB_FRAMES,124655
1746465858.139013,TX_FRAMES,124115
1746465858.163333,ps_take,83839
1746465858.130378,ps_take_src,83839
1746465858.162992,img_end,3768794384
1746465858.164582,img_start,3768795191
1746465858.169458,FB_FRAMES,124656
1746465858.169458,SYM_FRAMES,124116
1746465858.172170,TX_FRAMES,124116
1746465858.196733,ps_take,83840
1746465858.163527,ps_take_src,83840
1746465858.196337,img_end,3768990992
1746465858.197790,img_start,3768991325
1746465858.202791,FB_FRAMES,124657
1746465858.202791,SYM_FRAMES,124117
1746465858.205518,TX_FRAMES,124117
1746465858.230536,ps_take,83841
1746465858.196945,ps_take_src,83841
1746465858.229554,img_end,3769187600
1746465858.231549,img_start,3769187674
1746465858.235993,SYM_FRAMES,124118
1746465858.236054,FB_FRAMES,124658
1746465858.238796,TX_FRAMES,124118
1746465858.263319,img_end,3769384208
1746465858.264663,ps_take,83842
1746465858.230713,ps_take_src,83842
1746465858.265729,img_start,3769387313
1746465858.269778,FB_FRAMES,124659
1746465858.269778,SYM_FRAMES,124119
1746465858.272533,TX_FRAMES,124119
1746465858.297608,ps_take,83843
1746465858.264850,ps_take_src,83843
1746465858.297437,img_end,3769580816
1746465858.298678,img_start,3769583524
1746465858.303887,SYM_FRAMES,124120
1746465858.303947,FB_FRAMES,124660
1746465858.306664,TX_FRAMES,124120
1746465858.330453,ps_take,83844
1746465858.297805,ps_take_src,83844
1746465858.331483,img_start,3769780529
1746465858.336851,SYM_FRAMES,124121
1746465858.336912,FB_FRAMES,124661
1746465858.339641,TX_FRAMES,124121
1746465858.363548,ps_take,83845
1746465858.330616,ps_take_src,83845
1746465858.363208,img_end,3769974032
1746465858.364574,img_start,3769976005
1746465858.369658,FB_FRAMES,124662
1746465858.369658,SYM_FRAMES,124122
1746465858.372426,TX_FRAMES,124122
1746465858.396885,ps_take,83846
1746465858.363708,ps_take_src,83846
1746465858.396321,img_end,3770170640
1746465858.397908,img_start,3770170710
1746465858.402752,SYM_FRAMES,124123
1746465858.402813,FB_FRAMES,124663
1746465858.405546,TX_FRAMES,124123
1746465858.429646,ps_take,83847
1746465858.397071,ps_take_src,83847
1746465858.430697,img_start,3770370353
1746465858.436132,FB_FRAMES,124664
1746465858.436132,SYM_FRAMES,124124
1746465858.438844,TX_FRAMES,124124
1746465858.462775,ps_take,83848
1746465858.429815,ps_take_src,83848
1746465858.462431,img_end,3770563856
1746465858.463804,img_start,3770564283
1746465858.468860,SYM_FRAMES,124125
1746465858.468920,FB_FRAMES,124665
1746465858.471660,TX_FRAMES,124125
1746465858.495594,ps_take,83849
1746465858.462942,ps_take_src,83849
1746465858.495534,img_end,3770760464
1746465858.496682,img_start,3770763569
1746465858.502037,FB_FRAMES,124666
1746465858.502037,SYM_FRAMES,124126
1746465858.504778,TX_FRAMES,124126
1746465858.528401,img_end,3770957072
1746465858.530359,ps_take,83850
1746465858.495792,ps_take_src,83850
1746465858.531498,img_start,3770958150
1746465858.534867,FB_FRAMES,124667
1746465858.534867,SYM_FRAMES,124127
1746465858.537600,TX_FRAMES,124127
1746465858.563337,ps_take,83851
1746465858.530651,ps_take_src,83851
1746465858.563220,img_end,3771153680
1746465858.564745,img_start,3771156785
1746465858.569705,FB_FRAMES,124668
1746465858.569705,SYM_FRAMES,124128
1746465858.572444,TX_FRAMES,124128
1746465858.596449,ps_take,83852
1746465858.564083,ps_take_src,83852
1746465858.596449,img_end,3771350288
1746465858.597539,img_start,3771353393
1746465858.602937,FB_FRAMES,124669
1746465858.602937,SYM_FRAMES,124129
1746465858.605682,TX_FRAMES,124129
1746465858.629254,img_end,3771546896
1746465858.630470,ps_take,83853
1746465858.596656,ps_take_src,83853
1746465858.631343,img_start,3771550001
1746465858.635748,FB_FRAMES,124670
1746465858.635748,SYM_FRAMES,124130
1746465858.638443,TX_FRAMES,124130
1746465858.663514,ps_take,83854
1746465858.630657,ps_take_src,83854
1746465858.663062,img_end,3771743504
1746465858.664534,img_start,3771745341
1746465858.669521,FB_FRAMES,124671
1746465858.669521,SYM_FRAMES,124131
1746465858.672297,TX_FRAMES,124131
1746465858.696877,ps_take,83855
1746465858.663687,ps_take_src,83855
1746465858.696258,img_end,3771940112
1746465858.697897,img_start,3771940143
1746465858.702761,FB_FRAMES,124672
1746465858.702761,SYM_FRAMES,124132
1746465858.705467,TX_FRAMES,124132
1746465858.729606,ps_take,83856
1746465858.697062,ps_take_src,83856
1746465858.736131,FB_FRAMES,124673
1746465858.736131,SYM_FRAMES,124133
1746465858.738920,TX_FRAMES,124133
1746465858.762785,ps_take,83857
1746465858.729792,ps_take_src,83857
1746465858.762496,img_end,3772333328
1746465858.763816,img_start,3772333836
1746465858.768858,SYM_FRAMES,124134
1746465858.768919,FB_FRAMES,124674
1746465858.771606,TX_FRAMES,124134
1746465858.795579,ps_take,83858
1746465858.762964,ps_take_src,83858
1746465858.795579,img_end,3772529936
1746465858.796671,img_start,3772533041
1746465858.802058,FB_FRAMES,124675
1746465858.802058,SYM_FRAMES,124135
1746465858.804785,TX_FRAMES,124135
1746465858.828377,img_end,3772726544
1746465858.830520,ps_take,83859
1746465858.795764,ps_take_src,83859
1746465858.831584,img_start,3772729649
1746465858.834839,FB_FRAMES,124676
1746465858.834839,SYM_FRAMES,124136
1746465858.837553,TX_FRAMES,124136
1746465858.863298,img_end,3772923152
1746465858.864705,ps_take,83860
1746465858.830706,ps_take_src,83860
1746465858.865715,img_start,3772923632
1746465858.869735,SYM_FRAMES,124137
1746465858.869796,FB_FRAMES,124677
1746465858.872475,TX_FRAMES,124137
1746465858.897644,ps_take,83861
1746465858.864870,ps_take_src,83861
1746465858.897471,img_end,3773119760
1746465858.898693,img_start,3773121928
1746465858.903921,FB_FRAMES,124678
1746465858.903921,SYM_FRAMES,124138
1746465858.906677,TX_FRAMES,124138
1746465858.930450,ps_take,83862
1746465858.897827,ps_take_src,83862
1746465858.931479,img_start,3773317673
1746465858.936913,FB_FRAMES,124679
1746465858.936913,SYM_FRAMES,124139
1746465858.939644,TX_FRAMES,124139
1746465858.963654,ps_take,83863
1746465858.930622,ps_take_src,83863
1746465858.963199,img_end,3773512976
1746465858.964679,img_start,3773516081
1746465858.969718,FB_FRAMES,124680
1746465858.969718,SYM_FRAMES,124140
1746465858.972461,TX_FRAMES,124140
1746465858.996498,ps_take,83864
1746465858.963821,ps_take_src,83864
1746465858.996382,img_end,3773709584
1746465858.997582,img_start,3773712689
1746465859.002875,FB_FRAMES,124681
1746465859.002875,SYM_FRAMES,124141
1746465859.005616,TX_FRAMES,124141
1746465859.029628,ps_take,83865
1746465858.996696,ps_take_src,83865
1746465859.029285,img_end,3773906192
1746465859.030453,img_start,3773907109
1746465859.035779,FB_FRAMES,124682
1746465859.035779,SYM_FRAMES,124142
1746465859.038529,TX_FRAMES,124142
1746465859.062747,ps_take,83866
1746465859.029794,ps_take_src,83866
1746465859.062197,img_end,3774102800
1746465859.063828,img_start,3774105750
1746465859.068664,FB_FRAMES,124683
1746465859.068664,SYM_FRAMES,124143
1746465859.071444,TX_FRAMES,124143
1746465859.095567,ps_take,83867
1746465859.062961,ps_take_src,83867
1746465859.095567,img_end,3774299408
1746465859.096664,img_start,3774302513
1746465859.102036,FB_FRAMES,124684
1746465859.102036,SYM_FRAMES,124144
1746465859.104783,TX_FRAMES,124144
1746465859.128386,img_end,3774496016
1746465859.130417,ps_take,83868
1746465859.095775,ps_take_src,83868
1746465859.131459,img_start,3774496715
1746465859.134873,FB_FRAMES,124685
1746465859.134873,SYM_FRAMES,124145
1746465859.137655,TX_FRAMES,124145
1746465859.163280,ps_take,83869
1746465859.130613,ps_take_src,83869
1746465859.163219,img_end,3774692624
1746465859.164850,img_start,3774692816
1746465859.169660,FB_FRAMES,124686
1746465859.169660,SYM_FRAMES,124146
1746465859.172401,TX_FRAMES,124146
1746465859.197061,ps_take,83870
1746465859.164222,ps_take_src,83870
1746465859.196607,img_end,3774889232
1746465859.198086,img_start,3774889434
1746465859.203095,FB_FRAMES,124687
1746465859.203095,SYM_FRAMES,124147
1746465859.205816,TX_FRAMES,124147
1746465859.230441,ps_take,83871
1746465859.197236,ps_take_src,83871
1746465859.229850,img_end,3775085840
1746465859.231521,img_start,3775088945
1746465859.236335,FB_FRAMES,124688
1746465859.236335,SYM_FRAMES,124148
1746465859.239073,TX_FRAMES,124148
1746465859.263609,ps_take,83872
1746465859.230646,ps_take_src,83872
1746465859.263266,img_end,3775282448
1746465859.264689,img_start,3775285553
1746465859.269720,FB_FRAMES,124689
1746465859.269720,SYM_FRAMES,124149
1746465859.272497,TX_FRAMES,124149
1746465859.296928,ps_take,83873
1746465859.263812,ps_take_src,83873
1746465859.296420,img_end,3775479056
1746465859.298126,img_start,3775482161
1746465859.302865,FB_FRAMES,124690
1746465859.302865,SYM_FRAMES,124150
1746465859.305609,TX_FRAMES,124150
1746465859.330234,ps_take,83874
1746465859.297110,ps_take_src,83874
1746465859.329840,img_end,3775675664
1746465859.331273,img_start,3775678769
1746465859.336295,FB_FRAMES,124691
1746465859.336295,SYM_FRAMES,124151
1746465859.339075,TX_FRAMES,124151
1746465859.363349,ps_take,83875
1746465859.330386,ps_take_src,83875
1746465859.363009,img_end,3775872272
1746465859.364593,img_start,3775875377
1746465859.369449,FB_FRAMES,124692
1746465859.369449,SYM_FRAMES,124152
1746465859.372234,TX_FRAMES,124152
1746465859.396756,ps_take,83876
1746465859.363533,ps_take_src,83876
1746465859.396304,img_end,3776068880
1746465859.397775,img_start,3776070845
1746465859.402757,SYM_FRAMES,124153
1746465859.402818,FB_FRAMES,124693
1746465859.405567,TX_FRAMES,124153
1746465859.429492,img_end,3776265488
1746465859.430526,ps_take,83877
1746465859.396930,ps_take_src,83877
1746465859.431625,img_start,3776268593
1746465859.435959,SYM_FRAMES,124154
1746465859.436020,FB_FRAMES,124694
1746465859.438735,TX_FRAMES,124154
1746465859.463310,ps_take,83878
1746465859.430734,ps_take_src,83878
1746465859.463310,img_end,3776462096
1746465859.464396,img_start,3776465201
1746465859.469824,FB_FRAMES,124695
1746465859.469824,SYM_FRAMES,124155
1746465859.472510,TX_FRAMES,124155
1746465859.496454,ps_take,83879
1746465859.463520,ps_take_src,83879
1746465859.496112,img_end,3776658704
1746465859.497526,img_start,3776661809
1746465859.502590,FB_FRAMES,124696
1746465859.502590,SYM_FRAMES,124156
1746465859.505308,TX_FRAMES,124156
1746465859.529230,img_end,3776855312
1746465859.530478,ps_take,83880
1746465859.496634,ps_take_src,83880
1746465859.531485,img_start,3776855639
1746465859.535692,FB_FRAMES,124697
1746465859.535692,SYM_FRAMES,124157
1746465859.538432,TX_FRAMES,124157
1746465859.563479,ps_take,83881
1746465859.530639,ps_take_src,83881
1746465859.563251,img_end,3777051920
1746465859.564557,img_start,3777054246
1746465859.569705,FB_FRAMES,124698
1746465859.569705,SYM_FRAMES,124158
1746465859.572444,TX_FRAMES,124158
1746465859.596889,ps_take,83882
1746465859.563692,ps_take_src,83882
1746465859.596272,img_end,3777248528
1746465859.598074,img_start,3777251127
1746465859.602768,FB_FRAMES,124699
1746465859.602768,SYM_FRAMES,124159
1746465859.605542,TX_FRAMES,124159
1746465859.630208,ps_take,83883
1746465859.597071,ps_take_src,83883
1746465859.629811,img_end,3777445136
1746465859.631256,img_start,3777446784
1746465859.636282,FB_FRAMES,124700
1746465859.636282,SYM_FRAMES,124160
1746465859.639069,TX_FRAMES,124160
1746465859.663381,ps_take,83884
1746465859.630387,ps_take_src,83884
1746465859.662983,img_end,3777641744
1746465859.664575,img_start,3777643204
1746465859.669455,FB_FRAMES,124701
1746465859.669455,SYM_FRAMES,124161
1746465859.672224,TX_FRAMES,124161
1746465859.696768,ps_take,83885
1746465859.663537,ps_take_src,83885
1746465859.696311,img_end,3777838352
1746465859.697849,img_start,3777841457
1746465859.702768,SYM_FRAMES,124162
1746465859.702829,FB_FRAMES,124702
1746465859.705580,TX_FRAMES,124162
1746465859.729665,ps_take,83886
1746465859.696931,ps_take_src,83886
1746465859.729548,img_end,3778034960
1746465859.731634,img_start,3778036484
1746465859.736057,FB_FRAMES,124703
1746465859.736057,SYM_FRAMES,124163
1746465859.738799,TX_FRAMES,124163
1746465859.763331,ps_take,83887
1746465859.730206,ps_take_src,83887
1746465859.763443,img_end,3778231568
1746465859.764743,img_start,3778234673
1746465859.769820,SYM_FRAMES,124164
1746465859.769885,FB_FRAMES,124704
1746465859.772633,TX_FRAMES,124164
1746465859.796483,ps_take,83888
1746465859.764073,ps_take_src,83888
1746465859.796423,img_end,3778428176
1746465859.797505,img_start,3778430802
1746465859.802919,FB_FRAMES,124705
1746465859.802919,SYM_FRAMES,124165
1746465859.805634,TX_FRAMES,124165
1746465859.829229,img_end,3778624784
1746465859.830491,ps_take,83889
1746465859.796641,ps_take_src,83889
1746465859.831497,img_start,3778625385
1746465859.835715,FB_FRAMES,124706
1746465859.835715,SYM_FRAMES,124166
1746465859.838464,TX_FRAMES,124166
1746465859.863656,ps_take,83890
1746465859.830655,ps_take_src,83890
1746465859.863261,img_end,3778821392
1746465859.864678,img_start,3778822876
1746465859.869726,FB_FRAMES,124707
1746465859.869726,SYM_FRAMES,124167
1746465859.872504,TX_FRAMES,124167
1746465859.896916,ps_take,83891
1746465859.863842,ps_take_src,83891
1746465859.896404,img_end,3779018000
1746465859.898109,img_start,3779020616
1746465859.902880,FB_FRAMES,124708
1746465859.902880,SYM_FRAMES,124168
1746465859.905617,TX_FRAMES,124168
1746465859.930194,ps_take,83892
1746465859.897114,ps_take_src,83892
1746465859.929850,img_end,3779214608
1746465859.931239,img_start,3779216823
1746465859.936329,FB_FRAMES,124709
1746465859.936329,SYM_FRAMES,124169
1746465859.939059,TX_FRAMES,124169
1746465859.963348,ps_take,83893
1746465859.930372,ps_take_src,83893
1746465859.962951,img_end,3779411216
1746465859.964601,img_start,3779414321
1746465859.969423,SYM_FRAMES,124170
1746465859.969483,FB_FRAMES,124710
1746465859.972191,TX_FRAMES,124170
1746465859.996744,ps_take,83894
1746465859.963553,ps_take_src,83894
1746465859.996290,img_end,3779607824
1746465859.997771,img_start,3779609122
1746465860.002774,FB_FRAMES,124711
1746465860.002774,SYM_FRAMES,124171
1746465860.005574,TX_FRAMES,124171
1746465860.030369,ps_take,83895
1746465859.996925,ps_take_src,83895
1746465860.029525,img_end,3779804432
1746465860.031471,img_start,3779807537
1746465860.035990,FB_FRAMES,124712
1746465860.035990,SYM_FRAMES,124172
1746465860.038728,TX_FRAMES,124172
1746465860.063295,ps_take,83896
1746465860.030587,ps_take_src,83896
1746465860.063177,img_end,3780001040
1746465860.064704,img_start,3780002002
1746465860.069637,FB_FRAMES,124713
1746465860.069637,SYM_FRAMES,124173
1746465860.072368,TX_FRAMES,124173
1746465860.096500,ps_take,83897
1746465860.064064,ps_take_src,83897
1746465860.096440,img_end,3780197648
1746465860.097530,img_start,3780198690
1746465860.102898,SYM_FRAMES,124174
1746465860.102959,FB_FRAMES,124714
1746465860.105693,TX_FRAMES,124174
1746465860.129287,img_end,3780394256
1746465860.130501,ps_take,83898
1746465860.096680,ps_take_src,83898
1746465860.131500,img_start,3780395142
1746465860.135736,FB_FRAMES,124715
1746465860.135736,SYM_FRAMES,124175
1746465860.138533,TX_FRAMES,124175
1746465860.163519,ps_take,83899
1746465860.130660,ps_take_src,83899
1746465860.163231,img_end,3780590864
1746465860.164595,img_start,3780593969
1746465860.169710,FB_FRAMES,124716
1746465860.169710,SYM_FRAMES,124176
1746465860.172457,TX_FRAMES,124176
1746465860.196911,ps_take,83900
1746465860.163706,ps_take_src,83900
1746465860.196290,img_end,3780787472
1746465860.197935,img_start,3780790521
1746465860.202751,SYM_FRAMES,124177
1746465860.202812,FB_FRAMES,124717
1746465860.205549,TX_FRAMES,124177
1746465860.229602,ps_take,83901
1746465860.197079,ps_take_src,83901
1746465860.236110,SYM_FRAMES,124178
1746465860.236173,FB_FRAMES,124718
1746465860.238912,TX_FRAMES,124178
1746465860.262780,ps_take,83902
1746465860.229794,ps_take_src,83902
1746465860.262285,img_end,3781180688
1746465860.263799,img_start,3781181103
1746465860.268802,FB_FRAMES,124719
1746465860.268802,SYM_FRAMES,124179
1746465860.271580,TX_FRAMES,124179
1746465860.295562,ps_take,83903
1746465860.262959,ps_take_src,83903
1746465860.295562,img_end,3781377296
1746465860.296659,img_start,3781380401
1746465860.302028,FB_FRAMES,124720
1746465860.302028,SYM_FRAMES,124180
1746465860.304761,TX_FRAMES,124180
1746465860.328367,img_end,3781573904
1746465860.330380,ps_take,83904
1746465860.295768,ps_take_src,83904
1746465860.331527,img_start,3781577009
1746465860.334835,FB_FRAMES,124721
1746465860.334835,SYM_FRAMES,124181
1746465860.337574,TX_FRAMES,124181
1746465860.363339,ps_take,83905
1746465860.330632,ps_take_src,83905
1746465860.363223,img_end,3781770512
1746465860.364759,img_start,3781773320
1746465860.369720,FB_FRAMES,124722
1746465860.369720,SYM_FRAMES,124182
1746465860.372427,TX_FRAMES,124182
1746465860.396488,ps_take,83906
1746465860.364103,ps_take_src,83906
1746465860.397523,img_start,3781968843
1746465860.402938,SYM_FRAMES,124183
1746465860.402999,FB_FRAMES,124723
1746465860.405689,TX_FRAMES,124183
1746465860.429250,img_end,3782163728
1746465860.430466,ps_take,83907
1746465860.396663,ps_take_src,83907
1746465860.431475,img_start,3782164285
1746465860.435716,FB_FRAMES,124724
1746465860.435716,SYM_FRAMES,124184
1746465860.438490,TX_FRAMES,124184
1746465860.463608,ps_take,83908
1746465860.430645,ps_take_src,83908
1746465860.463210,img_end,3782360336
1746465860.464689,img_start,3782363441
1746465860.469697,FB_FRAMES,124725
1746465860.469697,SYM_FRAMES,124185
1746465860.472477,TX_FRAMES,124185
1746465860.496863,ps_take,83909
1746465860.463807,ps_take_src,83909
1746465860.496408,img_end,3782556944
1746465860.498053,img_start,3782557294
1746465860.502837,SYM_FRAMES,124186
1746465860.502902,FB_FRAMES,124726
1746465860.505606,TX_FRAMES,124186
1746465860.530220,ps_take,83910
1746465860.497074,ps_take_src,83910
1746465860.529819,img_end,3782753552
1746465860.531241,img_start,3782753919
1746465860.536281,FB_FRAMES,124727
1746465860.536281,SYM_FRAMES,124187
1746465860.538996,TX_FRAMES,124187
1746465860.563400,ps_take,83911
1746465860.530383,ps_take_src,83911
1746465860.563002,img_end,3782950160
1746465860.564593,img_start,3782953265
1746465860.569463,FB_FRAMES,124728
1746465860.569463,SYM_FRAMES,124188
1746465860.572192,TX_FRAMES,124188
1746465860.596795,ps_take,83912
1746465860.563562,ps_take_src,83912
1746465860.596286,img_end,3783146768
1746465860.597813,img_start,3783149873
1746465860.602776,FB_FRAMES,124729
1746465860.602776,SYM_FRAMES,124189
1746465860.605527,TX_FRAMES,124189
1746465860.630357,ps_take,83913
1746465860.596948,ps_take_src,83913
1746465860.629510,img_end,3783343376
1746465860.631566,img_start,3783346481
1746465860.635985,FB_FRAMES,124730
1746465860.635985,SYM_FRAMES,124190
1746465860.638777,TX_FRAMES,124190
1746465860.663410,ps_take,83914
1746465860.630655,ps_take_src,83914
1746465860.663294,img_end,3783539984
1746465860.665016,img_start,3783543089
1746465860.669732,FB_FRAMES,124731
1746465860.669732,SYM_FRAMES,124191
1746465860.672452,TX_FRAMES,124191
1746465860.697091,ps_take,83915
1746465860.663608,ps_take_src,83915
1746465860.696698,img_end,3783736592
1746465860.698112,img_start,3783738832
1746465860.703207,FB_FRAMES,124732
1746465860.703207,SYM_FRAMES,124192
1746465860.705914,TX_FRAMES,124192
1746465860.730347,ps_take,83916
1746465860.697248,ps_take_src,83916
1746465860.729839,img_end,3783933200
1746465860.731449,img_start,3783936305
1746465860.736341,FB_FRAMES,124733
1746465860.736341,SYM_FRAMES,124193
1746465860.739098,TX_FRAMES,124193
1746465860.763666,ps_take,83917
1746465860.730576,ps_take_src,83917
1746465860.763160,img_end,3784129808
1746465860.764679,img_start,3784131729
1746465860.769606,SYM_FRAMES,124194
1746465860.769666,FB_FRAMES,124734
1746465860.772404,TX_FRAMES,124194
1746465860.796912,ps_take,83918
1746465860.763827,ps_take_src,83918
1746465860.796408,img_end,3784326416
1746465860.797928,img_start,3784328771
1746465860.802881,FB_FRAMES,124735
1746465860.802881,SYM_FRAMES,124195
1746465860.805649,TX_FRAMES,124195
1746465860.829589,ps_take,83919
1746465860.797073,ps_take_src,83919
1746465860.836119,FB_FRAMES,124736
1746465860.836119,SYM_FRAMES,124196
1746465860.838867,TX_FRAMES,124196
1746465860.862782,ps_take,83920
1746465860.829799,ps_take_src,83920
1746465860.862440,img_end,3784719632
1746465860.863804,img_start,3784720299
1746465860.868913,FB_FRAMES,124737
1746465860.868913,SYM_FRAMES,124197
1746465860.871675,TX_FRAMES,124197
1746465860.895610,ps_take,83921
1746465860.862957,ps_take_src,83921
1746465860.902030,FB_FRAMES,124738
1746465860.902030,SYM_FRAMES,124198
1746465860.904786,TX_FRAMES,124198
1746465860.928211,img_end,3785112848
1746465860.930389,ps_take,83922
1746465860.895779,ps_take_src,83922
1746465860.931528,img_start,3785115953
1746465860.934678,FB_FRAMES,124739
1746465860.934678,SYM_FRAMES,124199
1746465860.937422,TX_FRAMES,124199
1746465860.963250,ps_take,83923
1746465860.930644,ps_take_src,83923
1746465860.963250,img_end,3785309456
1746465860.964891,img_start,3785312561
1746465860.969734,FB_FRAMES,124740
1746465860.969734,SYM_FRAMES,124200
1746465860.972484,TX_FRAMES,124200
1746465860.997033,ps_take,83924
1746465860.963459,ps_take_src,83924
1746465860.996582,img_end,3785506064
1746465860.998115,img_start,3785508004
1746465861.003050,FB_FRAMES,124741
1746465861.003050,SYM_FRAMES,124201
1746465861.005846,TX_FRAMES,124201
1746465861.030442,ps_take,83925
1746465860.997225,ps_take_src,83925
1746465861.029849,img_end,3785702672
1746465861.031581,img_start,3785705777
1746465861.036304,FB_FRAMES,124742
1746465861.036304,SYM_FRAMES,124202
1746465861.039052,TX_FRAMES,124202
1746465861.063505,ps_take,83926
1746465861.030653,ps_take_src,83926
1746465861.063332,img_end,3785899280
1746465861.064528,img_start,3785900258
1746465861.069759,FB_FRAMES,124743
1746465861.069759,SYM_FRAMES,124203
1746465861.072515,TX_FRAMES,124203
1746465861.096895,ps_take,83927
1746465861.063692,ps_take_src,83927
1746465861.096276,img_end,3786095888
1746465861.098129,img_start,3786098993
1746465861.102741,FB_FRAMES,124744
1746465861.102741,SYM_FRAMES,124204
1746465861.105505,TX_FRAMES,124204
1746465861.130167,ps_take,83928
1746465861.097106,ps_take_src,83928
1746465861.129825,img_end,3786292496
1746465861.131277,img_start,3786295601
1746465861.136311,FB_FRAMES,124745
1746465861.136311,SYM_FRAMES,124205
1746465861.139076,TX_FRAMES,124205
1746465861.163368,ps_take,83929
1746465861.130366,ps_take_src,83929
1746465861.162970,img_end,3786489104
1746465861.164611,img_start,3786492209
1746465861.169455,FB_FRAMES,124746
1746465861.169455,SYM_FRAMES,124206
1746465861.172211,TX_FRAMES,124206
1746465861.196741,ps_take,83930
1746465861.163556,ps_take_src,83930
1746465861.196290,img_end,3786685712
1746465861.197819,img_start,3786688817
1746465861.202801,FB_FRAMES,124747
1746465861.202801,SYM_FRAMES,124207
1746465861.205534,TX_FRAMES,124207
1746465861.230353,ps_take,83931
1746465861.196922,ps_take_src,83931
1746465861.229510,img_end,3786882320
1746465861.231498,img_start,3786885425
1746465861.236009,FB_FRAMES,124748
1746465861.236009,SYM_FRAMES,124208
1746465861.238734,TX_FRAMES,124208
1746465861.263300,ps_take,83932
1746465861.230610,ps_take_src,83932
1746465861.263240,img_end,3787078928
1746465861.264885,img_start,3787082033
1746465861.269690,FB_FRAMES,124749
1746465861.269690,SYM_FRAMES,124209
1746465861.272407,TX_FRAMES,124209
1746465861.297097,ps_take,83933
1746465861.263507,ps_take_src,83933
1746465861.296589,img_end,3787275536
1746465861.298664,img_start,3787278641
1746465861.303066,FB_FRAMES,124750
1746465861.303066,SYM_FRAMES,124210
1746465861.305859,TX_FRAMES,124210
1746465861.330450,ps_take,83934
1746465861.297806,ps_take_src,83934
1746465861.330363,img_end,3787472144
1746465861.331477,img_start,3787472663
1746465861.336819,SYM_FRAMES,124211
1746465861.336879,FB_FRAMES,124751
1746465861.339603,TX_FRAMES,124211
1746465861.363553,ps_take,83935
1746465861.330634,ps_take_src,83935
1746465861.363212,img_end,3787668752
1746465861.364580,img_start,3787668760
1746465861.369698,FB_FRAMES,124752
1746465861.369698,SYM_FRAMES,124212
1746465861.372489,TX_FRAMES,124212
1746465861.396914,ps_take,83936
1746465861.363740,ps_take_src,83936
1746465861.396348,img_end,3787865360
1746465861.398152,img_start,3787868465
1746465861.402788,SYM_FRAMES,124213
1746465861.402849,FB_FRAMES,124753
1746465861.405580,TX_FRAMES,124213
1746465861.430243,ps_take,83937
1746465861.397113,ps_take_src,83937
1746465861.429845,img_end,3788061968
1746465861.431078,img_start,3788064779
1746465861.436336,FB_FRAMES,124754
1746465861.436336,SYM_FRAMES,124214
1746465861.439041,TX_FRAMES,124214
1746465861.462765,ps_take,83938
1746465861.430427,ps_take_src,83938
1746465861.469264,FB_FRAMES,124755
1746465861.469264,SYM_FRAMES,124215
1746465861.472032,TX_FRAMES,124215
1746465861.495575,ps_take,83939
1746465861.462937,ps_take_src,83939
1746465861.496600,img_start,3788456881
1746465861.502025,SYM_FRAMES,124216
1746465861.502087,FB_FRAMES,124756
1746465861.504833,TX_FRAMES,124216
1746465861.528335,img_end,3788651792
1746465861.530537,ps_take,83940
1746465861.495746,ps_take_src,83940
1746465861.531610,img_start,3788654897
1746465861.534815,FB_FRAMES,124757
1746465861.534815,SYM_FRAMES,124217
1746465861.537567,TX_FRAMES,124217
1746465861.563344,img_end,3788848400
1746465861.564695,ps_take,83941
1746465861.530727,ps_take_src,83941
1746465861.565756,img_start,3788848956
1746465861.569820,FB_FRAMES,124758
1746465861.569820,SYM_FRAMES,124218
1746465861.572587,TX_FRAMES,124218
1746465861.597633,ps_take,83942
1746465861.564907,ps_take_src,83942
1746465861.597516,img_end,3789045008
1746465861.598682,img_start,3789048113
1746465861.603996,FB_FRAMES,124759
1746465861.603996,SYM_FRAMES,124219
1746465861.606726,TX_FRAMES,124219
1746465861.630589,ps_take,83943
1746465861.597809,ps_take_src,83943
1746465861.630412,img_end,3789241616
1746465861.631675,img_start,3789244450
1746465861.636890,FB_FRAMES,124760
1746465861.636890,SYM_FRAMES,124220
1746465861.639639,TX_FRAMES,124220
1746465861.663585,ps_take,83944
1746465861.630800,ps_take_src,83944
1746465861.663413,img_end,3789438224
1746465861.664661,img_start,3789441329
1746465861.669872,FB_FRAMES,124761
1746465861.669872,SYM_FRAMES,124221
1746465861.672604,TX_FRAMES,124221
1746465861.696874,ps_take,83945
1746465861.663778,ps_take_src,83945
1746465861.696365,img_end,3789634832
1746465861.698122,img_start,3789637030
1746465861.702823,FB_FRAMES,124762
1746465861.702823,SYM_FRAMES,124222
1746465861.705608,TX_FRAMES,124222
1746465861.730184,ps_take,83946
1746465861.697052,ps_take_src,83946
1746465861.729842,img_end,3789831440
1746465861.731235,img_start,3789832195
1746465861.736352,FB_FRAMES,124763
1746465861.736352,SYM_FRAMES,124223
1746465861.739063,TX_FRAMES,124223
1746465861.763340,ps_take,83947
1746465861.730358,ps_take_src,83947
1746465861.763000,img_end,3790028048
1746465861.764581,img_start,3790031003
1746465861.769482,FB_FRAMES,124764
1746465861.769482,SYM_FRAMES,124224
1746465861.772199,TX_FRAMES,124224
1746465861.796752,ps_take,83948
1746465861.763509,ps_take_src,83948
1746465861.796301,img_end,3790224656
1746465861.797777,img_start,3790225000
1746465861.802781,FB_FRAMES,124765
1746465861.802781,SYM_FRAMES,124225
1746465861.805557,TX_FRAMES,124225
1746465861.830359,ps_take,83949
1746465861.796921,ps_take_src,83949
1746465861.829517,img_end,3790421264
1746465861.831510,img_start,3790424369
1746465861.836024,FB_FRAMES,124766
1746465861.836024,SYM_FRAMES,124226
1746465861.838760,TX_FRAMES,124226
1746465861.863350,ps_take,83950
1746465861.830636,ps_take_src,83950
1746465861.863234,img_end,3790617872
1746465861.864934,img_start,3790619797
1746465861.869673,SYM_FRAMES,124227
1746465861.869738,FB_FRAMES,124767
1746465861.872471,TX_FRAMES,124227
1746465861.897074,ps_take,83951
1746465861.863551,ps_take_src,83951
1746465861.896679,img_end,3790814480
1746465861.898096,img_start,3790815407
1746465861.903156,FB_FRAMES,124768
1746465861.903156,SYM_FRAMES,124228
1746465861.905907,TX_FRAMES,124228
1746465861.930419,ps_take,83952
1746465861.897241,ps_take_src,83952
1746465861.929829,img_end,3791011088
1746465861.931500,img_start,3791014193
1746465861.936327,FB_FRAMES,124769
1746465861.936327,SYM_FRAMES,124229
1746465861.939076,TX_FRAMES,124229
1746465861.963661,ps_take,83953
1746465861.930589,ps_take_src,83953
1746465861.963212,img_end,3791207696
1746465861.964679,img_start,3791208871
1746465861.969670,FB_FRAMES,124770
1746465861.969670,SYM_FRAMES,124230
1746465861.972423,TX_FRAMES,124230
1746465861.996862,ps_take,83954
1746465861.963830,ps_take_src,83954
1746465861.996410,img_end,3791404304
1746465861.997931,img_start,3791407409
1746465862.002905,FB_FRAMES,124771
1746465862.002905,SYM_FRAMES,124231
1746465862.005625,TX_FRAMES,124231
1746465862.030459,ps_take,83955
1746465861.997066,ps_take_src,83955
1746465862.029644,img_end,3791600912
1746465862.031587,img_start,3791601714
1746465862.036130,FB_FRAMES,124772
1746465862.036130,SYM_FRAMES,124232
1746465862.038885,TX_FRAMES,124232
1746465862.063349,ps_take,83956
1746465862.030744,ps_take_src,83956
1746465862.063349,img_end,3791797520
1746465862.064599,img_start,3791800625
1746465862.069822,FB_FRAMES,124773
1746465862.069822,SYM_FRAMES,124233
1746465862.072536,TX_FRAMES,124233
1746465862.096738,ps_take,83957
1746465862.063514,ps_take_src,83957
1746465862.096287,img_end,3791994128
1746465862.097589,img_start,3791997091
1746465862.102742,SYM_FRAMES,124234
1746465862.102803,FB_FRAMES,124774
1746465862.105556,TX_FRAMES,124234
1746465862.129313,img_end,3792190736
1746465862.130384,ps_take,83958
1746465862.096932,ps_take_src,83958
1746465862.131551,img_start,3792193841
1746465862.135765,SYM_FRAMES,124235
1746465862.135828,FB_FRAMES,124775
1746465862.138531,TX_FRAMES,124235
1746465862.163375,ps_take,83959
1746465862.130668,ps_take_src,83959
1746465862.163258,img_end,3792387344
1746465862.164778,img_start,3792389432
1746465862.169743,FB_FRAMES,124776
1746465862.169743,SYM_FRAMES,124236
1746465862.172489,TX_FRAMES,124236
1746465862.196501,ps_take,83960
1746465862.164123,ps_take_src,83960
1746465862.197519,img_start,3792587057
1746465862.203004,FB_FRAMES,124777
1746465862.203004,SYM_FRAMES,124237
1746465862.205730,TX_FRAMES,124237
1746465862.229227,img_end,3792780560
1746465862.230429,ps_take,83961
1746465862.196652,ps_take_src,83961
1746465862.231328,img_start,3792783665
1746465862.235698,FB_FRAMES,124778
1746465862.235698,SYM_FRAMES,124238
1746465862.238451,TX_FRAMES,124238
1746465862.263045,ps_take,83962
1746465862.230637,ps_take_src,83962
1746465862.264095,img_start,3792980273
1746465862.269505,FB_FRAMES,124779
1746465862.269505,SYM_FRAMES,124239
1746465862.272228,TX_FRAMES,124239
1746465862.295814,img_end,3793173776
1746465862.296885,ps_take,83963
1746465862.263234,ps_take_src,83963
1746465862.298116,img_start,3793176881
1746465862.302315,FB_FRAMES,124780
1746465862.302315,SYM_FRAMES,124240
1746465862.305031,TX_FRAMES,124240
1746465862.330157,ps_take,83964
1746465862.297086,ps_take_src,83964
1746465862.329816,img_end,3793370384
1746465862.331263,img_start,3793372841
1746465862.336283,FB_FRAMES,124781
1746465862.336283,SYM_FRAMES,124241
1746465862.339083,TX_FRAMES,124241
1746465862.363364,ps_take,83965
1746465862.330369,ps_take_src,83965
1746465862.362968,img_end,3793566992
1746465862.364617,img_start,3793570097
1746465862.369448,FB_FRAMES,124782
1746465862.369448,SYM_FRAMES,124242
1746465862.372210,TX_FRAMES,124242
1746465862.396772,ps_take,83966
1746465862.363573,ps_take_src,83966
1746465862.396319,img_end,3793763600
1746465862.397792,img_start,3793765999
1746465862.402799,FB_FRAMES,124783
1746465862.402799,SYM_FRAMES,124243
1746465862.405588,TX_FRAMES,124243
1746465862.430491,ps_take,83967
1746465862.396927,ps_take_src,83967
1746465862.429512,img_end,3793960208
1746465862.431562,img_start,3793962365
1746465862.435980,FB_FRAMES,124784
1746465862.435980,SYM_FRAMES,124244
1746465862.438708,TX_FRAMES,124244
1746465862.463300,ps_take,83968
1746465862.430686,ps_take_src,83968
1746465862.463300,img_end,3794156816
1746465862.464828,img_start,3794159921
1746465862.469777,FB_FRAMES,124785
1746465862.469777,SYM_FRAMES,124245
1746465862.472533,TX_FRAMES,124245
1746465862.496492,ps_take,83969
1746465862.463504,ps_take_src,83969
1746465862.503012,FB_FRAMES,124786
1746465862.503012,SYM_FRAMES,124246
1746465862.505787,TX_FRAMES,124246
1746465862.529184,img_end,3794550032
1746465862.530317,ps_take,83970
1746465862.496654,ps_take_src,83970
1746465862.531491,img_start,3794550717
1746465862.535647,SYM_FRAMES,124247
1746465862.535707,FB_FRAMES,124787
1746465862.538387,TX_FRAMES,124247
1746465862.563475,ps_take,83971
1746465862.530636,ps_take_src,83971
1746465862.563246,img_end,3794746640
1746465862.564562,img_start,3794747801
1746465862.569679,SYM_FRAMES,124248
1746465862.569744,FB_FRAMES,124788
1746465862.572459,TX_FRAMES,124248
1746465862.596928,ps_take,83972
1746465862.563679,ps_take_src,83972
1746465862.596311,img_end,3794943248
1746465862.598111,img_start,3794946353
1746465862.602786,FB_FRAMES,124789
1746465862.602786,SYM_FRAMES,124249
1746465862.605533,TX_FRAMES,124249
1746465862.630203,ps_take,83973
1746465862.597089,ps_take_src,83973
1746465862.629807,img_end,3795139856
1746465862.631031,img_start,3795141909
1746465862.636310,FB_FRAMES,124790
1746465862.636310,SYM_FRAMES,124250
1746465862.639019,TX_FRAMES,124250
1746465862.662796,ps_take,83974
1746465862.630362,ps_take_src,83974
1746465862.662737,img_end,3795336464
1746465862.663823,img_start,3795338863
1746465862.669263,FB_FRAMES,124791
1746465862.669263,SYM_FRAMES,124251
1746465862.671996,TX_FRAMES,124251
1746465862.695628,ps_take,83975
1746465862.662956,ps_take_src,83975
1746465862.695568,img_end,3795533072
1746465862.696662,img_start,3795536177
1746465862.702011,FB_FRAMES,124792
1746465862.702011,SYM_FRAMES,124252
1746465862.704775,TX_FRAMES,124252
1746465862.728377,img_end,3795729680
1746465862.730329,ps_take,83976
1746465862.695787,ps_take_src,83976
1746465862.731472,img_start,3795730507
1746465862.734836,FB_FRAMES,124793
1746465862.734836,SYM_FRAMES,124253
1746465862.737607,TX_FRAMES,124253
1746465862.763255,ps_take,83977
1746465862.730634,ps_take_src,83977
1746465862.769668,SYM_FRAMES,124254
1746465862.769730,FB_FRAMES,124794
1746465862.772473,TX_FRAMES,124254
1746465862.796473,ps_take,83978
1746465862.763454,ps_take_src,83978
1746465862.795850,img_end,3796122896
1746465862.797489,img_start,3796122948
1746465862.802363,FB_FRAMES,124795
1746465862.802363,SYM_FRAMES,124255
1746465862.805138,TX_FRAMES,124255
1746465862.829228,img_end,3796319504
1746465862.830352,ps_take,83979
1746465862.796650,ps_take_src,83979
1746465862.831493,img_start,3796320685
1746465862.835726,FB_FRAMES,124796
1746465862.835726,SYM_FRAMES,124256
1746465862.838473,TX_FRAMES,124256
1746465862.863493,ps_take,83980
1746465862.830628,ps_take_src,83980
1746465862.863210,img_end,3796516112
1746465862.864520,img_start,3796516437
1746465862.869726,FB_FRAMES,124797
1746465862.869726,SYM_FRAMES,124257
1746465862.872448,TX_FRAMES,124257
1746465862.896893,ps_take,83981
1746465862.863688,ps_take_src,83981
1746465862.896273,img_end,3796712720
1746465862.897741,img_start,3796715825
1746465862.902723,SYM_FRAMES,124258
1746465862.902783,FB_FRAMES,124798
1746465862.905456,TX_FRAMES,124258
1746465862.929639,ps_take,83982
1746465862.897069,ps_take_src,83982
1746465862.929467,img_end,3796909328
1746465862.930689,img_start,3796912433
1746465862.935951,FB_FRAMES,124799
1746465862.935951,SYM_FRAMES,124259
1746465862.938693,TX_FRAMES,124259
1746465862.962749,ps_take,83983
1746465862.929804,ps_take_src,83983
1746465862.962453,img_end,3797105936
1746465862.963835,img_start,3797109041
1746465862.968864,FB_FRAMES,124800
1746465862.968864,SYM_FRAMES,124260
1746465862.971626,TX_FRAMES,124260
1746465862.995620,ps_take,83984
1746465862.962941,ps_take_src,83984
1746465862.995561,img_end,3797302544
1746465862.996649,img_start,3797305649
1746465863.002016,FB_FRAMES,124801
1746465863.002016,SYM_FRAMES,124261
1746465863.004781,TX_FRAMES,124261
1746465863.028349,img_end,3797499152
1746465863.030366,ps_take,83985
1746465862.995772,ps_take_src,83985
1746465863.031347,img_start,3797502257
1746465863.034834,FB_FRAMES,124802
1746465863.034834,SYM_FRAMES,124262
1746465863.037626,TX_FRAMES,124262
1746465863.063267,ps_take,83986
1746465863.030657,ps_take_src,83986
1746465863.063038,img_end,3797695760
1746465863.064724,img_start,3797698865
1746465863.069498,SYM_FRAMES,124263
1746465863.069559,FB_FRAMES,124803
1746465863.072262,TX_FRAMES,124263
1746465863.096438,ps_take,83987
1746465863.064048,ps_take_src,83987
1746465863.096438,img_end,3797892368
1746465863.097538,img_start,3797895473
1746465863.102898,FB_FRAMES,124804
1746465863.102898,SYM_FRAMES,124264
1746465863.105664,TX_FRAMES,124264
1746465863.129249,img_end,3798088976
1746465863.130378,ps_take,83988
1746465863.096627,ps_take_src,83988
1746465863.131448,img_start,3798090697
1746465863.135738,FB_FRAMES,124805
1746465863.135738,SYM_FRAMES,124265
1746465863.138451,TX_FRAMES,124265
1746465863.163569,ps_take,83989
1746465863.130596,ps_take_src,83989
1746465863.163169,img_end,3798285584
1746465863.164427,img_start,3798288689
1746465863.169679,FB_FRAMES,124806
1746465863.169679,SYM_FRAMES,124266
1746465863.172456,TX_FRAMES,124266
1746465863.196864,ps_take,83990
1746465863.163754,ps_take_src,83990
1746465863.196135,img_end,3798482192
1746465863.197879,img_start,3798482839
1746465863.202592,FB_FRAMES,124807
1746465863.202592,SYM_FRAMES,124267
1746465863.205357,TX_FRAMES,124267
1746465863.229627,ps_take,83991
1746465863.197046,ps_take_src,83991
1746465863.229627,img_end,3798678800
1746465863.230689,img_start,3798680467
1746465863.236118,FB_FRAMES,124808
1746465863.236118,SYM_FRAMES,124268
1746465863.238844,TX_FRAMES,124268
1746465863.262746,ps_take,83992
1746465863.229793,ps_take_src,83992
1746465863.262458,img_end,3798875408
1746465863.263837,img_start,3798878513
1746465863.268909,FB_FRAMES,124809
1746465863.268909,SYM_FRAMES,124269
1746465863.271694,TX_FRAMES,124269
1746465863.295604,ps_take,83993
1746465863.262948,ps_take_src,83993
1746465863.302016,FB_FRAMES,124810
1746465863.302016,SYM_FRAMES,124270
1746465863.304802,TX_FRAMES,124270
1746465863.328195,img_end,3799268624
1746465863.330364,ps_take,83994
1746465863.295763,ps_take_src,83994
1746465863.331514,img_start,3799271729
1746465863.334651,FB_FRAMES,124811
1746465863.334651,SYM_FRAMES,124271
1746465863.337434,TX_FRAMES,124271
1746465863.363390,ps_take,83995
1746465863.330633,ps_take_src,83995
1746465863.363218,img_end,3799465232
1746465863.364964,img_start,3799468337
1746465863.369697,FB_FRAMES,124812
1746465863.369697,SYM_FRAMES,124272
1746465863.372476,TX_FRAMES,124272
1746465863.397017,ps_take,83996
1746465863.363575,ps_take_src,83996
1746465863.396674,img_end,3799661840
1746465863.398099,img_start,3799663025
1746465863.403150,FB_FRAMES,124813
1746465863.403150,SYM_FRAMES,124273
1746465863.405910,TX_FRAMES,124273
1746465863.430391,ps_take,83997
1746465863.397216,ps_take_src,83997
1746465863.429828,img_end,3799858448
1746465863.431489,img_start,3799861553
1746465863.436287,SYM_FRAMES,124274
1746465863.436348,FB_FRAMES,124814
1746465863.439042,TX_FRAMES,124274
1746465863.463501,ps_take,83998
1746465863.430616,ps_take_src,83998
1746465863.463217,img_end,3800055056
1746465863.464550,img_start,3800057554
1746465863.469682,FB_FRAMES,124815
1746465863.469682,SYM_FRAMES,124275
1746465863.472437,TX_FRAMES,124275
1746465863.496889,ps_take,83999
1746465863.463684,ps_take_src,83999
1746465863.496272,img_end,3800251664
1746465863.497965,img_start,3800254769
1746465863.502756,FB_FRAMES,124816
1746465863.502756,SYM_FRAMES,124276
1746465863.505550,TX_FRAMES,124276
1746465863.529624,ps_take,84000
1746465863.497069,ps_take_src,84000
1746465863.536125,SYM_FRAMES,124277
1746465863.536187,FB_FRAMES,124817
1746465863.538912,TX_FRAMES,124277
1746465863.562765,ps_take,84001
1746465863.529799,ps_take_src,84001
1746465863.562419,img_end,3800644880
1746465863.563562,img_start,3800645240
1746465863.568885,FB_FRAMES,124818
1746465863.568885,SYM_FRAMES,124278
1746465863.571652,TX_FRAMES,124278
1746465863.595317,img_end,3800841488
1746465863.597047,ps_take,84002
1746465863.562927,ps_take_src,84002
1746465863.598106,img_start,3800844593
1746465863.601787,FB_FRAMES,124819
1746465863.601787,SYM_FRAMES,124279
1746465863.604526,TX_FRAMES,124279
1746465863.630361,ps_take,84003
1746465863.597208,ps_take_src,84003
1746465863.629795,img_end,3801038096
1746465863.631521,img_start,3801041065
1746465863.636276,FB_FRAMES,124820
1746465863.636276,SYM_FRAMES,124280
1746465863.639036,TX_FRAMES,124280
1746465863.663295,ps_take,84004
1746465863.630635,ps_take_src,84004
1746465863.663235,img_end,3801234704
1746465863.664876,img_start,3801237809
1746465863.669732,FB_FRAMES,124821
1746465863.669732,SYM_FRAMES,124281
1746465863.672490,TX_FRAMES,124281
1746465863.697037,ps_take,84005
1746465863.663497,ps_take_src,84005
1746465863.696585,img_end,3801431312
1746465863.697885,img_start,3801433872
1746465863.703046,SYM_FRAMES,124282
1746465863.703107,FB_FRAMES,124822
1746465863.705853,TX_FRAMES,124282
1746465863.730329,ps_take,84006
1746465863.697229,ps_take_src,84006
1746465863.729597,img_end,3801627920
1746465863.731461,img_start,3801628415
1746465863.736104,FB_FRAMES,124823
1746465863.736104,SYM_FRAMES,124283
1746465863.738818,TX_FRAMES,124283
1746465863.763502,ps_take,84007
1746465863.730618,ps_take_src,84007
1746465863.763217,img_end,3801824528
1746465863.764581,img_start,3801827633
1746465863.769706,FB_FRAMES,124824
1746465863.769706,SYM_FRAMES,124284
1746465863.772402,TX_FRAMES,124284
1746465863.796512,ps_take,84008
1746465863.763690,ps_take_src,84008
1746465863.796281,img_end,3802021136
1746465863.797532,img_start,3802021187
1746465863.802765,FB_FRAMES,124825
1746465863.802765,SYM_FRAMES,124285
1746465863.805487,TX_FRAMES,124285
1746465863.829638,ps_take,84009
1746465863.796691,ps_take_src,84009
1746465863.829296,img_end,3802217744
1746465863.830686,img_start,3802220244
1746465863.835784,FB_FRAMES,124826
1746465863.835784,SYM_FRAMES,124286
1746465863.838527,TX_FRAMES,124286
1746465863.862744,ps_take,84010
1746465863.829810,ps_take_src,84010
1746465863.862456,img_end,3802414352
1746465863.863824,img_start,3802417457
1746465863.868878,FB_FRAMES,124827
1746465863.868878,SYM_FRAMES,124287
1746465863.871600,TX_FRAMES,124287
1746465863.895591,ps_take,84011
1746465863.862932,ps_take_src,84011
1746465863.895530,img_end,3802610960
1746465863.896679,img_start,3802614065
1746465863.902035,FB_FRAMES,124828
1746465863.902035,SYM_FRAMES,124288
1746465863.904724,TX_FRAMES,124288
1746465863.928390,img_end,3802807568
1746465863.930345,ps_take,84012
1746465863.895782,ps_take_src,84012
1746465863.931514,img_start,3802810673
1746465863.934879,FB_FRAMES,124829
1746465863.934879,SYM_FRAMES,124289
1746465863.937606,TX_FRAMES,124289
1746465863.963318,ps_take,84013
1746465863.930623,ps_take_src,84013
1746465863.963202,img_end,3803004176
1746465863.964730,img_start,3803006741
1746465863.969700,FB_FRAMES,124830
1746465863.969700,SYM_FRAMES,124290
1746465863.972423,TX_FRAMES,124290
1746465863.996469,ps_take,84014
1746465863.964068,ps_take_src,84014
1746465863.996469,img_end,3803200784
1746465863.997550,img_start,3803203889
1746465864.002951,FB_FRAMES,124831
1746465864.002951,SYM_FRAMES,124291
1746465864.005670,TX_FRAMES,124291
1746465864.029237,img_end,3803397392
1746465864.030311,ps_take,84015
1746465863.996665,ps_take_src,84015
1746465864.031463,img_start,3803399961
1746465864.035732,FB_FRAMES,124832
1746465864.035732,SYM_FRAMES,124292
1746465864.038460,TX_FRAMES,124292
1746465864.063493,ps_take,84016
1746465864.030585,ps_take_src,84016
1746465864.063207,img_end,3803594000
1746465864.064577,img_start,3803597105
1746465864.069634,SYM_FRAMES,124293
1746465864.069698,FB_FRAMES,124833
1746465864.072431,TX_FRAMES,124293
1746465864.096957,ps_take,84017
1746465864.063683,ps_take_src,84017
1746465864.096284,img_end,3803790608
1746465864.098137,img_start,3803791939
1746465864.102783,FB_FRAMES,124834
1746465864.102783,SYM_FRAMES,124294
1746465864.105469,TX_FRAMES,124294
1746465864.130160,ps_take,84018
1746465864.097142,ps_take_src,84018
1746465864.129876,img_end,3803987216
1746465864.131266,img_start,3803990321
1746465864.136378,FB_FRAMES,124835
1746465864.136378,SYM_FRAMES,124295
1746465864.139076,TX_FRAMES,124295
1746465864.163367,ps_take,84019
1746465864.130360,ps_take_src,84019
1746465864.162971,img_end,3804183824
1746465864.164552,img_start,3804186339
1746465864.169473,FB_FRAMES,124836
1746465864.169473,SYM_FRAMES,124296
1746465864.172189,TX_FRAMES,124296
1746465864.196738,ps_take,84020
1746465864.163530,ps_take_src,84020
1746465864.196284,img_end,3804380432
1746465864.197811,img_start,3804383537
1746465864.202733,SYM_FRAMES,124297
1746465864.202795,FB_FRAMES,124837
1746465864.205529,TX_FRAMES,124297
1746465864.230366,ps_take,84021
1746465864.196931,ps_take_src,84021
1746465864.229520,img_end,3804577040
1746465864.231518,img_start,3804577947
1746465864.236004,FB_FRAMES,124838
1746465864.236004,SYM_FRAMES,124298
1746465864.238744,TX_FRAMES,124298
1746465864.263361,ps_take,84022
1746465864.230647,ps_take_src,84022
1746465864.263244,img_end,3804773648
1746465864.264974,img_start,3804776753
1746465864.269705,SYM_FRAMES,124299
1746465864.269769,FB_FRAMES,124839
1746465864.272480,TX_FRAMES,124299
1746465864.297108,ps_take,84023
1746465864.263540,ps_take_src,84023
1746465864.296657,img_end,3804970256
1746465864.298122,img_start,3804972228
1746465864.303166,FB_FRAMES,124840
1746465864.303166,SYM_FRAMES,124300
1746465864.305931,TX_FRAMES,124300
1746465864.330363,ps_take,84024
1746465864.297260,ps_take_src,84024
1746465864.329852,img_end,3805166864
1746465864.331469,img_start,3805169572
1746465864.336318,FB_FRAMES,124841
1746465864.336318,SYM_FRAMES,124301
1746465864.339097,TX_FRAMES,124301
1746465864.363632,ps_take,84025
1746465864.330586,ps_take_src,84025
1746465864.363180,img_end,3805363472
1746465864.364707,img_start,3805366577
1746465864.369673,FB_FRAMES,124842
1746465864.369673,SYM_FRAMES,124302
1746465864.372431,TX_FRAMES,124302
1746465864.396943,ps_take,84026
1746465864.363835,ps_take_src,84026
1746465864.396431,img_end,3805560080
1746465864.398136,img_start,3805562418
1746465864.402890,FB_FRAMES,124843
1746465864.402890,SYM_FRAMES,124303
1746465864.405624,TX_FRAMES,124303
1746465864.430198,ps_take,84027
1746465864.397116,ps_take_src,84027
1746465864.429859,img_end,3805756688
1746465864.431248,img_start,3805758639
1746465864.436348,FB_FRAMES,124844
1746465864.436348,SYM_FRAMES,124304
1746465864.439080,TX_FRAMES,124304
1746465864.463344,ps_take,84028
1746465864.430374,ps_take_src,84028
1746465864.463002,img_end,3805953296
1746465864.464599,img_start,3805956401
1746465864.469450,FB_FRAMES,124845
1746465864.469450,SYM_FRAMES,124305
1746465864.472182,TX_FRAMES,124305
1746465864.496774,ps_take,84029
1746465864.463512,ps_take_src,84029
1746465864.496322,img_end,3806149904
1746465864.497846,img_start,3806153009
1746465864.502797,FB_FRAMES,124846
1746465864.502797,SYM_FRAMES,124306
1746465864.505523,TX_FRAMES,124306
1746465864.530377,ps_take,84030
1746465864.496956,ps_take_src,84030
1746465864.529532,img_end,3806346512
1746465864.531538,img_start,3806348587
1746465864.536010,FB_FRAMES,124847
1746465864.536010,SYM_FRAMES,124307
1746465864.538785,TX_FRAMES,124307
1746465864.563418,ps_take,84031
1746465864.530682,ps_take_src,84031
1746465864.563300,img_end,3806543120
1746465864.564451,img_start,3806544494
1746465864.569720,SYM_FRAMES,124308
1746465864.569785,FB_FRAMES,124848
1746465864.572530,TX_FRAMES,124308
1746465864.596447,ps_take,84032
1746465864.563591,ps_take_src,84032
1746465864.596216,img_end,3806739728
1746465864.597525,img_start,3806742833
1746465864.602664,FB_FRAMES,124849
1746465864.602664,SYM_FRAMES,124309
1746465864.605401,TX_FRAMES,124309
1746465864.629220,img_end,3806936336
1746465864.630586,ps_take,84033
1746465864.596648,ps_take_src,84033
1746465864.631426,img_start,3806938648
1746465864.635725,FB_FRAMES,124850
1746465864.635725,SYM_FRAMES,124310
1746465864.638467,TX_FRAMES,124310
1746465864.663621,ps_take,84034
1746465864.630778,ps_take_src,84034
1746465864.663171,img_end,3807132944
1746465864.664692,img_start,3807136049
1746465864.669655,FB_FRAMES,124851
1746465864.669655,SYM_FRAMES,124311
1746465864.672400,TX_FRAMES,124311
1746465864.696914,ps_take,84035
1746465864.663824,ps_take_src,84035
1746465864.696407,img_end,3807329552
1746465864.698159,img_start,3807332657
1746465864.702896,FB_FRAMES,124852
1746465864.702896,SYM_FRAMES,124312
1746465864.705616,TX_FRAMES,124312
1746465864.730205,ps_take,84036
1746465864.697126,ps_take_src,84036
1746465864.729865,img_end,3807526160
1746465864.731275,img_start,3807528578
1746465864.736356,FB_FRAMES,124853
1746465864.736356,SYM_FRAMES,124313
1746465864.739112,TX_FRAMES,124313
1746465864.763353,ps_take,84037
1746465864.730384,ps_take_src,84037
1746465864.763013,img_end,3807722768
1746465864.764597,img_start,3807725873
1746465864.769489,FB_FRAMES,124854
1746465864.769489,SYM_FRAMES,124314
1746465864.772197,TX_FRAMES,124314
1746465864.796733,ps_take,84038
1746465864.763520,ps_take_src,84038
1746465864.796278,img_end,3807919376
1746465864.797802,img_start,3807921867
1746465864.802780,FB_FRAMES,124855
1746465864.802780,SYM_FRAMES,124315
1746465864.805549,TX_FRAMES,124315
1746465864.830366,ps_take,84039
1746465864.796946,ps_take_src,84039
1746465864.829521,img_end,3808115984
1746465864.831528,img_start,3808119089
1746465864.836024,FB_FRAMES,124856
1746465864.836024,SYM_FRAMES,124316
1746465864.838733,TX_FRAMES,124316
1746465864.863459,ps_take,84040
1746465864.830639,ps_take_src,84040
1746465864.863230,img_end,3808312592
1746465864.864487,img_start,3808315697
1746465864.869726,FB_FRAMES,124857
1746465864.869726,SYM_FRAMES,124317
1746465864.872443,TX_FRAMES,124317
1746465864.896471,ps_take,84041
1746465864.863609,ps_take_src,84041
1746465864.896187,img_end,3808509200
1746465864.897324,img_start,3808512305
1746465864.902641,SYM_FRAMES,124318
1746465864.902702,FB_FRAMES,124858
1746465864.905450,TX_FRAMES,124318
1746465864.929037,img_end,3808705808
1746465864.930392,ps_take,84042
1746465864.896634,ps_take_src,84042
1746465864.931482,img_start,3808708368
1746465864.935494,FB_FRAMES,124859
1746465864.935494,SYM_FRAMES,124319
1746465864.938254,TX_FRAMES,124319
1746465864.963623,ps_take,84043
1746465864.930621,ps_take_src,84043
1746465864.963223,img_end,3808902416
1746465864.964655,img_start,3808903383
1746465864.969701,FB_FRAMES,124860
1746465864.969701,SYM_FRAMES,124320
1746465864.972467,TX_FRAMES,124320
1746465864.996907,ps_take,84044
1746465864.963803,ps_take_src,84044
1746465864.996397,img_end,3809099024
1746465864.998129,img_start,3809102129
1746465865.002893,FB_FRAMES,124861
1746465865.002893,SYM_FRAMES,124321
1746465865.005605,TX_FRAMES,124321
1746465865.030221,ps_take,84045
1746465864.997094,ps_take_src,84045
1746465865.029822,img_end,3809295632
1746465865.031043,img_start,3809296351
1746465865.036316,FB_FRAMES,124862
1746465865.036316,SYM_FRAMES,124322
1746465865.039042,TX_FRAMES,124322
1746465865.062776,ps_take,84046
1746465865.030387,ps_take_src,84046
1746465865.062776,img_end,3809492240
1746465865.063864,img_start,3809495345
1746465865.069251,FB_FRAMES,124863
1746465865.069251,SYM_FRAMES,124323
1746465865.071999,TX_FRAMES,124323
1746465865.095542,ps_take,84047
1746465865.062961,ps_take_src,84047
1746465865.095542,img_end,3809688848
1746465865.096632,img_start,3809691953
1746465865.102041,FB_FRAMES,124864
1746465865.102041,SYM_FRAMES,124324
1746465865.104753,TX_FRAMES,124324
1746465865.128358,img_end,3809885456
1746465865.130372,ps_take,84048
1746465865.095756,ps_take_src,84048
1746465865.131518,img_start,3809888561
1746465865.134838,FB_FRAMES,124865
1746465865.134838,SYM_FRAMES,124325
1746465865.137556,TX_FRAMES,124325
1746465865.163415,ps_take,84049
1746465865.130639,ps_take_src,84049
1746465865.164274,img_start,3810085169
1746465865.169671,SYM_FRAMES,124326
1746465865.169733,FB_FRAMES,124866
1746465865.172410,TX_FRAMES,124326
1746465865.196470,ps_take,84050
1746465865.163597,ps_take_src,84050
1746465865.196013,img_end,3810278672
1746465865.197497,img_start,3810280158
1746465865.202456,FB_FRAMES,124867
1746465865.202456,SYM_FRAMES,124327
1746465865.205177,TX_FRAMES,124327
1746465865.229244,img_end,3810475280
1746465865.230458,ps_take,84051
1746465865.196629,ps_take_src,84051
1746465865.231522,img_start,3810478385
1746465865.235689,SYM_FRAMES,124328
1746465865.235750,FB_FRAMES,124868
1746465865.238480,TX_FRAMES,124328
1746465865.263491,ps_take,84052
1746465865.230647,ps_take_src,84052
1746465865.263205,img_end,3810671888
1746465865.264576,img_start,3810674993
1746465865.269676,FB_FRAMES,124869
1746465865.269676,SYM_FRAMES,124329
1746465865.272477,TX_FRAMES,124329
1746465865.296870,ps_take,84053
1746465865.263695,ps_take_src,84053
1746465865.296303,img_end,3810868496
1746465865.297754,img_start,3810871601
1746465865.302767,FB_FRAMES,124870
1746465865.302767,SYM_FRAMES,124330
1746465865.305490,TX_FRAMES,124330
1746465865.329624,ps_take,84054
1746465865.297067,ps_take_src,84054
1746465865.329451,img_end,3811065104
1746465865.330679,img_start,3811066783
1746465865.335902,SYM_FRAMES,124331
1746465865.335963,FB_FRAMES,124871
1746465865.338701,TX_FRAMES,124331
1746465865.362721,ps_take,84055
1746465865.329809,ps_take_src,84055
1746465865.362433,img_end,3811261712
1746465865.363803,img_start,3811263569
1746465865.368899,FB_FRAMES,124872
1746465865.368899,SYM_FRAMES,124332
1746465865.371620,TX_FRAMES,124332
1746465865.395571,ps_take,84056
1746465865.362929,ps_take_src,84056
1746465865.395511,img_end,3811458320
1746465865.396660,img_start,3811460990
1746465865.401992,SYM_FRAMES,124333
1746465865.402052,FB_FRAMES,124873
1746465865.404745,TX_FRAMES,124333
1746465865.428375,img_end,3811654928
1746465865.430347,ps_take,84057
1746465865.395774,ps_take_src,84057
1746465865.431560,img_start,3811658033
1746465865.434841,SYM_FRAMES,124334
1746465865.434901,FB_FRAMES,124874
1746465865.437619,TX_FRAMES,124334
1746465865.463423,ps_take,84058
1746465865.430662,ps_take_src,84058
1746465865.463249,img_end,3811851536
1746465865.464459,img_start,3811853359
1746465865.469760,FB_FRAMES,124875
1746465865.469760,SYM_FRAMES,124335
1746465865.472530,TX_FRAMES,124335
1746465865.496444,ps_take,84059
1746465865.463599,ps_take_src,84059
1746465865.496213,img_end,3812048144
1746465865.497535,img_start,3812051249
1746465865.502687,FB_FRAMES,124876
1746465865.502687,SYM_FRAMES,124336
1746465865.505397,TX_FRAMES,124336
1746465865.529229,img_end,3812244752
1746465865.530448,ps_take,84060
1746465865.496631,ps_take_src,84060
1746465865.531462,img_start,3812246491
1746465865.535726,FB_FRAMES,124877
1746465865.535726,SYM_FRAMES,124337
1746465865.538439,TX_FRAMES,124337
1746465865.563491,ps_take,84061
1746465865.530613,ps_take_src,84061
1746465865.563203,img_end,3812441360
1746465865.564355,img_start,3812444435
1746465865.569660,FB_FRAMES,124878
1746465865.569660,SYM_FRAMES,124338
1746465865.572414,TX_FRAMES,124338
1746465865.596850,ps_take,84062
1746465865.563697,ps_take_src,84062
1746465865.596056,img_end,3812637968
1746465865.597934,img_start,3812641073
1746465865.602545,FB_FRAMES,124879
1746465865.602545,SYM_FRAMES,124339
1746465865.605318,TX_FRAMES,124339
1746465865.629611,ps_take,84063
1746465865.597059,ps_take_src,84063
1746465865.636099,SYM_FRAMES,124340
1746465865.636162,FB_FRAMES,124880
1746465865.638863,TX_FRAMES,124340
1746465865.662738,ps_take,84064
1746465865.629774,ps_take_src,84064
1746465865.662449,img_end,3813031184
1746465865.663834,img_start,3813034289
1746465865.668892,FB_FRAMES,124881
1746465865.668892,SYM_FRAMES,124341
1746465865.671649,TX_FRAMES,124341
1746465865.695609,ps_take,84065
1746465865.662925,ps_take_src,84065
1746465865.695549,img_end,3813227792
1746465865.696707,img_start,3813230897
1746465865.702021,FB_FRAMES,124882
1746465865.702021,SYM_FRAMES,124342
1746465865.704755,TX_FRAMES,124342
1746465865.728439,img_end,3813424400
1746465865.730304,ps_take,84066
1746465865.695789,ps_take_src,84066
1746465865.731483,img_start,3813425943
1746465865.734887,FB_FRAMES,124883
1746465865.734887,SYM_FRAMES,124343
1746465865.737672,TX_FRAMES,124343
1746465865.763410,ps_take,84067
1746465865.730610,ps_take_src,84067
1746465865.763237,img_end,3813621008
1746465865.764492,img_start,3813624113
1746465865.769684,FB_FRAMES,124884
1746465865.769684,SYM_FRAMES,124344
1746465865.772454,TX_FRAMES,124344
1746465865.796525,ps_take,84068
1746465865.763613,ps_take_src,84068
1746465865.796181,img_end,3813817616
1746465865.797559,img_start,3813820721
1746465865.802649,FB_FRAMES,124885
1746465865.802649,SYM_FRAMES,124345
1746465865.805444,TX_FRAMES,124345
1746465865.829266,img_end,3814014224
1746465865.830483,ps_take,84069
1746465865.796679,ps_take_src,84069
1746465865.831331,img_start,3814017329
1746465865.835725,SYM_FRAMES,124346
1746465865.835787,FB_FRAMES,124886
1746465865.838464,TX_FRAMES,124346
1746465865.863481,ps_take,84070
1746465865.830649,ps_take_src,84070
1746465865.863026,img_end,3814210832
1746465865.864565,img_start,3814213937
1746465865.869517,FB_FRAMES,124887
1746465865.869517,SYM_FRAMES,124347
1746465865.872223,TX_FRAMES,124347
1746465865.896859,ps_take,84071
1746465865.863684,ps_take_src,84071
1746465865.896276,img_end,3814407440
1746465865.897893,img_start,3814408341
1746465865.902733,FB_FRAMES,124888
1746465865.902733,SYM_FRAMES,124348
1746465865.905502,TX_FRAMES,124348
1746465865.929612,ps_take,84072
1746465865.897050,ps_take_src,84072
1746465865.929612,img_end,3814604048
1746465865.930718,img_start,3814607153
1746465865.936112,FB_FRAMES,124889
1746465865.936112,SYM_FRAMES,124349
1746465865.938825,TX_FRAMES,124349
1746465865.962763,ps_take,84073
1746465865.929813,ps_take_src,84073
1746465865.962385,img_end,3814800656
1746465865.963850,img_start,3814803761
1746465865.968916,FB_FRAMES,124890
1746465865.968916,SYM_FRAMES,124350
1746465865.971645,TX_FRAMES,124350
1746465865.995600,ps_take,84074
1746465865.962955,ps_take_src,84074
1746465865.995540,img_end,3814997264
1746465865.996636,img_start,3815000369
1746465866.002039,FB_FRAMES,124891
1746465866.002039,SYM_FRAMES,124351
1746465866.004770,TX_FRAMES,124351
1746465866.028364,img_end,3815193872
1746465866.030321,ps_take,84075
1746465865.995759,ps_take_src,84075
1746465866.031473,img_start,3815194140
1746465866.034856,FB_FRAMES,124892
1746465866.034856,SYM_FRAMES,124352
1746465866.037578,TX_FRAMES,124352
1746465866.063428,ps_take,84076
1746465866.030612,ps_take_src,84076
1746465866.063255,img_end,3815390480
1746465866.064453,img_start,3815392342
1746465866.069719,FB_FRAMES,124893
1746465866.069719,SYM_FRAMES,124353
1746465866.072463,TX_FRAMES,124353
1746465866.096452,ps_take,84077
1746465866.063607,ps_take_src,84077
1746465866.096166,img_end,3815587088
1746465866.097311,img_start,3815588352
1746465866.102675,FB_FRAMES,124894
1746465866.102675,SYM_FRAMES,124354
1746465866.105420,TX_FRAMES,124354
1746465866.129066,img_end,3815783696
1746465866.130447,ps_take,84078
1746465866.096664,ps_take_src,84078
1746465866.131515,img_start,3815786801
1746465866.135521,FB_FRAMES,124895
1746465866.135521,SYM_FRAMES,124355
1746465866.138305,TX_FRAMES,124355
1746465866.163469,ps_take,84079
1746465866.130649,ps_take_src,84079
1746465866.163240,img_end,3815980304
1746465866.164557,img_start,3815982941
1746465866.169712,FB_FRAMES,124896
1746465866.169712,SYM_FRAMES,124356
1746465866.172448,TX_FRAMES,124356
1746465866.196890,ps_take,84080
1746465866.163674,ps_take_src,84080
1746465866.196268,img_end,3816176912
1746465866.197912,img_start,3816177929
1746465866.202743,FB_FRAMES,124897
1746465866.202743,SYM_FRAMES,124357
1746465866.205552,TX_FRAMES,124357
1746465866.229608,ps_take,84081
1746465866.197066,ps_take_src,84081
1746465866.236123,FB_FRAMES,124898
1746465866.236123,SYM_FRAMES,124358
1746465866.238867,TX_FRAMES,124358
1746465866.262759,ps_take,84082
1746465866.229775,ps_take_src,84082
1746465866.262321,img_end,3816570128
1746465866.263838,img_start,3816573233
1746465866.268785,FB_FRAMES,124899
1746465866.268785,SYM_FRAMES,124359
1746465866.271570,TX_FRAMES,124359
1746465866.295568,ps_take,84083
1746465866.262956,ps_take_src,84083
1746465866.295568,img_end,3816766736
1746465866.296663,img_start,3816769841
1746465866.302002,SYM_FRAMES,124360
1746465866.302065,FB_FRAMES,124900
1746465866.304776,TX_FRAMES,124360
1746465866.328377,img_end,3816963344
1746465866.330352,ps_take,84084
1746465866.295775,ps_take_src,84084
1746465866.331834,img_start,3816966449
1746465866.334810,SYM_FRAMES,124361
1746465866.334871,FB_FRAMES,124901
1746465866.337555,TX_FRAMES,124361
1746465866.363982,ps_take,84085
1746465866.331128,ps_take_src,84085
1746465866.363527,img_end,3817159952
1746465866.365066,img_start,3817161285
1746465866.369990,SYM_FRAMES,124362
1746465866.370051,FB_FRAMES,124902
1746465866.372742,TX_FRAMES,124362
1746465866.397027,ps_take,84086
1746465866.364179,ps_take_src,84086
1746465866.396796,img_end,3817356560
1746465866.398059,img_start,3817356603
1746465866.403272,FB_FRAMES,124903
1746465866.403272,SYM_FRAMES,124363
1746465866.406053,TX_FRAMES,124363
1746465866.430371,ps_take,84087
1746465866.397228,ps_take_src,84087
1746465866.429802,img_end,3817553168
1746465866.431483,img_start,3817555953
1746465866.436269,FB_FRAMES,124904
1746465866.436269,SYM_FRAMES,124364
1746465866.439075,TX_FRAMES,124364
1746465866.463529,ps_take,84088
1746465866.430606,ps_take_src,84088
1746465866.463185,img_end,3817749776
1746465866.464552,img_start,3817752881
1746465866.469659,SYM_FRAMES,124365
1746465866.469720,FB_FRAMES,124905
1746465866.472439,TX_FRAMES,124365
1746465866.496874,ps_take,84089
1746465866.463683,ps_take_src,84089
1746465866.496248,img_end,3817946384
1746465866.498066,img_start,3817946419
1746465866.502699,SYM_FRAMES,124366
1746465866.502764,FB_FRAMES,124906
1746465866.505479,TX_FRAMES,124366
1746465866.530209,ps_take,84090
1746465866.497077,ps_take_src,84090
1746465866.529809,img_end,3818142992
1746465866.531291,img_start,3818146097
1746465866.536294,FB_FRAMES,124907
1746465866.536294,SYM_FRAMES,124367
1746465866.539012,TX_FRAMES,124367
1746465866.563375,ps_take,84091
1746465866.530372,ps_take_src,84091
1746465866.563034,img_end,3818339600
1746465866.564566,img_start,3818342405
1746465866.569495,FB_FRAMES,124908
1746465866.569495,SYM_FRAMES,124368
1746465866.572186,TX_FRAMES,124368
1746465866.596963,ps_take,84092
1746465866.563536,ps_take_src,84092
1746465866.596282,img_end,3818536208
1746465866.598049,img_start,3818538534
1746465866.602740,SYM_FRAMES,124369
1746465866.602801,FB_FRAMES,124909
1746465866.605554,TX_FRAMES,124369
1746465866.630364,ps_take,84093
1746465866.597165,ps_take_src,84093
1746465866.629795,img_end,3818732816
1746465866.631476,img_start,3818734242
1746465866.636225,SYM_FRAMES,124370
1746465866.636289,FB_FRAMES,124910
1746465866.638972,TX_FRAMES,124370
1746465866.663411,ps_take,84094
1746465866.630629,ps_take_src,84094
1746465866.663237,img_end,3818929424
1746465866.664448,img_start,3818929940
1746465866.669704,FB_FRAMES,124911
1746465866.669704,SYM_FRAMES,124371
1746465866.672446,TX_FRAMES,124371
1746465866.696481,ps_take,84095
1746465866.663597,ps_take_src,84095
1746465866.696194,img_end,3819126032
1746465866.697510,img_start,3819128586
1746465866.702657,FB_FRAMES,124912
1746465866.702657,SYM_FRAMES,124372
1746465866.705430,TX_FRAMES,124372
1746465866.729230,img_end,3819322640
1746465866.730443,ps_take,84096
1746465866.696647,ps_take_src,84096
1746465866.731459,img_start,3819323160
1746465866.735737,FB_FRAMES,124913
1746465866.735737,SYM_FRAMES,124373
1746465866.738477,TX_FRAMES,124373
1746465866.763497,ps_take,84097
1746465866.730601,ps_take_src,84097
1746465866.763211,img_end,3819519248
1746465866.764581,img_start,3819522353
1746465866.769700,FB_FRAMES,124914
1746465866.769700,SYM_FRAMES,124374
1746465866.772389,TX_FRAMES,124374
1746465866.796916,ps_take,84098
1746465866.763701,ps_take_src,84098
1746465866.796291,img_end,3819715856
1746465866.797939,img_start,3819718961
1746465866.802776,FB_FRAMES,124915
1746465866.802776,SYM_FRAMES,124375
1746465866.805480,TX_FRAMES,124375
1746465866.829587,ps_take,84099
1746465866.797074,ps_take_src,84099
1746465866.830705,img_start,3819915569
1746465866.836139,FB_FRAMES,124916
1746465866.836139,SYM_FRAMES,124376
1746465866.838838,TX_FRAMES,124376
1746465866.862759,ps_take,84100
1746465866.829794,ps_take_src,84100
1746465866.862468,img_end,3820109072
1746465866.863852,img_start,3820112177
1746465866.868905,FB_FRAMES,124917
1746465866.868905,SYM_FRAMES,124377
1746465866.871660,TX_FRAMES,124377
1746465866.895559,img_end,3820305680
1746465866.897026,ps_take,84101
1746465866.862946,ps_take_src,84101
1746465866.898098,img_start,3820307328
1746465866.902062,FB_FRAMES,124918
1746465866.902062,SYM_FRAMES,124378
1746465866.904813,TX_FRAMES,124378
1746465866.930435,ps_take,84102
1746465866.897233,ps_take_src,84102
1746465866.929847,img_end,3820502288
1746465866.931458,img_start,3820502422
1746465866.936280,SYM_FRAMES,124379
1746465866.936342,FB_FRAMES,124919
1746465866.939066,TX_FRAMES,124379
1746465866.963433,ps_take,84103
1746465866.930814,ps_take_src,84103
1746465866.963203,img_end,3820698896
1746465866.964465,img_start,3820701491
1746465866.969657,SYM_FRAMES,124380
1746465866.969718,FB_FRAMES,124920
1746465866.972444,TX_FRAMES,124380
1746465866.996474,ps_take,84104
1746465866.963612,ps_take_src,84104
1746465866.996186,img_end,3820895504
1746465866.997506,img_start,3820896741
1746465867.002692,FB_FRAMES,124921
1746465867.002692,SYM_FRAMES,124381
1746465867.005447,TX_FRAMES,124381
1746465867.029252,img_end,3821092112
1746465867.030464,ps_take,84105
1746465866.996634,ps_take_src,84105
1746465867.031309,img_start,3821095217
1746465867.035725,FB_FRAMES,124922
1746465867.035725,SYM_FRAMES,124382
1746465867.038453,TX_FRAMES,124382
1746465867.063082,ps_take,84106
1746465867.030645,ps_take_src,84106
1746465867.063021,img_end,3821288720
1746465867.064105,img_start,3821291825
1746465867.069487,FB_FRAMES,124923
1746465867.069487,SYM_FRAMES,124383
1746465867.072273,TX_FRAMES,124383
1746465867.095837,img_end,3821485328
1746465867.096850,ps_take,84107
1746465867.063241,ps_take_src,84107
1746465867.097928,img_start,3821488433
1746465867.102324,FB_FRAMES,124924
1746465867.102324,SYM_FRAMES,124384
1746465867.105052,TX_FRAMES,124384
1746465867.129642,ps_take,84108
1746465867.097033,ps_take_src,84108
1746465867.130695,img_start,3821685041
1746465867.136092,SYM_FRAMES,124385
1746465867.136155,FB_FRAMES,124925
1746465867.138824,TX_FRAMES,124385
1746465867.162724,ps_take,84109
1746465867.129803,ps_take_src,84109
1746465867.162434,img_end,3821878544
1746465867.163578,img_start,3821880375
1746465867.168897,FB_FRAMES,124926
1746465867.168897,SYM_FRAMES,124386
1746465867.171639,TX_FRAMES,124386
1746465867.195297,img_end,3822075152
1746465867.196987,ps_take,84110
1746465867.162928,ps_take_src,84110
1746465867.198040,img_start,3822075984
1746465867.201769,FB_FRAMES,124927
1746465867.201769,SYM_FRAMES,124387
1746465867.204573,TX_FRAMES,124387
1746465867.230532,ps_take,84111
1746465867.197179,ps_take_src,84111
1746465867.229773,img_end,3822271760
1746465867.231612,img_start,3822274865
1746465867.236254,FB_FRAMES,124928
1746465867.236254,SYM_FRAMES,124388
1746465867.238984,TX_FRAMES,124388
1746465867.263297,img_end,3822468368
1746465867.264708,ps_take,84112
1746465867.230713,ps_take_src,84112
1746465867.265716,img_start,3822468696
1746465867.269789,FB_FRAMES,124929
1746465867.269789,SYM_FRAMES,124389
1746465867.272511,TX_FRAMES,124389
1746465867.297628,ps_take,84113
1746465867.264876,ps_take_src,84113
1746465867.297455,img_end,3822664976
1746465867.298678,img_start,3822667563
1746465867.303910,SYM_FRAMES,124390
1746465867.303973,FB_FRAMES,124930
1746465867.306666,TX_FRAMES,124390
1746465867.330355,ps_take,84114
1746465867.297797,ps_take_src,84114
1746465867.336874,FB_FRAMES,124931
1746465867.336874,SYM_FRAMES,124391
1746465867.339600,TX_FRAMES,124391
1746465867.363657,ps_take,84115
1746465867.330598,ps_take_src,84115
1746465867.363203,img_end,3823058192
1746465867.364680,img_start,3823059788
1746465867.369660,FB_FRAMES,124932
1746465867.369660,SYM_FRAMES,124392
1746465867.372419,TX_FRAMES,124392
1746465867.396861,ps_take,84116
1746465867.363827,ps_take_src,84116
1746465867.396407,img_end,3823254800
1746465867.397944,img_start,3823257905
1746465867.402905,FB_FRAMES,124933
1746465867.402905,SYM_FRAMES,124393
1746465867.405628,TX_FRAMES,124393
1746465867.429604,ps_take,84117
1746465867.397042,ps_take_src,84117
1746465867.436112,FB_FRAMES,124934
1746465867.436112,SYM_FRAMES,124394
1746465867.438831,TX_FRAMES,124394
1746465867.462719,ps_take,84118
1746465867.429804,ps_take_src,84118
1746465867.462431,img_end,3823648016
1746465867.463805,img_start,3823651121
1746465867.468889,FB_FRAMES,124935
1746465867.468889,SYM_FRAMES,124395
1746465867.471635,TX_FRAMES,124395
1746465867.495521,img_end,3823844624
1746465867.496987,ps_take,84119
1746465867.462919,ps_take_src,84119
1746465867.498055,img_start,3823847461
1746465867.501991,FB_FRAMES,124936
1746465867.501991,SYM_FRAMES,124396
1746465867.504760,TX_FRAMES,124396
1746465867.530422,ps_take,84120
1746465867.497180,ps_take_src,84120
1746465867.529778,img_end,3824041232
1746465867.531492,img_start,3824044337
1746465867.536272,FB_FRAMES,124937
1746465867.536272,SYM_FRAMES,124397
1746465867.539010,TX_FRAMES,124397
1746465867.563412,ps_take,84121
1746465867.530596,ps_take_src,84121
1746465867.563182,img_end,3824237840
1746465867.564499,img_start,3824240945
1746465867.569679,FB_FRAMES,124938
1746465867.569679,SYM_FRAMES,124398
1746465867.572387,TX_FRAMES,124398
1746465867.596493,ps_take,84122
1746465867.563597,ps_take_src,84122
1746465867.596206,img_end,3824434448
1746465867.597527,img_start,3824436268
1746465867.602681,FB_FRAMES,124939
1746465867.602681,SYM_FRAMES,124399
1746465867.605459,TX_FRAMES,124399
1746465867.629272,img_end,3824631056
1746465867.630443,ps_take,84123
1746465867.596653,ps_take_src,84123
1746465867.631515,img_start,3824634161
1746465867.635712,SYM_FRAMES,124400
1746465867.635777,FB_FRAMES,124940
1746465867.638505,TX_FRAMES,124400
1746465867.663606,ps_take,84124
1746465867.630629,ps_take_src,84124
1746465867.663207,img_end,3824827664
1746465867.664689,img_start,3824830769
1746465867.669670,SYM_FRAMES,124401
1746465867.669731,FB_FRAMES,124941
1746465867.672418,TX_FRAMES,124401
1746465867.696904,ps_take,84125
1746465867.663801,ps_take_src,84125
1746465867.696393,img_end,3825024272
1746465867.698091,img_start,3825027377
1746465867.702864,FB_FRAMES,124942
1746465867.702864,SYM_FRAMES,124402
1746465867.705634,TX_FRAMES,124402
1746465867.730188,ps_take,84126
1746465867.697076,ps_take_src,84126
1746465867.729790,img_end,3825220880
1746465867.731235,img_start,3825221562
1746465867.736271,FB_FRAMES,124943
1746465867.736271,SYM_FRAMES,124403
1746465867.739080,TX_FRAMES,124403
1746465867.763306,ps_take,84127
1746465867.730378,ps_take_src,84127
1746465867.762964,img_end,3825417488
1746465867.764615,img_start,3825420593
1746465867.769431,SYM_FRAMES,124404
1746465867.769518,FB_FRAMES,124944
1746465867.772218,TX_FRAMES,124404
1746465867.797045,ps_take,84128
1746465867.763519,ps_take_src,84128
1746465867.796309,img_end,3825614096
1746465867.798127,img_start,3825615042
1746465867.802792,FB_FRAMES,124945
1746465867.802792,SYM_FRAMES,124405
1746465867.805560,TX_FRAMES,124405
1746465867.830368,ps_take,84129
1746465867.797254,ps_take_src,84129
1746465867.829859,img_end,3825810704
1746465867.831530,img_start,3825813044
1746465867.836320,SYM_FRAMES,124406
1746465867.836384,FB_FRAMES,124946
1746465867.839059,TX_FRAMES,124406
1746465867.863408,ps_take,84130
1746465867.830662,ps_take_src,84130
1746465867.863292,img_end,3826007312
1746465867.864444,img_start,3826007581
1746465867.869724,FB_FRAMES,124947
1746465867.869724,SYM_FRAMES,124407
1746465867.872513,TX_FRAMES,124407
1746465867.896474,ps_take,84131
1746465867.863592,ps_take_src,84131
1746465867.896189,img_end,3826203920
1746465867.897498,img_start,3826204333
1746465867.902694,FB_FRAMES,124948
1746465867.902694,SYM_FRAMES,124408
1746465867.905404,TX_FRAMES,124408
1746465867.929258,img_end,3826400528
1746465867.930389,ps_take,84132
1746465867.896661,ps_take_src,84132
1746465867.931486,img_start,3826401420
1746465867.935704,FB_FRAMES,124949
1746465867.935704,SYM_FRAMES,124409
1746465867.938503,TX_FRAMES,124409
1746465867.963634,ps_take,84133
1746465867.930619,ps_take_src,84133
1746465867.963235,img_end,3826597136
1746465867.964717,img_start,3826600241
1746465867.969729,FB_FRAMES,124950
1746465867.969729,SYM_FRAMES,124410
1746465867.972485,TX_FRAMES,124410
1746465867.996877,ps_take,84134
1746465867.963828,ps_take_src,84134
1746465867.996421,img_end,3826793744
1746465867.998070,img_start,3826796113
1746465868.002916,FB_FRAMES,124951
1746465868.002916,SYM_FRAMES,124411
1746465868.005623,TX_FRAMES,124411
1746465868.030216,ps_take,84135
1746465867.997054,ps_take_src,84135
1746465868.029819,img_end,3826990352
1746465868.031260,img_start,3826993457
1746465868.036259,FB_FRAMES,124952
1746465868.036259,SYM_FRAMES,124412
1746465868.038988,TX_FRAMES,124412
1746465868.063345,ps_take,84136
1746465868.030375,ps_take_src,84136
1746465868.063003,img_end,3827186960
1746465868.064600,img_start,3827189284
1746465868.069474,FB_FRAMES,124953
1746465868.069474,SYM_FRAMES,124413
1746465868.072190,TX_FRAMES,124413
1746465868.097003,ps_take,84137
1746465868.063516,ps_take_src,84137
1746465868.096322,img_end,3827383568
1746465868.098133,img_start,3827383963
1746465868.102812,FB_FRAMES,124954
1746465868.102812,SYM_FRAMES,124414
1746465868.105551,TX_FRAMES,124414
1746465868.130386,ps_take,84138
1746465868.097289,ps_take_src,84138
1746465868.129874,img_end,3827580176
1746465868.131487,img_start,3827581013
1746465868.136361,FB_FRAMES,124955
1746465868.136361,SYM_FRAMES,124415
1746465868.139114,TX_FRAMES,124415
1746465868.163414,ps_take,84139
1746465868.130637,ps_take_src,84139
1746465868.163240,img_end,3827776784
1746465868.164446,img_start,3827778485
1746465868.169732,FB_FRAMES,124956
1746465868.169732,SYM_FRAMES,124416
1746465868.172446,TX_FRAMES,124416
1746465868.196432,ps_take,84140
1746465868.163586,ps_take_src,84140
1746465868.196202,img_end,3827973392
1746465868.197516,img_start,3827976497
1746465868.202662,FB_FRAMES,124957
1746465868.202662,SYM_FRAMES,124417
1746465868.205449,TX_FRAMES,124417
1746465868.229230,img_end,3828170000
1746465868.230362,ps_take,84141
1746465868.196629,ps_take_src,84141
1746465868.231458,img_start,3828172797
1746465868.235726,FB_FRAMES,124958
1746465868.235726,SYM_FRAMES,124418
1746465868.238446,TX_FRAMES,124418
1746465868.263599,ps_take,84142
1746465868.230594,ps_take_src,84142
1746465868.263201,img_end,3828366608
1746465868.264681,img_start,3828369713
1746465868.269645,FB_FRAMES,124959
1746465868.269645,SYM_FRAMES,124419
1746465868.272379,TX_FRAMES,124419
1746465868.296499,ps_take,84143
1746465868.263788,ps_take_src,84143
1746465868.296383,img_end,3828563216
1746465868.297529,img_start,3828563730
1746465868.302833,SYM_FRAMES,124420
1746465868.302897,FB_FRAMES,124960
1746465868.305622,TX_FRAMES,124420
1746465868.329580,ps_take,84144
1746465868.296692,ps_take_src,84144
1746465868.329293,img_end,3828759824
1746465868.330663,img_start,3828761082
1746465868.335771,FB_FRAMES,124961
1746465868.335771,SYM_FRAMES,124421
1746465868.338492,TX_FRAMES,124421
1746465868.362775,ps_take,84145
1746465868.329780,ps_take_src,84145
1746465868.362426,img_end,3828956432
1746465868.363568,img_start,3828956871
1746465868.368896,FB_FRAMES,124962
1746465868.368896,SYM_FRAMES,124422
1746465868.371639,TX_FRAMES,124422
1746465868.395330,img_end,3829153040
1746465868.397012,ps_take,84146
1746465868.362935,ps_take_src,84146
1746465868.398080,img_start,3829154331
1746465868.401808,FB_FRAMES,124963
1746465868.401808,SYM_FRAMES,124423
1746465868.404529,TX_FRAMES,124423
1746465868.430378,ps_take,84147
1746465868.397200,ps_take_src,84147
1746465868.429813,img_end,3829349648
1746465868.431479,img_start,3829350329
1746465868.436277,FB_FRAMES,124964
1746465868.436277,SYM_FRAMES,124424
1746465868.439084,TX_FRAMES,124424
1746465868.463375,ps_take,84148
1746465868.430644,ps_take_src,84148
1746465868.463257,img_end,3829546256
1746465868.464468,img_start,3829549361
1746465868.469702,FB_FRAMES,124965
1746465868.469702,SYM_FRAMES,124425
1746465868.472430,TX_FRAMES,124425
1746465868.496464,ps_take,84149
1746465868.463578,ps_take_src,84149
1746465868.496176,img_end,3829742864
1746465868.497267,img_start,3829743464
1746465868.502648,FB_FRAMES,124966
1746465868.502648,SYM_FRAMES,124426
1746465868.505398,TX_FRAMES,124426
1746465868.528998,img_end,3829939472
1746465868.530313,ps_take,84150
1746465868.496631,ps_take_src,84150
1746465868.531522,img_start,3829942577
1746465868.535470,SYM_FRAMES,124427
1746465868.535531,FB_FRAMES,124967
1746465868.538219,TX_FRAMES,124427
1746465868.563641,ps_take,84151
1746465868.530626,ps_take_src,84151
1746465868.563244,img_end,3830136080
1746465868.564669,img_start,3830137392
1746465868.569719,FB_FRAMES,124968
1746465868.569719,SYM_FRAMES,124428
1746465868.572432,TX_FRAMES,124428
1746465868.596933,ps_take,84152
1746465868.563814,ps_take_src,84152
1746465868.596421,img_end,3830332688
1746465868.598124,img_start,3830335793
1746465868.602892,FB_FRAMES,124969
1746465868.602892,SYM_FRAMES,124429
1746465868.605603,TX_FRAMES,124429
1746465868.630187,ps_take,84153
1746465868.597106,ps_take_src,84153
1746465868.629846,img_end,3830529296
1746465868.631060,img_start,3830532401
1746465868.636307,FB_FRAMES,124970
1746465868.636307,SYM_FRAMES,124430
1746465868.639084,TX_FRAMES,124430
1746465868.662724,ps_take,84154
1746465868.630373,ps_take_src,84154
1746465868.669209,SYM_FRAMES,124431
1746465868.669272,FB_FRAMES,124971
1746465868.671993,TX_FRAMES,124431
1746465868.695566,ps_take,84155
1746465868.662938,ps_take_src,84155
1746465868.695566,img_end,3830922512
1746465868.696631,img_start,3830922662
1746465868.702018,FB_FRAMES,124972
1746465868.702018,SYM_FRAMES,124432
1746465868.704811,TX_FRAMES,124432
1746465868.728401,img_end,3831119120
1746465868.730306,ps_take,84156
1746465868.695776,ps_take_src,84156
1746465868.731452,img_start,3831121037
1746465868.734839,FB_FRAMES,124973
1746465868.734839,SYM_FRAMES,124433
1746465868.737596,TX_FRAMES,124433
1746465868.763426,ps_take,84157
1746465868.730596,ps_take_src,84157
1746465868.764224,img_start,3831317249
1746465868.769651,FB_FRAMES,124974
1746465868.769651,SYM_FRAMES,124434
1746465868.772381,TX_FRAMES,124434
1746465868.796462,ps_take,84158
1746465868.763589,ps_take_src,84158
1746465868.795948,img_end,3831512336
1746465868.797552,img_start,3831515441
1746465868.802454,FB_FRAMES,124975
1746465868.802454,SYM_FRAMES,124435
1746465868.805158,TX_FRAMES,124435
1746465868.829270,img_end,3831708944
1746465868.830346,ps_take,84159
1746465868.796650,ps_take_src,84159
1746465868.831484,img_start,3831709308
1746465868.835719,FB_FRAMES,124976
1746465868.835719,SYM_FRAMES,124436
1746465868.838505,TX_FRAMES,124436
1746465868.863589,ps_take,84160
1746465868.830628,ps_take_src,84160
1746465868.863248,img_end,3831905552
1746465868.864616,img_start,3831906044
1746465868.869685,SYM_FRAMES,124437
1746465868.869751,FB_FRAMES,124977
1746465868.872437,TX_FRAMES,124437
1746465868.896926,ps_take,84161
1746465868.863786,ps_take_src,84161
1746465868.896356,img_end,3832102160
1746465868.897784,img_start,3832105265
1746465868.902824,FB_FRAMES,124978
1746465868.902824,SYM_FRAMES,124438
1746465868.905570,TX_FRAMES,124438
1746465868.930351,ps_take,84162
1746465868.897099,ps_take_src,84162
1746465868.929497,img_end,3832298768
1746465868.931460,img_start,3832300128
1746465868.935977,FB_FRAMES,124979
1746465868.935977,SYM_FRAMES,124439
1746465868.938730,TX_FRAMES,124439
1746465868.963356,ps_take,84163
1746465868.930583,ps_take_src,84163
1746465868.963181,img_end,3832495376
1746465868.964556,img_start,3832497504
1746465868.969671,FB_FRAMES,124980
1746465868.969671,SYM_FRAMES,124440
1746465868.972389,TX_FRAMES,124440
1746465868.996948,ps_take,84164
1746465868.963533,ps_take_src,84164
1746465868.996268,img_end,3832691984
1746465868.998028,img_start,3832695089
1746465869.002742,FB_FRAMES,124981
1746465869.002742,SYM_FRAMES,124441
1746465869.005538,TX_FRAMES,124441
1746465869.030422,ps_take,84165
1746465868.997124,ps_take_src,84165
1746465869.029717,img_end,3832888592
1746465869.031560,img_start,3832890693
1746465869.036186,FB_FRAMES,124982
1746465869.036186,SYM_FRAMES,124442
1746465869.038940,TX_FRAMES,124442
1746465869.063406,ps_take,84166
1746465869.030853,ps_take_src,84166
1746465869.063289,img_end,3833085200
1746465869.064492,img_start,3833088305
1746465869.069783,FB_FRAMES,124983
1746465869.069783,SYM_FRAMES,124443
1746465869.072523,TX_FRAMES,124443
1746465869.096475,ps_take,84167
1746465869.063608,ps_take_src,84167
1746465869.096188,img_end,3833281808
1746465869.097505,img_start,3833282622
1746465869.102686,FB_FRAMES,124984
1746465869.102686,SYM_FRAMES,124444
1746465869.105381,TX_FRAMES,124444
1746465869.129268,img_end,3833478416
1746465869.130485,ps_take,84168
1746465869.096662,ps_take_src,84168
1746465869.131554,img_start,3833481521
1746465869.135750,FB_FRAMES,124985
1746465869.135750,SYM_FRAMES,124445
1746465869.138489,TX_FRAMES,124445
1746465869.163664,ps_take,84169
1746465869.130666,ps_take_src,84169
1746465869.163265,img_end,3833675024
1746465869.164742,img_start,3833678129
1746465869.169733,FB_FRAMES,124986
1746465869.169733,SYM_FRAMES,124446
1746465869.172455,TX_FRAMES,124446
1746465869.196820,ps_take,84170
1746465869.163851,ps_take_src,84170
1746465869.196420,img_end,3833871632
1746465869.197852,img_start,3833872779
1746465869.202900,FB_FRAMES,124987
1746465869.202900,SYM_FRAMES,124447
1746465869.205629,TX_FRAMES,124447
1746465869.230321,ps_take,84171
1746465869.197013,ps_take_src,84171
1746465869.229584,img_end,3834068240
1746465869.231430,img_start,3834070850
1746465869.236084,FB_FRAMES,124988
1746465869.236084,SYM_FRAMES,124448
1746465869.238824,TX_FRAMES,124448
1746465869.263328,ps_take,84172
1746465869.230554,ps_take_src,84172
1746465869.263155,img_end,3834264848
1746465869.264580,img_start,3834267953
1746465869.269657,FB_FRAMES,124989
1746465869.269657,SYM_FRAMES,124449
1746465869.272348,TX_FRAMES,124449
1746465869.296957,ps_take,84173
1746465869.263527,ps_take_src,84173
1746465869.296275,img_end,3834461456
1746465869.297805,img_start,3834464561
1746465869.302754,FB_FRAMES,124990
1746465869.302754,SYM_FRAMES,124450
1746465869.305509,TX_FRAMES,124450
1746465869.330368,ps_take,84174
1746465869.297140,ps_take_src,84174
1746465869.329516,img_end,3834658064
1746465869.331521,img_start,3834659054
1746465869.335986,FB_FRAMES,124991
1746465869.335986,SYM_FRAMES,124451
1746465869.338767,TX_FRAMES,124451
1746465869.363428,ps_take,84175
1746465869.330678,ps_take_src,84175
1746465869.363254,img_end,3834854672
1746465869.364455,img_start,3834855018
1746465869.369732,FB_FRAMES,124992
1746465869.369732,SYM_FRAMES,124452
1746465869.372498,TX_FRAMES,124452
1746465869.396480,ps_take,84176
1746465869.363609,ps_take_src,84176
1746465869.396194,img_end,3835051280
1746465869.397509,img_start,3835051756
1746465869.402705,FB_FRAMES,124993
1746465869.402705,SYM_FRAMES,124453
1746465869.405416,TX_FRAMES,124453
1746465869.429266,img_end,3835247888
1746465869.430280,ps_take,84177
1746465869.396662,ps_take_src,84177
1746465869.431262,img_start,3835250993
1746465869.435747,FB_FRAMES,124994
1746465869.435747,SYM_FRAMES,124454
1746465869.438449,TX_FRAMES,124454
1746465869.463072,ps_take,84178
1746465869.430590,ps_take_src,84178
1746465869.462956,img_end,3835444496
1746465869.464093,img_start,3835447601
1746465869.469449,FB_FRAMES,124995
1746465869.469449,SYM_FRAMES,124455
1746465869.472240,TX_FRAMES,124455
1746465869.495799,img_end,3835641104
1746465869.496813,ps_take,84179
1746465869.463232,ps_take_src,84179
1746465869.497867,img_start,3835641253
1746465869.502304,FB_FRAMES,124996
1746465869.502304,SYM_FRAMES,124456
1746465869.505020,TX_FRAMES,124456
1746465869.530322,ps_take,84180
1746465869.497031,ps_take_src,84180
1746465869.529646,img_end,3835837712
1746465869.531425,img_start,3835840817
1746465869.536076,FB_FRAMES,124997
1746465869.536076,SYM_FRAMES,124457
1746465869.538828,TX_FRAMES,124457
1746465869.563339,ps_take,84181
1746465869.530527,ps_take_src,84181
1746465869.563107,img_end,3836034320
1746465869.564310,img_start,3836037425
1746465869.569602,FB_FRAMES,124998
1746465869.569602,SYM_FRAMES,124458
1746465869.572365,TX_FRAMES,124458
1746465869.596015,img_end,3836230928
1746465869.597030,ps_take,84182
1746465869.563508,ps_take_src,84182
1746465869.598046,img_start,3836231515
1746465869.602493,FB_FRAMES,124999
1746465869.602493,SYM_FRAMES,124459
1746465869.605285,TX_FRAMES,124459
1746465869.630377,ps_take,84183
1746465869.597201,ps_take_src,84183
1746465869.629810,img_end,3836427536
1746465869.631541,img_start,3836430641
1746465869.636255,FB_FRAMES,125000
1746465869.636255,SYM_FRAMES,124460
1746465869.639022,TX_FRAMES,124460
1746465869.663424,ps_take,84184
1746465869.630634,ps_take_src,84184
1746465869.663251,img_end,3836624144
1746465869.664457,img_start,3836626450
1746465869.669735,FB_FRAMES,125001
1746465869.669735,SYM_FRAMES,124461
1746465869.672446,TX_FRAMES,124461
1746465869.696463,ps_take,84185
1746465869.663607,ps_take_src,84185
1746465869.696177,img_end,3836820752
1746465869.697318,img_start,3836823857
1746465869.702679,FB_FRAMES,125002
1746465869.702679,SYM_FRAMES,124462
1746465869.705435,TX_FRAMES,124462
1746465869.729054,img_end,3837017360
1746465869.730433,ps_take,84186
1746465869.696647,ps_take_src,84186
1746465869.731501,img_start,3837019820
1746465869.735525,FB_FRAMES,125003
1746465869.735525,SYM_FRAMES,124463
1746465869.738268,TX_FRAMES,124463
1746465869.763590,ps_take,84187
1746465869.730631,ps_take_src,84187
1746465869.763247,img_end,3837213968
1746465869.764679,img_start,3837217073
1746465869.769679,SYM_FRAMES,124464
1746465869.769741,FB_FRAMES,125004
1746465869.772465,TX_FRAMES,124464
1746465869.796892,ps_take,84188
1746465869.763794,ps_take_src,84188
1746465869.796381,img_end,3837410576
1746465869.798087,img_start,3837413042
1746465869.802877,FB_FRAMES,125005
1746465869.802877,SYM_FRAMES,124465
1746465869.805657,TX_FRAMES,124465
1746465869.830321,ps_take,84189
1746465869.797091,ps_take_src,84189
1746465869.829806,img_end,3837607184
1746465869.831170,img_start,3837608504
1746465869.836313,FB_FRAMES,125006
1746465869.836313,SYM_FRAMES,124466
1746465869.839028,TX_FRAMES,124466
1746465869.863364,ps_take,84190
1746465869.830533,ps_take_src,84190
1746465869.862907,img_end,3837803792
1746465869.864610,img_start,3837806897
1746465869.869356,SYM_FRAMES,124467
1746465869.869421,FB_FRAMES,125007
1746465869.872141,TX_FRAMES,124467
1746465869.897029,ps_take,84191
1746465869.863540,ps_take_src,84191
1746465869.896350,img_end,3838000400
1746465869.898099,img_start,3838003505
1746465869.902818,FB_FRAMES,125008
1746465869.902818,SYM_FRAMES,124468
1746465869.905566,TX_FRAMES,124468
1746465869.930368,ps_take,84192
1746465869.897208,ps_take_src,84192
1746465869.929798,img_end,3838197008
1746465869.931558,img_start,3838200113
1746465869.936254,SYM_FRAMES,124469
1746465869.936318,FB_FRAMES,125009
1746465869.939017,TX_FRAMES,124469
1746465869.963415,ps_take,84193
1746465869.930659,ps_take_src,84193
1746465869.963242,img_end,3838393616
1746465869.964497,img_start,3838396721
1746465869.969739,FB_FRAMES,125010
1746465869.969739,SYM_FRAMES,124470
1746465869.972463,TX_FRAMES,124470
1746465869.996429,ps_take,84194
1746465869.963621,ps_take_src,84194
1746465869.996201,img_end,3838590224
1746465869.997456,img_start,3838593329
1746465870.002677,FB_FRAMES,125011
1746465870.002677,SYM_FRAMES,124471
1746465870.005424,TX_FRAMES,124471
1746465870.029180,img_end,3838786832
1746465870.030444,ps_take,84195
1746465869.996594,ps_take_src,84195
1746465870.031515,img_start,3838789937
1746465870.035661,FB_FRAMES,125012
1746465870.035661,SYM_FRAMES,124472
1746465870.038419,TX_FRAMES,124472
1746465870.063659,ps_take,84196
1746465870.030609,ps_take_src,84196
1746465870.063207,img_end,3838983440
1746465870.064680,img_start,3838986545
1746465870.069715,FB_FRAMES,125013
1746465870.069715,SYM_FRAMES,124473
1746465870.072467,TX_FRAMES,124473
1746465870.096869,ps_take,84197
1746465870.063816,ps_take_src,84197
1746465870.096414,img_end,3839180048
1746465870.097724,img_start,3839183153
1746465870.102883,FB_FRAMES,125014
1746465870.102883,SYM_FRAMES,124474
1746465870.105636,TX_FRAMES,124474
1746465870.129565,ps_take,84198
1746465870.097057,ps_take_src,84198
1746465870.129448,img_end,3839376656
1746465870.130613,img_start,3839377111
1746465870.135906,FB_FRAMES,125015
1746465870.135906,SYM_FRAMES,124475
1746465870.138665,TX_FRAMES,124475
1746465870.162727,ps_take,84199
1746465870.129742,ps_take_src,84199
1746465870.162355,img_end,3839573264
1746465870.163806,img_start,3839576369
1746465870.168817,SYM_FRAMES,124476
1746465870.168878,FB_FRAMES,125016
1746465870.171604,TX_FRAMES,124476
1746465870.195508,img_end,3839769872
1746465870.196981,ps_take,84200
1746465870.162923,ps_take_src,84200
1746465870.198055,img_start,3839772927
1746465870.202009,FB_FRAMES,125017
1746465870.202009,SYM_FRAMES,124477
1746465870.204728,TX_FRAMES,124477
1746465870.230338,ps_take,84201
1746465870.197168,ps_take_src,84201
1746465870.229771,img_end,3839966480
1746465870.231502,img_start,3839968425
1746465870.236251,FB_FRAMES,125018
1746465870.236251,SYM_FRAMES,124478
1746465870.239022,TX_FRAMES,124478
1746465870.263454,ps_take,84202
1746465870.230642,ps_take_src,84202
1746465870.263226,img_end,3840163088
1746465870.264480,img_start,3840166193
1746465870.269683,SYM_FRAMES,124479
1746465870.269743,FB_FRAMES,125019
1746465870.272479,TX_FRAMES,124479
1746465870.296470,ps_take,84203
1746465870.263612,ps_take_src,84203
1746465870.296184,img_end,3840359696
1746465870.297498,img_start,3840361592
1746465870.302695,FB_FRAMES,125020
1746465870.302695,SYM_FRAMES,124480
1746465870.305399,TX_FRAMES,124480
1746465870.329223,img_end,3840556304
1746465870.330440,ps_take,84204
1746465870.296633,ps_take_src,84204
1746465870.331447,img_start,3840557914
1746465870.335705,FB_FRAMES,125021
1746465870.335705,SYM_FRAMES,124481
1746465870.338446,TX_FRAMES,124481
1746465870.363609,ps_take,84205
1746465870.330599,ps_take_src,84205
1746465870.363211,img_end,3840752912
1746465870.364463,img_start,3840756017
1746465870.369654,FB_FRAMES,125022
1746465870.369654,SYM_FRAMES,124482
1746465870.372419,TX_FRAMES,124482
1746465870.396912,ps_take,84206
1746465870.363803,ps_take_src,84206
1746465870.396175,img_end,3840949520
1746465870.398101,img_start,3840952625
1746465870.402664,FB_FRAMES,125023
1746465870.402664,SYM_FRAMES,124483
1746465870.405373,TX_FRAMES,124483
1746465870.430134,ps_take,84207
1746465870.397082,ps_take_src,84207
1746465870.429791,img_end,3841146128
1746465870.431187,img_start,3841148970
1746465870.436261,FB_FRAMES,125024
1746465870.436261,SYM_FRAMES,124484
1746465870.439021,TX_FRAMES,124484
1746465870.463355,ps_take,84208
1746465870.430297,ps_take_src,84208
1746465870.462901,img_end,3841342736
1746465870.464575,img_start,3841345335
1746465870.469395,FB_FRAMES,125025
1746465870.469395,SYM_FRAMES,124485
1746465870.472113,TX_FRAMES,124485
1746465870.496978,ps_take,84209
1746465870.463546,ps_take_src,84209
1746465870.496299,img_end,3841539344
1746465870.497830,img_start,3841540697
1746465870.502779,FB_FRAMES,125026
1746465870.502779,SYM_FRAMES,124486
1746465870.505495,TX_FRAMES,124486
1746465870.530374,ps_take,84210
1746465870.497186,ps_take_src,84210
1746465870.529577,img_end,3841735952
1746465870.531502,img_start,3841738340
1746465870.536034,FB_FRAMES,125027
1746465870.536034,SYM_FRAMES,124487
1746465870.538802,TX_FRAMES,124487
1746465870.563437,ps_take,84211
1746465870.530637,ps_take_src,84211
1746465870.563209,img_end,3841932560
1746465870.564465,img_start,3841935665
1746465870.569696,FB_FRAMES,125028
1746465870.569696,SYM_FRAMES,124488
1746465870.572434,TX_FRAMES,124488
1746465870.596453,ps_take,84212
1746465870.563605,ps_take_src,84212
1746465870.596166,img_end,3842129168
1746465870.597480,img_start,3842129718
1746465870.602618,SYM_FRAMES,124489
1746465870.602683,FB_FRAMES,125029
1746465870.605389,TX_FRAMES,124489
1746465870.629237,img_end,3842325776
1746465870.630367,ps_take,84213
1746465870.596626,ps_take_src,84213
1746465870.631456,img_start,3842328182
1746465870.635702,FB_FRAMES,125030
1746465870.635702,SYM_FRAMES,124490
1746465870.638429,TX_FRAMES,124490
1746465870.663594,ps_take,84214
1746465870.630594,ps_take_src,84214
1746465870.663197,img_end,3842522384
1746465870.664675,img_start,3842525489
1746465870.669641,SYM_FRAMES,124491
1746465870.669702,FB_FRAMES,125031
1746465870.672417,TX_FRAMES,124491
1746465870.696506,ps_take,84215
1746465870.663795,ps_take_src,84215
1746465870.696389,img_end,3842718992
1746465870.697535,img_start,3842722097
1746465870.702844,FB_FRAMES,125032
1746465870.702844,SYM_FRAMES,124492
1746465870.705590,TX_FRAMES,124492
1746465870.729566,ps_take,84216
1746465870.696662,ps_take_src,84216
1746465870.729280,img_end,3842915600
1746465870.730627,img_start,3842916186
1746465870.735721,FB_FRAMES,125033
1746465870.735721,SYM_FRAMES,124493
1746465870.738488,TX_FRAMES,124493
1746465870.762722,ps_take,84217
1746465870.729747,ps_take_src,84217
1746465870.762371,img_end,3843112208
1746465870.763576,img_start,3843114540
1746465870.768835,FB_FRAMES,125034
1746465870.768835,SYM_FRAMES,124494
1746465870.771618,TX_FRAMES,124494
1746465870.795337,img_end,3843308816
1746465870.797024,ps_take,84218
1746465870.762926,ps_take_src,84218
1746465870.798090,img_start,3843311921
1746465870.801776,FB_FRAMES,125035
1746465870.801776,SYM_FRAMES,124495
1746465870.804511,TX_FRAMES,124495
1746465870.830291,ps_take,84219
1746465870.797195,ps_take_src,84219
1746465870.829780,img_end,3843505424
1746465870.831368,img_start,3843508529
1746465870.836251,FB_FRAMES,125036
1746465870.836251,SYM_FRAMES,124496
1746465870.838984,TX_FRAMES,124496
1746465870.863284,ps_take,84220
1746465870.830477,ps_take_src,84220
1746465870.863055,img_end,3843702032
1746465870.864752,img_start,3843705137
1746465870.869531,FB_FRAMES,125037
1746465870.869531,SYM_FRAMES,124497
1746465870.872295,TX_FRAMES,124497
1746465870.896454,ps_take,84221
1746465870.864079,ps_take_src,84221
1746465870.896454,img_end,3843898640
1746465870.897548,img_start,3843901745
1746465870.902933,FB_FRAMES,125038
1746465870.902933,SYM_FRAMES,124498
1746465870.905670,TX_FRAMES,124498
1746465870.929264,img_end,3844095248
1746465870.930441,ps_take,84222
1746465870.896660,ps_take_src,84222
1746465870.931451,img_start,3844095903
1746465870.935693,SYM_FRAMES,124499
1746465870.935758,FB_FRAMES,125039
1746465870.938483,TX_FRAMES,124499
1746465870.963515,ps_take,84223
1746465870.930597,ps_take_src,84223
1746465870.963171,img_end,3844291856
1746465870.964599,img_start,3844294961
1746465870.969695,FB_FRAMES,125040
1746465870.969695,SYM_FRAMES,124500
1746465870.972380,TX_FRAMES,124500
1746465870.996914,ps_take,84224
1746465870.963706,ps_take_src,84224
1746465870.996292,img_end,3844488464
1746465870.997934,img_start,3844489434
1746465871.002769,FB_FRAMES,125041
1746465871.002769,SYM_FRAMES,124501
1746465871.005543,TX_FRAMES,124501
1746465871.030364,ps_take,84225
1746465870.997086,ps_take_src,84225
1746465871.029688,img_end,3844685072
1746465871.031467,img_start,3844688177
1746465871.036132,SYM_FRAMES,124502
1746465871.036193,FB_FRAMES,125042
1746465871.038950,TX_FRAMES,124502
1746465871.063317,ps_take,84226
1746465871.030543,ps_take_src,84226
1746465871.063144,img_end,3844881680
1746465871.064574,img_start,3844883532
1746465871.069626,FB_FRAMES,125043
1746465871.069626,SYM_FRAMES,124503
1746465871.072383,TX_FRAMES,124503
1746465871.097000,ps_take,84227
1746465871.063501,ps_take_src,84227
1746465871.096320,img_end,3845078288
1746465871.098077,img_start,3845079040
1746465871.102759,SYM_FRAMES,124504
1746465871.102820,FB_FRAMES,125044
1746465871.105502,TX_FRAMES,124504
1746465871.130372,ps_take,84228
1746465871.097212,ps_take_src,84228
1746465871.129799,img_end,3845274896
1746465871.131502,img_start,3845275151
1746465871.136313,FB_FRAMES,125045
1746465871.136313,SYM_FRAMES,124505
1746465871.139064,TX_FRAMES,124505
1746465871.163457,ps_take,84229
1746465871.130654,ps_take_src,84229
1746465871.163229,img_end,3845471504
1746465871.164482,img_start,3845473966
1746465871.169699,SYM_FRAMES,124506
1746465871.169760,FB_FRAMES,125046
1746465871.172511,TX_FRAMES,124506
1746465871.196447,ps_take,84230
1746465871.163620,ps_take_src,84230
1746465871.196218,img_end,3845668112
1746465871.197524,img_start,3845671217
1746465871.202695,FB_FRAMES,125047
1746465871.202695,SYM_FRAMES,124507
1746465871.205399,TX_FRAMES,124507
1746465871.229266,img_end,3845864720
1746465871.230479,ps_take,84231
1746465871.196637,ps_take_src,84231
1746465871.231491,img_start,3845867385
1746465871.235689,SYM_FRAMES,124508
1746465871.235750,FB_FRAMES,125048
1746465871.238481,TX_FRAMES,124508
1746465871.263513,ps_take,84232
1746465871.230637,ps_take_src,84232
1746465871.263228,img_end,3846061328
1746465871.264538,img_start,3846063390
1746465871.269695,FB_FRAMES,125049
1746465871.269695,SYM_FRAMES,124509
1746465871.272487,TX_FRAMES,124509
1746465871.296906,ps_take,84233
1746465871.263677,ps_take_src,84233
1746465871.296287,img_end,3846257936
1746465871.297925,img_start,3846260053
1746465871.302746,FB_FRAMES,125050
1746465871.302746,SYM_FRAMES,124510
1746465871.305470,TX_FRAMES,124510
1746465871.330420,ps_take,84234
1746465871.297066,ps_take_src,84234
1746465871.329665,img_end,3846454544
1746465871.331498,img_start,3846457649
1746465871.336139,FB_FRAMES,125051
1746465871.336139,SYM_FRAMES,124511
1746465871.338906,TX_FRAMES,124511
1746465871.363350,ps_take,84235
1746465871.330590,ps_take_src,84235
1746465871.363177,img_end,3846651152
1746465871.369644,SYM_FRAMES,124512
1746465871.369739,FB_FRAMES,125052
1746465871.371604,img_start,3846651765
1746465871.372414,TX_FRAMES,124512
1746465871.403335,ps_take,84236
1746465871.370982,ps_take_src,84236
1746465871.409836,FB_FRAMES,125053
1746465871.409836,SYM_FRAMES,124513
1746465871.412580,TX_FRAMES,124513
1746465871.435938,ps_take,84237
1746465871.403485,ps_take_src,84237
1746465871.442484,FB_FRAMES,125054
1746465871.442484,SYM_FRAMES,124514
1746465871.445222,TX_FRAMES,124514
1746465871.468986,ps_take,84238
1746465871.436099,ps_take_src,84238
1746465871.468644,img_end,3847240976
1746465871.469730,img_start,3847241623
1746465871.475102,SYM_FRAMES,124515
1746465871.475163,FB_FRAMES,125055
1746465871.477916,TX_FRAMES,124515
1746465871.501529,ps_take,84239
1746465871.469102,ps_take_src,84239
1746465871.507928,SYM_FRAMES,124516
1746465871.507990,FB_FRAMES,125056
1746465871.510690,TX_FRAMES,124516
1746465871.534142,ps_take,84240
1746465871.501693,ps_take_src,84240
1746465871.540588,FB_FRAMES,125057
1746465871.540588,SYM_FRAMES,124517
1746465871.543353,TX_FRAMES,124517
1746465871.566795,ps_take,84241
1746465871.534314,ps_take_src,84241
1746465871.573254,FB_FRAMES,125058
1746465871.573254,SYM_FRAMES,124518
1746465871.575964,TX_FRAMES,124518
1746465871.599856,ps_take,84242
1746465871.566960,ps_take_src,84242
1746465871.599458,img_end,3848027408
1746465871.600647,img_start,3848030513
1746465871.605916,FB_FRAMES,125059
1746465871.605916,SYM_FRAMES,124519
1746465871.608625,TX_FRAMES,124519
1746465871.632287,ps_take,84243
1746465871.599991,ps_take_src,84243
1746465871.638886,FB_FRAMES,125060
1746465871.638886,SYM_FRAMES,124520
1746465871.641602,TX_FRAMES,124520
1746465871.664979,ps_take,84244
1746465871.632413,ps_take_src,84244
1746465871.671493,FB_FRAMES,125061
1746465871.671493,SYM_FRAMES,124521
1746465871.674248,TX_FRAMES,124521
1746465871.697683,ps_take,84245
1746465871.665140,ps_take_src,84245
1746465871.704153,FB_FRAMES,125062
1746465871.704153,SYM_FRAMES,124522
1746465871.706884,TX_FRAMES,124522
1746465871.730312,ps_take,84246
1746465871.697808,ps_take_src,84246
1746465871.736776,FB_FRAMES,125063
1746465871.736776,SYM_FRAMES,124523
1746465871.739505,TX_FRAMES,124523
1746465871.763363,ps_take,84247
1746465871.730492,ps_take_src,84247
1746465871.762965,img_end,3849010448
1746465871.764163,img_start,3849013553
1746465871.769451,FB_FRAMES,125064
1746465871.769451,SYM_FRAMES,124524
1746465871.772210,TX_FRAMES,124524
1746465871.796086,ps_take,84248
1746465871.763484,ps_take_src,84248
1746465871.796885,img_start,3849209656
1746465871.802360,FB_FRAMES,125065
1746465871.802360,SYM_FRAMES,124525
1746465871.805085,TX_FRAMES,124525
1746465871.828591,img_end,3849403664
1746465871.829894,ps_take,84249
1746465871.796228,ps_take_src,84249
1746465871.830745,img_start,3849405866
1746465871.835058,SYM_FRAMES,124526
1746465871.835120,FB_FRAMES,125066
1746465871.837870,TX_FRAMES,124526
1746465871.862721,ps_take,84250
1746465871.830057,ps_take_src,84250
1746465871.863526,img_start,3849603377
1746465871.868945,FB_FRAMES,125067
1746465871.868945,SYM_FRAMES,124527
1746465871.871691,TX_FRAMES,124527
1746465871.895404,ps_take,84251
1746465871.862857,ps_take_src,84251
1746465871.896267,img_start,3849799985
1746465871.901736,FB_FRAMES,125068
1746465871.901736,SYM_FRAMES,124528
1746465871.904480,TX_FRAMES,124528
1746465871.927912,ps_take,84252
1746465871.895579,ps_take_src,84252
1746465871.934437,FB_FRAMES,125069
1746465871.934437,SYM_FRAMES,124529
1746465871.937240,TX_FRAMES,124529
1746465871.960640,img_end,3850190096
1746465871.962755,ps_take,84253
1746465871.928025,ps_take_src,84253
1746465871.963547,img_start,3850191945
1746465871.967113,FB_FRAMES,125070
1746465871.967113,SYM_FRAMES,124530
1746465871.969838,TX_FRAMES,124530
1746465871.995731,ps_take,84254
1746465871.962898,ps_take_src,84254
1746465871.995273,img_end,3850386704
1746465871.996536,img_start,3850388838
1746465872.001767,FB_FRAMES,125071
1746465872.001767,SYM_FRAMES,124531
1746465872.004497,TX_FRAMES,124531
1746465872.028252,ps_take,84255
1746465871.995883,ps_take_src,84255
1746465872.034717,SYM_FRAMES,124532
1746465872.034780,FB_FRAMES,125072
1746465872.037470,TX_FRAMES,124532
1746465872.060816,ps_take,84256
1746465872.028426,ps_take_src,84256
1746465872.067398,FB_FRAMES,125073
1746465872.067398,SYM_FRAMES,124533
1746465872.070163,TX_FRAMES,124533
1746465872.093589,img_end,3850976528
1746465872.097600,ps_take,84257
1746465872.060970,ps_take_src,84257
1746465872.098465,img_start,3850979633
1746465872.100042,FB_FRAMES,125074
1746465872.100042,SYM_FRAMES,124534
1746465872.102779,TX_FRAMES,124534
1746465872.130287,ps_take,84258
1746465872.097773,ps_take_src,84258
1746465872.136656,FB_FRAMES,125075
1746465872.136656,SYM_FRAMES,124535
1746465872.139404,TX_FRAMES,124535
1746465872.162822,ps_take,84259
1746465872.130475,ps_take_src,84259
1746465872.169316,FB_FRAMES,125076
1746465872.169316,SYM_FRAMES,124536
1746465872.172112,TX_FRAMES,124536
1746465872.195870,ps_take,84260
1746465872.162954,ps_take_src,84260
1746465872.195527,img_end,3851566352
1746465872.196677,img_start,3851569111
1746465872.201987,FB_FRAMES,125077
1746465872.201987,SYM_FRAMES,124537
1746465872.204698,TX_FRAMES,124537
1746465872.228390,img_end,3851762960
1746465872.229913,ps_take,84261
1746465872.196025,ps_take_src,84261
1746465872.230759,img_start,3851763567
1746465872.234903,FB_FRAMES,125078
1746465872.234903,SYM_FRAMES,124538
1746465872.237613,TX_FRAMES,124538
1746465872.262812,ps_take,84262
1746465872.230084,ps_take_src,84262
1746465872.262524,img_end,3851959568
1746465872.263613,img_start,3851960268
1746465872.268998,FB_FRAMES,125079
1746465872.268998,SYM_FRAMES,124539
1746465872.271773,TX_FRAMES,124539
1746465872.295825,ps_take,84263
1746465872.262974,ps_take_src,84263
1746465872.295367,img_end,3852156176
1746465872.296690,img_start,3852159281
1746465872.301810,SYM_FRAMES,124540
1746465872.301871,FB_FRAMES,125080
1746465872.304579,TX_FRAMES,124540
1746465872.328383,ps_take,84264
1746465872.295996,ps_take_src,84264
1746465872.334849,FB_FRAMES,125081
1746465872.334849,SYM_FRAMES,124541
1746465872.337621,TX_FRAMES,124541
1746465872.361032,img_end,3852549392
1746465872.362747,ps_take,84265
1746465872.328547,ps_take_src,84265
1746465872.363536,img_start,3852552469
1746465872.367491,SYM_FRAMES,124542
1746465872.367551,FB_FRAMES,125082
1746465872.370263,TX_FRAMES,124542
1746465872.395525,ps_take,84266
1746465872.362880,ps_take_src,84266
1746465872.395237,img_end,3852746000
1746465872.396332,img_start,3852747361
1746465872.401742,FB_FRAMES,125083
1746465872.401742,SYM_FRAMES,124543
1746465872.404461,TX_FRAMES,124543
1746465872.428465,ps_take,84267
1746465872.395673,ps_take_src,84267
1746465872.428067,img_end,3852942608
1746465872.429269,img_start,3852942987
1746465872.434524,SYM_FRAMES,124544
1746465872.434590,FB_FRAMES,125084
1746465872.437332,TX_FRAMES,124544
1746465872.460968,ps_take,84268
1746465872.428634,ps_take_src,84268
1746465872.467505,FB_FRAMES,125085
1746465872.467505,SYM_FRAMES,124545
1746465872.470248,TX_FRAMES,124545
1746465872.493668,img_end,3853335824
1746465872.498450,ps_take,84269
1746465872.461091,ps_take_src,84269
1746465872.499239,img_start,3853338929
1746465872.500124,SYM_FRAMES,124546
1746465872.500211,FB_FRAMES,125086
1746465872.502913,TX_FRAMES,124546
1746465872.531278,ps_take,84270
1746465872.498575,ps_take_src,84270
1746465872.530935,img_end,3853532432
1746465872.532079,img_start,3853535537
1746465872.537418,FB_FRAMES,125087
1746465872.537418,SYM_FRAMES,124547
1746465872.540190,TX_FRAMES,124547
1746465872.563928,ps_take,84271
1746465872.531413,ps_take_src,84271
1746465872.570282,FB_FRAMES,125088
1746465872.570282,SYM_FRAMES,124548
1746465872.572987,TX_FRAMES,124548
1746465872.596530,ps_take,84272
1746465872.564047,ps_take_src,84272
1746465872.602916,FB_FRAMES,125089
1746465872.602916,SYM_FRAMES,124549
1746465872.605624,TX_FRAMES,124549
1746465872.629454,ps_take,84273
1746465872.596660,ps_take_src,84273
1746465872.629112,img_end,3854122256
1746465872.630254,img_start,3854124306
1746465872.635569,FB_FRAMES,125090
1746465872.635569,SYM_FRAMES,124550
1746465872.638317,TX_FRAMES,124550
1746465872.662106,ps_take,84274
1746465872.629589,ps_take_src,84274
1746465872.668452,FB_FRAMES,125091
1746465872.668452,SYM_FRAMES,124551
1746465872.671216,TX_FRAMES,124551
1746465872.694736,ps_take,84275
1746465872.662226,ps_take_src,84275
1746465872.701111,FB_FRAMES,125092
1746465872.701111,SYM_FRAMES,124552
1746465872.703859,TX_FRAMES,124552
1746465872.727777,ps_take,84276
1746465872.694859,ps_take_src,84276
1746465872.727263,img_end,3854712080
1746465872.728575,img_start,3854715185
1746465872.733740,SYM_FRAMES,124553
1746465872.733802,FB_FRAMES,125093
1746465872.736539,TX_FRAMES,124553
1746465872.760274,img_end,3854908688
1746465872.762763,ps_take,84277
1746465872.727900,ps_take_src,84277
1746465872.763547,img_start,3854910456
1746465872.766773,FB_FRAMES,125094
1746465872.766773,SYM_FRAMES,124554
1746465872.769495,TX_FRAMES,124554
1746465872.795485,ps_take,84278
1746465872.762897,ps_take_src,84278
1746465872.801760,FB_FRAMES,125095
1746465872.801760,SYM_FRAMES,124555
1746465872.804498,TX_FRAMES,124555
1746465872.828318,ps_take,84279
1746465872.795629,ps_take_src,84279
1746465872.828031,img_end,3855301904
1746465872.829123,img_start,3855304776
1746465872.834471,FB_FRAMES,125096
1746465872.834471,SYM_FRAMES,124556
1746465872.837248,TX_FRAMES,124556
1746465872.861075,ps_take,84280
1746465872.828456,ps_take_src,84280
1746465872.861845,img_start,3855499828
1746465872.867331,FB_FRAMES,125097
1746465872.867331,SYM_FRAMES,124557
1746465872.870072,TX_FRAMES,124557
1746465872.893586,img_end,3855695120
1746465872.897349,ps_take,84281
1746465872.861216,ps_take_src,84281
1746465872.898135,img_start,3855697687
1746465872.900081,FB_FRAMES,125098
1746465872.900081,SYM_FRAMES,124558
1746465872.902809,TX_FRAMES,124558
1746465872.930310,ps_take,84282
1746465872.897485,ps_take_src,84282
1746465872.929855,img_end,3855891728
1746465872.931130,img_start,3855893072
1746465872.936335,FB_FRAMES,125099
1746465872.936335,SYM_FRAMES,124559
1746465872.939126,TX_FRAMES,124559
1746465872.962782,ps_take,84283
1746465872.930505,ps_take_src,84283
1746465872.969335,FB_FRAMES,125100
1746465872.969335,SYM_FRAMES,124560
1746465872.972087,TX_FRAMES,124560
1746465872.995913,ps_take,84284
1746465872.962928,ps_take_src,84284
1746465872.995511,img_end,3856284944
1746465872.996720,img_start,3856285112
1746465873.002005,FB_FRAMES,125101
1746465873.002005,SYM_FRAMES,124561
1746465873.004786,TX_FRAMES,124561
1746465873.028484,img_end,3856481552
1746465873.030685,ps_take,84285
1746465872.996073,ps_take_src,84285
1746465873.031470,img_start,3856481656
1746465873.034925,SYM_FRAMES,124562
1746465873.034987,FB_FRAMES,125102
1746465873.037686,TX_FRAMES,124562
1746465873.063501,ps_take,84286
1746465873.030854,ps_take_src,84286
1746465873.063209,img_end,3856678160
1746465873.064305,img_start,3856681265
1746465873.069710,FB_FRAMES,125103
1746465873.069710,SYM_FRAMES,124563
1746465873.072486,TX_FRAMES,124563
1746465873.096463,ps_take,84287
1746465873.063637,ps_take_src,84287
1746465873.096010,img_end,3856874768
1746465873.097264,img_start,3856876326
1746465873.102502,FB_FRAMES,125104
1746465873.102502,SYM_FRAMES,124564
1746465873.105269,TX_FRAMES,124564
1746465873.128943,ps_take,84288
1746465873.096615,ps_take_src,84288
1746465873.135454,SYM_FRAMES,124565
1746465873.135551,FB_FRAMES,125105
1746465873.138236,TX_FRAMES,124565
1746465873.161648,img_end,3857267984
1746465873.162745,ps_take,84289
1746465873.129101,ps_take_src,84289
1746465873.163531,img_start,3857268141
1746465873.168109,FB_FRAMES,125106
1746465873.168109,SYM_FRAMES,124566
1746465873.170881,TX_FRAMES,124566
1746465873.195334,ps_take,84290
1746465873.162900,ps_take_src,84290
1746465873.201748,FB_FRAMES,125107
1746465873.201748,SYM_FRAMES,124567
1746465873.204499,TX_FRAMES,124567
1746465873.228419,ps_take,84291
1746465873.195496,ps_take_src,84291
1746465873.227962,img_end,3857661200
1746465873.229231,img_start,3857664305
1746465873.234431,FB_FRAMES,125108
1746465873.234431,SYM_FRAMES,124568
1746465873.237119,TX_FRAMES,124568
1746465873.260889,ps_take,84292
1746465873.228546,ps_take_src,84292
1746465873.267403,FB_FRAMES,125109
1746465873.267403,SYM_FRAMES,124569
1746465873.270154,TX_FRAMES,124569
1746465873.293611,img_end,3858054416
1746465873.296605,ps_take,84293
1746465873.261049,ps_take_src,84293
1746465873.297396,img_start,3858055887
1746465873.300092,FB_FRAMES,125110
1746465873.300092,SYM_FRAMES,124570
1746465873.302803,TX_FRAMES,124570
1746465873.329099,ps_take,84294
1746465873.296741,ps_take_src,84294
1746465873.335657,FB_FRAMES,125111
1746465873.335657,SYM_FRAMES,124571
1746465873.338414,TX_FRAMES,124571
1746465873.362134,ps_take,84295
1746465873.329218,ps_take_src,84295
1746465873.361790,img_end,3858447632
1746465873.363001,img_start,3858450737
1746465873.368229,SYM_FRAMES,124572
1746465873.368294,FB_FRAMES,125112
1746465873.371017,TX_FRAMES,124572
1746465873.394677,ps_take,84296
1746465873.362286,ps_take_src,84296
1746465873.401171,FB_FRAMES,125113
1746465873.401171,SYM_FRAMES,124573
1746465873.403891,TX_FRAMES,124573
1746465873.427349,img_end,3858840848
1746465873.430728,ps_take,84297
1746465873.394809,ps_take_src,84297
1746465873.431516,img_start,3858843953
1746465873.433848,FB_FRAMES,125114
1746465873.433848,SYM_FRAMES,124574
1746465873.436583,TX_FRAMES,124574
1746465873.463568,ps_take,84298
1746465873.430861,ps_take_src,84298
1746465873.463226,img_end,3859037456
1746465873.464370,img_start,3859040561
1746465873.469699,FB_FRAMES,125115
1746465873.469699,SYM_FRAMES,124575
1746465873.472455,TX_FRAMES,124575
1746465873.496434,ps_take,84299
1746465873.463700,ps_take_src,84299
1746465873.496092,img_end,3859234064
1746465873.497234,img_start,3859236317
1746465873.502545,SYM_FRAMES,124576
1746465873.502606,FB_FRAMES,125116
1746465873.505360,TX_FRAMES,124576
1746465873.529073,ps_take,84300
1746465873.496568,ps_take_src,84300
1746465873.535423,FB_FRAMES,125117
1746465873.535423,SYM_FRAMES,124577
1746465873.538192,TX_FRAMES,124577
1746465873.561610,img_end,3859627280
1746465873.562781,ps_take,84301
1746465873.529202,ps_take_src,84301
1746465873.563568,img_start,3859629647
1746465873.568066,SYM_FRAMES,124578
1746465873.568128,FB_FRAMES,125118
1746465873.570854,TX_FRAMES,124578
1746465873.595317,ps_take,84302
1746465873.562909,ps_take_src,84302
1746465873.601810,FB_FRAMES,125119
1746465873.601810,SYM_FRAMES,124579
1746465873.604527,TX_FRAMES,124579
1746465873.628328,ps_take,84303
1746465873.595472,ps_take_src,84303
1746465873.627927,img_end,3860020496
1746465873.629083,img_start,3860020803
1746465873.634436,FB_FRAMES,125120
1746465873.634436,SYM_FRAMES,124580
1746465873.637142,TX_FRAMES,124580
1746465873.660920,ps_take,84304
1746465873.628450,ps_take_src,84304
1746465873.667283,SYM_FRAMES,124581
1746465873.667346,FB_FRAMES,125121
1746465873.670037,TX_FRAMES,124581
1746465873.693498,img_end,3860413712
1746465873.696603,ps_take,84305
1746465873.661047,ps_take_src,84305
1746465873.697452,img_start,3860416817
1746465873.699934,SYM_FRAMES,124582
1746465873.699998,FB_FRAMES,125122
1746465873.702668,TX_FRAMES,124582
1746465873.729053,ps_take,84306
1746465873.696772,ps_take_src,84306
1746465873.735660,FB_FRAMES,125123
1746465873.735660,SYM_FRAMES,124583
1746465873.738390,TX_FRAMES,124583
1746465873.762103,ps_take,84307
1746465873.729221,ps_take_src,84307
1746465873.761815,img_end,3860806928
1746465873.762940,img_start,3860810033
1746465873.768301,FB_FRAMES,125124
1746465873.768301,SYM_FRAMES,124584
1746465873.770991,TX_FRAMES,124584
1746465873.794770,ps_take,84308
1746465873.762246,ps_take_src,84308
1746465873.801145,FB_FRAMES,125125
1746465873.801145,SYM_FRAMES,124585
1746465873.803901,TX_FRAMES,124585
1746465873.827320,img_end,3861200144
1746465873.830706,ps_take,84309
1746465873.794930,ps_take_src,84309
1746465873.831487,img_start,3861201625
1746465873.833774,SYM_FRAMES,124586
1746465873.833836,FB_FRAMES,125126
1746465873.836559,TX_FRAMES,124586
1746465873.863552,ps_take,84310
1746465873.830857,ps_take_src,84310
1746465873.863208,img_end,3861396752
1746465873.864351,img_start,3861398984
1746465873.869688,FB_FRAMES,125127
1746465873.869688,SYM_FRAMES,124587
1746465873.872427,TX_FRAMES,124587
1746465873.896384,ps_take,84311
1746465873.863709,ps_take_src,84311
1746465873.896099,img_end,3861593360
1746465873.897247,img_start,3861596465
1746465873.902577,FB_FRAMES,125128
1746465873.902577,SYM_FRAMES,124588
1746465873.905325,TX_FRAMES,124588
1746465873.928883,ps_take,84312
1746465873.896558,ps_take_src,84312
1746465873.935455,FB_FRAMES,125129
1746465873.935455,SYM_FRAMES,124589
1746465873.938159,TX_FRAMES,124589
1746465873.961615,img_end,3861986576
1746465873.962717,ps_take,84313
1746465873.929051,ps_take_src,84313
1746465873.963561,img_start,3861989681
1746465873.968100,FB_FRAMES,125130
1746465873.968100,SYM_FRAMES,124590
1746465873.970827,TX_FRAMES,124590
1746465873.995501,ps_take,84314
1746465873.962872,ps_take_src,84314
1746465873.996309,img_start,3862183732
1746465874.001719,FB_FRAMES,125131
1746465874.001719,SYM_FRAMES,124591
1746465874.004532,TX_FRAMES,124591
1746465874.028257,ps_take,84315
1746465873.995668,ps_take_src,84315
1746465874.034553,FB_FRAMES,125132
1746465874.034553,SYM_FRAMES,124592
1746465874.037245,TX_FRAMES,124592
1746465874.061002,ps_take,84316
1746465874.028411,ps_take_src,84316
1746465874.067267,FB_FRAMES,125133
1746465874.067267,SYM_FRAMES,124593
1746465874.070019,TX_FRAMES,124593
1746465874.093510,img_end,3862773008
1746465874.098721,ps_take,84317
1746465874.061116,ps_take_src,84317
1746465874.099506,img_start,3862774606
1746465874.099977,FB_FRAMES,125134
1746465874.099977,SYM_FRAMES,124594
1746465874.102735,TX_FRAMES,124594
1746465874.131576,ps_take,84318
1746465874.098867,ps_take_src,84318
1746465874.131233,img_end,3862969616
1746465874.132372,img_start,3862972721
1746465874.137691,SYM_FRAMES,124595
1746465874.137752,FB_FRAMES,125135
1746465874.140445,TX_FRAMES,124595
1746465874.164523,ps_take,84319
1746465874.131712,ps_take_src,84319
1746465874.164067,img_end,3863166224
1746465874.165268,img_start,3863167183
1746465874.170565,FB_FRAMES,125136
1746465874.170565,SYM_FRAMES,124596
1746465874.173293,TX_FRAMES,124596
1746465874.196975,ps_take,84320
1746465874.164647,ps_take_src,84320
1746465874.203463,SYM_FRAMES,124597
1746465874.203567,FB_FRAMES,125137
1746465874.206234,TX_FRAMES,124597
1746465874.229665,img_end,3863559440
1746465874.230700,ps_take,84321
1746465874.197134,ps_take_src,84321
1746465874.231527,img_start,3863562545
1746465874.236158,FB_FRAMES,125138
1746465874.236158,SYM_FRAMES,124598
1746465874.238895,TX_FRAMES,124598
1746465874.263313,ps_take,84322
1746465874.230864,ps_take_src,84322
1746465874.269719,FB_FRAMES,125139
1746465874.269719,SYM_FRAMES,124599
1746465874.272445,TX_FRAMES,124599
1746465874.295930,ps_take,84323
1746465874.263469,ps_take_src,84323
1746465874.302349,FB_FRAMES,125140
1746465874.302349,SYM_FRAMES,124600
1746465874.305117,TX_FRAMES,124600
1746465874.328869,ps_take,84324
1746465874.296046,ps_take_src,84324
1746465874.328526,img_end,3864149264
1746465874.329677,img_start,3864152369
1746465874.335020,FB_FRAMES,125141
1746465874.335020,SYM_FRAMES,124601
1746465874.337761,TX_FRAMES,124601
1746465874.361405,img_end,3864345872
1746465874.362710,ps_take,84325
1746465874.328996,ps_take_src,84325
1746465874.363548,img_start,3864348977
1746465874.367867,FB_FRAMES,125142
1746465874.367867,SYM_FRAMES,124602
1746465874.370576,TX_FRAMES,124602
1746465874.395230,ps_take,84326
1746465874.362873,ps_take_src,84326
1746465874.401723,FB_FRAMES,125143
1746465874.401723,SYM_FRAMES,124603
1746465874.404498,TX_FRAMES,124603
1746465874.428271,ps_take,84327
1746465874.395411,ps_take_src,84327
1746465874.427926,img_end,3864739088
1746465874.429083,img_start,3864742193
1746465874.434388,FB_FRAMES,125144
1746465874.434388,SYM_FRAMES,124604
1746465874.437124,TX_FRAMES,124604
1746465874.461055,ps_take,84328
1746465874.428401,ps_take_src,84328
1746465874.461857,img_start,3864935975
1746465874.467246,SYM_FRAMES,124605
1746465874.467309,FB_FRAMES,125145
1746465874.469996,TX_FRAMES,124605
1746465874.493611,img_end,3865132304
1746465874.498614,ps_take,84329
1746465874.461220,ps_take_src,84329
1746465874.499396,img_start,3865135409
1746465874.500103,FB_FRAMES,125146
1746465874.500103,SYM_FRAMES,124606
1746465874.502796,TX_FRAMES,124606
1746465874.531379,ps_take,84330
1746465874.498739,ps_take_src,84330
1746465874.531092,img_end,3865328912
1746465874.532184,img_start,3865332017
1746465874.537579,FB_FRAMES,125147
1746465874.537579,SYM_FRAMES,124607
1746465874.540329,TX_FRAMES,124607
1746465874.564327,ps_take,84331
1746465874.531512,ps_take_src,84331
1746465874.563874,img_end,3865525520
1746465874.565104,img_start,3865527303
1746465874.570369,FB_FRAMES,125148
1746465874.570369,SYM_FRAMES,124608
1746465874.573124,TX_FRAMES,124608
1746465874.597070,ps_take,84332
1746465874.564464,ps_take_src,84332
1746465874.597871,img_start,3865725233
1746465874.603333,FB_FRAMES,125149
1746465874.603333,SYM_FRAMES,124609
1746465874.606079,TX_FRAMES,124609
1746465874.629553,ps_take,84333
1746465874.597214,ps_take_src,84333
1746465874.636055,FB_FRAMES,125150
1746465874.636055,SYM_FRAMES,124610
1746465874.638807,TX_FRAMES,124610
1746465874.662671,ps_take,84334
1746465874.629726,ps_take_src,84334
1746465874.662249,img_end,3866115344
1746465874.663472,img_start,3866117095
1746465874.668706,FB_FRAMES,125151
1746465874.668706,SYM_FRAMES,124611
1746465874.671443,TX_FRAMES,124611
1746465874.695408,ps_take,84335
1746465874.662831,ps_take_src,84335
1746465874.701701,FB_FRAMES,125152
1746465874.701701,SYM_FRAMES,124612
1746465874.704417,TX_FRAMES,124612
1746465874.728318,ps_take,84336
1746465874.695545,ps_take_src,84336
1746465874.727918,img_end,3866508560
1746465874.729123,img_start,3866508887
1746465874.734425,FB_FRAMES,125153
1746465874.734425,SYM_FRAMES,124613
1746465874.737175,TX_FRAMES,124613
1746465874.760879,img_end,3866705168
1746465874.762770,ps_take,84337
1746465874.728482,ps_take_src,84337
1746465874.763557,img_start,3866706173
1746465874.767329,FB_FRAMES,125154
1746465874.767329,SYM_FRAMES,124614
1746465874.770127,TX_FRAMES,124614
1746465874.795361,ps_take,84338
1746465874.762913,ps_take_src,84338
1746465874.801785,FB_FRAMES,125155
1746465874.801785,SYM_FRAMES,124615
1746465874.804506,TX_FRAMES,124615
1746465874.828324,ps_take,84339
1746465874.795512,ps_take_src,84339
1746465874.827980,img_end,3867098384
1746465874.829075,img_start,3867098743
1746465874.834449,FB_FRAMES,125156
1746465874.834449,SYM_FRAMES,124616
1746465874.837172,TX_FRAMES,124616
1746465874.861073,ps_take,84340
1746465874.828444,ps_take_src,84340
1746465874.861879,img_start,3867298097
1746465874.867270,SYM_FRAMES,124617
1746465874.867333,FB_FRAMES,125157
1746465874.870090,TX_FRAMES,124617
1746465874.893582,img_end,3867491600
1746465874.898704,ps_take,84341
1746465874.861193,ps_take_src,84341
1746465874.899492,img_start,3867492170
1746465874.900070,FB_FRAMES,125158
1746465874.900070,SYM_FRAMES,124618
1746465874.902764,TX_FRAMES,124618
1746465874.931442,ps_take,84342
1746465874.898857,ps_take_src,84342
1746465874.932241,img_start,3867691313
1746465874.937771,FB_FRAMES,125159
1746465874.937771,SYM_FRAMES,124619
1746465874.940448,TX_FRAMES,124619
1746465874.964396,ps_take,84343
1746465874.931586,ps_take_src,84343
1746465874.963941,img_end,3867884816
1746465874.965197,img_start,3867887721
1746465874.970452,FB_FRAMES,125160
1746465874.970452,SYM_FRAMES,124620
1746465874.973160,TX_FRAMES,124620
1746465874.996917,ps_take,84344
1746465874.964554,ps_take_src,84344
1746465875.003408,FB_FRAMES,125161
1746465875.003408,SYM_FRAMES,124621
1746465875.006165,TX_FRAMES,124621
1746465875.030508,ps_take,84345
1746465874.997046,ps_take_src,84345
1746465875.029573,img_end,3868278032
1746465875.031300,img_start,3868280396
1746465875.036019,SYM_FRAMES,124622
1746465875.036084,FB_FRAMES,125162
1746465875.038791,TX_FRAMES,124622
1746465875.062970,ps_take,84346
1746465875.030661,ps_take_src,84346
1746465875.069511,FB_FRAMES,125163
1746465875.069511,SYM_FRAMES,124623
1746465875.072217,TX_FRAMES,124623
1746465875.096056,ps_take,84347
1746465875.063123,ps_take_src,84347
1746465875.095713,img_end,3868671248
1746465875.096864,img_start,3868674353
1746465875.102167,FB_FRAMES,125164
1746465875.102167,SYM_FRAMES,124624
1746465875.104883,TX_FRAMES,124624
1746465875.129004,ps_take,84348
1746465875.096188,ps_take_src,84348
1746465875.128544,img_end,3868867856
1746465875.129808,img_start,3868869433
1746465875.135048,FB_FRAMES,125165
1746465875.135048,SYM_FRAMES,124625
1746465875.137839,TX_FRAMES,124625
1746465875.161540,img_end,3869064464
1746465875.162699,ps_take,84349
1746465875.129140,ps_take_src,84349
1746465875.163537,img_start,3869067569
1746465875.167994,SYM_FRAMES,124626
1746465875.168056,FB_FRAMES,125166
1746465875.170734,TX_FRAMES,124626
1746465875.195506,ps_take,84350
1746465875.162871,ps_take_src,84350
1746465875.196311,img_start,3869264177
1746465875.201712,SYM_FRAMES,124627
1746465875.201773,FB_FRAMES,125167
1746465875.204513,TX_FRAMES,124627
1746465875.228325,ps_take,84351
1746465875.195632,ps_take_src,84351
1746465875.228037,img_end,3869457680
1746465875.229130,img_start,3869460785
1746465875.234517,FB_FRAMES,125168
1746465875.234517,SYM_FRAMES,124628
1746465875.237222,TX_FRAMES,124628
1746465875.260925,ps_take,84352
1746465875.228460,ps_take_src,84352
1746465875.267337,FB_FRAMES,125169
1746465875.267337,SYM_FRAMES,124629
1746465875.270071,TX_FRAMES,124629
1746465875.293496,img_end,3869850896
1746465875.298684,ps_take,84353
1746465875.261082,ps_take_src,84353
1746465875.299528,img_start,3869854001
1746465875.299944,SYM_FRAMES,124630
1746465875.300005,FB_FRAMES,125170
1746465875.302689,TX_FRAMES,124630
1746465875.331509,ps_take,84354
1746465875.298856,ps_take_src,84354
1746465875.332250,img_start,3870047962
1746465875.337705,FB_FRAMES,125171
1746465875.337705,SYM_FRAMES,124631
1746465875.340492,TX_FRAMES,124631
1746465875.364383,ps_take,84355
1746465875.331632,ps_take_src,84355
1746465875.363984,img_end,3870244112
1746465875.365181,img_start,3870247217
1746465875.370475,FB_FRAMES,125172
1746465875.370475,SYM_FRAMES,124632
1746465875.373237,TX_FRAMES,124632
1746465875.397046,ps_take,84356
1746465875.364515,ps_take_src,84356
1746465875.403344,FB_FRAMES,125173
1746465875.403344,SYM_FRAMES,124633
1746465875.406084,TX_FRAMES,124633
1746465875.429521,img_end,3870637328
1746465875.430733,ps_take,84357
1746465875.397159,ps_take_src,84357
1746465875.431521,img_start,3870640433
1746465875.435979,SYM_FRAMES,124634
1746465875.436039,FB_FRAMES,125174
1746465875.438764,TX_FRAMES,124634
1746465875.463228,ps_take,84358
1746465875.430861,ps_take_src,84358
1746465875.469711,FB_FRAMES,125175
1746465875.469711,SYM_FRAMES,124635
1746465875.472465,TX_FRAMES,124635
1746465875.495989,ps_take,84359
1746465875.463377,ps_take_src,84359
1746465875.502414,FB_FRAMES,125176
1746465875.502414,SYM_FRAMES,124636
1746465875.505131,TX_FRAMES,124636
1746465875.528894,ps_take,84360
1746465875.496134,ps_take_src,84360
1746465875.528550,img_end,3871227152
1746465875.529697,img_start,3871230257
1746465875.535003,FB_FRAMES,125177
1746465875.535003,SYM_FRAMES,124637
1746465875.537788,TX_FRAMES,124637
1746465875.561392,img_end,3871423760
1746465875.562766,ps_take,84361
1746465875.529025,ps_take_src,84361
1746465875.563609,img_start,3871425502
1746465875.567899,FB_FRAMES,125178
1746465875.567899,SYM_FRAMES,124638
1746465875.570603,TX_FRAMES,124638
1746465875.595379,ps_take,84362
1746465875.562920,ps_take_src,84362
1746465875.601811,FB_FRAMES,125179
1746465875.601811,SYM_FRAMES,124639
1746465875.604586,TX_FRAMES,124639
1746465875.628462,ps_take,84363
1746465875.595537,ps_take_src,84363
1746465875.628008,img_end,3871816976
1746465875.629265,img_start,3871820081
1746465875.634458,FB_FRAMES,125180
1746465875.634458,SYM_FRAMES,124640
1746465875.637186,TX_FRAMES,124640
1746465875.661382,ps_take,84364
1746465875.628611,ps_take_src,84364
1746465875.660983,img_end,3872013584
1746465875.662242,img_start,3872016689
1746465875.667437,SYM_FRAMES,124641
1746465875.667500,FB_FRAMES,125181
1746465875.670225,TX_FRAMES,124641
1746465875.693942,img_end,3872210192
1746465875.698693,ps_take,84365
1746465875.661554,ps_take_src,84365
1746465875.699533,img_start,3872213297
1746465875.700412,FB_FRAMES,125182
1746465875.700412,SYM_FRAMES,124642
1746465875.703164,TX_FRAMES,124642
1746465875.731164,ps_take,84366
1746465875.698857,ps_take_src,84366
1746465875.737725,FB_FRAMES,125183
1746465875.737725,SYM_FRAMES,124643
1746465875.740477,TX_FRAMES,124643
1746465875.764125,ps_take,84367
1746465875.731335,ps_take_src,84367
1746465875.764926,img_start,3872605115
1746465875.770363,FB_FRAMES,125184
1746465875.770363,SYM_FRAMES,124644
1746465875.773159,TX_FRAMES,124644
1746465875.796885,ps_take,84368
1746465875.764291,ps_take_src,84368
1746465875.797679,img_start,3872803121
1746465875.803118,SYM_FRAMES,124645
1746465875.803180,FB_FRAMES,125185
1746465875.805916,TX_FRAMES,124645
1746465875.829400,img_end,3872996624
1746465875.830718,ps_take,84369
1746465875.797028,ps_take_src,84369
1746465875.831500,img_start,3872998219
1746465875.835857,FB_FRAMES,125186
1746465875.835857,SYM_FRAMES,124646
1746465875.838630,TX_FRAMES,124646
1746465875.863219,ps_take,84370
1746465875.830858,ps_take_src,84370
1746465875.869701,FB_FRAMES,125187
1746465875.869701,SYM_FRAMES,124647
1746465875.872449,TX_FRAMES,124647
1746465875.896152,ps_take,84371
1746465875.863342,ps_take_src,84371
1746465875.895867,img_end,3873389840
1746465875.896956,img_start,3873390055
1746465875.902377,FB_FRAMES,125188
1746465875.902377,SYM_FRAMES,124648
1746465875.905104,TX_FRAMES,124648
1746465875.929057,ps_take,84372
1746465875.896318,ps_take_src,84372
1746465875.928712,img_end,3873586448
1746465875.929899,img_start,3873589553
1746465875.935204,FB_FRAMES,125189
1746465875.935204,SYM_FRAMES,124649
1746465875.937945,TX_FRAMES,124649
1746465875.961602,img_end,3873783056
1746465875.962733,ps_take,84373
1746465875.929214,ps_take_src,84373
1746465875.963519,img_start,3873785195
1746465875.968094,FB_FRAMES,125190
1746465875.968094,SYM_FRAMES,124650
1746465875.970818,TX_FRAMES,124650
1746465875.995328,ps_take,84374
1746465875.962870,ps_take_src,84374
1746465876.001713,FB_FRAMES,125191
1746465876.001713,SYM_FRAMES,124651
1746465876.004493,TX_FRAMES,124651
1746465876.027877,ps_take,84375
1746465875.995462,ps_take_src,84375
1746465876.034444,FB_FRAMES,125192
1746465876.034444,SYM_FRAMES,124652
1746465876.037159,TX_FRAMES,124652
1746465876.061013,ps_take,84376
1746465876.028023,ps_take_src,84376
1746465876.060558,img_end,3874372880
1746465876.061815,img_start,3874375985
1746465876.067049,FB_FRAMES,125193
1746465876.067049,SYM_FRAMES,124653
1746465876.069792,TX_FRAMES,124653
1746465876.093517,img_end,3874569488
1746465876.098722,ps_take,84377
1746465876.061145,ps_take_src,84377
1746465876.099508,img_start,3874572035
1746465876.099981,FB_FRAMES,125194
1746465876.099981,SYM_FRAMES,124654
1746465876.102726,TX_FRAMES,124654
1746465876.131478,ps_take,84378
1746465876.098861,ps_take_src,84378
1746465876.132274,img_start,3874769201
1746465876.137733,FB_FRAMES,125195
1746465876.137733,SYM_FRAMES,124655
1746465876.140471,TX_FRAMES,124655
1746465876.164217,ps_take,84379
1746465876.131608,ps_take_src,84379
1746465876.165018,img_start,3874965809
1746465876.170472,FB_FRAMES,125196
1746465876.170472,SYM_FRAMES,124656
1746465876.173226,TX_FRAMES,124656
1746465876.197007,ps_take,84380
1746465876.164346,ps_take_src,84380
1746465876.196721,img_end,3875159312
1746465876.197807,img_start,3875161239
1746465876.203225,FB_FRAMES,125197
1746465876.203225,SYM_FRAMES,124657
1746465876.205923,TX_FRAMES,124657
1746465876.229546,img_end,3875355920
1746465876.230697,ps_take,84381
1746465876.197163,ps_take_src,84381
1746465876.231511,img_start,3875357972
1746465876.236038,FB_FRAMES,125198
1746465876.236038,SYM_FRAMES,124658
1746465876.238743,TX_FRAMES,124658
1746465876.263635,ps_take,84382
1746465876.230863,ps_take_src,84382
1746465876.263233,img_end,3875552528
1746465876.264413,img_start,3875555633
1746465876.269712,FB_FRAMES,125199
1746465876.269712,SYM_FRAMES,124659
1746465876.272467,TX_FRAMES,124659
1746465876.296350,ps_take,84383
1746465876.263760,ps_take_src,84383
1746465876.296120,img_end,3875749136
1746465876.297207,img_start,3875752241
1746465876.302595,FB_FRAMES,125200
1746465876.302595,SYM_FRAMES,124660
1746465876.305322,TX_FRAMES,124660
1746465876.329073,ps_take,84384
1746465876.296518,ps_take_src,84384
1746465876.335388,FB_FRAMES,125201
1746465876.335388,SYM_FRAMES,124661
1746465876.338135,TX_FRAMES,124661
1746465876.361584,img_end,3876142352
1746465876.362739,ps_take,84385
1746465876.329196,ps_take_src,84385
1746465876.363530,img_start,3876143901
1746465876.368059,FB_FRAMES,125202
1746465876.368059,SYM_FRAMES,124662
1746465876.370791,TX_FRAMES,124662
1746465876.395187,ps_take,84386
1746465876.362878,ps_take_src,84386
1746465876.395301,img_end,3876338960
1746465876.397567,img_start,3876341102
1746465876.401745,FB_FRAMES,125203
1746465876.401745,SYM_FRAMES,124663
1746465876.404474,TX_FRAMES,124663
1746465876.429292,ps_take,84387
1746465876.396930,ps_take_src,84387
1746465876.435759,FB_FRAMES,125204
1746465876.435759,SYM_FRAMES,124664
1746465876.438570,TX_FRAMES,124664
1746465876.462245,ps_take,84388
1746465876.429431,ps_take_src,84388
1746465876.461959,img_end,3876732176
1746465876.463076,img_start,3876735281
1746465876.468435,FB_FRAMES,125205
1746465876.468435,SYM_FRAMES,124665
1746465876.471182,TX_FRAMES,124665
1746465876.494765,ps_take,84389
1746465876.462381,ps_take_src,84389
1746465876.501257,FB_FRAMES,125206
1746465876.501257,SYM_FRAMES,124666
1746465876.503985,TX_FRAMES,124666
1746465876.527895,ps_take,84390
1746465876.494941,ps_take_src,84390
1746465876.527439,img_end,3877125392
1746465876.528699,img_start,3877127609
1746465876.533942,FB_FRAMES,125207
1746465876.533942,SYM_FRAMES,124667
1746465876.536669,TX_FRAMES,124667
1746465876.560446,ps_take,84391
1746465876.528041,ps_take_src,84391
1746465876.566886,SYM_FRAMES,124668
1746465876.566950,FB_FRAMES,125208
1746465876.569658,TX_FRAMES,124668
1746465876.593205,ps_take,84392
1746465876.560589,ps_take_src,84392
1746465876.599538,FB_FRAMES,125209
1746465876.599538,SYM_FRAMES,124669
1746465876.602280,TX_FRAMES,124669
1746465876.626066,ps_take,84393
1746465876.593338,ps_take_src,84393
1746465876.625723,img_end,3877715216
1746465876.626880,img_start,3877718321
1746465876.632209,FB_FRAMES,125210
1746465876.632209,SYM_FRAMES,124670
1746465876.634937,TX_FRAMES,124670
1746465876.658416,ps_take,84394
1746465876.626172,ps_take_src,84394
1746465876.658578,img_end,3877911824
1746465876.665053,FB_FRAMES,125211
1746465876.665053,SYM_FRAMES,124671
1746465876.667773,TX_FRAMES,124671
1746465876.669683,img_start,3877913929
1746465876.701774,ps_take,84395
1746465876.669029,ps_take_src,84395
1746465876.701431,img_end,3878108432
1746465876.702538,img_start,3878108824
1746465876.707893,FB_FRAMES,125212
1746465876.707893,SYM_FRAMES,124672
1746465876.710608,TX_FRAMES,124672
1746465876.734408,ps_take,84396
1746465876.701897,ps_take_src,84396
1746465876.740742,SYM_FRAMES,124673
1746465876.740803,FB_FRAMES,125213
1746465876.743541,TX_FRAMES,124673
1746465876.767413,ps_take,84397
1746465876.734578,ps_take_src,84397
1746465876.766961,img_end,3878501648
1746465876.768213,img_start,3878504753
1746465876.773394,SYM_FRAMES,124674
1746465876.773455,FB_FRAMES,125214
1746465876.776148,TX_FRAMES,124674
1746465876.800063,ps_take,84398
1746465876.767540,ps_take_src,84398
1746465876.806383,FB_FRAMES,125215
1746465876.806383,SYM_FRAMES,124675
1746465876.809138,TX_FRAMES,124675
1746465876.832959,ps_take,84399
1746465876.800235,ps_take_src,84399
1746465876.832615,img_end,3878894864
1746465876.833703,img_start,3878896015
1746465876.839071,FB_FRAMES,125216
1746465876.839071,SYM_FRAMES,124676
1746465876.841792,TX_FRAMES,124676
1746465876.865505,ps_take,84400
1746465876.833075,ps_take_src,84400
1746465876.871896,SYM_FRAMES,124677
1746465876.871959,FB_FRAMES,125217
1746465876.874688,TX_FRAMES,124677
1746465876.898204,ps_take,84401
1746465876.865663,ps_take_src,84401
1746465876.904560,FB_FRAMES,125218
1746465876.904560,SYM_FRAMES,124678
1746465876.907328,TX_FRAMES,124678
1746465876.930776,ps_take,84402
1746465876.898337,ps_take_src,84402
1746465876.937206,FB_FRAMES,125219
1746465876.937206,SYM_FRAMES,124679
1746465876.940013,TX_FRAMES,124679
1746465876.963566,ps_take,84403
1746465876.930937,ps_take_src,84403
1746465876.969857,FB_FRAMES,125220
1746465876.969857,SYM_FRAMES,124680
1746465876.972591,TX_FRAMES,124680
1746465876.996367,ps_take,84404
1746465876.963698,ps_take_src,84404
1746465876.996074,img_end,3879877904
1746465876.997171,img_start,3879878050
1746465877.002568,FB_FRAMES,125221
1746465877.002568,SYM_FRAMES,124681
1746465877.005343,TX_FRAMES,124681
1746465877.028939,img_end,3880074512
1746465877.030700,ps_take,84405
1746465876.996538,ps_take_src,84405
1746465877.031542,img_start,3880077617
1746465877.035385,FB_FRAMES,125222
1746465877.035385,SYM_FRAMES,124682
1746465877.038148,TX_FRAMES,124682
1746465877.063447,ps_take,84406
1746465877.030871,ps_take_src,84406
1746465877.069715,FB_FRAMES,125223
1746465877.069715,SYM_FRAMES,124683
1746465877.072437,TX_FRAMES,124683
1746465877.096303,ps_take,84407
1746465877.063581,ps_take_src,84407
1746465877.095958,img_end,3880467728
1746465877.097108,img_start,3880470618
1746465877.102462,FB_FRAMES,125224
1746465877.102462,SYM_FRAMES,124684
1746465877.105167,TX_FRAMES,124684
1746465877.129043,ps_take,84408
1746465877.096441,ps_take_src,84408
1746465877.129846,img_start,3880665144
1746465877.135303,FB_FRAMES,125225
1746465877.135303,SYM_FRAMES,124685
1746465877.138017,TX_FRAMES,124685
1746465877.161582,img_end,3880860944
1746465877.162739,ps_take,84409
1746465877.129193,ps_take_src,84409
1746465877.163526,img_start,3880862473
1746465877.168062,FB_FRAMES,125226
1746465877.168062,SYM_FRAMES,124686
1746465877.170786,TX_FRAMES,124686
1746465877.195735,ps_take,84410
1746465877.162883,ps_take_src,84410
1746465877.195282,img_end,3881057552
1746465877.196539,img_start,3881059806
1746465877.201760,FB_FRAMES,125227
1746465877.201760,SYM_FRAMES,124687
1746465877.204461,TX_FRAMES,124687
1746465877.228460,ps_take,84411
1746465877.195877,ps_take_src,84411
1746465877.234730,FB_FRAMES,125228
1746465877.234730,SYM_FRAMES,124688
1746465877.237508,TX_FRAMES,124688
1746465877.261074,ps_take,84412
1746465877.228623,ps_take_src,84412
1746465877.267481,FB_FRAMES,125229
1746465877.267481,SYM_FRAMES,124689
1746465877.270247,TX_FRAMES,124689
1746465877.293651,img_end,3881647376
1746465877.297469,ps_take,84413
1746465877.261243,ps_take_src,84413
1746465877.298315,img_start,3881650481
1746465877.300160,FB_FRAMES,125230
1746465877.300160,SYM_FRAMES,124690
1746465877.302868,TX_FRAMES,124690
1746465877.330146,ps_take,84414
1746465877.297640,ps_take_src,84414
1746465877.336478,SYM_FRAMES,124691
1746465877.336540,FB_FRAMES,125231
1746465877.339279,TX_FRAMES,124691
1746465877.362993,ps_take,84415
1746465877.330269,ps_take_src,84415
1746465877.362705,img_end,3882040592
1746465877.363799,img_start,3882043697
1746465877.369147,FB_FRAMES,125232
1746465877.369147,SYM_FRAMES,124692
1746465877.371912,TX_FRAMES,124692
1746465877.395933,ps_take,84416
1746465877.363118,ps_take_src,84416
1746465877.395534,img_end,3882237200
1746465877.396740,img_start,3882237427
1746465877.401970,SYM_FRAMES,124693
1746465877.402032,FB_FRAMES,125233
1746465877.404739,TX_FRAMES,124693
1746465877.428483,img_end,3882433808
1746465877.429953,ps_take,84417
1746465877.396104,ps_take_src,84417
1746465877.430765,img_start,3882434398
1746465877.434954,FB_FRAMES,125234
1746465877.434954,SYM_FRAMES,124694
1746465877.437710,TX_FRAMES,124694
1746465877.462761,ps_take,84418
1746465877.430098,ps_take_src,84418
1746465877.463564,img_start,3882633140
1746465877.468985,FB_FRAMES,125235
1746465877.468985,SYM_FRAMES,124695
1746465877.471709,TX_FRAMES,124695
1746465877.495278,ps_take,84419
1746465877.462900,ps_take_src,84419
1746465877.501776,FB_FRAMES,125236
1746465877.501776,SYM_FRAMES,124696
1746465877.504487,TX_FRAMES,124696
1746465877.528294,ps_take,84420
1746465877.495443,ps_take_src,84420
1746465877.527950,img_end,3883023632
1746465877.529160,img_start,3883026737
1746465877.534383,FB_FRAMES,125237
1746465877.534383,SYM_FRAMES,124697
1746465877.537153,TX_FRAMES,124697
1746465877.560867,img_end,3883220240
1746465877.562750,ps_take,84421
1746465877.528471,ps_take_src,84421
1746465877.563593,img_start,3883223345
1746465877.567318,SYM_FRAMES,124698
1746465877.567382,FB_FRAMES,125238
1746465877.570106,TX_FRAMES,124698
1746465877.595439,ps_take,84422
1746465877.562908,ps_take_src,84422
1746465877.601784,FB_FRAMES,125239
1746465877.601784,SYM_FRAMES,124699
1746465877.604486,TX_FRAMES,124699
1746465877.628375,ps_take,84423
1746465877.595595,ps_take_src,84423
1746465877.627975,img_end,3883613456
1746465877.629183,img_start,3883616279
1746465877.634470,FB_FRAMES,125240
1746465877.634470,SYM_FRAMES,124700
1746465877.637169,TX_FRAMES,124700
1746465877.660872,ps_take,84424
1746465877.628515,ps_take_src,84424
1746465877.667404,FB_FRAMES,125241
1746465877.667404,SYM_FRAMES,124701
1746465877.670165,TX_FRAMES,124701
1746465877.693541,img_end,3884006672
1746465877.696130,ps_take,84425
1746465877.661047,ps_take_src,84425
1746465877.696974,img_start,3884009777
1746465877.700031,FB_FRAMES,125242
1746465877.700031,SYM_FRAMES,124702
1746465877.702749,TX_FRAMES,124702
1746465877.728899,ps_take,84426
1746465877.696286,ps_take_src,84426
1746465877.729703,img_start,3884206385
1746465877.735169,FB_FRAMES,125243
1746465877.735169,SYM_FRAMES,124703
1746465877.737944,TX_FRAMES,124703
1746465877.761666,ps_take,84427
1746465877.729027,ps_take_src,84427
1746465877.761435,img_end,3884399888
1746465877.762507,img_start,3884402993
1746465877.767869,FB_FRAMES,125244
1746465877.767869,SYM_FRAMES,124704
1746465877.770609,TX_FRAMES,124704
1746465877.794666,ps_take,84428
1746465877.761812,ps_take_src,84428
1746465877.794241,img_end,3884596496
1746465877.795473,img_start,3884596847
1746465877.800716,FB_FRAMES,125245
1746465877.800716,SYM_FRAMES,124705
1746465877.803474,TX_FRAMES,124705
1746465877.827678,ps_take,84429
1746465877.794826,ps_take_src,84429
1746465877.827219,img_end,3884793104
1746465877.828425,img_start,3884793783
1746465877.833719,FB_FRAMES,125246
1746465877.833719,SYM_FRAMES,124706
1746465877.836437,TX_FRAMES,124706
1746465877.860494,ps_take,84430
1746465877.827804,ps_take_src,84430
1746465877.860202,img_end,3884989712
1746465877.861293,img_start,3884992811
1746465877.866662,FB_FRAMES,125247
1746465877.866662,SYM_FRAMES,124707
1746465877.869402,TX_FRAMES,124707
1746465877.893222,ps_take,84431
1746465877.860648,ps_take_src,84431
1746465877.899503,FB_FRAMES,125248
1746465877.899503,SYM_FRAMES,124708
1746465877.902231,TX_FRAMES,124708
1746465877.926071,ps_take,84432
1746465877.893331,ps_take_src,84432
1746465877.925727,img_end,3885382928
1746465877.926951,img_start,3885386033
1746465877.932173,SYM_FRAMES,124709
1746465877.932240,FB_FRAMES,125249
1746465877.935000,TX_FRAMES,124709
1746465877.958681,ps_take,84433
1746465877.926203,ps_take_src,84433
1746465877.958681,img_end,3885579536
1746465877.964754,img_start,3885582641
1746465877.965146,FB_FRAMES,125250
1746465877.965146,SYM_FRAMES,124710
1746465877.967853,TX_FRAMES,124710
1746465877.996711,ps_take,84434
1746465877.964024,ps_take_src,84434
1746465877.997516,img_start,3885778925
1746465878.002948,FB_FRAMES,125251
1746465878.002948,SYM_FRAMES,124711
1746465878.005728,TX_FRAMES,124711
1746465878.029625,ps_take,84435
1746465877.996862,ps_take_src,84435
1746465878.029227,img_end,3885972752
1746465878.034785,img_start,3885974038
1746465878.035716,FB_FRAMES,125252
1746465878.035716,SYM_FRAMES,124712
1746465878.038460,TX_FRAMES,124712
1746465878.066593,ps_take,84436
1746465878.029783,ps_take_src,84436
1746465878.072996,FB_FRAMES,125253
1746465878.072996,SYM_FRAMES,124713
1746465878.075778,TX_FRAMES,124713
1746465878.099484,ps_take,84437
1746465878.066763,ps_take_src,84437
1746465878.100225,img_start,3886366533
1746465878.105636,FB_FRAMES,125254
1746465878.105636,SYM_FRAMES,124714
1746465878.108422,TX_FRAMES,124714
1746465878.131967,ps_take,84438
1746465878.099603,ps_take_src,84438
1746465878.138473,FB_FRAMES,125255
1746465878.138473,SYM_FRAMES,124715
1746465878.141171,TX_FRAMES,124715
1746465878.164898,ps_take,84439
1746465878.132084,ps_take_src,84439
1746465878.164613,img_end,3886759184
1746465878.165702,img_start,3886762289
1746465878.171104,FB_FRAMES,125256
1746465878.171104,SYM_FRAMES,124716
1746465878.173849,TX_FRAMES,124716
1746465878.197627,ps_take,84440
1746465878.165024,ps_take_src,84440
1746465878.198452,img_start,3886957957
1746465878.203857,FB_FRAMES,125257
1746465878.203857,SYM_FRAMES,124717
1746465878.206603,TX_FRAMES,124717
1746465878.230728,ps_take,84441
1746465878.197776,ps_take_src,84441
1746465878.230194,img_end,3887152400
1746465878.231525,img_start,3887155505
1746465878.236648,FB_FRAMES,125258
1746465878.236648,SYM_FRAMES,124718
1746465878.239455,TX_FRAMES,124718
1746465878.263408,ps_take,84442
1746465878.230866,ps_take_src,84442
1746465878.269707,FB_FRAMES,125259
1746465878.269707,SYM_FRAMES,124719
1746465878.272455,TX_FRAMES,124719
1746465878.296451,ps_take,84443
1746465878.263546,ps_take_src,84443
1746465878.295938,img_end,3887545616
1746465878.297256,img_start,3887548721
1746465878.302382,FB_FRAMES,125260
1746465878.302382,SYM_FRAMES,124720
1746465878.305127,TX_FRAMES,124720
1746465878.328920,ps_take,84444
1746465878.296584,ps_take_src,84444
1746465878.335459,FB_FRAMES,125261
1746465878.335459,SYM_FRAMES,124721
1746465878.338203,TX_FRAMES,124721
1746465878.361611,img_end,3887938832
1746465878.362713,ps_take,84445
1746465878.329047,ps_take_src,84445
1746465878.363553,img_start,3887941937
1746465878.368096,FB_FRAMES,125262
1746465878.368096,SYM_FRAMES,124722
1746465878.370813,TX_FRAMES,124722
1746465878.395478,ps_take,84446
1746465878.362882,ps_take_src,84446
1746465878.396284,img_start,3888138545
1746465878.401745,FB_FRAMES,125263
1746465878.401745,SYM_FRAMES,124723
1746465878.404491,TX_FRAMES,124723
1746465878.427906,ps_take,84447
1746465878.395603,ps_take_src,84447
1746465878.434506,FB_FRAMES,125264
1746465878.434506,SYM_FRAMES,124724
1746465878.437236,TX_FRAMES,124724
1746465878.461032,ps_take,84448
1746465878.428064,ps_take_src,84448
1746465878.460623,img_end,3888528656
1746465878.461842,img_start,3888531761
1746465878.467094,SYM_FRAMES,124725
1746465878.467160,FB_FRAMES,125265
1746465878.469891,TX_FRAMES,124725
1746465878.493546,img_end,3888725264
1746465878.496200,ps_take,84449
1746465878.461164,ps_take_src,84449
1746465878.497046,img_start,3888728361
1746465878.500021,FB_FRAMES,125266
1746465878.500021,SYM_FRAMES,124726
1746465878.502750,TX_FRAMES,124726
1746465878.528878,ps_take,84450
1746465878.496376,ps_take_src,84450
1746465878.535253,FB_FRAMES,125267
1746465878.535253,SYM_FRAMES,124727
1746465878.537972,TX_FRAMES,124727
1746465878.561485,ps_take,84451
1746465878.529022,ps_take_src,84451
1746465878.567871,SYM_FRAMES,124728
1746465878.567934,FB_FRAMES,125268
1746465878.570638,TX_FRAMES,124728
1746465878.594008,ps_take,84452
1746465878.561629,ps_take_src,84452
1746465878.594118,img_end,3889315088
1746465878.598264,img_start,3889316291
1746465878.600561,FB_FRAMES,125269
1746465878.600561,SYM_FRAMES,124729
1746465878.603325,TX_FRAMES,124729
1746465878.630519,ps_take,84453
1746465878.594159,ps_take_src,84453
1746465878.630015,img_end,3889511696
1746465878.631315,img_start,3889514801
1746465878.636462,FB_FRAMES,125270
1746465878.636462,SYM_FRAMES,124730
1746465878.639215,TX_FRAMES,124730
1746465878.663401,ps_take,84454
1746465878.630656,ps_take_src,84454
1746465878.663057,img_end,3889708304
1746465878.664234,img_start,3889711409
1746465878.669518,FB_FRAMES,125271
1746465878.669518,SYM_FRAMES,124731
1746465878.672276,TX_FRAMES,124731
1746465878.695894,ps_take,84455
1746465878.663557,ps_take_src,84455
1746465878.702423,FB_FRAMES,125272
1746465878.702423,SYM_FRAMES,124732
1746465878.705124,TX_FRAMES,124732
1746465878.728710,ps_take,84456
1746465878.696026,ps_take_src,84456
1746465878.735050,FB_FRAMES,125273
1746465878.735050,SYM_FRAMES,124733
1746465878.737821,TX_FRAMES,124733
1746465878.761241,img_end,3890298128
1746465878.762730,ps_take,84457
1746465878.728864,ps_take_src,84457
1746465878.763517,img_start,3890298610
1746465878.767749,FB_FRAMES,125274
1746465878.767749,SYM_FRAMES,124734
1746465878.770483,TX_FRAMES,124734
1746465878.795233,ps_take,84458
1746465878.762882,ps_take_src,84458
1746465878.801787,FB_FRAMES,125275
1746465878.801787,SYM_FRAMES,124735
1746465878.804520,TX_FRAMES,124735
1746465878.828379,ps_take,84459
1746465878.795352,ps_take_src,84459
1746465878.827925,img_end,3890691344
1746465878.829219,img_start,3890694449
1746465878.834391,FB_FRAMES,125276
1746465878.834391,SYM_FRAMES,124736
1746465878.837156,TX_FRAMES,124736
1746465878.861095,ps_take,84460
1746465878.828516,ps_take_src,84460
1746465878.867407,FB_FRAMES,125277
1746465878.867407,SYM_FRAMES,124737
1746465878.870120,TX_FRAMES,124737
1746465878.893597,img_end,3891084560
1746465878.896417,ps_take,84461
1746465878.861238,ps_take_src,84461
1746465878.897207,img_start,3891087068
1746465878.900064,FB_FRAMES,125278
1746465878.900064,SYM_FRAMES,124738
1746465878.902887,TX_FRAMES,124738
1746465878.929070,ps_take,84462
1746465878.896545,ps_take_src,84462
1746465878.935418,FB_FRAMES,125279
1746465878.935418,SYM_FRAMES,124739
1746465878.938126,TX_FRAMES,124739
1746465878.962071,ps_take,84463
1746465878.929192,ps_take_src,84463
1746465878.961612,img_end,3891477776
1746465878.962910,img_start,3891480881
1746465878.968086,FB_FRAMES,125280
1746465878.968086,SYM_FRAMES,124740
1746465878.970849,TX_FRAMES,124740
1746465878.994877,ps_take,84464
1746465878.962201,ps_take_src,84464
1746465878.995678,img_start,3891677430
1746465879.001090,FB_FRAMES,125281
1746465879.001090,SYM_FRAMES,124741
1746465879.003840,TX_FRAMES,124741
1746465879.027416,img_end,3891870992
1746465879.029930,ps_take,84465
1746465878.995014,ps_take_src,84465
1746465879.030748,img_start,3891872728
1746465879.033886,FB_FRAMES,125282
1746465879.033886,SYM_FRAMES,124742
1746465879.036658,TX_FRAMES,124742
1746465879.062792,ps_take,84466
1746465879.030069,ps_take_src,84466
1746465879.062505,img_end,3892067600
1746465879.063598,img_start,3892070705
1746465879.068976,FB_FRAMES,125283
1746465879.068976,SYM_FRAMES,124743
1746465879.071707,TX_FRAMES,124743
1746465879.095573,ps_take,84467
1746465879.062926,ps_take_src,84467
1746465879.095286,img_end,3892264208
1746465879.096436,img_start,3892267313
1746465879.101783,FB_FRAMES,125284
1746465879.101783,SYM_FRAMES,124744
1746465879.104511,TX_FRAMES,124744
1746465879.128120,ps_take,84468
1746465879.095744,ps_take_src,84468
1746465879.134619,FB_FRAMES,125285
1746465879.134619,SYM_FRAMES,124745
1746465879.137341,TX_FRAMES,124745
1746465879.160779,img_end,3892657424
1746465879.162714,ps_take,84469
1746465879.128270,ps_take_src,84469
1746465879.163550,img_start,3892660529
1746465879.167266,FB_FRAMES,125286
1746465879.167266,SYM_FRAMES,124746
1746465879.170025,TX_FRAMES,124746
1746465879.195567,ps_take,84470
1746465879.162884,ps_take_src,84470
1746465879.195281,img_end,3892854032
1746465879.196369,img_start,3892854806
1746465879.201711,SYM_FRAMES,124747
1746465879.201772,FB_FRAMES,125287
1746465879.204520,TX_FRAMES,124747
1746465879.228308,ps_take,84471
1746465879.195735,ps_take_src,84471
1746465879.234585,FB_FRAMES,125288
1746465879.234585,SYM_FRAMES,124748
1746465879.237302,TX_FRAMES,124748
1746465879.261071,ps_take,84472
1746465879.228440,ps_take_src,84472
1746465879.261865,img_start,3893250353
1746465879.267298,FB_FRAMES,125289
1746465879.267298,SYM_FRAMES,124749
1746465879.270076,TX_FRAMES,124749
1746465879.293561,img_end,3893443856
1746465879.297700,ps_take,84473
1746465879.261197,ps_take_src,84473
1746465879.298511,img_start,3893443962
1746465879.300032,FB_FRAMES,125290
1746465879.300032,SYM_FRAMES,124750
1746465879.302771,TX_FRAMES,124750
1746465879.330204,ps_take,84474
1746465879.297859,ps_take_src,84474
1746465879.336720,FB_FRAMES,125291
1746465879.336720,SYM_FRAMES,124751
1746465879.339532,TX_FRAMES,124751
1746465879.363381,ps_take,84475
1746465879.330366,ps_take_src,84475
1746465879.362926,img_end,3893837072
1746465879.364212,img_start,3893840177
1746465879.369360,SYM_FRAMES,124752
1746465879.369421,FB_FRAMES,125292
1746465879.372144,TX_FRAMES,124752
1746465879.395862,ps_take,84476
1746465879.363549,ps_take_src,84476
1746465879.402407,FB_FRAMES,125293
1746465879.402407,SYM_FRAMES,124753
1746465879.405164,TX_FRAMES,124753
1746465879.428584,img_end,3894230288
1746465879.432104,ps_take,84477
1746465879.396016,ps_take_src,84477
1746465879.432889,img_start,3894231307
1746465879.435068,FB_FRAMES,125294
1746465879.435068,SYM_FRAMES,124754
1746465879.437771,TX_FRAMES,124754
1746465879.465045,ps_take,84478
1746465879.432263,ps_take_src,84478
1746465879.464647,img_end,3894426896
1746465879.465790,img_start,3894427832
1746465879.471081,SYM_FRAMES,124755
1746465879.471145,FB_FRAMES,125295
1746465879.473818,TX_FRAMES,124755
1746465879.497583,ps_take,84479
1746465879.465164,ps_take_src,84479
1746465879.503989,SYM_FRAMES,124756
1746465879.504052,FB_FRAMES,125296
1746465879.506764,TX_FRAMES,124756
1746465879.530313,ps_take,84480
1746465879.497743,ps_take_src,84480
1746465879.530196,img_end,3894820112
1746465879.534912,img_start,3894823217
1746465879.536654,FB_FRAMES,125297
1746465879.536654,SYM_FRAMES,124757
1746465879.539444,TX_FRAMES,124757
1746465879.566838,ps_take,84481
1746465879.530522,ps_take_src,84481
1746465879.567637,img_start,3895019825
1746465879.573083,SYM_FRAMES,124758
1746465879.573143,FB_FRAMES,125298
1746465879.575885,TX_FRAMES,124758
1746465879.599402,ps_take,84482
1746465879.566968,ps_take_src,84482
1746465879.605817,FB_FRAMES,125299
1746465879.605817,SYM_FRAMES,124759
1746465879.608592,TX_FRAMES,124759
1746465879.632040,ps_take,84483
1746465879.599570,ps_take_src,84483
1746465879.638462,FB_FRAMES,125300
1746465879.638462,SYM_FRAMES,124760
1746465879.641255,TX_FRAMES,124760
1746465879.664768,ps_take,84484
1746465879.632165,ps_take_src,84484
1746465879.671111,FB_FRAMES,125301
1746465879.671111,SYM_FRAMES,124761
1746465879.673891,TX_FRAMES,124761
1746465879.697715,ps_take,84485
1746465879.664931,ps_take_src,84485
1746465879.697313,img_end,3895803152
1746465879.698542,img_start,3895806257
1746465879.703753,SYM_FRAMES,124762
1746465879.703814,FB_FRAMES,125302
1746465879.706493,TX_FRAMES,124762
1746465879.730222,ps_take,84486
1746465879.697843,ps_take_src,84486
1746465879.736713,SYM_FRAMES,124763
1746465879.736775,FB_FRAMES,125303
1746465879.739491,TX_FRAMES,124763
1746465879.762958,ps_take,84487
1746465879.730368,ps_take_src,84487
1746465879.769386,FB_FRAMES,125304
1746465879.769386,SYM_FRAMES,124764
1746465879.772151,TX_FRAMES,124764
1746465879.795883,ps_take,84488
1746465879.763110,ps_take_src,84488
1746465879.795539,img_end,3896392976
1746465879.796683,img_start,3896395147
1746465879.802030,FB_FRAMES,125305
1746465879.802030,SYM_FRAMES,124765
1746465879.804751,TX_FRAMES,124765
1746465879.828389,img_end,3896589584
1746465879.829966,ps_take,84489
1746465879.796025,ps_take_src,84489
1746465879.830781,img_start,3896592185
1746465879.834913,FB_FRAMES,125306
1746465879.834913,SYM_FRAMES,124766
1746465879.837658,TX_FRAMES,124766
1746465879.862720,ps_take,84490
1746465879.830101,ps_take_src,84490
1746465879.863524,img_start,3896789297
1746465879.868982,FB_FRAMES,125307
1746465879.868982,SYM_FRAMES,124767
1746465879.871758,TX_FRAMES,124767
1746465879.895324,ps_take,84491
1746465879.862842,ps_take_src,84491
1746465879.901708,FB_FRAMES,125308
1746465879.901708,SYM_FRAMES,124768
1746465879.904471,TX_FRAMES,124768
1746465879.928300,ps_take,84492
1746465879.895472,ps_take_src,84492
1746465879.927898,img_end,3897179408
1746465879.929104,img_start,3897180720
1746465879.934376,FB_FRAMES,125309
1746465879.934376,SYM_FRAMES,124769
1746465879.937096,TX_FRAMES,124769
1746465879.960839,img_end,3897376016
1746465879.962745,ps_take,84493
1746465879.928453,ps_take_src,84493
1746465879.963590,img_start,3897379121
1746465879.967309,FB_FRAMES,125310
1746465879.967309,SYM_FRAMES,124770
1746465879.970061,TX_FRAMES,124770
1746465879.995573,ps_take,84494
1746465879.962910,ps_take_src,84494
1746465879.995284,img_end,3897572624
1746465879.996371,img_start,3897574489
1746465880.001786,FB_FRAMES,125311
1746465880.001786,SYM_FRAMES,124771
1746465880.004489,TX_FRAMES,124771
1746465880.028237,ps_take,84495
1746465879.995718,ps_take_src,84495
1746465880.034592,FB_FRAMES,125312
1746465880.034592,SYM_FRAMES,124772
1746465880.037295,TX_FRAMES,124772
1746465880.061104,ps_take,84496
1746465880.028412,ps_take_src,84496
1746465880.060813,img_end,3897965840
1746465880.061903,img_start,3897968945
1746465880.067277,FB_FRAMES,125313
1746465880.067277,SYM_FRAMES,124773
1746465880.069983,TX_FRAMES,124773
1746465880.093607,img_end,3898162448
1746465880.098574,ps_take,84497
1746465880.061224,ps_take_src,84497
1746465880.099414,img_start,3898165553
1746465880.100061,SYM_FRAMES,124774
1746465880.100126,FB_FRAMES,125314
1746465880.102841,TX_FRAMES,124774
1746465880.131385,ps_take,84498
1746465880.098742,ps_take_src,84498
1746465880.131100,img_end,3898359056
1746465880.132181,img_start,3898362161
1746465880.137612,FB_FRAMES,125315
1746465880.137612,SYM_FRAMES,124775
1746465880.140351,TX_FRAMES,124775
1746465880.164357,ps_take,84499
1746465880.131528,ps_take_src,84499
1746465880.163904,img_end,3898555664
1746465880.165154,img_start,3898558769
1746465880.170406,FB_FRAMES,125316
1746465880.170406,SYM_FRAMES,124776
1746465880.173103,TX_FRAMES,124776
1746465880.197042,ps_take,84500
1746465880.164484,ps_take_src,84500
1746465880.203306,SYM_FRAMES,124777
1746465880.203368,FB_FRAMES,125317
1746465880.206068,TX_FRAMES,124777
1746465880.229524,img_end,3898948880
1746465880.230732,ps_take,84501
1746465880.197167,ps_take_src,84501
1746465880.231516,img_start,3898951043
1746465880.235989,SYM_FRAMES,124778
1746465880.236050,FB_FRAMES,125318
1746465880.238719,TX_FRAMES,124778
1746465880.263563,ps_take,84502
1746465880.230869,ps_take_src,84502
1746465880.263276,img_end,3899145488
1746465880.264364,img_start,3899148593
1746465880.269738,FB_FRAMES,125319
1746465880.269738,SYM_FRAMES,124779
1746465880.272483,TX_FRAMES,124779
1746465880.296407,ps_take,84503
1746465880.263701,ps_take_src,84503
1746465880.296065,img_end,3899342096
1746465880.297267,img_start,3899345201
1746465880.302575,FB_FRAMES,125320
1746465880.302575,SYM_FRAMES,124780
1746465880.305348,TX_FRAMES,124780
1746465880.329033,ps_take,84504
1746465880.296580,ps_take_src,84504
1746465880.335431,SYM_FRAMES,124781
1746465880.335495,FB_FRAMES,125321
1746465880.338186,TX_FRAMES,124781
1746465880.361633,img_end,3899735312
1746465880.362746,ps_take,84505
1746465880.329207,ps_take_src,84505
1746465880.363591,img_start,3899738417
1746465880.368125,FB_FRAMES,125322
1746465880.368125,SYM_FRAMES,124782
1746465880.370884,TX_FRAMES,124782
1746465880.395507,ps_take,84506
1746465880.362912,ps_take_src,84506
1746465880.396310,img_start,3899935025
1746465880.401738,SYM_FRAMES,124783
1746465880.401801,FB_FRAMES,125323
1746465880.404494,TX_FRAMES,124783
1746465880.428288,ps_take,84507
1746465880.395634,ps_take_src,84507
1746465880.429087,img_start,3900131633
1746465880.434484,FB_FRAMES,125324
1746465880.434484,SYM_FRAMES,124784
1746465880.437235,TX_FRAMES,124784
1746465880.460965,ps_take,84508
1746465880.428409,ps_take_src,84508
1746465880.467245,SYM_FRAMES,124785
1746465880.467307,FB_FRAMES,125325
1746465880.470030,TX_FRAMES,124785
1746465880.493465,img_end,3900521744
1746465880.497725,ps_take,84509
1746465880.461089,ps_take_src,84509
1746465880.498534,img_start,3900524849
1746465880.499935,FB_FRAMES,125326
1746465880.499935,SYM_FRAMES,124786
1746465880.502677,TX_FRAMES,124786
1746465880.530356,ps_take,84510
1746465880.497845,ps_take_src,84510
1746465880.536716,FB_FRAMES,125327
1746465880.536716,SYM_FRAMES,124787
1746465880.539500,TX_FRAMES,124787
1746465880.563395,ps_take,84511
1746465880.530547,ps_take_src,84511
1746465880.562939,img_end,3900914960
1746465880.564199,img_start,3900917173
1746465880.569394,FB_FRAMES,125328
1746465880.569394,SYM_FRAMES,124788
1746465880.572173,TX_FRAMES,124788
1746465880.596422,ps_take,84512
1746465880.563544,ps_take_src,84512
1746465880.595909,img_end,3901111568
1746465880.597228,img_start,3901114036
1746465880.602423,FB_FRAMES,125329
1746465880.602423,SYM_FRAMES,124789
1746465880.605159,TX_FRAMES,124789
1746465880.629368,ps_take,84513
1746465880.596563,ps_take_src,84513
1746465880.628970,img_end,3901308176
1746465880.630169,img_start,3901311281
1746465880.635416,FB_FRAMES,125330
1746465880.635416,SYM_FRAMES,124790
1746465880.638192,TX_FRAMES,124790
1746465880.661767,ps_take,84514
1746465880.629497,ps_take_src,84514
1746465880.668331,SYM_FRAMES,124791
1746465880.668394,FB_FRAMES,125331
1746465880.671101,TX_FRAMES,124791
1746465880.694668,ps_take,84515
1746465880.661933,ps_take_src,84515
1746465880.701000,FB_FRAMES,125332
1746465880.701000,SYM_FRAMES,124792
1746465880.703723,TX_FRAMES,124792
1746465880.727154,ps_take,84516
1746465880.694809,ps_take_src,84516
1746465880.733653,FB_FRAMES,125333
1746465880.733653,SYM_FRAMES,124793
1746465880.736425,TX_FRAMES,124793
1746465880.759842,img_end,3902094608
1746465880.762717,ps_take,84517
1746465880.727323,ps_take_src,84517
1746465880.763564,img_start,3902097713
1746465880.766300,SYM_FRAMES,124794
1746465880.766362,FB_FRAMES,125334
1746465880.769082,TX_FRAMES,124794
1746465880.795172,ps_take,84518
1746465880.762884,ps_take_src,84518
1746465880.801757,FB_FRAMES,125335
1746465880.801757,SYM_FRAMES,124795
1746465880.804463,TX_FRAMES,124795
1746465880.828398,ps_take,84519
1746465880.795330,ps_take_src,84519
1746465880.827943,img_end,3902487824
1746465880.829199,img_start,3902490783
1746465880.834418,FB_FRAMES,125336
1746465880.834418,SYM_FRAMES,124796
1746465880.837152,TX_FRAMES,124796
1746465880.860888,ps_take,84520
1746465880.828529,ps_take_src,84520
1746465880.867393,FB_FRAMES,125337
1746465880.867393,SYM_FRAMES,124797
1746465880.870169,TX_FRAMES,124797
1746465880.893567,img_end,3902881040
1746465880.895273,ps_take,84521
1746465880.861049,ps_take_src,84521
1746465880.896056,img_start,3902881823
1746465880.900067,FB_FRAMES,125338
1746465880.900067,SYM_FRAMES,124798
1746465880.902781,TX_FRAMES,124798
1746465880.928277,ps_take,84522
1746465880.895434,ps_take_src,84522
1746465880.927818,img_end,3903077648
1746465880.929081,img_start,3903080753
1746465880.934266,FB_FRAMES,125339
1746465880.934266,SYM_FRAMES,124799
1746465880.937017,TX_FRAMES,124799
1746465880.961092,ps_take,84523
1746465880.928409,ps_take_src,84523
1746465880.960803,img_end,3903274256
1746465880.961898,img_start,3903277361
1746465880.967265,FB_FRAMES,125340
1746465880.967265,SYM_FRAMES,124800
1746465880.970034,TX_FRAMES,124800
1746465880.993553,ps_take,84524
1746465880.961215,ps_take_src,84524
1746465881.000060,FB_FRAMES,125341
1746465881.000060,SYM_FRAMES,124801
1746465881.002856,TX_FRAMES,124801
1746465881.026241,ps_take,84525
1746465880.993706,ps_take_src,84525
1746465881.032727,FB_FRAMES,125342
1746465881.032727,SYM_FRAMES,124802
1746465881.035447,TX_FRAMES,124802
1746465881.058758,ps_take,84526
1746465881.026339,ps_take_src,84526
1746465881.058917,img_end,3903864080
1746465881.065406,FB_FRAMES,125343
1746465881.065406,SYM_FRAMES,124803
1746465881.068120,TX_FRAMES,124803
1746465881.069947,img_start,3903865406
1746465881.102103,ps_take,84527
1746465881.069296,ps_take_src,84527
1746465881.101704,img_end,3904060688
1746465881.102916,img_start,3904062086
1746465881.108145,FB_FRAMES,125344
1746465881.108145,SYM_FRAMES,124804
1746465881.110928,TX_FRAMES,124804
1746465881.135055,ps_take,84528
1746465881.102268,ps_take_src,84528
1746465881.134658,img_end,3904257296
1746465881.135855,img_start,3904260401
1746465881.141120,FB_FRAMES,125345
1746465881.141120,SYM_FRAMES,124805
1746465881.143902,TX_FRAMES,124805
1746465881.167968,ps_take,84529
1746465881.135200,ps_take_src,84529
1746465881.167571,img_end,3904453904
1746465881.168759,img_start,3904456304
1746465881.174029,FB_FRAMES,125346
1746465881.174029,SYM_FRAMES,124806
1746465881.176826,TX_FRAMES,124806
1746465881.200473,ps_take,84530
1746465881.168115,ps_take_src,84530
1746465881.206962,FB_FRAMES,125347
1746465881.206962,SYM_FRAMES,124807
1746465881.209697,TX_FRAMES,124807
1746465881.233529,ps_take,84531
1746465881.200598,ps_take_src,84531
1746465881.233132,img_end,3904847120
1746465881.234274,img_start,3904847477
1746465881.239626,FB_FRAMES,125348
1746465881.239626,SYM_FRAMES,124808
1746465881.242347,TX_FRAMES,124808
1746465881.266125,ps_take,84532
1746465881.233645,ps_take_src,84532
1746465881.272478,SYM_FRAMES,124809
1746465881.272541,FB_FRAMES,125349
1746465881.275256,TX_FRAMES,124809
1746465881.298937,ps_take,84533
1746465881.266244,ps_take_src,84533
1746465881.298652,img_end,3905240336
1746465881.299737,img_start,3905243441
1746465881.305153,FB_FRAMES,125350
1746465881.305153,SYM_FRAMES,124810
1746465881.307918,TX_FRAMES,124810
1746465881.331429,ps_take,84534
1746465881.299087,ps_take_src,84534
1746465881.337953,FB_FRAMES,125351
1746465881.337953,SYM_FRAMES,124811
1746465881.340663,TX_FRAMES,124811
1746465881.364320,ps_take,84535
1746465881.331570,ps_take_src,84535
1746465881.365108,img_start,3905636657
1746465881.370588,FB_FRAMES,125352
1746465881.370588,SYM_FRAMES,124812
1746465881.373337,TX_FRAMES,124812
1746465881.397047,ps_take,84536
1746465881.364464,ps_take_src,84536
1746465881.396817,img_end,3905830160
1746465881.398132,img_start,3905832142
1746465881.403283,FB_FRAMES,125353
1746465881.403283,SYM_FRAMES,124813
1746465881.406036,TX_FRAMES,124813
1746465881.430746,ps_take,84537
1746465881.397505,ps_take_src,84537
1746465881.429865,img_end,3906026768
1746465881.431510,img_start,3906027094
1746465881.436316,SYM_FRAMES,124814
1746465881.436381,FB_FRAMES,125354
1746465881.439130,TX_FRAMES,124814
1746465881.463533,ps_take,84538
1746465881.430884,ps_take_src,84538
1746465881.463245,img_end,3906223376
1746465881.464330,img_start,3906224826
1746465881.469724,FB_FRAMES,125355
1746465881.469724,SYM_FRAMES,124815
1746465881.472452,TX_FRAMES,124815
1746465881.496425,ps_take,84539
1746465881.463701,ps_take_src,84539
1746465881.496083,img_end,3906419984
1746465881.497231,img_start,3906422587
1746465881.502512,SYM_FRAMES,124816
1746465881.502576,FB_FRAMES,125356
1746465881.505267,TX_FRAMES,124816
1746465881.528858,ps_take,84540
1746465881.496578,ps_take_src,84540
1746465881.535414,SYM_FRAMES,124817
1746465881.535506,FB_FRAMES,125357
1746465881.538185,TX_FRAMES,124817
1746465881.561610,img_end,3906813200
1746465881.562780,ps_take,84541
1746465881.529024,ps_take_src,84541
1746465881.563565,img_start,3906815180
1746465881.568102,FB_FRAMES,125358
1746465881.568102,SYM_FRAMES,124818
1746465881.570835,TX_FRAMES,124818
1746465881.595205,ps_take,84542
1746465881.562912,ps_take_src,84542
1746465881.601744,SYM_FRAMES,124819
1746465881.601825,FB_FRAMES,125359
1746465881.604525,TX_FRAMES,124819
1746465881.628302,ps_take,84543
1746465881.595347,ps_take_src,84543
1746465881.627959,img_end,3907206416
1746465881.629110,img_start,3907209383
1746465881.634445,FB_FRAMES,125360
1746465881.634445,SYM_FRAMES,124820
1746465881.637162,TX_FRAMES,124820
1746465881.660848,ps_take,84544
1746465881.628443,ps_take_src,84544
1746465881.667291,FB_FRAMES,125361
1746465881.667291,SYM_FRAMES,124821
1746465881.670082,TX_FRAMES,124821
1746465881.693479,img_end,3907599632
1746465881.696743,ps_take,84545
1746465881.660967,ps_take_src,84545
1746465881.697530,img_start,3907599780
1746465881.699943,FB_FRAMES,125362
1746465881.699943,SYM_FRAMES,124822
1746465881.702724,TX_FRAMES,124822
1746465881.729579,ps_take,84546
1746465881.696908,ps_take_src,84546
1746465881.729293,img_end,3907796240
1746465881.730383,img_start,3907798921
1746465881.735767,FB_FRAMES,125363
1746465881.735767,SYM_FRAMES,124823
1746465881.738470,TX_FRAMES,124823
1746465881.762224,ps_take,84547
1746465881.729719,ps_take_src,84547
1746465881.768557,SYM_FRAMES,124824
1746465881.768620,FB_FRAMES,125364
1746465881.771319,TX_FRAMES,124824
1746465881.794774,ps_take,84548
1746465881.762375,ps_take_src,84548
1746465881.801270,FB_FRAMES,125365
1746465881.801270,SYM_FRAMES,124825
1746465881.804016,TX_FRAMES,124825
1746465881.827477,img_end,3908386064
1746465881.830737,ps_take,84549
1746465881.794931,ps_take_src,84549
1746465881.831524,img_start,3908389169
1746465881.833911,FB_FRAMES,125366
1746465881.833911,SYM_FRAMES,124826
1746465881.836656,TX_FRAMES,124826
1746465881.863519,ps_take,84550
1746465881.830866,ps_take_src,84550
1746465881.863231,img_end,3908582672
1746465881.864328,img_start,3908582837
1746465881.869688,SYM_FRAMES,124827
1746465881.869750,FB_FRAMES,125367
1746465881.872481,TX_FRAMES,124827
1746465881.896414,ps_take,84551
1746465881.863688,ps_take_src,84551
1746465881.896071,img_end,3908779280
1746465881.897215,img_start,3908780626
1746465881.902580,FB_FRAMES,125368
1746465881.902580,SYM_FRAMES,124828
1746465881.905343,TX_FRAMES,124828
1746465881.928953,ps_take,84552
1746465881.896569,ps_take_src,84552
1746465881.935411,FB_FRAMES,125369
1746465881.935411,SYM_FRAMES,124829
1746465881.938182,TX_FRAMES,124829
1746465881.961608,img_end,3909172496
1746465881.962782,ps_take,84553
1746465881.929090,ps_take_src,84553
1746465881.963563,img_start,3909174986
1746465881.968062,FB_FRAMES,125370
1746465881.968062,SYM_FRAMES,124830
1746465881.970826,TX_FRAMES,124830
1746465881.995583,ps_take,84554
1746465881.962908,ps_take_src,84554
1746465881.995297,img_end,3909369104
1746465881.996388,img_start,3909372209
1746465882.001791,FB_FRAMES,125371
1746465882.001791,SYM_FRAMES,124831
1746465882.004496,TX_FRAMES,124831
1746465882.028450,ps_take,84555
1746465881.995706,ps_take_src,84555
1746465882.028108,img_end,3909565712
1746465882.029252,img_start,3909566905
1746465882.034571,FB_FRAMES,125372
1746465882.034571,SYM_FRAMES,124832
1746465882.037328,TX_FRAMES,124832
1746465882.060957,ps_take,84556
1746465882.028608,ps_take_src,84556
1746465882.067468,FB_FRAMES,125373
1746465882.067468,SYM_FRAMES,124833
1746465882.070192,TX_FRAMES,124833
1746465882.093642,img_end,3909958928
1746465882.097616,ps_take,84557
1746465882.061078,ps_take_src,84557
1746465882.098491,img_start,3909962033
1746465882.100096,SYM_FRAMES,124834
1746465882.100158,FB_FRAMES,125374
1746465882.102864,TX_FRAMES,124834
1746465882.130532,ps_take,84558
1746465882.097756,ps_take_src,84558
1746465882.130166,img_end,3910155536
1746465882.131335,img_start,3910158641
1746465882.136613,SYM_FRAMES,124835
1746465882.136677,FB_FRAMES,125375
1746465882.139416,TX_FRAMES,124835
1746465882.163322,ps_take,84559
1746465882.130677,ps_take_src,84559
1746465882.163033,img_end,3910352144
1746465882.164129,img_start,3910353946
1746465882.169525,FB_FRAMES,125376
1746465882.169525,SYM_FRAMES,124836
1746465882.172267,TX_FRAMES,124836
1746465882.195870,ps_take,84560
1746465882.163482,ps_take_src,84560
1746465882.202315,SYM_FRAMES,124837
1746465882.202449,FB_FRAMES,125377
1746465882.205077,TX_FRAMES,124837
1746465882.228506,img_end,3910745360
1746465882.230728,ps_take,84561
1746465882.196007,ps_take_src,84561
1746465882.231515,img_start,3910748291
1746465882.234963,SYM_FRAMES,124838
1746465882.235025,FB_FRAMES,125378
1746465882.237731,TX_FRAMES,124838
1746465882.263382,ps_take,84562
1746465882.230867,ps_take_src,84562
1746465882.269769,FB_FRAMES,125379
1746465882.269769,SYM_FRAMES,124839
1746465882.272477,TX_FRAMES,124839
1746465882.295854,ps_take,84563
1746465882.263520,ps_take_src,84563
1746465882.302433,FB_FRAMES,125380
1746465882.302433,SYM_FRAMES,124840
1746465882.305135,TX_FRAMES,124840
1746465882.329069,ps_take,84564
1746465882.296008,ps_take_src,84564
1746465882.328554,img_end,3911335184
1746465882.329874,img_start,3911338287
1746465882.335048,FB_FRAMES,125381
1746465882.335048,SYM_FRAMES,124841
1746465882.337778,TX_FRAMES,124841
1746465882.361601,img_end,3911531792
1746465882.362702,ps_take,84565
1746465882.329202,ps_take_src,84565
1746465882.363546,img_start,3911534897
1746465882.368046,SYM_FRAMES,124842
1746465882.368108,FB_FRAMES,125382
1746465882.370830,TX_FRAMES,124842
1746465882.395530,ps_take,84566
1746465882.362876,ps_take_src,84566
1746465882.395243,img_end,3911728400
1746465882.396335,img_start,3911730045
1746465882.401702,SYM_FRAMES,124843
1746465882.401763,FB_FRAMES,125383
1746465882.404512,TX_FRAMES,124843
1746465882.428446,ps_take,84567
1746465882.395685,ps_take_src,84567
1746465882.428103,img_end,3911925008
1746465882.429282,img_start,3911928113
1746465882.434540,FB_FRAMES,125384
1746465882.434540,SYM_FRAMES,124844
1746465882.437282,TX_FRAMES,124844
1746465882.461036,ps_take,84568
1746465882.428604,ps_take_src,84568
1746465882.467442,SYM_FRAMES,124845
1746465882.467505,FB_FRAMES,125385
1746465882.470227,TX_FRAMES,124845
1746465882.493653,img_end,3912318224
1746465882.496545,ps_take,84569
1746465882.461149,ps_take_src,84569
1746465882.497392,img_start,3912321329
1746465882.500080,SYM_FRAMES,124846
1746465882.500144,FB_FRAMES,125386
1746465882.502869,TX_FRAMES,124846
1746465882.529113,ps_take,84570
1746465882.496715,ps_take_src,84570
1746465882.535565,SYM_FRAMES,124847
1746465882.535629,FB_FRAMES,125387
1746465882.538337,TX_FRAMES,124847
1746465882.562017,ps_take,84571
1746465882.529249,ps_take_src,84571
1746465882.561785,img_end,3912711440
1746465882.564320,img_start,3912711636
1746465882.568233,FB_FRAMES,125388
1746465882.568233,SYM_FRAMES,124848
1746465882.570963,TX_FRAMES,124848
1746465882.596355,ps_take,84572
1746465882.562182,ps_take_src,84572
1746465882.596068,img_end,3912908048
1746465882.597163,img_start,3912911153
1746465882.602572,FB_FRAMES,125389
1746465882.602572,SYM_FRAMES,124849
1746465882.605311,TX_FRAMES,124849
1746465882.628888,img_end,3913104656
1746465882.630077,ps_take,84573
1746465882.596481,ps_take_src,84573
1746465882.630899,img_start,3913107346
1746465882.635339,FB_FRAMES,125390
1746465882.635339,SYM_FRAMES,124850
1746465882.638106,TX_FRAMES,124850
1746465882.662772,ps_take,84574
1746465882.630213,ps_take_src,84574
1746465882.663632,img_start,3913304369
1746465882.669094,FB_FRAMES,125391
1746465882.669094,SYM_FRAMES,124851
1746465882.671872,TX_FRAMES,124851
1746465882.695375,ps_take,84575
1746465882.662938,ps_take_src,84575
1746465882.701774,SYM_FRAMES,124852
1746465882.701837,FB_FRAMES,125392
1746465882.704569,TX_FRAMES,124852
1746465882.728205,ps_take,84576
1746465882.695549,ps_take_src,84576
1746465882.729014,img_start,3913695124
1746465882.734443,FB_FRAMES,125393
1746465882.734443,SYM_FRAMES,124853
1746465882.737192,TX_FRAMES,124853
1746465882.760881,ps_take,84577
1746465882.728359,ps_take_src,84577
1746465882.767214,SYM_FRAMES,124854
1746465882.767278,FB_FRAMES,125394
1746465882.769975,TX_FRAMES,124854
1746465882.793594,ps_take,84578
1746465882.760995,ps_take_src,84578
1746465882.793418,img_end,3914087696
1746465882.794490,img_start,3914090801
1746465882.799869,FB_FRAMES,125395
1746465882.799869,SYM_FRAMES,124855
1746465882.802598,TX_FRAMES,124855
1746465882.826573,ps_take,84579
1746465882.793761,ps_take_src,84579
1746465882.826181,img_end,3914284304
1746465882.827373,img_start,3914287409
1746465882.832673,FB_FRAMES,125396
1746465882.832673,SYM_FRAMES,124856
1746465882.835388,TX_FRAMES,124856
1746465882.858970,ps_take,84580
1746465882.826688,ps_take_src,84580
1746465882.859068,img_end,3914480912
1746465882.862084,img_start,3914481722
1746465882.865545,FB_FRAMES,125397
1746465882.865545,SYM_FRAMES,124857
1746465882.868325,TX_FRAMES,124857
1746465882.893825,img_end,3914677520
1746465882.896067,ps_take,84581
1746465882.861348,ps_take_src,84581
1746465882.896852,img_start,3914679032
1746465882.900292,FB_FRAMES,125398
1746465882.900292,SYM_FRAMES,124858
1746465882.903019,TX_FRAMES,124858
1746465882.928756,ps_take,84582
1746465882.896204,ps_take_src,84582
1746465882.928581,img_end,3914874128
1746465882.934912,img_start,3914877233
1746465882.935091,FB_FRAMES,125399
1746465882.935091,SYM_FRAMES,124859
1746465882.937825,TX_FRAMES,124859
1746465882.966630,ps_take,84583
1746465882.928907,ps_take_src,84583
1746465882.973078,SYM_FRAMES,124860
1746465882.973140,FB_FRAMES,125400
1746465882.975828,TX_FRAMES,124860
1746465882.999323,ps_take,84584
1746465882.966779,ps_take_src,84584
1746465883.005737,SYM_FRAMES,124861
1746465883.005799,FB_FRAMES,125401
1746465883.008506,TX_FRAMES,124861
1746465883.032278,ps_take,84585
1746465882.999494,ps_take_src,84585
1746465883.031939,img_end,3915463952
1746465883.033073,img_start,3915466079
1746465883.038410,FB_FRAMES,125402
1746465883.038410,SYM_FRAMES,124862
1746465883.041129,TX_FRAMES,124862
1746465883.065002,ps_take,84586
1746465883.032432,ps_take_src,84586
1746465883.071287,FB_FRAMES,125403
1746465883.071287,SYM_FRAMES,124863
1746465883.074003,TX_FRAMES,124863
1746465883.097642,ps_take,84587
1746465883.065156,ps_take_src,84587
1746465883.103979,SYM_FRAMES,124864
1746465883.104041,FB_FRAMES,125404
1746465883.106781,TX_FRAMES,124864
1746465883.130648,ps_take,84588
1746465883.097790,ps_take_src,84588
1746465883.130164,img_end,3916053776
1746465883.131436,img_start,3916054542
1746465883.136667,FB_FRAMES,125405
1746465883.136667,SYM_FRAMES,124865
1746465883.139416,TX_FRAMES,124865
1746465883.163494,ps_take,84589
1746465883.130814,ps_take_src,84589
1746465883.163208,img_end,3916250384
1746465883.164293,img_start,3916253020
1746465883.169657,FB_FRAMES,125406
1746465883.169657,SYM_FRAMES,124866
1746465883.172381,TX_FRAMES,124866
1746465883.196434,ps_take,84590
1746465883.163657,ps_take_src,84590
1746465883.196035,img_end,3916446992
1746465883.197237,img_start,3916450097
1746465883.202493,FB_FRAMES,125407
1746465883.202493,SYM_FRAMES,124867
1746465883.205221,TX_FRAMES,124867
1746465883.228918,ps_take,84591
1746465883.196557,ps_take_src,84591
1746465883.235418,FB_FRAMES,125408
1746465883.235418,SYM_FRAMES,124868
1746465883.238133,TX_FRAMES,124868
1746465883.261586,ps_take,84592
1746465883.229083,ps_take_src,84592
1746465883.268074,FB_FRAMES,125409
1746465883.268074,SYM_FRAMES,124869
1746465883.270818,TX_FRAMES,124869
1746465883.294196,ps_take,84593
1746465883.261748,ps_take_src,84593
1746465883.300709,FB_FRAMES,125410
1746465883.300709,SYM_FRAMES,124870
1746465883.303432,TX_FRAMES,124870
1746465883.326963,ps_take,84594
1746465883.294325,ps_take_src,84594
1746465883.333360,FB_FRAMES,125411
1746465883.333360,SYM_FRAMES,124871
1746465883.336119,TX_FRAMES,124871
1746465883.359398,ps_take,84595
1746465883.327196,ps_take_src,84595
1746465883.366021,FB_FRAMES,125412
1746465883.366021,SYM_FRAMES,124872
1746465883.368820,TX_FRAMES,124872
1746465883.392357,ps_take,84596
1746465883.359512,ps_take_src,84596
1746465883.392186,img_end,3917626640
1746465883.394738,img_start,3917628848
1746465883.398647,SYM_FRAMES,124873
1746465883.398707,FB_FRAMES,125413
1746465883.401459,TX_FRAMES,124873
1746465883.426474,ps_take,84597
1746465883.393943,ps_take_src,84597
1746465883.432929,FB_FRAMES,125414
1746465883.432929,SYM_FRAMES,124874
1746465883.435736,TX_FRAMES,124874
1746465883.459399,ps_take,84598
1746465883.426598,ps_take_src,84598
1746465883.459113,img_end,3918019856
1746465883.460184,img_start,3918022961
1746465883.465577,FB_FRAMES,125415
1746465883.465577,SYM_FRAMES,124875
1746465883.468389,TX_FRAMES,124875
1746465883.492065,ps_take,84599
1746465883.459499,ps_take_src,84599
1746465883.491893,img_end,3918216464
1746465883.498340,FB_FRAMES,125416
1746465883.498340,SYM_FRAMES,124876
1746465883.499278,img_start,3918219569
1746465883.501098,TX_FRAMES,124876
1746465883.531053,ps_take,84600
1746465883.498550,ps_take_src,84600
1746465883.537459,FB_FRAMES,125417
1746465883.537459,SYM_FRAMES,124877
1746465883.540202,TX_FRAMES,124877
1746465883.563922,ps_take,84601
1746465883.531181,ps_take_src,84601
1746465883.563637,img_end,3918609680
1746465883.564723,img_start,3918612785
1746465883.570139,FB_FRAMES,125418
1746465883.570139,SYM_FRAMES,124878
1746465883.572841,TX_FRAMES,124878
1746465883.596533,ps_take,84602
1746465883.564047,ps_take_src,84602
1746465883.602924,FB_FRAMES,125419
1746465883.602924,SYM_FRAMES,124879
1746465883.605624,TX_FRAMES,124879
1746465883.629069,ps_take,84603
1746465883.596655,ps_take_src,84603
1746465883.635525,SYM_FRAMES,124880
1746465883.635588,FB_FRAMES,125420
1746465883.638292,TX_FRAMES,124880
1746465883.661778,ps_take,84604
1746465883.629236,ps_take_src,84604
1746465883.668181,SYM_FRAMES,124881
1746465883.668244,FB_FRAMES,125421
1746465883.670931,TX_FRAMES,124881
1746465883.694390,img_end,3919396112
1746465883.696339,ps_take,84605
1746465883.661935,ps_take_src,84605
1746465883.697129,img_start,3919398088
1746465883.700861,FB_FRAMES,125422
1746465883.700861,SYM_FRAMES,124882
1746465883.703598,TX_FRAMES,124882
1746465883.729026,ps_take,84606
1746465883.696471,ps_take_src,84606
1746465883.735348,FB_FRAMES,125423
1746465883.735348,SYM_FRAMES,124883
1746465883.738095,TX_FRAMES,124883
1746465883.761571,ps_take,84607
1746465883.729192,ps_take_src,84607
1746465883.768027,SYM_FRAMES,124884
1746465883.768090,FB_FRAMES,125424
1746465883.770839,TX_FRAMES,124884
1746465883.794195,ps_take,84608
1746465883.761701,ps_take_src,84608
1746465883.800684,FB_FRAMES,125425
1746465883.800684,SYM_FRAMES,124885
1746465883.803452,TX_FRAMES,124885
1746465883.827010,ps_take,84609
1746465883.794335,ps_take_src,84609
1746465883.833334,FB_FRAMES,125426
1746465883.833334,SYM_FRAMES,124886
1746465883.836071,TX_FRAMES,124886
1746465883.859539,ps_take,84610
1746465883.827173,ps_take_src,84610
1746465883.866065,FB_FRAMES,125427
1746465883.866065,SYM_FRAMES,124887
1746465883.868819,TX_FRAMES,124887
1746465883.892119,ps_take,84611
1746465883.859643,ps_take_src,84611
1746465883.892217,img_end,3920575760
1746465883.898718,FB_FRAMES,125428
1746465883.898718,SYM_FRAMES,124888
1746465883.899176,img_start,3920578865
1746465883.901445,TX_FRAMES,124888
1746465883.930849,ps_take,84612
1746465883.898496,ps_take_src,84612
1746465883.937362,FB_FRAMES,125429
1746465883.937362,SYM_FRAMES,124889
1746465883.940086,TX_FRAMES,124889
1746465883.963922,ps_take,84613
1746465883.930975,ps_take_src,84613
1746465883.963525,img_end,3920968976
1746465883.964723,img_start,3920972043
1746465883.969992,FB_FRAMES,125430
1746465883.969992,SYM_FRAMES,124890
1746465883.972793,TX_FRAMES,124890
1746465883.996501,ps_take,84614
1746465883.964071,ps_take_src,84614
1746465884.002893,SYM_FRAMES,124891
1746465884.002990,FB_FRAMES,125431
1746465884.005704,TX_FRAMES,124891
1746465884.029535,ps_take,84615
1746465883.996663,ps_take_src,84615
1746465884.029078,img_end,3921362192
1746465884.030471,img_start,3921363100
1746465884.035561,FB_FRAMES,125432
1746465884.035561,SYM_FRAMES,124892
1746465884.038321,TX_FRAMES,124892
1746465884.062701,ps_take,84616
1746465884.029685,ps_take_src,84616
1746465884.062222,img_end,3921558800
1746465884.063506,img_start,3921561905
1746465884.068685,FB_FRAMES,125433
1746465884.068685,SYM_FRAMES,124893
1746465884.071455,TX_FRAMES,124893
1746465884.095217,img_end,3921755408
1746465884.096581,ps_take,84617
1746465884.062839,ps_take_src,84617
1746465884.097368,img_start,3921755807
1746465884.101672,SYM_FRAMES,124894
1746465884.101732,FB_FRAMES,125434
1746465884.104463,TX_FRAMES,124894
1746465884.129138,ps_take,84618
1746465884.096723,ps_take_src,84618
1746465884.135566,SYM_FRAMES,124895
1746465884.135629,FB_FRAMES,125435
1746465884.138352,TX_FRAMES,124895
1746465884.161767,ps_take,84619
1746465884.129290,ps_take_src,84619
1746465884.168219,SYM_FRAMES,124896
1746465884.168281,FB_FRAMES,125436
1746465884.171032,TX_FRAMES,124896
1746465884.194725,ps_take,84620
1746465884.161937,ps_take_src,84620
1746465884.194437,img_end,3922345232
1746465884.195532,img_start,3922347387
1746465884.200877,FB_FRAMES,125437
1746465884.200877,SYM_FRAMES,124897
1746465884.203671,TX_FRAMES,124897
1746465884.227353,ps_take,84621
1746465884.194874,ps_take_src,84621
1746465884.233721,FB_FRAMES,125438
1746465884.233721,SYM_FRAMES,124898
1746465884.236519,TX_FRAMES,124898
1746465884.260032,ps_take,84622
1746465884.227489,ps_take_src,84622
1746465884.266426,FB_FRAMES,125439
1746465884.266426,SYM_FRAMES,124899
1746465884.269145,TX_FRAMES,124899
1746465884.292740,ps_take,84623
1746465884.260156,ps_take_src,84623
1746465884.299133,FB_FRAMES,125440
1746465884.299133,SYM_FRAMES,124900
1746465884.301870,TX_FRAMES,124900
1746465884.325169,ps_take,84624
1746465884.292855,ps_take_src,84624
1746465884.325268,img_end,3923131664
1746465884.331179,img_start,3923133877
1746465884.331769,FB_FRAMES,125441
1746465884.331769,SYM_FRAMES,124901
1746465884.334475,TX_FRAMES,124901
1746465884.363338,ps_take,84625
1746465884.330498,ps_take_src,84625
1746465884.362883,img_end,3923328272
1746465884.364123,img_start,3923328549
1746465884.369365,SYM_FRAMES,124902
1746465884.369426,FB_FRAMES,125442
1746465884.372102,TX_FRAMES,124902
1746465884.396020,ps_take,84626
1746465884.363492,ps_take_src,84626
1746465884.402344,FB_FRAMES,125443
1746465884.402344,SYM_FRAMES,124903
1746465884.405141,TX_FRAMES,124903
1746465884.429038,ps_take,84627
1746465884.396191,ps_take_src,84627
1746465884.428584,img_end,3923721488
1746465884.429842,img_start,3923721634
1746465884.435020,SYM_FRAMES,124904
1746465884.435082,FB_FRAMES,125444
1746465884.437796,TX_FRAMES,124904
1746465884.461831,ps_take,84628
1746465884.429198,ps_take_src,84628
1746465884.461601,img_end,3923918096
1746465884.462670,img_start,3923919824
1746465884.468069,FB_FRAMES,125445
1746465884.468069,SYM_FRAMES,124905
1746465884.470814,TX_FRAMES,124905
1746465884.494440,img_end,3924114704
1746465884.496409,ps_take,84629
1746465884.461987,ps_take_src,84629
1746465884.497203,img_start,3924115754
1746465884.500869,FB_FRAMES,125446
1746465884.500869,SYM_FRAMES,124906
1746465884.503655,TX_FRAMES,124906
1746465884.528905,ps_take,84630
1746465884.496550,ps_take_src,84630
1746465884.535428,FB_FRAMES,125447
1746465884.535428,SYM_FRAMES,124907
1746465884.538162,TX_FRAMES,124907
1746465884.561615,ps_take,84631
1746465884.529067,ps_take_src,84631
1746465884.568066,FB_FRAMES,125448
1746465884.568066,SYM_FRAMES,124908
1746465884.570841,TX_FRAMES,124908
1746465884.594301,ps_take,84632
1746465884.561767,ps_take_src,84632
1746465884.600720,FB_FRAMES,125449
1746465884.600720,SYM_FRAMES,124909
1746465884.603460,TX_FRAMES,124909
1746465884.626909,img_end,3924901136
1746465884.629589,ps_take,84633
1746465884.594484,ps_take_src,84633
1746465884.630459,img_start,3924904241
1746465884.633346,SYM_FRAMES,124910
1746465884.633407,FB_FRAMES,125450
1746465884.636137,TX_FRAMES,124910
1746465884.662339,ps_take,84634
1746465884.629737,ps_take_src,84634
1746465884.663197,img_start,3925100116
1746465884.668617,SYM_FRAMES,124911
1746465884.668679,FB_FRAMES,125451
1746465884.671405,TX_FRAMES,124911
1746465884.695424,ps_take,84635
1746465884.662536,ps_take_src,84635
1746465884.694912,img_end,3925294352
1746465884.696226,img_start,3925296169
1746465884.701417,FB_FRAMES,125452
1746465884.701417,SYM_FRAMES,124912
1746465884.704137,TX_FRAMES,124912
1746465884.727920,ps_take,84636
1746465884.695569,ps_take_src,84636
1746465884.734427,FB_FRAMES,125453
1746465884.734427,SYM_FRAMES,124913
1746465884.737205,TX_FRAMES,124913
1746465884.760621,img_end,3925687568
1746465884.762732,ps_take,84637
1746465884.728051,ps_take_src,84637
1746465884.763574,img_start,3925690673
1746465884.767087,FB_FRAMES,125454
1746465884.767087,SYM_FRAMES,124914
1746465884.769853,TX_FRAMES,124914
1746465884.795501,ps_take,84638
1746465884.762892,ps_take_src,84638
1746465884.796304,img_start,3925887106
1746465884.801773,FB_FRAMES,125455
1746465884.801773,SYM_FRAMES,124915
1746465884.804526,TX_FRAMES,124915
1746465884.828368,ps_take,84639
1746465884.795641,ps_take_src,84639
1746465884.828022,img_end,3926080784
1746465884.829180,img_start,3926083889
1746465884.834510,FB_FRAMES,125456
1746465884.834510,SYM_FRAMES,124916
1746465884.837295,TX_FRAMES,124916
1746465884.860895,ps_take,84640
1746465884.828505,ps_take_src,84640
1746465884.867376,FB_FRAMES,125457
1746465884.867376,SYM_FRAMES,124917
1746465884.870151,TX_FRAMES,124917
1746465884.893553,img_end,3926474000
1746465884.896714,ps_take,84641
1746465884.861011,ps_take_src,84641
1746465884.897558,img_start,3926477105
1746465884.900038,FB_FRAMES,125458
1746465884.900038,SYM_FRAMES,124918
1746465884.902754,TX_FRAMES,124918
1746465884.929617,ps_take,84642
1746465884.896889,ps_take_src,84642
1746465884.929275,img_end,3926670608
1746465884.930505,img_start,3926673713
1746465884.935726,FB_FRAMES,125459
1746465884.935726,SYM_FRAMES,124919
1746465884.938501,TX_FRAMES,124919
1746465884.962215,ps_take,84643
1746465884.929790,ps_take_src,84643
1746465884.968677,FB_FRAMES,125460
1746465884.968677,SYM_FRAMES,124920
1746465884.971433,TX_FRAMES,124920
1746465884.995244,ps_take,84644
1746465884.962376,ps_take_src,84644
1746465884.994844,img_end,3927063824
1746465884.996049,img_start,3927064032
1746465885.001333,FB_FRAMES,125461
1746465885.001333,SYM_FRAMES,124921
1746465885.004073,TX_FRAMES,124921
1746465885.027832,img_end,3927260432
1746465885.030437,ps_take,84645
1746465884.995413,ps_take_src,84645
1746465885.031226,img_start,3927263537
1746465885.034297,FB_FRAMES,125462
1746465885.034297,SYM_FRAMES,124922
1746465885.037003,TX_FRAMES,124922
1746465885.063272,ps_take,84646
1746465885.030569,ps_take_src,84646
1746465885.062929,img_end,3927457040
1746465885.064073,img_start,3927460092
1746465885.069422,FB_FRAMES,125463
1746465885.069422,SYM_FRAMES,124923
1746465885.072191,TX_FRAMES,124923
1746465885.096072,ps_take,84647
1746465885.063410,ps_take_src,84647
1746465885.095786,img_end,3927653648
1746465885.096867,img_start,3927654935
1746465885.102263,FB_FRAMES,125464
1746465885.102263,SYM_FRAMES,124924
1746465885.105038,TX_FRAMES,124924
1746465885.128878,ps_take,84648
1746465885.096225,ps_take_src,84648
1746465885.128590,img_end,3927850256
1746465885.129683,img_start,3927853361
1746465885.135052,SYM_FRAMES,124925
1746465885.135114,FB_FRAMES,125465
1746465885.137812,TX_FRAMES,124925
1746465885.161397,img_end,3928046864
1746465885.162783,ps_take,84649
1746465885.128999,ps_take_src,84649
1746465885.163629,img_start,3928049969
1746465885.167876,FB_FRAMES,125466
1746465885.167876,SYM_FRAMES,124926
1746465885.170606,TX_FRAMES,124926
1746465885.195678,ps_take,84650
1746465885.162909,ps_take_src,84650
1746465885.195333,img_end,3928243472
1746465885.196486,img_start,3928246577
1746465885.201830,FB_FRAMES,125467
1746465885.201830,SYM_FRAMES,124927
1746465885.204555,TX_FRAMES,124927
1746465885.228324,ps_take,84651
1746465885.195812,ps_take_src,84651
1746465885.234683,FB_FRAMES,125468
1746465885.234683,SYM_FRAMES,124928
1746465885.237414,TX_FRAMES,124928
1746465885.260912,ps_take,84652
1746465885.228452,ps_take_src,84652
1746465885.267310,FB_FRAMES,125469
1746465885.267310,SYM_FRAMES,124929
1746465885.270033,TX_FRAMES,124929
1746465885.293496,img_end,3928833296
1746465885.296803,ps_take,84653
1746465885.261047,ps_take_src,84653
1746465885.297584,img_start,3928835928
1746465885.299983,FB_FRAMES,125470
1746465885.299983,SYM_FRAMES,124930
1746465885.302701,TX_FRAMES,124930
1746465885.329614,ps_take,84654
1746465885.296937,ps_take_src,84654
1746465885.329328,img_end,3929029904
1746465885.330503,img_start,3929033009
1746465885.335782,FB_FRAMES,125471
1746465885.335782,SYM_FRAMES,124931
1746465885.338533,TX_FRAMES,124931
1746465885.362166,ps_take,84655
1746465885.329792,ps_take_src,84655
1746465885.368705,FB_FRAMES,125472
1746465885.368705,SYM_FRAMES,124932
1746465885.371419,TX_FRAMES,124932
1746465885.394904,ps_take,84656
1746465885.362324,ps_take_src,84656
1746465885.401325,FB_FRAMES,125473
1746465885.401325,SYM_FRAMES,124933
1746465885.404117,TX_FRAMES,124933
1746465885.427496,img_end,3929619728
1746465885.429954,ps_take,84657
1746465885.395066,ps_take_src,84657
1746465885.430820,img_start,3929622833
1746465885.434009,FB_FRAMES,125474
1746465885.434009,SYM_FRAMES,124934
1746465885.436723,TX_FRAMES,124934
1746465885.462722,ps_take,84658
1746465885.430117,ps_take_src,84658
1746465885.463561,img_start,3929819441
1746465885.469020,FB_FRAMES,125475
1746465885.469020,SYM_FRAMES,124935
1746465885.471737,TX_FRAMES,124935
1746465885.495514,ps_take,84659
1746465885.462864,ps_take_src,84659
1746465885.495282,img_end,3930012944
1746465885.496382,img_start,3930016049
1746465885.501735,FB_FRAMES,125476
1746465885.501735,SYM_FRAMES,124936
1746465885.504499,TX_FRAMES,124936
1746465885.528531,ps_take,84660
1746465885.495690,ps_take_src,84660
1746465885.528073,img_end,3930209552
1746465885.529326,img_start,3930212478
1746465885.534561,FB_FRAMES,125477
1746465885.534561,SYM_FRAMES,124937
1746465885.537275,TX_FRAMES,124937
1746465885.561056,img_end,3930406160
1746465885.562791,ps_take,84661
1746465885.528671,ps_take_src,84661
1746465885.563579,img_start,3930409265
1746465885.567509,FB_FRAMES,125478
1746465885.567509,SYM_FRAMES,124938
1746465885.570292,TX_FRAMES,124938
1746465885.595447,ps_take,84662
1746465885.562918,ps_take_src,84662
1746465885.601760,FB_FRAMES,125479
1746465885.601760,SYM_FRAMES,124939
1746465885.604506,TX_FRAMES,124939
1746465885.628483,ps_take,84663
1746465885.595613,ps_take_src,84663
1746465885.628026,img_end,3930799376
1746465885.629291,img_start,3930802065
1746465885.634452,SYM_FRAMES,124940
1746465885.634518,FB_FRAMES,125480
1746465885.637260,TX_FRAMES,124940
1746465885.661124,ps_take,84664
1746465885.628624,ps_take_src,84664
1746465885.667470,SYM_FRAMES,124941
1746465885.667534,FB_FRAMES,125481
1746465885.670203,TX_FRAMES,124941
1746465885.693671,img_end,3931192592
1746465885.697871,ps_take,84665
1746465885.661257,ps_take_src,84665
1746465885.698739,img_start,3931195697
1746465885.700140,FB_FRAMES,125482
1746465885.700140,SYM_FRAMES,124942
1746465885.702887,TX_FRAMES,124942
1746465885.730861,ps_take,84666
1746465885.698042,ps_take_src,84666
1746465885.730460,img_end,3931389200
1746465885.731656,img_start,3931392305
1746465885.736885,SYM_FRAMES,124943
1746465885.736948,FB_FRAMES,125483
1746465885.739700,TX_FRAMES,124943
1746465885.763557,ps_take,84667
1746465885.731001,ps_take_src,84667
1746465885.769817,SYM_FRAMES,124944
1746465885.769909,FB_FRAMES,125484
1746465885.772623,TX_FRAMES,124944
1746465885.796528,ps_take,84668
1746465885.763690,ps_take_src,84668
1746465885.796074,img_end,3931782416
1746465885.797322,img_start,3931784467
1746465885.802564,FB_FRAMES,125485
1746465885.802564,SYM_FRAMES,124945
1746465885.805271,TX_FRAMES,124945
1746465885.829062,img_end,3931979024
1746465885.830248,ps_take,84669
1746465885.796673,ps_take_src,84669
1746465885.831056,img_start,3931980196
1746465885.835527,FB_FRAMES,125486
1746465885.835527,SYM_FRAMES,124946
1746465885.838261,TX_FRAMES,124946
1746465885.862794,ps_take,84670
1746465885.830422,ps_take_src,84670
1746465885.869263,FB_FRAMES,125487
1746465885.869263,SYM_FRAMES,124947
1746465885.872068,TX_FRAMES,124947
1746465885.895827,ps_take,84671
1746465885.862969,ps_take_src,84671
1746465885.895427,img_end,3932372240
1746465885.896632,img_start,3932374058
1746465885.901932,FB_FRAMES,125488
1746465885.901932,SYM_FRAMES,124948
1746465885.904671,TX_FRAMES,124948
1746465885.928455,ps_take,84672
1746465885.895979,ps_take_src,84672
1746465885.934860,FB_FRAMES,125489
1746465885.934860,SYM_FRAMES,124949
1746465885.937613,TX_FRAMES,124949
1746465885.961035,img_end,3932765456
1746465885.962755,ps_take,84673
1746465885.928639,ps_take_src,84673
1746465885.963537,img_start,3932766059
1746465885.967518,FB_FRAMES,125490
1746465885.967518,SYM_FRAMES,124950
1746465885.970282,TX_FRAMES,124950
1746465885.995434,ps_take,84674
1746465885.962898,ps_take_src,84674
1746465886.001760,FB_FRAMES,125491
1746465886.001760,SYM_FRAMES,124951
1746465886.004519,TX_FRAMES,124951
1746465886.028221,ps_take,84675
1746465885.995591,ps_take_src,84675
1746465886.029022,img_start,3933161777
1746465886.034444,FB_FRAMES,125492
1746465886.034444,SYM_FRAMES,124952
1746465886.037206,TX_FRAMES,124952
1746465886.061020,ps_take,84676
1746465886.028357,ps_take_src,84676
1746465886.060734,img_end,3933355280
1746465886.061826,img_start,3933357062
1746465886.067226,FB_FRAMES,125493
1746465886.067226,SYM_FRAMES,124953
1746465886.070000,TX_FRAMES,124953
1746465886.093554,img_end,3933551888
1746465886.096872,ps_take,84677
1746465886.061172,ps_take_src,84677
1746465886.097655,img_start,3933553367
1746465886.100058,FB_FRAMES,125494
1746465886.100058,SYM_FRAMES,124954
1746465886.102779,TX_FRAMES,124954
1746465886.129836,ps_take,84678
1746465886.097018,ps_take_src,84678
1746465886.129380,img_end,3933748496
1746465886.130663,img_start,3933750144
1746465886.135857,FB_FRAMES,125495
1746465886.135857,SYM_FRAMES,124955
1746465886.138637,TX_FRAMES,124955
1746465886.162816,ps_take,84679
1746465886.129986,ps_take_src,84679
1746465886.162390,img_end,3933945104
1746465886.163649,img_start,3933948209
1746465886.168874,FB_FRAMES,125496
1746465886.168874,SYM_FRAMES,124956
1746465886.171646,TX_FRAMES,124956
1746465886.195467,ps_take,84680
1746465886.162955,ps_take_src,84680
1746465886.201815,FB_FRAMES,125497
1746465886.201815,SYM_FRAMES,124957
1746465886.204556,TX_FRAMES,124957
1746465886.228024,img_end,3934338320
1746465886.230319,ps_take,84681
1746465886.195630,ps_take_src,84681
1746465886.231129,img_start,3934340897
1746465886.234469,FB_FRAMES,125498
1746465886.234469,SYM_FRAMES,124958
1746465886.237203,TX_FRAMES,124958
1746465886.263350,ps_take,84682
1746465886.230477,ps_take_src,84682
1746465886.262836,img_end,3934534928
1746465886.264152,img_start,3934538033
1746465886.269355,FB_FRAMES,125499
1746465886.269355,SYM_FRAMES,124959
1746465886.272128,TX_FRAMES,124959
1746465886.296356,ps_take,84683
1746465886.263489,ps_take_src,84683
1746465886.295899,img_end,3934731536
1746465886.297161,img_start,3934734332
1746465886.302334,FB_FRAMES,125500
1746465886.302334,SYM_FRAMES,124960
1746465886.305118,TX_FRAMES,124960
1746465886.328896,ps_take,84684
1746465886.296499,ps_take_src,84684
1746465886.335348,FB_FRAMES,125501
1746465886.335348,SYM_FRAMES,124961
1746465886.338121,TX_FRAMES,124961
1746465886.361547,img_end,3935124752
1746465886.362746,ps_take,84685
1746465886.329052,ps_take_src,84685
1746465886.363586,img_start,3935127857
1746465886.368030,FB_FRAMES,125502
1746465886.368030,SYM_FRAMES,124962
1746465886.370721,TX_FRAMES,124962
1746465886.395224,ps_take,84686
1746465886.362905,ps_take_src,84686
1746465886.401807,FB_FRAMES,125503
1746465886.401807,SYM_FRAMES,124963
1746465886.404539,TX_FRAMES,124963
1746465886.428265,ps_take,84687
1746465886.395379,ps_take_src,84687
1746465886.427922,img_end,3935517968
1746465886.434382,FB_FRAMES,125504
1746465886.434382,SYM_FRAMES,124964
1746465886.435133,img_start,3935521073
1746465886.437192,TX_FRAMES,124964
1746465886.466996,ps_take,84688
1746465886.434474,ps_take_src,84688
1746465886.473340,FB_FRAMES,125505
1746465886.473340,SYM_FRAMES,124965
1746465886.476080,TX_FRAMES,124965
1746465886.499807,ps_take,84689
1746465886.467143,ps_take_src,84689
1746465886.499521,img_end,3935911184
1746465886.500613,img_start,3935914289
1746465886.505967,FB_FRAMES,125506
1746465886.505967,SYM_FRAMES,124966
1746465886.508734,TX_FRAMES,124966
1746465886.532262,ps_take,84690
1746465886.499956,ps_take_src,84690
1746465886.538851,FB_FRAMES,125507
1746465886.538851,SYM_FRAMES,124967
1746465886.541583,TX_FRAMES,124967
1746465886.565480,ps_take,84691
1746465886.532408,ps_take_src,84691
1746465886.564968,img_end,3936304400
1746465886.566224,img_start,3936306533
1746465886.571457,FB_FRAMES,125508
1746465886.571457,SYM_FRAMES,124968
1746465886.574172,TX_FRAMES,124968
1746465886.598186,ps_take,84692
1746465886.565594,ps_take_src,84692
1746465886.597954,img_end,3936501008
1746465886.599042,img_start,3936504113
1746465886.604403,SYM_FRAMES,124969
1746465886.604464,FB_FRAMES,125509
1746465886.607186,TX_FRAMES,124969
1746465886.631016,ps_take,84693
1746465886.598354,ps_take_src,84693
1746465886.630728,img_end,3936697616
1746465886.631822,img_start,3936700721
1746465886.637197,SYM_FRAMES,124970
1746465886.637258,FB_FRAMES,125510
1746465886.639952,TX_FRAMES,124970
1746465886.663813,ps_take,84694
1746465886.631165,ps_take_src,84694
1746465886.663525,img_end,3936894224
1746465886.664616,img_start,3936895388
1746465886.669995,FB_FRAMES,125511
1746465886.669995,SYM_FRAMES,124971
1746465886.672774,TX_FRAMES,124971
1746465886.696349,ps_take,84695
1746465886.663980,ps_take_src,84695
1746465886.702812,SYM_FRAMES,124972
1746465886.702907,FB_FRAMES,125512
1746465886.705589,TX_FRAMES,124972
1746465886.729416,ps_take,84696
1746465886.696477,ps_take_src,84696
1746465886.729015,img_end,3937287440
1746465886.730223,img_start,3937289199
1746465886.735473,FB_FRAMES,125513
1746465886.735473,SYM_FRAMES,124973
1746465886.738271,TX_FRAMES,124973
1746465886.762754,ps_take,84697
1746465886.729573,ps_take_src,84697
1746465886.761988,img_end,3937484048
1746465886.763551,img_start,3937486675
1746465886.768454,FB_FRAMES,125514
1746465886.768454,SYM_FRAMES,124974
1746465886.771212,TX_FRAMES,124974
1746465886.795608,ps_take,84698
1746465886.762892,ps_take_src,84698
1746465886.795262,img_end,3937680656
1746465886.796418,img_start,3937683019
1746465886.801747,FB_FRAMES,125515
1746465886.801747,SYM_FRAMES,124975
1746465886.804466,TX_FRAMES,124975
1746465886.828447,ps_take,84699
1746465886.795753,ps_take_src,84699
1746465886.828155,img_end,3937877264
1746465886.829315,img_start,3937880369
1746465886.834597,SYM_FRAMES,124976
1746465886.834658,FB_FRAMES,125516
1746465886.837356,TX_FRAMES,124976
1746465886.860985,ps_take,84700
1746465886.828618,ps_take_src,84700
1746465886.867477,FB_FRAMES,125517
1746465886.867477,SYM_FRAMES,124977
1746465886.870234,TX_FRAMES,124977
1746465886.893692,img_end,3938270480
1746465886.896200,ps_take,84701
1746465886.861159,ps_take_src,84701
1746465886.897047,img_start,3938273585
1746465886.900168,FB_FRAMES,125518
1746465886.900168,SYM_FRAMES,124978
1746465886.902926,TX_FRAMES,124978
1746465886.929090,ps_take,84702
1746465886.896355,ps_take_src,84702
1746465886.928746,img_end,3938467088
1746465886.929897,img_start,3938469007
1746465886.935201,SYM_FRAMES,124979
1746465886.935265,FB_FRAMES,125519
1746465886.937980,TX_FRAMES,124979
1746465886.962037,ps_take,84703
1746465886.929246,ps_take_src,84703
1746465886.961637,img_end,3938663696
1746465886.962872,img_start,3938664299
1746465886.968083,SYM_FRAMES,124980
1746465886.968145,FB_FRAMES,125520
1746465886.970881,TX_FRAMES,124980
1746465886.994723,ps_take,84704
1746465886.962197,ps_take_src,84704
1746465887.001076,FB_FRAMES,125521
1746465887.001076,SYM_FRAMES,124981
1746465887.003876,TX_FRAMES,124981
1746465887.027286,img_end,3939056912
1746465887.030027,ps_take,84705
1746465886.994870,ps_take_src,84705
1746465887.030895,img_start,3939060017
1746465887.033741,FB_FRAMES,125522
1746465887.033741,SYM_FRAMES,124982
1746465887.036475,TX_FRAMES,124982
1746465887.062797,ps_take,84706
1746465887.030195,ps_take_src,84706
1746465887.063653,img_start,3939256625
1746465887.069050,SYM_FRAMES,124983
1746465887.069111,FB_FRAMES,125523
1746465887.071826,TX_FRAMES,124983
1746465887.095310,ps_take,84707
1746465887.062964,ps_take_src,84707
1746465887.101841,FB_FRAMES,125524
1746465887.101841,SYM_FRAMES,124984
1746465887.104554,TX_FRAMES,124984
1746465887.127978,ps_take,84708
1746465887.095485,ps_take_src,84708
1746465887.134477,FB_FRAMES,125525
1746465887.134477,SYM_FRAMES,124985
1746465887.137228,TX_FRAMES,124985
1746465887.160680,img_end,3939843344
1746465887.162719,ps_take,84709
1746465887.128138,ps_take_src,84709
1746465887.163561,img_start,3939846449
1746465887.167107,SYM_FRAMES,124986
1746465887.167171,FB_FRAMES,125526
1746465887.169883,TX_FRAMES,124986
1746465887.195564,ps_take,84710
1746465887.162886,ps_take_src,84710
1746465887.195277,img_end,3940039952
1746465887.196369,img_start,3940041379
1746465887.201723,SYM_FRAMES,124987
1746465887.201784,FB_FRAMES,125527
1746465887.204489,TX_FRAMES,124987
1746465887.228470,ps_take,84711
1746465887.195715,ps_take_src,84711
1746465887.228127,img_end,3940236560
1746465887.229280,img_start,3940239665
1746465887.234592,FB_FRAMES,125528
1746465887.234592,SYM_FRAMES,124988
1746465887.237312,TX_FRAMES,124988
1746465887.260984,ps_take,84712
1746465887.228597,ps_take_src,84712
1746465887.267440,SYM_FRAMES,124989
1746465887.267502,FB_FRAMES,125529
1746465887.270191,TX_FRAMES,124989
1746465887.293629,img_end,3940629776
1746465887.296889,ps_take,84713
1746465887.261136,ps_take_src,84713
1746465887.297673,img_start,3940630743
1746465887.300097,FB_FRAMES,125530
1746465887.300097,SYM_FRAMES,124990
1746465887.302873,TX_FRAMES,124990
1746465887.329609,ps_take,84714
1746465887.297044,ps_take_src,84714
1746465887.330491,img_start,3940829489
1746465887.335879,FB_FRAMES,125531
1746465887.335879,SYM_FRAMES,124991
1746465887.338633,TX_FRAMES,124991
1746465887.362152,ps_take,84715
1746465887.329778,ps_take_src,84715
1746465887.362268,img_end,3941022992
1746465887.364232,img_start,3941025004
1746465887.368688,FB_FRAMES,125532
1746465887.368688,SYM_FRAMES,124992
1746465887.371425,TX_FRAMES,124992
1746465887.395994,ps_take,84716
1746465887.362287,ps_take_src,84716
1746465887.402464,FB_FRAMES,125533
1746465887.402464,SYM_FRAMES,124993
1746465887.405173,TX_FRAMES,124993
1746465887.428630,img_end,3941416208
1746465887.430310,ps_take,84717
1746465887.396146,ps_take_src,84717
1746465887.431120,img_start,3941419313
1746465887.435062,SYM_FRAMES,124994
1746465887.435123,FB_FRAMES,125534
1746465887.437865,TX_FRAMES,124994
1746465887.462970,ps_take,84718
1746465887.430457,ps_take_src,84718
1746465887.469312,FB_FRAMES,125535
1746465887.469312,SYM_FRAMES,124995
1746465887.472040,TX_FRAMES,124995
1746465887.495940,ps_take,84719
1746465887.463114,ps_take_src,84719
1746465887.495486,img_end,3941809424
1746465887.496742,img_start,3941810197
1746465887.501951,SYM_FRAMES,124996
1746465887.502011,FB_FRAMES,125536
1746465887.504697,TX_FRAMES,124996
1746465887.528515,ps_take,84720
1746465887.496103,ps_take_src,84720
1746465887.534935,SYM_FRAMES,124997
1746465887.534997,FB_FRAMES,125537
1746465887.537721,TX_FRAMES,124997
1746465887.561136,img_end,3942202640
1746465887.562738,ps_take,84721
1746465887.528668,ps_take_src,84721
1746465887.563577,img_start,3942205745
1746465887.567630,FB_FRAMES,125538
1746465887.567630,SYM_FRAMES,124998
1746465887.570343,TX_FRAMES,124998
1746465887.595551,ps_take,84722
1746465887.562901,ps_take_src,84722
1746465887.595320,img_end,3942399248
1746465887.596414,img_start,3942402353
1746465887.601745,SYM_FRAMES,124999
1746465887.601807,FB_FRAMES,125539
1746465887.604521,TX_FRAMES,124999
1746465887.628313,ps_take,84723
1746465887.595718,ps_take_src,84723
1746465887.629177,img_start,3942598961
1746465887.634595,FB_FRAMES,125540
1746465887.634595,SYM_FRAMES,125000
1746465887.637351,TX_FRAMES,125000
1746465887.660891,ps_take,84724
1746465887.628486,ps_take_src,84724
1746465887.667357,FB_FRAMES,125541
1746465887.667357,SYM_FRAMES,125001
1746465887.670122,TX_FRAMES,125001
1746465887.693543,img_end,3942989072
1746465887.696930,ps_take,84725
1746465887.661018,ps_take_src,84725
1746465887.697716,img_start,3942989083
1746465887.700022,FB_FRAMES,125542
1746465887.700022,SYM_FRAMES,125002
1746465887.702759,TX_FRAMES,125002
1746465887.729647,ps_take,84726
1746465887.697087,ps_take_src,84726
1746465887.730482,img_start,3943188785
1746465887.735937,FB_FRAMES,125543
1746465887.735937,SYM_FRAMES,125003
1746465887.738721,TX_FRAMES,125003
1746465887.762263,ps_take,84727
1746465887.729783,ps_take_src,84727
1746465887.768662,FB_FRAMES,125544
1746465887.768662,SYM_FRAMES,125004
1746465887.771425,TX_FRAMES,125004
1746465887.794820,ps_take,84728
1746465887.762471,ps_take_src,84728
1746465887.801375,FB_FRAMES,125545
1746465887.801375,SYM_FRAMES,125005
1746465887.804137,TX_FRAMES,125005
1746465887.827546,img_end,3943775504
1746465887.830014,ps_take,84729
1746465887.794945,ps_take_src,84729
1746465887.830945,img_start,3943778609
1746465887.834003,FB_FRAMES,125546
1746465887.834003,SYM_FRAMES,125006
1746465887.836702,TX_FRAMES,125006
1746465887.862911,ps_take,84730
1746465887.830244,ps_take_src,84730
1746465887.862624,img_end,3943972112
1746465887.863714,img_start,3943975217
1746465887.869108,FB_FRAMES,125547
1746465887.869108,SYM_FRAMES,125007
1746465887.871910,TX_FRAMES,125007
1746465887.895736,ps_take,84731
1746465887.863040,ps_take_src,84731
1746465887.895393,img_end,3944168720
1746465887.896595,img_start,3944171825
1746465887.901892,FB_FRAMES,125548
1746465887.901892,SYM_FRAMES,125008
1746465887.904615,TX_FRAMES,125008
1746465887.928313,ps_take,84732
1746465887.895901,ps_take_src,84732
1746465887.934746,SYM_FRAMES,125009
1746465887.934809,FB_FRAMES,125549
1746465887.937509,TX_FRAMES,125009
1746465887.960955,img_end,3944561936
1746465887.962735,ps_take,84733
1746465887.928482,ps_take_src,84733
1746465887.963525,img_start,3944562196
1746465887.967416,FB_FRAMES,125550
1746465887.967416,SYM_FRAMES,125010
1746465887.970183,TX_FRAMES,125010
1746465887.995212,ps_take,84734
1746465887.962890,ps_take_src,84734
1746465888.001789,FB_FRAMES,125551
1746465888.001789,SYM_FRAMES,125011
1746465888.004532,TX_FRAMES,125011
1746465888.028388,ps_take,84735
1746465887.995345,ps_take_src,84735
1746465888.027928,img_end,3944955152
1746465888.029257,img_start,3944958257
1746465888.034391,FB_FRAMES,125552
1746465888.034391,SYM_FRAMES,125012
1746465888.037136,TX_FRAMES,125012
1746465888.061009,ps_take,84736
1746465888.028560,ps_take_src,84736
1746465888.067415,SYM_FRAMES,125013
1746465888.067478,FB_FRAMES,125553
1746465888.070170,TX_FRAMES,125013
1746465888.093632,img_end,3945348368
1746465888.094715,ps_take,84737
1746465888.061157,ps_take_src,84737
1746465888.095503,img_start,3945350176
1746465888.100056,SYM_FRAMES,125014
1746465888.100121,FB_FRAMES,125554
1746465888.102831,TX_FRAMES,125014
1746465888.127460,ps_take,84738
1746465888.094866,ps_take_src,84738
1746465888.128267,img_start,3945548081
1746465888.133692,SYM_FRAMES,125015
1746465888.133754,FB_FRAMES,125555
1746465888.136425,TX_FRAMES,125015
1746465888.160377,ps_take,84739
1746465888.127584,ps_take_src,84739
1746465888.159976,img_end,3945741584
1746465888.161181,img_start,3945744689
1746465888.166466,FB_FRAMES,125556
1746465888.166466,SYM_FRAMES,125016
1746465888.169234,TX_FRAMES,125016
1746465888.193178,ps_take,84740
1746465888.160502,ps_take_src,84740
1746465888.192890,img_end,3945938192
1746465888.194034,img_start,3945941297
1746465888.199342,SYM_FRAMES,125017
1746465888.199405,FB_FRAMES,125557
1746465888.202136,TX_FRAMES,125017
1746465888.225956,ps_take,84741
1746465888.193337,ps_take_src,84741
1746465888.232219,FB_FRAMES,125558
1746465888.232219,SYM_FRAMES,125018
1746465888.234940,TX_FRAMES,125018
1746465888.258639,ps_take,84742
1746465888.226055,ps_take_src,84742
1746465888.258465,img_end,3946331408
1746465888.261985,img_start,3946332081
1746465888.264923,FB_FRAMES,125559
1746465888.264923,SYM_FRAMES,125019
1746465888.267728,TX_FRAMES,125019
1746465888.293710,ps_take,84743
1746465888.261299,ps_take_src,84743
1746465888.300193,FB_FRAMES,125560
1746465888.300193,SYM_FRAMES,125020
1746465888.302998,TX_FRAMES,125020
1746465888.326514,ps_take,84744
1746465888.293889,ps_take_src,84744
1746465888.332855,FB_FRAMES,125561
1746465888.332855,SYM_FRAMES,125021
1746465888.335611,TX_FRAMES,125021
1746465888.358931,ps_take,84745
1746465888.326638,ps_take_src,84745
1746465888.359029,img_end,3946921232
1746465888.363247,img_start,3946922769
1746465888.365515,FB_FRAMES,125562
1746465888.365515,SYM_FRAMES,125022
1746465888.368238,TX_FRAMES,125022
1746465888.395321,ps_take,84746
1746465888.362593,ps_take_src,84746
1746465888.394977,img_end,3947117840
1746465888.396127,img_start,3947120945
1746465888.401475,FB_FRAMES,125563
1746465888.401475,SYM_FRAMES,125023
1746465888.404206,TX_FRAMES,125023
1746465888.427885,ps_take,84747
1746465888.395451,ps_take_src,84747
1746465888.434325,FB_FRAMES,125564
1746465888.434325,SYM_FRAMES,125024
1746465888.437054,TX_FRAMES,125024
1746465888.460391,ps_take,84748
1746465888.428054,ps_take_src,84748
1746465888.466974,FB_FRAMES,125565
1746465888.466974,SYM_FRAMES,125025
1746465888.469675,TX_FRAMES,125025
1746465888.493136,img_end,3947707664
1746465888.496299,ps_take,84749
1746465888.460586,ps_take_src,84749
1746465888.497149,img_start,3947710769
1746465888.499605,FB_FRAMES,125566
1746465888.499605,SYM_FRAMES,125026
1746465888.502373,TX_FRAMES,125026
1746465888.529113,ps_take,84750
1746465888.496482,ps_take_src,84750
1746465888.528883,img_end,3947904272
1746465888.529973,img_start,3947907377
1746465888.535325,SYM_FRAMES,125027
1746465888.535386,FB_FRAMES,125567
1746465888.538088,TX_FRAMES,125027
1746465888.561669,ps_take,84751
1746465888.529274,ps_take_src,84751
1746465888.568123,SYM_FRAMES,125028
1746465888.568186,FB_FRAMES,125568
1746465888.570906,TX_FRAMES,125028
1746465888.594800,ps_take,84752
1746465888.561852,ps_take_src,84752
1746465888.594320,img_end,3948297488
1746465888.595597,img_start,3948300593
1746465888.600769,SYM_FRAMES,125029
1746465888.600832,FB_FRAMES,125569
1746465888.603524,TX_FRAMES,125029
1746465888.627320,img_end,3948494096
1746465888.630344,ps_take,84753
1746465888.594916,ps_take_src,84753
1746465888.631156,img_start,3948496260
1746465888.633799,FB_FRAMES,125570
1746465888.633799,SYM_FRAMES,125030
1746465888.636524,TX_FRAMES,125030
1746465888.663105,ps_take,84754
1746465888.630509,ps_take_src,84754
1746465888.662873,img_end,3948690704
1746465888.663964,img_start,3948693809
1746465888.669359,FB_FRAMES,125571
1746465888.669359,SYM_FRAMES,125031
1746465888.672073,TX_FRAMES,125031
1746465888.695940,ps_take,84755
1746465888.663272,ps_take_src,84755
1746465888.695655,img_end,3948887312
1746465888.696726,img_start,3948889568
1746465888.702157,FB_FRAMES,125572
1746465888.702157,SYM_FRAMES,125032
1746465888.704849,TX_FRAMES,125032
1746465888.728471,ps_take,84756
1746465888.696068,ps_take_src,84756
1746465888.734908,SYM_FRAMES,125033
1746465888.734971,FB_FRAMES,125573
1746465888.737694,TX_FRAMES,125033
1746465888.761097,img_end,3949280528
1746465888.762764,ps_take,84757
1746465888.728604,ps_take_src,84757
1746465888.763546,img_start,3949280751
1746465888.767589,FB_FRAMES,125574
1746465888.767589,SYM_FRAMES,125034
1746465888.770369,TX_FRAMES,125034
1746465888.795548,ps_take,84758
1746465888.762914,ps_take_src,84758
1746465888.795317,img_end,3949477136
1746465888.796410,img_start,3949480241
1746465888.801760,FB_FRAMES,125575
1746465888.801760,SYM_FRAMES,125035
1746465888.804563,TX_FRAMES,125035
1746465888.828561,ps_take,84759
1746465888.795724,ps_take_src,84759
1746465888.828105,img_end,3949673744
1746465888.829422,img_start,3949676849
1746465888.834584,FB_FRAMES,125576
1746465888.834584,SYM_FRAMES,125036
1746465888.837385,TX_FRAMES,125036
1746465888.861518,ps_take,84760
1746465888.828730,ps_take_src,84760
1746465888.861121,img_end,3949870352
1746465888.862313,img_start,3949872764
1746465888.867583,FB_FRAMES,125577
1746465888.867583,SYM_FRAMES,125037
1746465888.870319,TX_FRAMES,125037
1746465888.894039,img_end,3950066960
1746465888.896362,ps_take,84761
1746465888.861657,ps_take_src,84761
1746465888.897202,img_start,3950067347
1746465888.900525,FB_FRAMES,125578
1746465888.900525,SYM_FRAMES,125038
1746465888.903235,TX_FRAMES,125038
1746465888.929337,ps_take,84762
1746465888.896535,ps_take_src,84762
1746465888.928939,img_end,3950263568
1746465888.930194,img_start,3950266388
1746465888.935452,FB_FRAMES,125579
1746465888.935452,SYM_FRAMES,125039
1746465888.938146,TX_FRAMES,125039
1746465888.962157,ps_take,84763
1746465888.929522,ps_take_src,84763
1746465888.961924,img_end,3950460176
1746465888.963047,img_start,3950463281
1746465888.968395,FB_FRAMES,125580
1746465888.968395,SYM_FRAMES,125040
1746465888.971108,TX_FRAMES,125040
1746465888.994791,ps_take,84764
1746465888.962334,ps_take_src,84764
1746465889.001209,SYM_FRAMES,125041
1746465889.001272,FB_FRAMES,125581
1746465889.004005,TX_FRAMES,125041
1746465889.027420,img_end,3950853392
1746465889.030586,ps_take,84765
1746465888.994956,ps_take_src,84765
1746465889.031347,img_start,3950854000
1746465889.033851,SYM_FRAMES,125042
1746465889.033912,FB_FRAMES,125582
1746465889.036593,TX_FRAMES,125042
1746465889.063418,ps_take,84766
1746465889.030714,ps_take_src,84766
1746465889.063075,img_end,3951050000
1746465889.064221,img_start,3951053105
1746465889.069568,FB_FRAMES,125583
1746465889.069568,SYM_FRAMES,125043
1746465889.072330,TX_FRAMES,125043
1746465889.096370,ps_take,84767
1746465889.063562,ps_take_src,84767
1746465889.095913,img_end,3951246608
1746465889.097226,img_start,3951249713
1746465889.102405,FB_FRAMES,125584
1746465889.102405,SYM_FRAMES,125044
1746465889.105150,TX_FRAMES,125044
1746465889.129213,ps_take,84768
1746465889.096538,ps_take_src,84768
1746465889.128925,img_end,3951443216
1746465889.130025,img_start,3951445340
1746465889.135402,FB_FRAMES,125585
1746465889.135402,SYM_FRAMES,125045
1746465889.138138,TX_FRAMES,125045
1746465889.162762,ps_take,84769
1746465889.129364,ps_take_src,84769
1746465889.161772,img_end,3951639824
1746465889.163555,img_start,3951642295
1746465889.168203,SYM_FRAMES,125046
1746465889.168264,FB_FRAMES,125586
1746465889.171010,TX_FRAMES,125046
1746465889.195243,ps_take,84770
1746465889.162897,ps_take_src,84770
1746465889.201804,FB_FRAMES,125587
1746465889.201804,SYM_FRAMES,125047
1746465889.204543,TX_FRAMES,125047
1746465889.227901,ps_take,84771
1746465889.195404,ps_take_src,84771
1746465889.234413,FB_FRAMES,125588
1746465889.234413,SYM_FRAMES,125048
1746465889.237190,TX_FRAMES,125048
1746465889.260990,ps_take,84772
1746465889.228060,ps_take_src,84772
1746465889.260592,img_end,3952229648
1746465889.261785,img_start,3952230853
1746465889.267034,SYM_FRAMES,125049
1746465889.267100,FB_FRAMES,125589
1746465889.269796,TX_FRAMES,125049
1746465889.293520,img_end,3952426256
1746465889.296678,ps_take,84773
1746465889.261144,ps_take_src,84773
1746465889.297464,img_start,3952426349
1746465889.299993,FB_FRAMES,125590
1746465889.299993,SYM_FRAMES,125050
1746465889.302719,TX_FRAMES,125050
1746465889.329504,ps_take,84774
1746465889.296843,ps_take_src,84774
1746465889.329218,img_end,3952622864
1746465889.330303,img_start,3952625969
1746465889.335674,FB_FRAMES,125591
1746465889.335674,SYM_FRAMES,125051
1746465889.338461,TX_FRAMES,125051
1746465889.362142,ps_take,84775
1746465889.329636,ps_take_src,84775
1746465889.368469,SYM_FRAMES,125052
1746465889.368532,FB_FRAMES,125592
1746465889.371230,TX_FRAMES,125052
1746465889.394811,ps_take,84776
1746465889.362301,ps_take_src,84776
1746465889.401186,FB_FRAMES,125593
1746465889.401186,SYM_FRAMES,125053
1746465889.403973,TX_FRAMES,125053
1746465889.427359,img_end,3953212688
1746465889.430624,ps_take,84777
1746465889.394990,ps_take_src,84777
1746465889.431400,img_start,3953212917
1746465889.433831,FB_FRAMES,125594
1746465889.433831,SYM_FRAMES,125054
1746465889.436563,TX_FRAMES,125054
1746465889.463245,ps_take,84778
1746465889.430773,ps_take_src,84778
1746465889.469601,SYM_FRAMES,125055
1746465889.469663,FB_FRAMES,125595
1746465889.472358,TX_FRAMES,125055
1746465889.496220,ps_take,84779
1746465889.463414,ps_take_src,84779
1746465889.495820,img_end,3953605904
1746465889.497028,img_start,3953608520
1746465889.502252,SYM_FRAMES,125056
1746465889.502313,FB_FRAMES,125596
1746465889.505017,TX_FRAMES,125056
1746465889.529032,ps_take,84780
1746465889.496372,ps_take_src,84780
1746465889.528745,img_end,3953802512
1746465889.529897,img_start,3953805617
1746465889.535253,FB_FRAMES,125597
1746465889.535253,SYM_FRAMES,125057
1746465889.537956,TX_FRAMES,125057
1746465889.561587,img_end,3953999120
1746465889.562751,ps_take,84781
1746465889.529199,ps_take_src,84781
1746465889.563533,img_start,3954000247
1746465889.568056,FB_FRAMES,125598
1746465889.568056,SYM_FRAMES,125058
1746465889.570837,TX_FRAMES,125058
1746465889.595655,ps_take,84782
1746465889.562892,ps_take_src,84782
1746465889.595256,img_end,3954195728
1746465889.596454,img_start,3954198241
1746465889.601754,FB_FRAMES,125599
1746465889.601754,SYM_FRAMES,125059
1746465889.604542,TX_FRAMES,125059
1746465889.628688,ps_take,84783
1746465889.595800,ps_take_src,84783
1746465889.628175,img_end,3954392336
1746465889.629486,img_start,3954395441
1746465889.634632,SYM_FRAMES,125060
1746465889.634693,FB_FRAMES,125600
1746465889.637380,TX_FRAMES,125060
1746465889.661686,ps_take,84784
1746465889.628814,ps_take_src,84784
1746465889.661227,img_end,3954588944
1746465889.662526,img_start,3954592049
1746465889.667700,FB_FRAMES,125601
1746465889.667700,SYM_FRAMES,125061
1746465889.670421,TX_FRAMES,125061
1746465889.694227,img_end,3954785552
1746465889.697024,ps_take,84785
1746465889.661810,ps_take_src,84785
1746465889.697805,img_start,3954788657
1746465889.700722,FB_FRAMES,125602
1746465889.700722,SYM_FRAMES,125062
1746465889.703452,TX_FRAMES,125062
1746465889.729687,ps_take,84786
1746465889.697152,ps_take_src,84786
1746465889.729515,img_end,3954982160
1746465889.730575,img_start,3954985265
1746465889.736005,FB_FRAMES,125603
1746465889.736005,SYM_FRAMES,125063
1746465889.738720,TX_FRAMES,125063
1746465889.762802,ps_take,84787
1746465889.729846,ps_take_src,84787
1746465889.762261,img_end,3955178768
1746465889.763599,img_start,3955180822
1746465889.768726,FB_FRAMES,125604
1746465889.768726,SYM_FRAMES,125064
1746465889.771470,TX_FRAMES,125064
1746465889.795554,ps_take,84788
1746465889.762953,ps_take_src,84788
1746465889.796350,img_start,3955378481
1746465889.801814,FB_FRAMES,125605
1746465889.801814,SYM_FRAMES,125065
1746465889.804539,TX_FRAMES,125065
1746465889.828039,img_end,3955571984
1746465889.830283,ps_take,84789
1746465889.795673,ps_take_src,84789
1746465889.831092,img_start,3955574784
1746465889.834542,FB_FRAMES,125606
1746465889.834542,SYM_FRAMES,125066
1746465889.837263,TX_FRAMES,125066
1746465889.862962,ps_take,84790
1746465889.830445,ps_take_src,84790
1746465889.869266,SYM_FRAMES,125067
1746465889.869328,FB_FRAMES,125607
1746465889.872068,TX_FRAMES,125067
1746465889.895427,ps_take,84791
1746465889.863118,ps_take_src,84791
1746465889.901981,FB_FRAMES,125608
1746465889.901981,SYM_FRAMES,125068
1746465889.904751,TX_FRAMES,125068
1746465889.928459,ps_take,84792
1746465889.895591,ps_take_src,84792
1746465889.928173,img_end,3956161808
1746465889.929262,img_start,3956164023
1746465889.934596,SYM_FRAMES,125069
1746465889.934696,FB_FRAMES,125609
1746465889.937407,TX_FRAMES,125069
1746465889.961004,img_end,3956358416
1746465889.962779,ps_take,84793
1746465889.928604,ps_take_src,84793
1746465889.963567,img_start,3956360665
1746465889.967454,FB_FRAMES,125610
1746465889.967454,SYM_FRAMES,125070
1746465889.970180,TX_FRAMES,125070
1746465889.995512,ps_take,84794
1746465889.962912,ps_take_src,84794
1746465889.996319,img_start,3956556575
1746465890.001745,SYM_FRAMES,125071
1746465890.001807,FB_FRAMES,125611
1746465890.004563,TX_FRAMES,125071
1746465890.028540,ps_take,84795
1746465889.995667,ps_take_src,84795
1746465890.028083,img_end,3956751632
1746465890.029349,img_start,3956753581
1746465890.034517,FB_FRAMES,125612
1746465890.034517,SYM_FRAMES,125072
1746465890.037299,TX_FRAMES,125072
1746465890.060982,ps_take,84796
1746465890.028683,ps_take_src,84796
1746465890.067561,FB_FRAMES,125613
1746465890.067561,SYM_FRAMES,125073
1746465890.070341,TX_FRAMES,125073
1746465890.093735,img_end,3957144848
1746465890.096643,ps_take,84797
1746465890.061150,ps_take_src,84797
1746465890.097482,img_start,3957147953
1746465890.100192,FB_FRAMES,125614
1746465890.100192,SYM_FRAMES,125074
1746465890.102957,TX_FRAMES,125074
1746465890.129382,ps_take,84798
1746465890.096790,ps_take_src,84798
1746465890.135631,SYM_FRAMES,125075
1746465890.135693,FB_FRAMES,125615
1746465890.138365,TX_FRAMES,125075
1746465890.162202,ps_take,84799
1746465890.129537,ps_take_src,84799
1746465890.161912,img_end,3957538064
1746465890.163030,img_start,3957540682
1746465890.168392,FB_FRAMES,125616
1746465890.168392,SYM_FRAMES,125076
1746465890.171181,TX_FRAMES,125076
1746465890.194741,ps_take,84800
1746465890.162348,ps_take_src,84800
1746465890.201276,FB_FRAMES,125617
1746465890.201276,SYM_FRAMES,125077
1746465890.203975,TX_FRAMES,125077
1746465890.227427,img_end,3957931280
1746465890.230684,ps_take,84801
1746465890.194870,ps_take_src,84801
1746465890.231462,img_start,3957934385
1746465890.233902,FB_FRAMES,125618
1746465890.233902,SYM_FRAMES,125078
1746465890.236644,TX_FRAMES,125078
1746465890.263452,ps_take,84802
1746465890.230804,ps_take_src,84802
1746465890.263166,img_end,3958127888
1746465890.264251,img_start,3958129308
1746465890.269631,SYM_FRAMES,125079
1746465890.269692,FB_FRAMES,125619
1746465890.272452,TX_FRAMES,125079
1746465890.296454,ps_take,84803
1746465890.263614,ps_take_src,84803
1746465890.295999,img_end,3958324496
1746465890.297254,img_start,3958325796
1746465890.302482,FB_FRAMES,125620
1746465890.302482,SYM_FRAMES,125080
1746465890.305244,TX_FRAMES,125080
1746465890.329177,ps_take,84804
1746465890.296609,ps_take_src,84804
1746465890.335475,FB_FRAMES,125621
1746465890.335475,SYM_FRAMES,125081
1746465890.338221,TX_FRAMES,125081
1746465890.361704,img_end,3958717712
1746465890.362743,ps_take,84805
1746465890.329318,ps_take_src,84805
1746465890.363588,img_start,3958720817
1746465890.368182,FB_FRAMES,125622
1746465890.368182,SYM_FRAMES,125082
1746465890.370901,TX_FRAMES,125082
1746465890.395752,ps_take,84806
1746465890.362897,ps_take_src,84806
1746465890.395298,img_end,3958914320
1746465890.396613,img_start,3958917425
1746465890.401776,FB_FRAMES,125623
1746465890.401776,SYM_FRAMES,125083
1746465890.404539,TX_FRAMES,125083
1746465890.428367,ps_take,84807
1746465890.395925,ps_take_src,84807
1746465890.434775,SYM_FRAMES,125084
1746465890.434837,FB_FRAMES,125624
1746465890.437539,TX_FRAMES,125084
1746465890.460922,ps_take,84808
1746465890.428511,ps_take_src,84808
1746465890.467443,FB_FRAMES,125625
1746465890.467443,SYM_FRAMES,125085
1746465890.470161,TX_FRAMES,125085
1746465890.493620,img_end,3959504144
1746465890.494720,ps_take,84809
1746465890.461040,ps_take_src,84809
1746465890.495499,img_start,3959505483
1746465890.500090,FB_FRAMES,125626
1746465890.500090,SYM_FRAMES,125086
1746465890.502825,TX_FRAMES,125086
1746465890.527631,ps_take,84810
1746465890.494866,ps_take_src,84810
1746465890.527232,img_end,3959700752
1746465890.528434,img_start,3959703857
1746465890.533698,FB_FRAMES,125627
1746465890.533698,SYM_FRAMES,125087
1746465890.536430,TX_FRAMES,125087
1746465890.560469,ps_take,84811
1746465890.527751,ps_take_src,84811
1746465890.560177,img_end,3959897360
1746465890.561330,img_start,3959900465
1746465890.566600,SYM_FRAMES,125088
1746465890.566666,FB_FRAMES,125628
1746465890.569342,TX_FRAMES,125088
1746465890.593391,ps_take,84812
1746465890.560660,ps_take_src,84812
1746465890.593044,img_end,3960093968
1746465890.594246,img_start,3960097073
1746465890.599469,SYM_FRAMES,125089
1746465890.599534,FB_FRAMES,125629
1746465890.602231,TX_FRAMES,125089
1746465890.625839,ps_take,84813
1746465890.593507,ps_take_src,84813
1746465890.632432,FB_FRAMES,125630
1746465890.632432,SYM_FRAMES,125090
1746465890.635167,TX_FRAMES,125090
1746465890.658557,ps_take,84814
1746465890.625986,ps_take_src,84814
1746465890.658656,img_end,3960487184
1746465890.662181,img_start,3960490289
1746465890.665079,FB_FRAMES,125631
1746465890.665079,SYM_FRAMES,125091
1746465890.667796,TX_FRAMES,125091
1746465890.693909,ps_take,84815
1746465890.661496,ps_take_src,84815
1746465890.700354,FB_FRAMES,125632
1746465890.700354,SYM_FRAMES,125092
1746465890.703123,TX_FRAMES,125092
1746465890.726579,ps_take,84816
1746465890.694066,ps_take_src,84816
1746465890.733019,FB_FRAMES,125633
1746465890.733019,SYM_FRAMES,125093
1746465890.735737,TX_FRAMES,125093
1746465890.759368,ps_take,84817
1746465890.726705,ps_take_src,84817
1746465890.759195,img_end,3961077008
1746465890.763229,img_start,3961079121
1746465890.765682,FB_FRAMES,125634
1746465890.765682,SYM_FRAMES,125094
1746465890.768426,TX_FRAMES,125094
1746465890.795291,ps_take,84818
1746465890.762527,ps_take_src,84818
1746465890.794946,img_end,3961273616
1746465890.796155,img_start,3961276721
1746465890.801453,FB_FRAMES,125635
1746465890.801453,SYM_FRAMES,125095
1746465890.804163,TX_FRAMES,125095
1746465890.827874,ps_take,84819
1746465890.795465,ps_take_src,84819
1746465890.834314,FB_FRAMES,125636
1746465890.834314,SYM_FRAMES,125096
1746465890.837085,TX_FRAMES,125096
1746465890.860805,ps_take,84820
1746465890.828042,ps_take_src,84820
1746465890.860518,img_end,3961666832
1746465890.861609,img_start,3961667645
1746465890.866984,FB_FRAMES,125637
1746465890.866984,SYM_FRAMES,125097
1746465890.869734,TX_FRAMES,125097
1746465890.893350,img_end,3961863440
1746465890.897007,ps_take,84821
1746465890.860974,ps_take_src,84821
1746465890.897793,img_start,3961865313
1746465890.899855,FB_FRAMES,125638
1746465890.899855,SYM_FRAMES,125098
1746465890.902557,TX_FRAMES,125098
1746465890.929811,ps_take,84822
1746465890.897153,ps_take_src,84822
1746465890.929525,img_end,3962060048
1746465890.930640,img_start,3962062162
1746465890.935981,SYM_FRAMES,125099
1746465890.936042,FB_FRAMES,125639
1746465890.938773,TX_FRAMES,125099
1746465890.962688,ps_take,84823
1746465890.929969,ps_take_src,84823
1746465890.962377,img_end,3962256656
1746465890.963520,img_start,3962259761
1746465890.968850,FB_FRAMES,125640
1746465890.968850,SYM_FRAMES,125100
1746465890.971558,TX_FRAMES,125100
1746465890.995430,ps_take,84824
1746465890.962842,ps_take_src,84824
1746465890.996286,img_start,3962456369
1746465891.001685,SYM_FRAMES,125101
1746465891.001747,FB_FRAMES,125641
1746465891.004484,TX_FRAMES,125101
1746465891.027999,img_end,3962649872
1746465891.030350,ps_take,84825
1746465890.995595,ps_take_src,84825
1746465891.031159,img_start,3962651262
1746465891.034436,SYM_FRAMES,125102
1746465891.034503,FB_FRAMES,125642
1746465891.037204,TX_FRAMES,125102
1746465891.063229,ps_take,84826
1746465891.030530,ps_take_src,84826
1746465891.062885,img_end,3962846480
1746465891.064078,img_start,3962848988
1746465891.069353,FB_FRAMES,125643
1746465891.069353,SYM_FRAMES,125103
1746465891.072168,TX_FRAMES,125103
1746465891.095967,ps_take,84827
1746465891.063371,ps_take_src,84827
1746465891.096829,img_start,3963046193
1746465891.102298,FB_FRAMES,125644
1746465891.102298,SYM_FRAMES,125104
1746465891.105022,TX_FRAMES,125104
1746465891.128681,ps_take,84828
1746465891.096140,ps_take_src,84828
1746465891.135010,FB_FRAMES,125645
1746465891.135010,SYM_FRAMES,125105
1746465891.137761,TX_FRAMES,125105
1746465891.161205,img_end,3963436304
1746465891.162762,ps_take,84829
1746465891.128813,ps_take_src,84829
1746465891.163548,img_start,3963436504
1746465891.167680,FB_FRAMES,125646
1746465891.167680,SYM_FRAMES,125106
1746465891.170381,TX_FRAMES,125106
1746465891.195492,ps_take,84830
1746465891.162914,ps_take_src,84830
1746465891.201761,FB_FRAMES,125647
1746465891.201761,SYM_FRAMES,125107
1746465891.204487,TX_FRAMES,125107
1746465891.228496,ps_take,84831
1746465891.195645,ps_take_src,84831
1746465891.228044,img_end,3963829520
1746465891.229296,img_start,3963832625
1746465891.234488,SYM_FRAMES,125108
1746465891.234550,FB_FRAMES,125648
1746465891.237239,TX_FRAMES,125108
1746465891.260892,ps_take,84832
1746465891.228615,ps_take_src,84832
1746465891.267491,FB_FRAMES,125649
1746465891.267491,SYM_FRAMES,125109
1746465891.270216,TX_FRAMES,125109
1746465891.293644,img_end,3964222736
1746465891.296863,ps_take,84833
1746465891.261050,ps_take_src,84833
1746465891.297676,img_start,3964225841
1746465891.300099,SYM_FRAMES,125110
1746465891.300160,FB_FRAMES,125650
1746465891.302833,TX_FRAMES,125110
1746465891.329589,ps_take,84834
1746465891.297007,ps_take_src,84834
1746465891.329358,img_end,3964419344
1746465891.334948,img_start,3964422449
1746465891.335826,SYM_FRAMES,125111
1746465891.335886,FB_FRAMES,125651
1746465891.338627,TX_FRAMES,125111
1746465891.366664,ps_take,84835
1746465891.329767,ps_take_src,84835
1746465891.373120,FB_FRAMES,125652
1746465891.373120,SYM_FRAMES,125112
1746465891.375885,TX_FRAMES,125112
1746465891.399348,ps_take,84836
1746465891.366802,ps_take_src,84836
1746465891.405802,FB_FRAMES,125653
1746465891.405802,SYM_FRAMES,125113
1746465891.408514,TX_FRAMES,125113
1746465891.431947,ps_take,84837
1746465891.399518,ps_take_src,84837
1746465891.438471,FB_FRAMES,125654
1746465891.438471,SYM_FRAMES,125114
1746465891.441188,TX_FRAMES,125114
1746465891.464882,ps_take,84838
1746465891.432061,ps_take_src,84838
1746465891.464595,img_end,3965205776
1746465891.466014,img_start,3965208881
1746465891.471056,SYM_FRAMES,125115
1746465891.471120,FB_FRAMES,125655
1746465891.473845,TX_FRAMES,125115
1746465891.497667,ps_take,84839
1746465891.465372,ps_take_src,84839
1746465891.504183,FB_FRAMES,125656
1746465891.504183,SYM_FRAMES,125116
1746465891.506978,TX_FRAMES,125116
1746465891.530708,ps_take,84840
1746465891.497781,ps_take_src,84840
1746465891.531462,img_start,3965600074
1746465891.536861,FB_FRAMES,125657
1746465891.536861,SYM_FRAMES,125117
1746465891.539626,TX_FRAMES,125117
1746465891.563371,ps_take,84841
1746465891.530831,ps_take_src,84841
1746465891.569697,FB_FRAMES,125658
1746465891.569697,SYM_FRAMES,125118
1746465891.572418,TX_FRAMES,125118
1746465891.596322,ps_take,84842
1746465891.563506,ps_take_src,84842
1746465891.595866,img_end,3965992208
1746465891.597178,img_start,3965995313
1746465891.602347,FB_FRAMES,125659
1746465891.602347,SYM_FRAMES,125119
1746465891.605122,TX_FRAMES,125119
1746465891.629116,ps_take,84843
1746465891.596487,ps_take_src,84843
1746465891.628887,img_end,3966188816
1746465891.629975,img_start,3966191921
1746465891.635369,FB_FRAMES,125660
1746465891.635369,SYM_FRAMES,125120
1746465891.638066,TX_FRAMES,125120
1746465891.661751,ps_take,84844
1746465891.629293,ps_take_src,84844
1746465891.668134,SYM_FRAMES,125121
1746465891.668197,FB_FRAMES,125661
1746465891.670947,TX_FRAMES,125121
1746465891.694321,img_end,3966582032
1746465891.697566,ps_take,84845
1746465891.661920,ps_take_src,84845
1746465891.698341,img_start,3966582223
1746465891.700802,FB_FRAMES,125662
1746465891.700802,SYM_FRAMES,125122
1746465891.703521,TX_FRAMES,125122
1746465891.730047,ps_take,84846
1746465891.697711,ps_take_src,84846
1746465891.736552,FB_FRAMES,125663
1746465891.736552,SYM_FRAMES,125123
1746465891.739339,TX_FRAMES,125123
1746465891.762780,ps_take,84847
1746465891.730172,ps_take_src,84847
1746465891.769203,FB_FRAMES,125664
1746465891.769203,SYM_FRAMES,125124
1746465891.772000,TX_FRAMES,125124
1746465891.795355,ps_take,84848
1746465891.762935,ps_take_src,84848
1746465891.801857,FB_FRAMES,125665
1746465891.801857,SYM_FRAMES,125125
1746465891.804600,TX_FRAMES,125125
1746465891.828055,img_end,3967368464
1746465891.829906,ps_take,84849
1746465891.795484,ps_take_src,84849
1746465891.830713,img_start,3967371569
1746465891.834493,SYM_FRAMES,125126
1746465891.834554,FB_FRAMES,125666
1746465891.837252,TX_FRAMES,125126
1746465891.862801,ps_take,84850
1746465891.830027,ps_take_src,84850
1746465891.862456,img_end,3967565072
1746465891.863602,img_start,3967567575
1746465891.868880,SYM_FRAMES,125127
1746465891.868944,FB_FRAMES,125667
1746465891.871676,TX_FRAMES,125127
1746465891.895304,ps_take,84851
1746465891.862956,ps_take_src,84851
1746465891.901808,FB_FRAMES,125668
1746465891.901808,SYM_FRAMES,125128
1746465891.904583,TX_FRAMES,125128
1746465891.927887,ps_take,84852
1746465891.895452,ps_take_src,84852
1746465891.934470,FB_FRAMES,125669
1746465891.934470,SYM_FRAMES,125129
1746465891.937209,TX_FRAMES,125129
1746465891.960645,img_end,3968154896
1746465891.962478,ps_take,84853
1746465891.928052,ps_take_src,84853
1746465891.963264,img_start,3968157641
1746465891.967114,FB_FRAMES,125670
1746465891.967114,SYM_FRAMES,125130
1746465891.969826,TX_FRAMES,125130
1746465891.995265,ps_take,84854
1746465891.962604,ps_take_src,84854
1746465891.994979,img_end,3968351504
1746465891.996070,img_start,3968352683
1746465892.001460,FB_FRAMES,125671
1746465892.001460,SYM_FRAMES,125131
1746465892.004189,TX_FRAMES,125131
1746465892.027707,ps_take,84855
1746465891.995428,ps_take_src,84855
1746465892.034300,FB_FRAMES,125672
1746465892.034300,SYM_FRAMES,125132
1746465892.037057,TX_FRAMES,125132
1746465892.060888,ps_take,84856
1746465892.027854,ps_take_src,84856
1746465892.060489,img_end,3968744720
1746465892.061687,img_start,3968747235
1746465892.066931,FB_FRAMES,125673
1746465892.066931,SYM_FRAMES,125133
1746465892.069719,TX_FRAMES,125133
1746465892.093416,img_end,3968941328
1746465892.097004,ps_take,84857
1746465892.061040,ps_take_src,84857
1746465892.097784,img_start,3968944433
1746465892.099894,FB_FRAMES,125674
1746465892.099894,SYM_FRAMES,125134
1746465892.102616,TX_FRAMES,125134
1746465892.129504,ps_take,84858
1746465892.097133,ps_take_src,84858
1746465892.135959,SYM_FRAMES,125135
1746465892.136021,FB_FRAMES,125675
1746465892.138751,TX_FRAMES,125135
1746465892.162160,ps_take,84859
1746465892.129642,ps_take_src,84859
1746465892.162160,img_end,3969334544
1746465892.164236,img_start,3969337649
1746465892.168603,SYM_FRAMES,125136
1746465892.168664,FB_FRAMES,125676
1746465892.171376,TX_FRAMES,125136
1746465892.196379,ps_take,84860
1746465892.162317,ps_take_src,84860
1746465892.195922,img_end,3969531152
1746465892.197179,img_start,3969534257
1746465892.202435,FB_FRAMES,125677
1746465892.202435,SYM_FRAMES,125137
1746465892.205209,TX_FRAMES,125137
1746465892.228891,img_end,3969727760
1746465892.230298,ps_take,84861
1746465892.196509,ps_take_src,84861
1746465892.231102,img_start,3969729534
1746465892.235351,FB_FRAMES,125678
1746465892.235351,SYM_FRAMES,125138
1746465892.238125,TX_FRAMES,125138
1746465892.262885,ps_take,84862
1746465892.230458,ps_take_src,84862
1746465892.269299,FB_FRAMES,125679
1746465892.269299,SYM_FRAMES,125139
1746465892.272081,TX_FRAMES,125139
1746465892.295933,ps_take,84863
1746465892.263005,ps_take_src,84863
1746465892.295476,img_end,3970120976
1746465892.296737,img_start,3970123710
1746465892.301946,FB_FRAMES,125680
1746465892.301946,SYM_FRAMES,125140
1746465892.304688,TX_FRAMES,125140
1746465892.328540,ps_take,84864
1746465892.296072,ps_take_src,84864
1746465892.334913,SYM_FRAMES,125141
1746465892.334975,FB_FRAMES,125681
1746465892.337674,TX_FRAMES,125141
1746465892.361105,img_end,3970514192
1746465892.362740,ps_take,84865
1746465892.328693,ps_take_src,84865
1746465892.363582,img_start,3970517297
1746465892.367588,FB_FRAMES,125682
1746465892.367588,SYM_FRAMES,125142
1746465892.370340,TX_FRAMES,125142
1746465892.395339,ps_take,84866
1746465892.362914,ps_take_src,84866
1746465892.401738,SYM_FRAMES,125143
1746465892.401801,FB_FRAMES,125683
1746465892.404529,TX_FRAMES,125143
1746465892.427853,ps_take,84867
1746465892.395472,ps_take_src,84867
1746465892.434453,FB_FRAMES,125684
1746465892.434453,SYM_FRAMES,125144
1746465892.437171,TX_FRAMES,125144
1746465892.460831,ps_take,84868
1746465892.428023,ps_take_src,84868
1746465892.461629,img_start,3971107121
1746465892.467082,FB_FRAMES,125685
1746465892.467082,SYM_FRAMES,125145
1746465892.469858,TX_FRAMES,125145
1746465892.493331,img_end,3971300624
1746465892.497979,ps_take,84869
1746465892.460958,ps_take_src,84869
1746465892.498791,img_start,3971303729
1746465892.499782,FB_FRAMES,125686
1746465892.499782,SYM_FRAMES,125146
1746465892.502535,TX_FRAMES,125146
1746465892.530524,ps_take,84870
1746465892.498104,ps_take_src,84870
1746465892.536948,SYM_FRAMES,125147
1746465892.537010,FB_FRAMES,125687
1746465892.539701,TX_FRAMES,125147
1746465892.563445,ps_take,84871
1746465892.530690,ps_take_src,84871
1746465892.563158,img_end,3971693840
1746465892.564236,img_start,3971696778
1746465892.569609,FB_FRAMES,125688
1746465892.569609,SYM_FRAMES,125148
1746465892.572354,TX_FRAMES,125148
1746465892.596344,ps_take,84872
1746465892.563579,ps_take_src,84872
1746465892.595946,img_end,3971890448
1746465892.597146,img_start,3971890659
1746465892.602415,FB_FRAMES,125689
1746465892.602415,SYM_FRAMES,125149
1746465892.605154,TX_FRAMES,125149
1746465892.628903,img_end,3972087056
1746465892.630718,ps_take,84873
1746465892.596517,ps_take_src,84873
1746465892.631504,img_start,3972088734
1746465892.635396,FB_FRAMES,125690
1746465892.635396,SYM_FRAMES,125150
1746465892.638127,TX_FRAMES,125150
1746465892.663570,ps_take,84874
1746465892.630863,ps_take_src,84874
1746465892.663228,img_end,3972283664
1746465892.664369,img_start,3972284056
1746465892.669698,FB_FRAMES,125691
1746465892.669698,SYM_FRAMES,125151
1746465892.672493,TX_FRAMES,125151
1746465892.696440,ps_take,84875
1746465892.663734,ps_take_src,84875
1746465892.696098,img_end,3972480272
1746465892.697223,img_start,3972480307
1746465892.702579,FB_FRAMES,125692
1746465892.702579,SYM_FRAMES,125152
1746465892.705389,TX_FRAMES,125152
1746465892.729225,ps_take,84876
1746465892.696587,ps_take_src,84876
1746465892.728995,img_end,3972676880
1746465892.730092,img_start,3972679985
1746465892.735433,FB_FRAMES,125693
1746465892.735433,SYM_FRAMES,125153
1746465892.738203,TX_FRAMES,125153
1746465892.762750,ps_take,84877
1746465892.729406,ps_take_src,84877
1746465892.761816,img_end,3972873488
1746465892.763545,img_start,3972876349
1746465892.768291,FB_FRAMES,125694
1746465892.768291,SYM_FRAMES,125154
1746465892.771025,TX_FRAMES,125154
1746465892.795244,ps_take,84878
1746465892.762893,ps_take_src,84878
1746465892.801773,FB_FRAMES,125695
1746465892.801773,SYM_FRAMES,125155
1746465892.804533,TX_FRAMES,125155
1746465892.828389,ps_take,84879
1746465892.795403,ps_take_src,84879
1746465892.827936,img_end,3973266704
1746465892.829190,img_start,3973268707
1746465892.834440,FB_FRAMES,125696
1746465892.834440,SYM_FRAMES,125156
1746465892.837166,TX_FRAMES,125156
1746465892.860928,ps_take,84880
1746465892.828539,ps_take_src,84880
1746465892.867383,FB_FRAMES,125697
1746465892.867383,SYM_FRAMES,125157
1746465892.870133,TX_FRAMES,125157
1746465892.893566,img_end,3973659920
1746465892.897822,ps_take,84881
1746465892.861057,ps_take_src,84881
1746465892.898689,img_start,3973663025
1746465892.900027,FB_FRAMES,125698
1746465892.900027,SYM_FRAMES,125158
1746465892.902806,TX_FRAMES,125158
1746465892.930382,ps_take,84882
1746465892.897980,ps_take_src,84882
1746465892.936843,SYM_FRAMES,125159
1746465892.936905,FB_FRAMES,125699
1746465892.939613,TX_FRAMES,125159
1746465892.963453,ps_take,84883
1746465892.930553,ps_take_src,84883
1746465892.963054,img_end,3974053136
1746465892.964255,img_start,3974056241
1746465892.969505,FB_FRAMES,125700
1746465892.969505,SYM_FRAMES,125160
1746465892.972235,TX_FRAMES,125160
1746465892.996387,ps_take,84884
1746465892.963570,ps_take_src,84884
1746465892.995934,img_end,3974249744
1746465892.997238,img_start,3974252849
1746465893.002408,SYM_FRAMES,125161
1746465893.002472,FB_FRAMES,125701
1746465893.005177,TX_FRAMES,125161
1746465893.028944,img_end,3974446352
1746465893.030734,ps_take,84885
1746465892.996543,ps_take_src,84885
1746465893.031518,img_start,3974448815
1746465893.035420,FB_FRAMES,125702
1746465893.035420,SYM_FRAMES,125162
1746465893.038130,TX_FRAMES,125162
1746465893.063288,ps_take,84886
1746465893.030868,ps_take_src,84886
1746465893.069702,SYM_FRAMES,125163
1746465893.069763,FB_FRAMES,125703
1746465893.072449,TX_FRAMES,125163
1746465893.096089,ps_take,84887
1746465893.063411,ps_take_src,84887
1746465893.102364,FB_FRAMES,125704
1746465893.102364,SYM_FRAMES,125164
1746465893.105141,TX_FRAMES,125164
1746465893.128736,ps_take,84888
1746465893.096226,ps_take_src,84888
1746465893.135084,FB_FRAMES,125705
1746465893.135084,SYM_FRAMES,125165
1746465893.137839,TX_FRAMES,125165
1746465893.161304,img_end,3975232784
1746465893.162380,ps_take,84889
1746465893.128902,ps_take_src,84889
1746465893.163244,img_start,3975235889
1746465893.167803,FB_FRAMES,125706
1746465893.167803,SYM_FRAMES,125166
1746465893.170528,TX_FRAMES,125166
1746465893.194994,ps_take,84890
1746465893.162565,ps_take_src,84890
1746465893.201405,FB_FRAMES,125707
1746465893.201405,SYM_FRAMES,125167
1746465893.204153,TX_FRAMES,125167
1746465893.227727,ps_take,84891
1746465893.195160,ps_take_src,84891
1746465893.234061,FB_FRAMES,125708
1746465893.234061,SYM_FRAMES,125168
1746465893.236842,TX_FRAMES,125168
1746465893.260198,ps_take,84892
1746465893.227861,ps_take_src,84892
1746465893.266700,SYM_FRAMES,125169
1746465893.266763,FB_FRAMES,125709
1746465893.269501,TX_FRAMES,125169
1746465893.292892,img_end,3976019216
1746465893.297063,ps_take,84893
1746465893.260365,ps_take_src,84893
1746465893.297900,img_start,3976022321
1746465893.299395,FB_FRAMES,125710
1746465893.299395,SYM_FRAMES,125170
1746465893.302115,TX_FRAMES,125170
1746465893.329685,ps_take,84894
1746465893.297230,ps_take_src,84894
1746465893.336078,FB_FRAMES,125711
1746465893.336078,SYM_FRAMES,125171
1746465893.338869,TX_FRAMES,125171
1746465893.362746,ps_take,84895
1746465893.329835,ps_take_src,84895
1746465893.362262,img_end,3976412432
1746465893.363547,img_start,3976414363
1746465893.368731,FB_FRAMES,125712
1746465893.368731,SYM_FRAMES,125172
1746465893.371506,TX_FRAMES,125172
1746465893.395468,ps_take,84896
1746465893.362894,ps_take_src,84896
1746465893.396305,img_start,3976612145
1746465893.401747,FB_FRAMES,125713
1746465893.401747,SYM_FRAMES,125173
1746465893.404486,TX_FRAMES,125173
1746465893.427993,img_end,3976805648
1746465893.429686,ps_take,84897
1746465893.395613,ps_take_src,84897
1746465893.430559,img_start,3976808450
1746465893.434462,FB_FRAMES,125714
1746465893.434462,SYM_FRAMES,125174
1746465893.437199,TX_FRAMES,125174
1746465893.462744,ps_take,84898
1746465893.429872,ps_take_src,84898
1746465893.462264,img_end,3977002256
1746465893.463548,img_start,3977003694
1746465893.468748,FB_FRAMES,125715
1746465893.468748,SYM_FRAMES,125175
1746465893.471534,TX_FRAMES,125175
1746465893.495452,ps_take,84899
1746465893.462900,ps_take_src,84899
1746465893.501779,FB_FRAMES,125716
1746465893.501779,SYM_FRAMES,125176
1746465893.504482,TX_FRAMES,125176
1746465893.527895,ps_take,84900
1746465893.495576,ps_take_src,84900
1746465893.534389,SYM_FRAMES,125177
1746465893.534467,FB_FRAMES,125717
1746465893.537188,TX_FRAMES,125177
1746465893.560615,img_end,3977592080
1746465893.562708,ps_take,84901
1746465893.528013,ps_take_src,84901
1746465893.563550,img_start,3977595185
1746465893.567092,FB_FRAMES,125718
1746465893.567092,SYM_FRAMES,125178
1746465893.569809,TX_FRAMES,125178
1746465893.595256,ps_take,84902
1746465893.562880,ps_take_src,84902
1746465893.601765,FB_FRAMES,125719
1746465893.601765,SYM_FRAMES,125179
1746465893.604454,TX_FRAMES,125179
1746465893.628228,ps_take,84903
1746465893.595410,ps_take_src,84903
1746465893.627941,img_end,3977985296
1746465893.629028,img_start,3977988401
1746465893.634391,FB_FRAMES,125720
1746465893.634391,SYM_FRAMES,125180
1746465893.637144,TX_FRAMES,125180
1746465893.660804,ps_take,84904
1746465893.628359,ps_take_src,84904
1746465893.667191,SYM_FRAMES,125181
1746465893.667253,FB_FRAMES,125721
1746465893.669924,TX_FRAMES,125181
1746465893.693396,img_end,3978378512
1746465893.697962,ps_take,84905
1746465893.660954,ps_take_src,84905
1746465893.698781,img_start,3978381617
1746465893.699844,SYM_FRAMES,125182
1746465893.699904,FB_FRAMES,125722
1746465893.702588,TX_FRAMES,125182
1746465893.730683,ps_take,84906
1746465893.698089,ps_take_src,84906
1746465893.736951,FB_FRAMES,125723
1746465893.736951,SYM_FRAMES,125183
1746465893.739739,TX_FRAMES,125183
1746465893.763632,ps_take,84907
1746465893.730840,ps_take_src,84907
1746465893.763230,img_end,3978771728
1746465893.764375,img_start,3978772570
1746465893.769702,FB_FRAMES,125724
1746465893.769702,SYM_FRAMES,125184
1746465893.772419,TX_FRAMES,125184
1746465893.796374,ps_take,84908
1746465893.763751,ps_take_src,84908
1746465893.797176,img_start,3978970771
1746465893.802579,FB_FRAMES,125725
1746465893.802579,SYM_FRAMES,125185
1746465893.805375,TX_FRAMES,125185
1746465893.829802,ps_take,84909
1746465893.796515,ps_take_src,84909
1746465893.828894,img_end,3979164944
1746465893.830623,img_start,3979168049
1746465893.835401,FB_FRAMES,125726
1746465893.835401,SYM_FRAMES,125186
1746465893.838134,TX_FRAMES,125186
1746465893.862390,ps_take,84910
1746465893.829922,ps_take_src,84910
1746465893.868788,SYM_FRAMES,125187
1746465893.868851,FB_FRAMES,125727
1746465893.871570,TX_FRAMES,125187
1746465893.895295,ps_take,84911
1746465893.862545,ps_take_src,84911
1746465893.895006,img_end,3979558160
1746465893.896163,img_start,3979561265
1746465893.901468,FB_FRAMES,125728
1746465893.901468,SYM_FRAMES,125188
1746465893.904203,TX_FRAMES,125188
1746465893.928337,ps_take,84912
1746465893.895474,ps_take_src,84912
1746465893.927881,img_end,3979754768
1746465893.929135,img_start,3979757873
1746465893.934318,SYM_FRAMES,125189
1746465893.934379,FB_FRAMES,125729
1746465893.937113,TX_FRAMES,125189
1746465893.960843,img_end,3979951376
1746465893.962718,ps_take,84913
1746465893.928476,ps_take_src,84913
1746465893.963558,img_start,3979954481
1746465893.967335,FB_FRAMES,125730
1746465893.967335,SYM_FRAMES,125190
1746465893.970085,TX_FRAMES,125190
1746465893.995210,ps_take,84914
1746465893.962890,ps_take_src,84914
1746465894.001744,FB_FRAMES,125731
1746465894.001744,SYM_FRAMES,125191
1746465894.004489,TX_FRAMES,125191
1746465894.027915,ps_take,84915
1746465893.995380,ps_take_src,84915
1746465894.027915,img_end,3980344592
1746465894.031223,img_start,3980347697
1746465894.034428,FB_FRAMES,125732
1746465894.034428,SYM_FRAMES,125192
1746465894.037119,TX_FRAMES,125192
1746465894.063040,ps_take,84916
1746465894.028105,ps_take_src,84916
1746465894.069424,FB_FRAMES,125733
1746465894.069424,SYM_FRAMES,125193
1746465894.072120,TX_FRAMES,125193
1746465894.096545,ps_take,84917
1746465894.063190,ps_take_src,84917
1746465894.095582,img_end,3980737808
1746465894.097329,img_start,3980740913
1746465894.102057,FB_FRAMES,125734
1746465894.102057,SYM_FRAMES,125194
1746465894.104790,TX_FRAMES,125194
1746465894.129503,ps_take,84918
1746465894.096679,ps_take_src,84918
1746465894.129049,img_end,3980934416
1746465894.130336,img_start,3980937521
1746465894.135517,FB_FRAMES,125735
1746465894.135517,SYM_FRAMES,125195
1746465894.138301,TX_FRAMES,125195
1746465894.162244,ps_take,84919
1746465894.129664,ps_take_src,84919
1746465894.162069,img_end,3981131024
1746465894.163140,img_start,3981134129
1746465894.168511,SYM_FRAMES,125196
1746465894.168573,FB_FRAMES,125736
1746465894.171273,TX_FRAMES,125196
1746465894.194785,ps_take,84920
1746465894.162453,ps_take_src,84920
1746465894.201388,FB_FRAMES,125737
1746465894.201388,SYM_FRAMES,125197
1746465894.204094,TX_FRAMES,125197
1746465894.227522,img_end,3981524240
1746465894.230700,ps_take,84921
1746465894.194950,ps_take_src,84921
1746465894.231536,img_start,3981527345
1746465894.233971,FB_FRAMES,125738
1746465894.233971,SYM_FRAMES,125198
1746465894.236717,TX_FRAMES,125198
1746465894.263662,ps_take,84922
1746465894.230869,ps_take_src,84922
1746465894.263263,img_end,3981720848
1746465894.264411,img_start,3981721867
1746465894.269703,FB_FRAMES,125739
1746465894.269703,SYM_FRAMES,125199
1746465894.272481,TX_FRAMES,125199
1746465894.296376,ps_take,84923
1746465894.263778,ps_take_src,84923
1746465894.297174,img_start,3981920561
1746465894.302646,FB_FRAMES,125740
1746465894.302646,SYM_FRAMES,125200
1746465894.305361,TX_FRAMES,125200
1746465894.328951,ps_take,84924
1746465894.296495,ps_take_src,84924
1746465894.335351,FB_FRAMES,125741
1746465894.335351,SYM_FRAMES,125201
1746465894.338124,TX_FRAMES,125201
1746465894.362469,ps_take,84925
1746465894.329104,ps_take_src,84925
1746465894.361533,img_end,3982310672
1746465894.363261,img_start,3982311461
1746465894.367996,FB_FRAMES,125742
1746465894.367996,SYM_FRAMES,125202
1746465894.370751,TX_FRAMES,125202
1746465894.395501,ps_take,84926
1746465894.362618,ps_take_src,84926
1746465894.394989,img_end,3982507280
1746465894.396302,img_start,3982510199
1746465894.401488,FB_FRAMES,125743
1746465894.401488,SYM_FRAMES,125203
1746465894.404251,TX_FRAMES,125203
1746465894.428426,ps_take,84927
1746465894.395638,ps_take_src,84927
1746465894.428026,img_end,3982703888
1746465894.429294,img_start,3982706993
1746465894.434502,FB_FRAMES,125744
1746465894.434502,SYM_FRAMES,125204
1746465894.437267,TX_FRAMES,125204
1746465894.460983,ps_take,84928
1746465894.428601,ps_take_src,84928
1746465894.467456,FB_FRAMES,125745
1746465894.467456,SYM_FRAMES,125205
1746465894.470239,TX_FRAMES,125205
1746465894.493657,img_end,3983097104
1746465894.497378,ps_take,84929
1746465894.461150,ps_take_src,84929
1746465894.498146,img_start,3983098955
1746465894.500096,SYM_FRAMES,125206
1746465894.500156,FB_FRAMES,125746
1746465894.502878,TX_FRAMES,125206
1746465894.529988,ps_take,84930
1746465894.497511,ps_take_src,84930
1746465894.536369,FB_FRAMES,125747
1746465894.536369,SYM_FRAMES,125207
1746465894.539126,TX_FRAMES,125207
1746465894.562728,ps_take,84931
1746465894.530140,ps_take_src,84931
1746465894.569017,FB_FRAMES,125748
1746465894.569017,SYM_FRAMES,125208
1746465894.571803,TX_FRAMES,125208
1746465894.595225,ps_take,84932
1746465894.562849,ps_take_src,84932
1746465894.601723,FB_FRAMES,125749
1746465894.601723,SYM_FRAMES,125209
1746465894.604445,TX_FRAMES,125209
1746465894.627873,img_end,3983883536
1746465894.630283,ps_take,84933
1746465894.595400,ps_take_src,84933
1746465894.631141,img_start,3983886641
1746465894.634333,SYM_FRAMES,125210
1746465894.634413,FB_FRAMES,125750
1746465894.637105,TX_FRAMES,125210
1746465894.663055,ps_take,84934
1746465894.630467,ps_take_src,84934
1746465894.663855,img_start,3984082679
1746465894.669316,FB_FRAMES,125751
1746465894.669316,SYM_FRAMES,125211
1746465894.672067,TX_FRAMES,125211
1746465894.695962,ps_take,84935
1746465894.663204,ps_take_src,84935
1746465894.695564,img_end,3984276752
1746465894.696824,img_start,3984279857
1746465894.702055,FB_FRAMES,125752
1746465894.702055,SYM_FRAMES,125212
1746465894.704784,TX_FRAMES,125212
1746465894.728928,ps_take,84936
1746465894.696133,ps_take_src,84936
1746465894.728527,img_end,3984473360
1746465894.729733,img_start,3984474766
1746465894.735026,FB_FRAMES,125753
1746465894.735026,SYM_FRAMES,125213
1746465894.737758,TX_FRAMES,125213
1746465894.761471,img_end,3984669968
1746465894.762798,ps_take,84937
1746465894.729086,ps_take_src,84937
1746465894.763555,img_start,3984670244
1746465894.767957,FB_FRAMES,125754
1746465894.767957,SYM_FRAMES,125214
1746465894.770671,TX_FRAMES,125214
1746465894.795605,ps_take,84938
1746465894.762922,ps_take_src,84938
1746465894.795320,img_end,3984866576
1746465894.796407,img_start,3984867863
1746465894.801752,SYM_FRAMES,125215
1746465894.801814,FB_FRAMES,125755
1746465894.804549,TX_FRAMES,125215
1746465894.828335,ps_take,84939
1746465894.795764,ps_take_src,84939
1746465894.834635,FB_FRAMES,125756
1746465894.834635,SYM_FRAMES,125216
1746465894.837334,TX_FRAMES,125216
1746465894.861030,ps_take,84940
1746465894.828468,ps_take_src,84940
1746465894.867333,FB_FRAMES,125757
1746465894.867333,SYM_FRAMES,125217
1746465894.870069,TX_FRAMES,125217
1746465894.893555,img_end,3985456400
1746465894.896408,ps_take,84941
1746465894.861158,ps_take_src,84941
1746465894.897248,img_start,3985459505
1746465894.900021,FB_FRAMES,125758
1746465894.900021,SYM_FRAMES,125218
1746465894.902748,TX_FRAMES,125218
1746465894.929174,ps_take,84942
1746465894.896561,ps_take_src,84942
1746465894.928941,img_end,3985653008
1746465894.930037,img_start,3985656113
1746465894.935451,FB_FRAMES,125759
1746465894.935451,SYM_FRAMES,125219
1746465894.938155,TX_FRAMES,125219
1746465894.962134,ps_take,84943
1746465894.929341,ps_take_src,84943
1746465894.961733,img_end,3985849616
1746465894.962962,img_start,3985850419
1746465894.968180,SYM_FRAMES,125220
1746465894.968242,FB_FRAMES,125760
1746465894.970938,TX_FRAMES,125220
1746465894.994755,ps_take,84944
1746465894.962296,ps_take_src,84944
1746465895.001187,FB_FRAMES,125761
1746465895.001187,SYM_FRAMES,125221
1746465895.003896,TX_FRAMES,125221
1746465895.027378,img_end,3986242832
1746465895.030743,ps_take,84945
1746465894.994874,ps_take_src,84945
1746465895.031526,img_start,3986245937
1746465895.033855,FB_FRAMES,125762
1746465895.033855,SYM_FRAMES,125222
1746465895.036597,TX_FRAMES,125222
1746465895.063727,ps_take,84946
1746465895.030864,ps_take_src,84946
1746465895.063217,img_end,3986439440
1746465895.064525,img_start,3986442545
1746465895.069730,FB_FRAMES,125763
1746465895.069730,SYM_FRAMES,125223
1746465895.072460,TX_FRAMES,125223
1746465895.096348,ps_take,84947
1746465895.063853,ps_take_src,84947
1746465895.102704,FB_FRAMES,125764
1746465895.102704,SYM_FRAMES,125224
1746465895.105468,TX_FRAMES,125224
1746465895.128896,ps_take,84948
1746465895.096511,ps_take_src,84948
1746465895.135402,FB_FRAMES,125765
1746465895.135402,SYM_FRAMES,125225
1746465895.138106,TX_FRAMES,125225
1746465895.161533,img_end,3987029264
1746465895.162754,ps_take,84949
1746465895.129052,ps_take_src,84949
1746465895.163542,img_start,3987031846
1746465895.168046,FB_FRAMES,125766
1746465895.168046,SYM_FRAMES,125226
1746465895.170773,TX_FRAMES,125226
1746465895.195446,ps_take,84950
1746465895.162888,ps_take_src,84950
1746465895.201720,SYM_FRAMES,125227
1746465895.201782,FB_FRAMES,125767
1746465895.204532,TX_FRAMES,125227
1746465895.227863,ps_take,84951
1746465895.195564,ps_take_src,84951
1746465895.227974,img_end,3987422480
1746465895.231277,img_start,3987424120
1746465895.234449,FB_FRAMES,125768
1746465895.234449,SYM_FRAMES,125228
1746465895.237142,TX_FRAMES,125228
1746465895.263071,ps_take,84952
1746465895.228098,ps_take_src,84952
1746465895.269500,FB_FRAMES,125769
1746465895.269500,SYM_FRAMES,125229
1746465895.272254,TX_FRAMES,125229
1746465895.295655,img_end,3987815696
1746465895.298010,ps_take,84953
1746465895.263210,ps_take_src,84953
1746465895.298818,img_start,3987818801
1746465895.302127,FB_FRAMES,125770
1746465895.302127,SYM_FRAMES,125230
1746465895.304890,TX_FRAMES,125230
1746465895.330631,ps_take,84954
1746465895.298133,ps_take_src,84954
1746465895.337013,FB_FRAMES,125771
1746465895.337013,SYM_FRAMES,125231
1746465895.339746,TX_FRAMES,125231
1746465895.363413,ps_take,84955
1746465895.330796,ps_take_src,84955
1746465895.369634,SYM_FRAMES,125232
1746465895.369728,FB_FRAMES,125772
1746465895.372411,TX_FRAMES,125232
1746465895.396298,ps_take,84956
1746465895.363531,ps_take_src,84956
1746465895.395898,img_end,3988405520
1746465895.397100,img_start,3988408350
1746465895.402408,FB_FRAMES,125773
1746465895.402408,SYM_FRAMES,125233
1746465895.405133,TX_FRAMES,125233
1746465895.428811,img_end,3988602128
1746465895.430688,ps_take,84957
1746465895.396450,ps_take_src,84957
1746465895.431523,img_start,3988605233
1746465895.435316,FB_FRAMES,125774
1746465895.435316,SYM_FRAMES,125234
1746465895.438022,TX_FRAMES,125234
1746465895.463445,ps_take,84958
1746465895.430843,ps_take_src,84958
1746465895.464245,img_start,3988801841
1746465895.469700,FB_FRAMES,125775
1746465895.469700,SYM_FRAMES,125235
1746465895.472444,TX_FRAMES,125235
1746465895.496440,ps_take,84959
1746465895.463587,ps_take_src,84959
1746465895.495982,img_end,3988995344
1746465895.497279,img_start,3988998449
1746465895.502410,SYM_FRAMES,125236
1746465895.502474,FB_FRAMES,125776
1746465895.505181,TX_FRAMES,125236
1746465895.529015,ps_take,84960
1746465895.496598,ps_take_src,84960
1746465895.535488,FB_FRAMES,125777
1746465895.535488,SYM_FRAMES,125237
1746465895.538187,TX_FRAMES,125237
1746465895.562523,ps_take,84961
1746465895.529203,ps_take_src,84961
1746465895.561647,img_end,3989388560
1746465895.563317,img_start,3989391665
1746465895.568136,FB_FRAMES,125778
1746465895.568136,SYM_FRAMES,125238
1746465895.570861,TX_FRAMES,125238
1746465895.595360,ps_take,84962
1746465895.562651,ps_take_src,84962
1746465895.595015,img_end,3989585168
1746465895.596141,img_start,3989585407
1746465895.601484,FB_FRAMES,125779
1746465895.601484,SYM_FRAMES,125239
1746465895.604254,TX_FRAMES,125239
1746465895.628084,ps_take,84963
1746465895.595497,ps_take_src,84963
1746465895.634358,FB_FRAMES,125780
1746465895.634358,SYM_FRAMES,125240
1746465895.637090,TX_FRAMES,125240
1746465895.660859,ps_take,84964
1746465895.628230,ps_take_src,84964
1746465895.667088,FB_FRAMES,125781
1746465895.667088,SYM_FRAMES,125241
1746465895.669841,TX_FRAMES,125241
1746465895.693332,img_end,3990174992
1746465895.696389,ps_take,84965
1746465895.660973,ps_take_src,84965
1746465895.697235,img_start,3990178097
1746465895.699838,FB_FRAMES,125782
1746465895.699838,SYM_FRAMES,125242
1746465895.702580,TX_FRAMES,125242
1746465895.729043,ps_take,84966
1746465895.696562,ps_take_src,84966
1746465895.735407,SYM_FRAMES,125243
1746465895.735469,FB_FRAMES,125783
1746465895.738182,TX_FRAMES,125243
1746465895.761568,ps_take,84967
1746465895.729183,ps_take_src,84967
1746465895.768096,FB_FRAMES,125784
1746465895.768096,SYM_FRAMES,125244
1746465895.770808,TX_FRAMES,125244
1746465895.794675,ps_take,84968
1746465895.761716,ps_take_src,84968
1746465895.794253,img_end,3990764816
1746465895.795475,img_start,3990767921
1746465895.800701,SYM_FRAMES,125245
1746465895.800793,FB_FRAMES,125785
1746465895.803492,TX_FRAMES,125245
1746465895.827085,ps_take,84969
1746465895.794791,ps_take_src,84969
1746465895.833650,FB_FRAMES,125786
1746465895.833650,SYM_FRAMES,125246
1746465895.836372,TX_FRAMES,125246
1746465895.860121,ps_take,84970
1746465895.827233,ps_take_src,84970
1746465895.859829,img_end,3991158032
1746465895.860928,img_start,3991159945
1746465895.866297,FB_FRAMES,125787
1746465895.866297,SYM_FRAMES,125247
1746465895.869061,TX_FRAMES,125247
1746465895.892718,ps_take,84971
1746465895.860237,ps_take_src,84971
1746465895.899162,FB_FRAMES,125788
1746465895.899162,SYM_FRAMES,125248
1746465895.901934,TX_FRAMES,125248
1746465895.925300,ps_take,84972
1746465895.892808,ps_take_src,84972
1746465895.925300,img_end,3991551248
1746465895.931158,img_start,3991551708
1746465895.931807,FB_FRAMES,125789
1746465895.931807,SYM_FRAMES,125249
1746465895.934516,TX_FRAMES,125249
1746465895.963357,ps_take,84973
1746465895.930500,ps_take_src,84973
1746465895.962900,img_end,3991747856
1746465895.964154,img_start,3991750883
1746465895.969397,FB_FRAMES,125790
1746465895.969397,SYM_FRAMES,125250
1746465895.972121,TX_FRAMES,125250
1746465895.996115,ps_take,84974
1746465895.963504,ps_take_src,84974
1746465895.995881,img_end,3991944464
1746465895.996982,img_start,3991947569
1746465896.002343,FB_FRAMES,125791
1746465896.002343,SYM_FRAMES,125251
1746465896.005086,TX_FRAMES,125251
1746465896.029123,ps_take,84975
1746465895.996297,ps_take_src,84975
1746465896.028668,img_end,3992141072
1746465896.029925,img_start,3992141370
1746465896.035163,FB_FRAMES,125792
1746465896.035163,SYM_FRAMES,125252
1746465896.037936,TX_FRAMES,125252
1746465896.062144,ps_take,84976
1746465896.029286,ps_take_src,84976
1746465896.061688,img_end,3992337680
1746465896.062978,img_start,3992337809
1746465896.068157,FB_FRAMES,125793
1746465896.068157,SYM_FRAMES,125253
1746465896.070899,TX_FRAMES,125253
1746465896.094724,img_end,3992534288
1746465896.096416,ps_take,84977
1746465896.062314,ps_take_src,84977
1746465896.097202,img_start,3992536987
1746465896.101208,FB_FRAMES,125794
1746465896.101208,SYM_FRAMES,125254
1746465896.103941,TX_FRAMES,125254
1746465896.129287,ps_take,84978
1746465896.096539,ps_take_src,84978
1746465896.128944,img_end,3992730896
1746465896.134895,img_start,3992733628
1746465896.135422,FB_FRAMES,125795
1746465896.135422,SYM_FRAMES,125255
1746465896.138167,TX_FRAMES,125255
1746465896.166684,ps_take,84979
1746465896.129542,ps_take_src,84979
1746465896.173089,FB_FRAMES,125796
1746465896.173089,SYM_FRAMES,125256
1746465896.175834,TX_FRAMES,125256
1746465896.199432,ps_take,84980
1746465896.166808,ps_take_src,84980
1746465896.205767,FB_FRAMES,125797
1746465896.205767,SYM_FRAMES,125257
1746465896.208505,TX_FRAMES,125257
1746465896.231916,ps_take,84981
1746465896.199561,ps_take_src,84981
1746465896.238432,FB_FRAMES,125798
1746465896.238432,SYM_FRAMES,125258
1746465896.241130,TX_FRAMES,125258
1746465896.265020,ps_take,84982
1746465896.232034,ps_take_src,84982
1746465896.264566,img_end,3993517328
1746465896.265759,img_start,3993517664
1746465896.271063,FB_FRAMES,125799
1746465896.271063,SYM_FRAMES,125259
1746465896.273810,TX_FRAMES,125259
1746465896.297634,ps_take,84983
1746465896.265141,ps_take_src,84983
1746465896.303968,FB_FRAMES,125800
1746465896.303968,SYM_FRAMES,125260
1746465896.306751,TX_FRAMES,125260
1746465896.330270,ps_take,84984
1746465896.297757,ps_take_src,84984
1746465896.336648,FB_FRAMES,125801
1746465896.336648,SYM_FRAMES,125261
1746465896.339401,TX_FRAMES,125261
1746465896.362728,ps_take,84985
1746465896.330446,ps_take_src,84985
1746465896.369277,FB_FRAMES,125802
1746465896.369277,SYM_FRAMES,125262
1746465896.372064,TX_FRAMES,125262
1746465896.395760,ps_take,84986
1746465896.362895,ps_take_src,84986
1746465896.395470,img_end,3994303760
1746465896.397462,img_start,3994306116
1746465896.401943,FB_FRAMES,125803
1746465896.401943,SYM_FRAMES,125263
1746465896.404653,TX_FRAMES,125263
1746465896.429641,ps_take,84987
1746465896.395911,ps_take_src,84987
1746465896.429186,img_end,3994500368
1746465896.434904,img_start,3994503295
1746465896.435668,FB_FRAMES,125804
1746465896.435668,SYM_FRAMES,125264
1746465896.438452,TX_FRAMES,125264
1746465896.466636,ps_take,84988
1746465896.429853,ps_take_src,84988
1746465896.466636,img_end,3994696976
1746465896.471168,img_start,3994700081
1746465896.473087,FB_FRAMES,125805
1746465896.473087,SYM_FRAMES,125265
1746465896.475864,TX_FRAMES,125265
1746465896.503142,ps_take,84989
1746465896.470526,ps_take_src,84989
1746465896.503923,img_start,3994896177
1746465896.509346,FB_FRAMES,125806
1746465896.509346,SYM_FRAMES,125266
1746465896.512064,TX_FRAMES,125266
1746465896.535940,ps_take,84990
1746465896.503284,ps_take_src,84990
1746465896.535655,img_end,3995090192
1746465896.536743,img_start,3995091947
1746465896.542151,FB_FRAMES,125807
1746465896.542151,SYM_FRAMES,125267
1746465896.544890,TX_FRAMES,125267
1746465896.568551,ps_take,84991
1746465896.536108,ps_take_src,84991
1746465896.574945,FB_FRAMES,125808
1746465896.574945,SYM_FRAMES,125268
1746465896.577712,TX_FRAMES,125268
1746465896.601139,ps_take,84992
1746465896.568672,ps_take_src,84992
1746465896.607588,FB_FRAMES,125809
1746465896.607588,SYM_FRAMES,125269
1746465896.610336,TX_FRAMES,125269
1746465896.633946,ps_take,84993
1746465896.601296,ps_take_src,84993
1746465896.640267,FB_FRAMES,125810
1746465896.640267,SYM_FRAMES,125270
1746465896.643054,TX_FRAMES,125270
1746465896.666875,ps_take,84994
1746465896.634077,ps_take_src,84994
1746465896.666475,img_end,3995876624
1746465896.667616,img_start,3995876834
1746465896.672952,FB_FRAMES,125811
1746465896.672952,SYM_FRAMES,125271
1746465896.675728,TX_FRAMES,125271
1746465896.699442,ps_take,84995
1746465896.666998,ps_take_src,84995
1746465896.705896,FB_FRAMES,125812
1746465896.705896,SYM_FRAMES,125272
1746465896.708552,TX_FRAMES,125272
1746465896.732409,ps_take,84996
1746465896.699601,ps_take_src,84996
1746465896.732010,img_end,3996269840
1746465896.733207,img_start,3996272945
1746465896.738520,FB_FRAMES,125813
1746465896.738520,SYM_FRAMES,125273
1746465896.741230,TX_FRAMES,125273
1746465896.764946,ps_take,84997
1746465896.732549,ps_take_src,84997
1746465896.771371,FB_FRAMES,125814
1746465896.771371,SYM_FRAMES,125274
1746465896.774171,TX_FRAMES,125274
1746465896.797630,ps_take,84998
1746465896.765117,ps_take_src,84998
1746465896.804022,FB_FRAMES,125815
1746465896.804022,SYM_FRAMES,125275
1746465896.806798,TX_FRAMES,125275
1746465896.830330,ps_take,84999
1746465896.797793,ps_take_src,84999
1746465896.836683,FB_FRAMES,125816
1746465896.836683,SYM_FRAMES,125276
1746465896.839437,TX_FRAMES,125276
1746465896.862843,ps_take,85000
1746465896.830488,ps_take_src,85000
1746465896.869312,SYM_FRAMES,125277
1746465896.869400,FB_FRAMES,125817
1746465896.872090,TX_FRAMES,125277
1746465896.895962,ps_take,85001
1746465896.862999,ps_take_src,85001
1746465896.895505,img_end,3997252880
1746465896.896765,img_start,3997253723
1746465896.902002,FB_FRAMES,125818
1746465896.902002,SYM_FRAMES,125278
1746465896.904743,TX_FRAMES,125278
1746465896.928731,ps_take,85002
1746465896.896136,ps_take_src,85002
1746465896.928500,img_end,3997449488
1746465896.929593,img_start,3997452593
1746465896.934986,FB_FRAMES,125819
1746465896.934986,SYM_FRAMES,125279
1746465896.937774,TX_FRAMES,125279
1746465896.961549,ps_take,85003
1746465896.928904,ps_take_src,85003
1746465896.961316,img_end,3997646096
1746465896.964421,img_start,3997647223
1746465896.967768,FB_FRAMES,125820
1746465896.967768,SYM_FRAMES,125280
1746465896.970522,TX_FRAMES,125280
1746465896.996456,ps_take,85004
1746465896.961788,ps_take_src,85004
1746465896.996167,img_end,3997842704
1746465896.997265,img_start,3997845181
1746465897.002641,FB_FRAMES,125821
1746465897.002641,SYM_FRAMES,125281
1746465897.005350,TX_FRAMES,125281
1746465897.029634,ps_take,85005
1746465896.996600,ps_take_src,85005
1746465897.029009,img_end,3998039312
1746465897.030450,img_start,3998042417
1746465897.035494,FB_FRAMES,125822
1746465897.035494,SYM_FRAMES,125282
1746465897.038198,TX_FRAMES,125282
1746465897.062501,ps_take,85006
1746465897.029753,ps_take_src,85006
1746465897.062129,img_end,3998235920
1746465897.063303,img_start,3998239025
1746465897.068583,SYM_FRAMES,125283
1746465897.068647,FB_FRAMES,125823
1746465897.071372,TX_FRAMES,125283
1746465897.095324,ps_take,85007
1746465897.062637,ps_take_src,85007
1746465897.095037,img_end,3998432528
1746465897.096129,img_start,3998433151
1746465897.101493,FB_FRAMES,125824
1746465897.101493,SYM_FRAMES,125284
1746465897.104229,TX_FRAMES,125284
1746465897.127995,ps_take,85008
1746465897.095492,ps_take_src,85008
1746465897.134322,SYM_FRAMES,125285
1746465897.134385,FB_FRAMES,125825
1746465897.137114,TX_FRAMES,125285
1746465897.160560,img_end,3998825744
1746465897.162769,ps_take,85009
1746465897.128160,ps_take_src,85009
1746465897.163552,img_start,3998828293
1746465897.167002,SYM_FRAMES,125286
1746465897.167063,FB_FRAMES,125826
1746465897.169767,TX_FRAMES,125286
1746465897.195730,ps_take,85010
1746465897.162897,ps_take_src,85010
1746465897.195272,img_end,3999022352
1746465897.196573,img_start,3999025457
1746465897.201777,FB_FRAMES,125827
1746465897.201777,SYM_FRAMES,125287
1746465897.204513,TX_FRAMES,125287
1746465897.228551,ps_take,85011
1746465897.195875,ps_take_src,85011
1746465897.228263,img_end,3999218960
1746465897.229361,img_start,3999220862
1746465897.234761,FB_FRAMES,125828
1746465897.234761,SYM_FRAMES,125288
1746465897.237487,TX_FRAMES,125288
1746465897.261108,ps_take,85012
1746465897.228720,ps_take_src,85012
1746465897.261108,img_end,3999415568
1746465897.264589,img_start,3999418673
1746465897.267586,FB_FRAMES,125829
1746465897.267586,SYM_FRAMES,125289
1746465897.270324,TX_FRAMES,125289
1746465897.296408,ps_take,85013
1746465897.261319,ps_take_src,85013
1746465897.302746,SYM_FRAMES,125290
1746465897.302808,FB_FRAMES,125830
1746465897.305513,TX_FRAMES,125290
1746465897.329440,ps_take,85014
1746465897.296537,ps_take_src,85014
1746465897.328927,img_end,3999808784
1746465897.330242,img_start,3999811889
1746465897.335407,FB_FRAMES,125831
1746465897.335407,SYM_FRAMES,125291
1746465897.338179,TX_FRAMES,125291
1746465897.362133,ps_take,85015
1746465897.329559,ps_take_src,85015
1746465897.362963,img_start,4000006837
1746465897.368449,FB_FRAMES,125832
1746465897.368449,SYM_FRAMES,125292
1746465897.371200,TX_FRAMES,125292
1746465897.394733,ps_take,85016
1746465897.362291,ps_take_src,85016
1746465897.401214,FB_FRAMES,125833
1746465897.401214,SYM_FRAMES,125293
1746465897.403944,TX_FRAMES,125293
1746465897.427381,img_end,4000398608
1746465897.429801,ps_take,85017
1746465897.394864,ps_take_src,85017
1746465897.430616,img_start,4000401099
1746465897.433823,FB_FRAMES,125834
1746465897.433823,SYM_FRAMES,125294
1746465897.436558,TX_FRAMES,125294
1746465897.462785,ps_take,85018
1746465897.429928,ps_take_src,85018
1746465897.462359,img_end,4000595216
1746465897.463647,img_start,4000598321
1746465897.468846,FB_FRAMES,125835
1746465897.468846,SYM_FRAMES,125295
1746465897.471604,TX_FRAMES,125295
1746465897.495523,ps_take,85019
1746465897.462963,ps_take_src,85019
1746465897.501836,FB_FRAMES,125836
1746465897.501836,SYM_FRAMES,125296
1746465897.504536,TX_FRAMES,125296
1746465897.528427,ps_take,85020
1746465897.495670,ps_take_src,85020
1746465897.528085,img_end,4000988432
1746465897.529263,img_start,4000991537
1746465897.534564,FB_FRAMES,125837
1746465897.534564,SYM_FRAMES,125297
1746465897.537296,TX_FRAMES,125297
1746465897.560966,img_end,4001185040
1746465897.562743,ps_take,85021
1746465897.528596,ps_take_src,85021
1746465897.563529,img_start,4001186562
1746465897.567442,FB_FRAMES,125838
1746465897.567442,SYM_FRAMES,125298
1746465897.570218,TX_FRAMES,125298
1746465897.595261,ps_take,85022
1746465897.562888,ps_take_src,85022
1746465897.601727,FB_FRAMES,125839
1746465897.601727,SYM_FRAMES,125299
1746465897.604470,TX_FRAMES,125299
1746465897.628052,ps_take,85023
1746465897.595400,ps_take_src,85023
1746465897.627935,img_end,4001578256
1746465897.631132,img_start,4001580658
1746465897.634391,FB_FRAMES,125840
1746465897.634391,SYM_FRAMES,125300
1746465897.637171,TX_FRAMES,125300
1746465897.663075,ps_take,85024
1746465897.628276,ps_take_src,85024
1746465897.663877,img_start,4001777759
1746465897.669327,FB_FRAMES,125841
1746465897.669327,SYM_FRAMES,125301
1746465897.672131,TX_FRAMES,125301
1746465897.695588,img_end,4001971472
1746465897.696999,ps_take,85025
1746465897.663222,ps_take_src,85025
1746465897.697784,img_start,4001974482
1746465897.702083,FB_FRAMES,125842
1746465897.702083,SYM_FRAMES,125302
1746465897.704794,TX_FRAMES,125302
1746465897.729653,ps_take,85026
1746465897.697134,ps_take_src,85026
1746465897.735955,SYM_FRAMES,125303
1746465897.736017,FB_FRAMES,125843
1746465897.738728,TX_FRAMES,125303
1746465897.762191,ps_take,85027
1746465897.729788,ps_take_src,85027
1746465897.768660,FB_FRAMES,125844
1746465897.768660,SYM_FRAMES,125304
1746465897.771399,TX_FRAMES,125304
1746465897.794927,ps_take,85028
1746465897.762353,ps_take_src,85028
1746465897.801305,FB_FRAMES,125845
1746465897.801305,SYM_FRAMES,125305
1746465897.804038,TX_FRAMES,125305
1746465897.827513,ps_take,85029
1746465897.795105,ps_take_src,85029
1746465897.833968,FB_FRAMES,125846
1746465897.833968,SYM_FRAMES,125306
1746465897.836694,TX_FRAMES,125306
1746465897.860252,ps_take,85030
1746465897.827672,ps_take_src,85030
1746465897.860135,img_end,4002954512
1746465897.861593,img_start,4002955083
1746465897.866626,FB_FRAMES,125847
1746465897.866626,SYM_FRAMES,125307
1746465897.869373,TX_FRAMES,125307
1746465897.893284,ps_take,85031
1746465897.860459,ps_take_src,85031
1746465897.899797,FB_FRAMES,125848
1746465897.899797,SYM_FRAMES,125308
1746465897.902557,TX_FRAMES,125308
1746465897.925817,ps_take,85032
1746465897.893390,ps_take_src,85032
1746465897.925971,img_end,4003347728
1746465897.930936,img_start,4003350833
1746465897.932453,FB_FRAMES,125849
1746465897.932453,SYM_FRAMES,125309
1746465897.935210,TX_FRAMES,125309
1746465897.963101,ps_take,85033
1746465897.926002,ps_take_src,85033
1746465897.962645,img_end,4003544336
1746465897.963905,img_start,4003546477
1746465897.969153,FB_FRAMES,125850
1746465897.969153,SYM_FRAMES,125310
1746465897.971905,TX_FRAMES,125310
1746465897.995573,ps_take,85034
1746465897.963257,ps_take_src,85034
1746465898.002090,SYM_FRAMES,125311
1746465898.002186,FB_FRAMES,125851
1746465898.004826,TX_FRAMES,125311
1746465898.028445,ps_take,85035
1746465897.995722,ps_take_src,85035
1746465898.034779,FB_FRAMES,125852
1746465898.034779,SYM_FRAMES,125312
1746465898.037547,TX_FRAMES,125312
1746465898.060902,ps_take,85036
1746465898.028602,ps_take_src,85036
1746465898.067459,FB_FRAMES,125853
1746465898.067459,SYM_FRAMES,125313
1746465898.070215,TX_FRAMES,125313
1746465898.093643,img_end,4004330768
1746465898.096520,ps_take,85037
1746465898.061038,ps_take_src,85037
1746465898.097366,img_start,4004333873
1746465898.100138,FB_FRAMES,125854
1746465898.100138,SYM_FRAMES,125314
1746465898.102867,TX_FRAMES,125314
1746465898.129321,ps_take,85038
1746465898.096672,ps_take_src,85038
1746465898.129090,img_end,4004527376
1746465898.130242,img_start,4004530481
1746465898.135557,FB_FRAMES,125855
1746465898.135557,SYM_FRAMES,125315
1746465898.138342,TX_FRAMES,125315
1746465898.162181,ps_take,85039
1746465898.129468,ps_take_src,85039
1746465898.161951,img_end,4004723984
1746465898.166951,img_start,4004727089
1746465898.168411,FB_FRAMES,125856
1746465898.168411,SYM_FRAMES,125316
1746465898.171132,TX_FRAMES,125316
1746465898.198732,ps_take,85040
1746465898.162419,ps_take_src,85040
1746465898.205116,SYM_FRAMES,125317
1746465898.205178,FB_FRAMES,125857
1746465898.207881,TX_FRAMES,125317
1746465898.231529,ps_take,85041
1746465898.198891,ps_take_src,85041
1746465898.232304,img_start,4005118004
1746465898.237778,FB_FRAMES,125858
1746465898.237778,SYM_FRAMES,125318
1746465898.240526,TX_FRAMES,125318
1746465898.264354,ps_take,85042
1746465898.231667,ps_take_src,85042
1746465898.264067,img_end,4005313808
1746465898.265157,img_start,4005316094
1746465898.270502,SYM_FRAMES,125319
1746465898.270563,FB_FRAMES,125859
1746465898.273310,TX_FRAMES,125319
1746465898.297055,ps_take,85043
1746465898.264513,ps_take_src,85043
1746465898.303359,FB_FRAMES,125860
1746465898.303359,SYM_FRAMES,125320
1746465898.306132,TX_FRAMES,125320
1746465898.329609,ps_take,85044
1746465898.297174,ps_take_src,85044
1746465898.335985,SYM_FRAMES,125321
1746465898.336048,FB_FRAMES,125861
1746465898.338780,TX_FRAMES,125321
1746465898.362757,ps_take,85045
1746465898.329772,ps_take_src,85045
1746465898.362211,img_end,4005903632
1746465898.363558,img_start,4005906737
1746465898.368691,FB_FRAMES,125862
1746465898.368691,SYM_FRAMES,125322
1746465898.371387,TX_FRAMES,125322
1746465898.395580,ps_take,85046
1746465898.362889,ps_take_src,85046
1746465898.395292,img_end,4006100240
1746465898.401720,SYM_FRAMES,125323
1746465898.401816,FB_FRAMES,125863
1746465898.402936,img_start,4006103345
1746465898.404498,TX_FRAMES,125323
1746465898.434641,ps_take,85047
1746465898.395777,ps_take_src,85047
1746465898.441132,FB_FRAMES,125864
1746465898.441132,SYM_FRAMES,125324
1746465898.443854,TX_FRAMES,125324
1746465898.467296,ps_take,85048
1746465898.434769,ps_take_src,85048
1746465898.473764,FB_FRAMES,125865
1746465898.473764,SYM_FRAMES,125325
1746465898.476511,TX_FRAMES,125325
1746465898.499921,ps_take,85049
1746465898.467444,ps_take_src,85049
1746465898.506439,FB_FRAMES,125866
1746465898.506439,SYM_FRAMES,125326
1746465898.509154,TX_FRAMES,125326
1746465898.532977,ps_take,85050
1746465898.500068,ps_take_src,85050
1746465898.532580,img_end,4006886672
1746465898.533772,img_start,4006888012
1746465898.539082,FB_FRAMES,125867
1746465898.539082,SYM_FRAMES,125327
1746465898.541847,TX_FRAMES,125327
1746465898.565569,ps_take,85051
1746465898.533142,ps_take_src,85051
1746465898.571973,FB_FRAMES,125868
1746465898.571973,SYM_FRAMES,125328
1746465898.574754,TX_FRAMES,125328
1746465898.598275,ps_take,85052
1746465898.565694,ps_take_src,85052
1746465898.604640,FB_FRAMES,125869
1746465898.604640,SYM_FRAMES,125329
1746465898.607352,TX_FRAMES,125329
1746465898.631271,ps_take,85053
1746465898.598463,ps_take_src,85053
1746465898.630818,img_end,4007476496
1746465898.632103,img_start,4007479601
1746465898.637330,FB_FRAMES,125870
1746465898.637330,SYM_FRAMES,125330
1746465898.640072,TX_FRAMES,125330
1746465898.663937,ps_take,85054
1746465898.631437,ps_take_src,85054
1746465898.663819,img_end,4007673104
1746465898.670272,FB_FRAMES,125871
1746465898.670272,SYM_FRAMES,125331
1746465898.670917,img_start,4007676073
1746465898.673059,TX_FRAMES,125331
1746465898.702677,ps_take,85055
1746465898.664062,ps_take_src,85055
1746465898.709110,FB_FRAMES,125872
1746465898.709110,SYM_FRAMES,125332
1746465898.711849,TX_FRAMES,125332
1746465898.735416,ps_take,85056
1746465898.702797,ps_take_src,85056
1746465898.741753,FB_FRAMES,125873
1746465898.741753,SYM_FRAMES,125333
1746465898.744543,TX_FRAMES,125333
1746465898.767950,ps_take,85057
1746465898.735584,ps_take_src,85057
1746465898.774405,SYM_FRAMES,125334
1746465898.774470,FB_FRAMES,125874
1746465898.777201,TX_FRAMES,125334
1746465898.800943,ps_take,85058
1746465898.768095,ps_take_src,85058
1746465898.800600,img_end,4008459536
1746465898.801742,img_start,4008462641
1746465898.807077,FB_FRAMES,125875
1746465898.807077,SYM_FRAMES,125335
1746465898.809869,TX_FRAMES,125335
1746465898.833582,ps_take,85059
1746465898.801086,ps_take_src,85059
1746465898.839910,SYM_FRAMES,125336
1746465898.839971,FB_FRAMES,125876
1746465898.842665,TX_FRAMES,125336
1746465898.866269,ps_take,85060
1746465898.833734,ps_take_src,85060
1746465898.872578,FB_FRAMES,125877
1746465898.872578,SYM_FRAMES,125337
1746465898.875304,TX_FRAMES,125337
1746465898.898702,ps_take,85061
1746465898.866427,ps_take_src,85061
1746465898.905262,FB_FRAMES,125878
1746465898.905262,SYM_FRAMES,125338
1746465898.908043,TX_FRAMES,125338
1746465898.931491,ps_take,85062
1746465898.898870,ps_take_src,85062
1746465898.937912,FB_FRAMES,125879
1746465898.937912,SYM_FRAMES,125339
1746465898.940681,TX_FRAMES,125339
1746465898.964437,ps_take,85063
1746465898.931637,ps_take_src,85063
1746465898.964094,img_end,4009442576
1746465898.965233,img_start,4009445374
1746465898.970601,FB_FRAMES,125880
1746465898.970601,SYM_FRAMES,125340
1746465898.973291,TX_FRAMES,125340
1746465898.997015,ps_take,85064
1746465898.964592,ps_take_src,85064
1746465899.003417,FB_FRAMES,125881
1746465899.003417,SYM_FRAMES,125341
1746465899.006144,TX_FRAMES,125341
1746465899.030448,ps_take,85065
1746465898.997157,ps_take_src,85065
1746465899.029629,img_end,4009835792
1746465899.031245,img_start,4009837044
1746465899.036079,FB_FRAMES,125882
1746465899.036079,SYM_FRAMES,125342
1746465899.038810,TX_FRAMES,125342
1746465899.063262,ps_take,85066
1746465899.030612,ps_take_src,85066
1746465899.062976,img_end,4010032400
1746465899.064062,img_start,4010033401
1746465899.069441,SYM_FRAMES,125343
1746465899.069502,FB_FRAMES,125883
1746465899.072179,TX_FRAMES,125343
1746465899.096013,ps_take,85067
1746465899.063422,ps_take_src,85067
1746465899.096815,img_start,4010229690
1746465899.102252,SYM_FRAMES,125344
1746465899.102313,FB_FRAMES,125884
1746465899.105078,TX_FRAMES,125344
1746465899.128920,ps_take,85068
1746465899.096170,ps_take_src,85068
1746465899.128577,img_end,4010425616
1746465899.129714,img_start,4010426943
1746465899.135018,FB_FRAMES,125885
1746465899.135018,SYM_FRAMES,125345
1746465899.137809,TX_FRAMES,125345
1746465899.162464,ps_take,85069
1746465899.129066,ps_take_src,85069
1746465899.161474,img_end,4010622224
1746465899.163255,img_start,4010625329
1746465899.167913,FB_FRAMES,125886
1746465899.167913,SYM_FRAMES,125346
1746465899.170719,TX_FRAMES,125346
1746465899.195272,ps_take,85070
1746465899.162594,ps_take_src,85070
1746465899.194986,img_end,4010818832
1746465899.196071,img_start,4010820800
1746465899.201467,FB_FRAMES,125887
1746465899.201467,SYM_FRAMES,125347
1746465899.204202,TX_FRAMES,125347
1746465899.227768,ps_take,85071
1746465899.195426,ps_take_src,85071
1746465899.234266,FB_FRAMES,125888
1746465899.234266,SYM_FRAMES,125348
1746465899.237009,TX_FRAMES,125348
1746465899.260854,ps_take,85072
1746465899.227884,ps_take_src,85072
1746465899.260455,img_end,4011212048
1746465899.261598,img_start,4011212071
1746465899.266949,FB_FRAMES,125889
1746465899.266949,SYM_FRAMES,125349
1746465899.269662,TX_FRAMES,125349
1746465899.293341,img_end,4011408656
1746465899.296972,ps_take,85073
1746465899.260971,ps_take_src,85073
1746465899.297757,img_start,4011410536
1746465899.299822,FB_FRAMES,125890
1746465899.299822,SYM_FRAMES,125350
1746465899.302587,TX_FRAMES,125350
1746465899.329631,ps_take,85074
1746465899.297125,ps_take_src,85074
1746465899.329514,img_end,4011605264
1746465899.330584,img_start,4011608369
1746465899.335970,FB_FRAMES,125891
1746465899.335970,SYM_FRAMES,125351
1746465899.338700,TX_FRAMES,125351
1746465899.362758,ps_take,85075
1746465899.329767,ps_take_src,85075
1746465899.362274,img_end,4011801872
1746465899.363562,img_start,4011802021
1746465899.368781,FB_FRAMES,125892
1746465899.368781,SYM_FRAMES,125352
1746465899.371535,TX_FRAMES,125352
1746465899.395494,ps_take,85076
1746465899.362930,ps_take_src,85076
1746465899.396347,img_start,4012001585
1746465899.401805,FB_FRAMES,125893
1746465899.401805,SYM_FRAMES,125353
1746465899.404513,TX_FRAMES,125353
1746465899.428069,img_end,4012195088
1746465899.430306,ps_take,85077
1746465899.395658,ps_take_src,85077
1746465899.431141,img_start,4012198193
1746465899.434520,FB_FRAMES,125894
1746465899.434520,SYM_FRAMES,125354
1746465899.437288,TX_FRAMES,125354
1746465899.463333,ps_take,85078
1746465899.430476,ps_take_src,85078
1746465899.462879,img_end,4012391696
1746465899.464132,img_start,4012394801
1746465899.469315,FB_FRAMES,125895
1746465899.469315,SYM_FRAMES,125355
1746465899.472098,TX_FRAMES,125355
1746465899.495996,ps_take,85079
1746465899.463450,ps_take_src,85079
1746465899.502278,SYM_FRAMES,125356
1746465899.502341,FB_FRAMES,125896
1746465899.505037,TX_FRAMES,125356
1746465899.528559,ps_take,85080
1746465899.496126,ps_take_src,85080
1746465899.534966,SYM_FRAMES,125357
1746465899.535028,FB_FRAMES,125897
1746465899.537732,TX_FRAMES,125357
1746465899.561166,img_end,4012981520
1746465899.562709,ps_take,85081
1746465899.528690,ps_take_src,85081
1746465899.563544,img_start,4012984625
1746465899.567606,SYM_FRAMES,125358
1746465899.567671,FB_FRAMES,125898
1746465899.570377,TX_FRAMES,125358
1746465899.595188,ps_take,85082
1746465899.562874,ps_take_src,85082
1746465899.595303,img_end,4013178128
1746465899.597571,img_start,4013179339
1746465899.601702,SYM_FRAMES,125359
1746465899.601763,FB_FRAMES,125899
1746465899.604517,TX_FRAMES,125359
1746465899.629447,ps_take,85083
1746465899.595408,ps_take_src,85083
1746465899.635780,FB_FRAMES,125900
1746465899.635780,SYM_FRAMES,125360
1746465899.638518,TX_FRAMES,125360
1746465899.662190,ps_take,85084
1746465899.629621,ps_take_src,85084
1746465899.662014,img_end,4013571344
1746465899.664088,img_start,4013573881
1746465899.668469,SYM_FRAMES,125361
1746465899.668530,FB_FRAMES,125901
1746465899.671264,TX_FRAMES,125361
1746465899.696399,ps_take,85085
1746465899.662466,ps_take_src,85085
1746465899.695832,img_end,4013767952
1746465899.697308,img_start,4013771057
1746465899.702281,FB_FRAMES,125902
1746465899.702281,SYM_FRAMES,125362
1746465899.705047,TX_FRAMES,125362
1746465899.729318,ps_take,85086
1746465899.696537,ps_take_src,85086
1746465899.729030,img_end,4013964560
1746465899.734915,img_start,4013965912
1746465899.735502,FB_FRAMES,125903
1746465899.735502,SYM_FRAMES,125363
1746465899.738279,TX_FRAMES,125363
1746465899.766661,ps_take,85087
1746465899.729581,ps_take_src,85087
1746465899.773123,FB_FRAMES,125904
1746465899.773123,SYM_FRAMES,125364
1746465899.775856,TX_FRAMES,125364
1746465899.799381,ps_take,85088
1746465899.766825,ps_take_src,85088
1746465899.805794,FB_FRAMES,125905
1746465899.805794,SYM_FRAMES,125365
1746465899.808571,TX_FRAMES,125365
1746465899.831858,ps_take,85089
1746465899.799521,ps_take_src,85089
1746465899.838422,FB_FRAMES,125906
1746465899.838422,SYM_FRAMES,125366
1746465899.841172,TX_FRAMES,125366
1746465899.865000,ps_take,85090
1746465899.832024,ps_take_src,85090
1746465899.864601,img_end,4014750992
1746465899.865800,img_start,4014753891
1746465899.871104,FB_FRAMES,125907
1746465899.871104,SYM_FRAMES,125367
1746465899.873836,TX_FRAMES,125367
1746465899.897458,ps_take,85091
1746465899.865165,ps_take_src,85091
1746465899.904048,FB_FRAMES,125908
1746465899.904048,SYM_FRAMES,125368
1746465899.906746,TX_FRAMES,125368
1746465899.930130,ps_take,85092
1746465899.897595,ps_take_src,85092
1746465899.936633,FB_FRAMES,125909
1746465899.936633,SYM_FRAMES,125369
1746465899.939403,TX_FRAMES,125369
1746465899.962754,ps_take,85093
1746465899.930270,ps_take_src,85093
1746465899.969281,SYM_FRAMES,125370
1746465899.969343,FB_FRAMES,125910
1746465899.972057,TX_FRAMES,125370
1746465899.995848,ps_take,85094
1746465899.962910,ps_take_src,85094
1746465899.995507,img_end,4015537424
1746465900.001958,FB_FRAMES,125911
1746465900.001958,SYM_FRAMES,125371
1746465900.002895,img_start,4015538597
1746465900.004661,TX_FRAMES,125371
1746465900.034995,ps_take,85095
1746465899.996006,ps_take_src,85095
1746465900.034652,img_end,4015734032
1746465900.035792,img_start,4015736848
1746465900.041102,FB_FRAMES,125912
1746465900.041102,SYM_FRAMES,125372
1746465900.043843,TX_FRAMES,125372
1746465900.067502,ps_take,85096
1746465900.035156,ps_take_src,85096
1746465900.074011,FB_FRAMES,125913
1746465900.074011,SYM_FRAMES,125373
1746465900.076771,TX_FRAMES,125373
1746465900.100458,ps_take,85097
1746465900.067627,ps_take_src,85097
1746465900.100173,img_end,4016127248
1746465900.101258,img_start,4016130353
1746465900.106622,SYM_FRAMES,125374
1746465900.106684,FB_FRAMES,125914
1746465900.109383,TX_FRAMES,125374
1746465900.133068,ps_take,85098
1746465900.100602,ps_take_src,85098
1746465900.139425,SYM_FRAMES,125375
1746465900.139487,FB_FRAMES,125915
1746465900.142192,TX_FRAMES,125375
1746465900.165677,ps_take,85099
1746465900.133226,ps_take_src,85099
1746465900.172077,SYM_FRAMES,125376
1746465900.172139,FB_FRAMES,125916
1746465900.174833,TX_FRAMES,125376
1746465900.198183,ps_take,85100
1746465900.165810,ps_take_src,85100
1746465900.204723,SYM_FRAMES,125377
1746465900.204816,FB_FRAMES,125917
1746465900.207484,TX_FRAMES,125377
1746465900.230953,ps_take,85101
1746465900.198339,ps_take_src,85101
1746465900.237401,FB_FRAMES,125918
1746465900.237401,SYM_FRAMES,125378
1746465900.240162,TX_FRAMES,125378
1746465900.263753,ps_take,85102
1746465900.231082,ps_take_src,85102
1746465900.270022,SYM_FRAMES,125379
1746465900.270127,FB_FRAMES,125919
1746465900.272802,TX_FRAMES,125379
1746465900.296387,ps_take,85103
1746465900.263907,ps_take_src,85103
1746465900.302774,FB_FRAMES,125920
1746465900.302774,SYM_FRAMES,125380
1746465900.305504,TX_FRAMES,125380
1746465900.329034,ps_take,85104
1746465900.296519,ps_take_src,85104
1746465900.328917,img_end,4017503504
1746465900.330652,img_start,4017506609
1746465900.335392,FB_FRAMES,125921
1746465900.335392,SYM_FRAMES,125381
1746465900.338141,TX_FRAMES,125381
1746465900.362381,ps_take,85105
1746465900.329280,ps_take_src,85105
1746465900.368828,FB_FRAMES,125922
1746465900.368828,SYM_FRAMES,125382
1746465900.371552,TX_FRAMES,125382
1746465900.394948,ps_take,85106
1746465900.362561,ps_take_src,85106
1746465900.401464,SYM_FRAMES,125383
1746465900.401560,FB_FRAMES,125923
1746465900.404263,TX_FRAMES,125383
1746465900.427589,ps_take,85107
1746465900.395083,ps_take_src,85107
1746465900.434121,FB_FRAMES,125924
1746465900.434121,SYM_FRAMES,125384
1746465900.436870,TX_FRAMES,125384
1746465900.460391,ps_take,85108
1746465900.427756,ps_take_src,85108
1746465900.466814,FB_FRAMES,125925
1746465900.466814,SYM_FRAMES,125385
1746465900.469542,TX_FRAMES,125385
1746465900.492971,img_end,4018486544
1746465900.494742,ps_take,85109
1746465900.460504,ps_take_src,85109
1746465900.495532,img_start,4018489649
1746465900.499427,FB_FRAMES,125926
1746465900.499427,SYM_FRAMES,125386
1746465900.502180,TX_FRAMES,125386
1746465900.527616,ps_take,85110
1746465900.494863,ps_take_src,85110
1746465900.527215,img_end,4018683152
1746465900.528414,img_start,4018685247
1746465900.533731,FB_FRAMES,125927
1746465900.533731,SYM_FRAMES,125387
1746465900.536500,TX_FRAMES,125387
1746465900.560099,ps_take,85111
1746465900.527763,ps_take_src,85111
1746465900.560208,img_end,4018879760
1746465900.565312,img_start,4018880556
1746465900.566645,FB_FRAMES,125928
1746465900.566645,SYM_FRAMES,125388
1746465900.569390,TX_FRAMES,125388
1746465900.597050,ps_take,85112
1746465900.560305,ps_take_src,85112
1746465900.603542,FB_FRAMES,125929
1746465900.603542,SYM_FRAMES,125389
1746465900.606327,TX_FRAMES,125389
1746465900.629788,ps_take,85113
1746465900.597178,ps_take_src,85113
1746465900.636163,SYM_FRAMES,125390
1746465900.636226,FB_FRAMES,125930
1746465900.638968,TX_FRAMES,125390
1746465900.662346,ps_take,85114
1746465900.629967,ps_take_src,85114
1746465900.662487,img_end,4019469584
1746465900.666898,img_start,4019472689
1746465900.668873,FB_FRAMES,125931
1746465900.668873,SYM_FRAMES,125391
1746465900.671628,TX_FRAMES,125391
1746465900.698577,ps_take,85115
1746465900.662600,ps_take_src,85115
1746465900.705080,FB_FRAMES,125932
1746465900.705080,SYM_FRAMES,125392
1746465900.707856,TX_FRAMES,125392
1746465900.731262,ps_take,85116
1746465900.698698,ps_take_src,85116
1746465900.737707,SYM_FRAMES,125393
1746465900.737769,FB_FRAMES,125933
1746465900.740523,TX_FRAMES,125393
1746465900.763888,ps_take,85117
1746465900.731394,ps_take_src,85117
1746465900.770452,FB_FRAMES,125934
1746465900.770452,SYM_FRAMES,125394
1746465900.773139,TX_FRAMES,125394
1746465900.797086,ps_take,85118
1746465900.764048,ps_take_src,85118
1746465900.796576,img_end,4020256016
1746465900.797882,img_start,4020259121
1746465900.803017,FB_FRAMES,125935
1746465900.803017,SYM_FRAMES,125395
1746465900.805813,TX_FRAMES,125395
1746465900.829616,ps_take,85119
1746465900.797222,ps_take_src,85119
1746465900.836037,SYM_FRAMES,125396
1746465900.836100,FB_FRAMES,125936
1746465900.838796,TX_FRAMES,125396
1746465900.862794,ps_take,85120
1746465900.829788,ps_take_src,85120
1746465900.862302,img_end,4020649232
1746465900.863653,img_start,4020652337
1746465900.868767,FB_FRAMES,125937
1746465900.868767,SYM_FRAMES,125397
1746465900.871513,TX_FRAMES,125397
1746465900.896302,ps_take,85121
1746465900.862968,ps_take_src,85121
1746465900.895340,img_end,4020845840
1746465900.897094,img_start,4020845899
1746465900.901838,FB_FRAMES,125938
1746465900.901838,SYM_FRAMES,125398
1746465900.904629,TX_FRAMES,125398
1746465900.929015,ps_take,85122
1746465900.896460,ps_take_src,85122
1746465900.928841,img_end,4021042448
1746465900.929925,img_start,4021045553
1746465900.935323,FB_FRAMES,125939
1746465900.935323,SYM_FRAMES,125399
1746465900.938102,TX_FRAMES,125399
1746465900.961770,ps_take,85123
1746465900.929240,ps_take_src,85123
1746465900.968092,FB_FRAMES,125940
1746465900.968092,SYM_FRAMES,125400
1746465900.970872,TX_FRAMES,125400
1746465900.994767,ps_take,85124
1746465900.961923,ps_take_src,85124
1746465900.994342,img_end,4021435664
1746465900.995574,img_start,4021438354
1746465901.000822,FB_FRAMES,125941
1746465901.000822,SYM_FRAMES,125401
1746465901.003597,TX_FRAMES,125401
1746465901.027292,img_end,4021632272
1746465901.029495,ps_take,85125
1746465900.994911,ps_take_src,85125
1746465901.033755,SYM_FRAMES,125402
1746465901.033817,FB_FRAMES,125942
1746465901.034899,img_start,4021633197
1746465901.036494,TX_FRAMES,125402
1746465901.066651,ps_take,85126
1746465901.029726,ps_take_src,85126
1746465901.073134,FB_FRAMES,125943
1746465901.073134,SYM_FRAMES,125403
1746465901.075876,TX_FRAMES,125403
1746465901.099365,ps_take,85127
1746465901.066778,ps_take_src,85127
1746465901.105813,FB_FRAMES,125944
1746465901.105813,SYM_FRAMES,125404
1746465901.108485,TX_FRAMES,125404
1746465901.132413,ps_take,85128
1746465901.099530,ps_take_src,85128
1746465901.131961,img_end,4022222096
1746465901.133201,img_start,4022225201
1746465901.138406,FB_FRAMES,125945
1746465901.138406,SYM_FRAMES,125405
1746465901.141143,TX_FRAMES,125405
1746465901.165083,ps_take,85129
1746465901.132549,ps_take_src,85129
1746465901.171418,FB_FRAMES,125946
1746465901.171418,SYM_FRAMES,125406
1746465901.174125,TX_FRAMES,125406
1746465901.197609,ps_take,85130
1746465901.165214,ps_take_src,85130
1746465901.204051,FB_FRAMES,125947
1746465901.204051,SYM_FRAMES,125407
1746465901.206824,TX_FRAMES,125407
1746465901.230233,ps_take,85131
1746465901.197781,ps_take_src,85131
1746465901.236703,FB_FRAMES,125948
1746465901.236703,SYM_FRAMES,125408
1746465901.239434,TX_FRAMES,125408
1746465901.263245,ps_take,85132
1746465901.230361,ps_take_src,85132
1746465901.262901,img_end,4023008528
1746465901.264046,img_start,4023009455
1746465901.269339,FB_FRAMES,125949
1746465901.269339,SYM_FRAMES,125409
1746465901.272151,TX_FRAMES,125409
1746465901.296471,ps_take,85133
1746465901.263403,ps_take_src,85133
1746465901.295789,img_end,4023205136
1746465901.297299,img_start,4023208241
1746465901.302256,FB_FRAMES,125950
1746465901.302256,SYM_FRAMES,125410
1746465901.305006,TX_FRAMES,125410
1746465901.329224,ps_take,85134
1746465901.296612,ps_take_src,85134
1746465901.330024,img_start,4023404849
1746465901.335464,FB_FRAMES,125951
1746465901.335464,SYM_FRAMES,125411
1746465901.338231,TX_FRAMES,125411
1746465901.362168,ps_take,85135
1746465901.329358,ps_take_src,85135
1746465901.361768,img_end,4023598352
1746465901.363003,img_start,4023601457
1746465901.368189,SYM_FRAMES,125412
1746465901.368250,FB_FRAMES,125952
1746465901.370928,TX_FRAMES,125412
1746465901.394814,ps_take,85136
1746465901.362302,ps_take_src,85136
1746465901.394753,img_end,4023794960
1746465901.397773,img_start,4023797621
1746465901.401217,FB_FRAMES,125953
1746465901.401217,SYM_FRAMES,125413
1746465901.403953,TX_FRAMES,125413
1746465901.430367,ps_take,85137
1746465901.395067,ps_take_src,85137
1746465901.429516,img_end,4023991568
1746465901.431180,img_start,4023992185
1746465901.435988,FB_FRAMES,125954
1746465901.435988,SYM_FRAMES,125414
1746465901.438688,TX_FRAMES,125414
1746465901.463201,ps_take,85138
1746465901.430553,ps_take_src,85138
1746465901.462914,img_end,4024188176
1746465901.464001,img_start,4024189813
1746465901.469410,FB_FRAMES,125955
1746465901.469410,SYM_FRAMES,125415
1746465901.472165,TX_FRAMES,125415
1746465901.496010,ps_take,85139
1746465901.463359,ps_take_src,85139
1746465901.495723,img_end,4024384784
1746465901.497159,img_start,4024386141
1746465901.502222,FB_FRAMES,125956
1746465901.502222,SYM_FRAMES,125416
1746465901.504975,TX_FRAMES,125416
1746465901.529113,ps_take,85140
1746465901.496524,ps_take_src,85140
1746465901.529914,img_start,4024584497
1746465901.535390,FB_FRAMES,125957
1746465901.535390,SYM_FRAMES,125417
1746465901.538158,TX_FRAMES,125417
1746465901.562454,ps_take,85141
1746465901.529240,ps_take_src,85141
1746465901.561630,img_end,4024778000
1746465901.563243,img_start,4024781105
1746465901.568070,SYM_FRAMES,125418
1746465901.568130,FB_FRAMES,125958
1746465901.570826,TX_FRAMES,125418
1746465901.595184,ps_take,85142
1746465901.562574,ps_take_src,85142
1746465901.595990,img_start,4024976680
1746465901.601414,SYM_FRAMES,125419
1746465901.601477,FB_FRAMES,125959
1746465901.604191,TX_FRAMES,125419
1746465901.628038,ps_take,85143
1746465901.595329,ps_take_src,85143
1746465901.627750,img_end,4025171216
1746465901.634180,FB_FRAMES,125960
1746465901.634180,SYM_FRAMES,125420
1746465901.634918,img_start,4025174321
1746465901.636972,TX_FRAMES,125420
1746465901.666780,ps_take,85144
1746465901.628264,ps_take_src,85144
1746465901.673092,FB_FRAMES,125961
1746465901.673092,SYM_FRAMES,125421
1746465901.675860,TX_FRAMES,125421
1746465901.699356,ps_take,85145
1746465901.666910,ps_take_src,85145
1746465901.705751,FB_FRAMES,125962
1746465901.705751,SYM_FRAMES,125422
1746465901.708546,TX_FRAMES,125422
1746465901.732328,ps_take,85146
1746465901.699508,ps_take_src,85146
1746465901.731928,img_end,4025761040
1746465901.733127,img_start,4025763979
1746465901.738382,FB_FRAMES,125963
1746465901.738382,SYM_FRAMES,125423
1746465901.741163,TX_FRAMES,125423
1746465901.764962,ps_take,85147
1746465901.732481,ps_take_src,85147
1746465901.771318,FB_FRAMES,125964
1746465901.771318,SYM_FRAMES,125424
1746465901.774083,TX_FRAMES,125424
1746465901.797613,ps_take,85148
1746465901.765099,ps_take_src,85148
1746465901.803958,FB_FRAMES,125965
1746465901.803958,SYM_FRAMES,125425
1746465901.806737,TX_FRAMES,125425
1746465901.830455,ps_take,85149
1746465901.797734,ps_take_src,85149
1746465901.830146,img_end,4026350864
1746465901.831256,img_start,4026352312
1746465901.836620,FB_FRAMES,125966
1746465901.836620,SYM_FRAMES,125426
1746465901.839343,TX_FRAMES,125426
1746465901.863440,ps_take,85150
1746465901.830625,ps_take_src,85150
1746465901.862985,img_end,4026547472
1746465901.864240,img_start,4026550482
1746465901.869484,FB_FRAMES,125967
1746465901.869484,SYM_FRAMES,125427
1746465901.872211,TX_FRAMES,125427
1746465901.896365,ps_take,85151
1746465901.863583,ps_take_src,85151
1746465901.895964,img_end,4026744080
1746465901.897168,img_start,4026746097
1746465901.902392,SYM_FRAMES,125428
1746465901.902470,FB_FRAMES,125968
1746465901.905235,TX_FRAMES,125428
1746465901.929013,ps_take,85152
1746465901.896505,ps_take_src,85152
1746465901.928895,img_end,4026940688
1746465901.934910,img_start,4026943793
1746465901.935383,FB_FRAMES,125969
1746465901.935383,SYM_FRAMES,125429
1746465901.938146,TX_FRAMES,125429
1746465901.966709,ps_take,85153
1746465901.929241,ps_take_src,85153
1746465901.973081,FB_FRAMES,125970
1746465901.973081,SYM_FRAMES,125430
1746465901.975861,TX_FRAMES,125430
1746465901.999334,ps_take,85154
1746465901.966868,ps_take_src,85154
1746465902.005738,FB_FRAMES,125971
1746465902.005738,SYM_FRAMES,125431
1746465902.008497,TX_FRAMES,125431
1746465902.032193,ps_take,85155
1746465901.999501,ps_take_src,85155
1746465902.032934,img_start,4027530916
1746465902.038387,FB_FRAMES,125972
1746465902.038387,SYM_FRAMES,125432
1746465902.041163,TX_FRAMES,125432
1746465902.064846,ps_take,85156
1746465902.032320,ps_take_src,85156
1746465902.071133,SYM_FRAMES,125433
1746465902.071196,FB_FRAMES,125973
1746465902.073874,TX_FRAMES,125433
1746465902.097600,ps_take,85157
1746465902.065009,ps_take_src,85157
1746465902.098415,img_start,4027926833
1746465902.103830,SYM_FRAMES,125434
1746465902.103891,FB_FRAMES,125974
1746465902.106622,TX_FRAMES,125434
1746465902.130430,ps_take,85158
1746465902.097749,ps_take_src,85158
1746465902.131174,img_start,4028120868
1746465902.136567,FB_FRAMES,125975
1746465902.136567,SYM_FRAMES,125435
1746465902.139367,TX_FRAMES,125435
1746465902.162879,ps_take,85159
1746465902.130555,ps_take_src,85159
1746465902.169423,FB_FRAMES,125976
1746465902.169423,SYM_FRAMES,125436
1746465902.172154,TX_FRAMES,125436
1746465902.195923,ps_take,85160
1746465902.163003,ps_take_src,85160
1746465902.195582,img_end,4028513552
1746465902.196722,img_start,4028516027
1746465902.202045,FB_FRAMES,125977
1746465902.202045,SYM_FRAMES,125437
1746465902.204812,TX_FRAMES,125437
1746465902.228439,ps_take,85161
1746465902.196065,ps_take_src,85161
1746465902.234925,FB_FRAMES,125978
1746465902.234925,SYM_FRAMES,125438
1746465902.237707,TX_FRAMES,125438
1746465902.261338,ps_take,85162
1746465902.228607,ps_take_src,85162
1746465902.262135,img_start,4028909873
1746465902.267561,FB_FRAMES,125979
1746465902.267561,SYM_FRAMES,125439
1746465902.270353,TX_FRAMES,125439
1746465902.294300,ps_take,85163
1746465902.261475,ps_take_src,85163
1746465902.293845,img_end,4029103376
1746465902.297979,img_start,4029106481
1746465902.300316,FB_FRAMES,125980
1746465902.300316,SYM_FRAMES,125440
1746465902.303056,TX_FRAMES,125440
1746465902.329747,ps_take,85164
1746465902.294551,ps_take_src,85164
1746465902.329686,img_end,4029299984
1746465902.334873,img_start,4029302565
1746465902.336157,FB_FRAMES,125981
1746465902.336157,SYM_FRAMES,125441
1746465902.338912,TX_FRAMES,125441
1746465902.366829,ps_take,85165
1746465902.329885,ps_take_src,85165
1746465902.367623,img_start,4029499697
1746465902.373070,FB_FRAMES,125982
1746465902.373070,SYM_FRAMES,125442
1746465902.375860,TX_FRAMES,125442
1746465902.399470,ps_take,85166
1746465902.366973,ps_take_src,85166
1746465902.405802,FB_FRAMES,125983
1746465902.405802,SYM_FRAMES,125443
1746465902.408594,TX_FRAMES,125443
1746465902.431930,ps_take,85167
1746465902.399584,ps_take_src,85167
1746465902.438440,SYM_FRAMES,125444
1746465902.438506,FB_FRAMES,125984
1746465902.441231,TX_FRAMES,125444
1746465902.465048,ps_take,85168
1746465902.432080,ps_take_src,85168
1746465902.464649,img_end,4030086416
1746465902.465838,img_start,4030087636
1746465902.471143,FB_FRAMES,125985
1746465902.471143,SYM_FRAMES,125445
1746465902.473832,TX_FRAMES,125445
1746465902.498364,ps_take,85169
1746465902.465211,ps_take_src,85169
1746465902.497572,img_end,4030283024
1746465902.499156,img_start,4030283914
1746465902.504049,FB_FRAMES,125986
1746465902.504049,SYM_FRAMES,125446
1746465902.506778,TX_FRAMES,125446
1746465902.530912,ps_take,85170
1746465902.498524,ps_take_src,85170
1746465902.537386,FB_FRAMES,125987
1746465902.537386,SYM_FRAMES,125447
1746465902.540094,TX_FRAMES,125447
1746465902.563932,ps_take,85171
1746465902.531060,ps_take_src,85171
1746465902.563534,img_end,4030676240
1746465902.564728,img_start,4030676294
1746465902.570014,FB_FRAMES,125988
1746465902.570014,SYM_FRAMES,125448
1746465902.572809,TX_FRAMES,125448
1746465902.596420,ps_take,85172
1746465902.564096,ps_take_src,85172
1746465902.596535,img_end,4030872848
1746465902.601547,img_start,4030873109
1746465902.602971,FB_FRAMES,125989
1746465902.602971,SYM_FRAMES,125449
1746465902.605736,TX_FRAMES,125449
1746465902.633350,ps_take,85173
1746465902.596670,ps_take_src,85173
1746465902.639782,FB_FRAMES,125990
1746465902.639782,SYM_FRAMES,125450
1746465902.642548,TX_FRAMES,125450
1746465902.666168,ps_take,85174
1746465902.633502,ps_take_src,85174
1746465902.666985,img_start,4031269169
1746465902.672433,FB_FRAMES,125991
1746465902.672433,SYM_FRAMES,125451
1746465902.675161,TX_FRAMES,125451
1746465902.698775,ps_take,85175
1746465902.666310,ps_take_src,85175
1746465902.705166,FB_FRAMES,125992
1746465902.705166,SYM_FRAMES,125452
1746465902.707934,TX_FRAMES,125452
1746465902.731429,ps_take,85176
1746465902.698900,ps_take_src,85176
1746465902.737812,FB_FRAMES,125993
1746465902.737812,SYM_FRAMES,125453
1746465902.740575,TX_FRAMES,125453
1746465902.764169,ps_take,85177
1746465902.731580,ps_take_src,85177
1746465902.770502,FB_FRAMES,125994
1746465902.770502,SYM_FRAMES,125454
1746465902.773209,TX_FRAMES,125454
1746465902.796808,ps_take,85178
1746465902.764333,ps_take_src,85178
1746465902.803150,SYM_FRAMES,125455
1746465902.803213,FB_FRAMES,125995
1746465902.805897,TX_FRAMES,125455
1746465902.829717,ps_take,85179
1746465902.796979,ps_take_src,85179
1746465902.829374,img_end,4032249104
1746465902.830546,img_start,4032252209
1746465902.835844,FB_FRAMES,125996
1746465902.835844,SYM_FRAMES,125456
1746465902.838591,TX_FRAMES,125456
1746465902.862620,ps_take,85180
1746465902.829858,ps_take_src,85180
1746465902.862282,img_end,4032445712
1746465902.863409,img_start,4032447418
1746465902.868710,SYM_FRAMES,125457
1746465902.868775,FB_FRAMES,125997
1746465902.871516,TX_FRAMES,125457
1746465902.895134,img_end,4032642320
1746465902.897000,ps_take,85181
1746465902.862757,ps_take_src,85181
1746465902.897786,img_start,4032644233
1746465902.901639,FB_FRAMES,125998
1746465902.901639,SYM_FRAMES,125458
1746465902.904332,TX_FRAMES,125458
1746465902.929967,ps_take,85182
1746465902.897151,ps_take_src,85182
1746465902.929511,img_end,4032838928
1746465902.934883,img_start,4032841448
1746465902.935994,FB_FRAMES,125999
1746465902.935994,SYM_FRAMES,125459
1746465902.938745,TX_FRAMES,125459
1746465902.966650,ps_take,85183
1746465902.930093,ps_take_src,85183
1746465902.973079,FB_FRAMES,126000
1746465902.973079,SYM_FRAMES,125460
1746465902.975846,TX_FRAMES,125460
1746465902.999448,ps_take,85184
1746465902.966811,ps_take_src,85184
1746465903.005790,FB_FRAMES,126001
1746465903.005790,SYM_FRAMES,125461
1746465903.008492,TX_FRAMES,125461
1746465903.031900,ps_take,85185
1746465902.999575,ps_take_src,85185
1746465903.038433,FB_FRAMES,126002
1746465903.038433,SYM_FRAMES,125462
1746465903.041149,TX_FRAMES,125462
1746465903.064758,ps_take,85186
1746465903.032036,ps_take_src,85186
1746465903.071059,FB_FRAMES,126003
1746465903.071059,SYM_FRAMES,125463
1746465903.073798,TX_FRAMES,125463
1746465903.097489,ps_take,85187
1746465903.064899,ps_take_src,85187
1746465903.097260,img_end,4033821968
1746465903.098345,img_start,4033825073
1746465903.103761,FB_FRAMES,126004
1746465903.103761,SYM_FRAMES,125464
1746465903.106479,TX_FRAMES,125464
1746465903.130326,ps_take,85188
1746465903.097658,ps_take_src,85188
1746465903.130038,img_end,4034018576
1746465903.131152,img_start,4034021337
1746465903.136514,FB_FRAMES,126005
1746465903.136514,SYM_FRAMES,125465
1746465903.139280,TX_FRAMES,125465
1746465903.163316,ps_take,85189
1746465903.130507,ps_take_src,85189
1746465903.162860,img_end,4034215184
1746465903.164116,img_start,4034216816
1746465903.169371,FB_FRAMES,126006
1746465903.169371,SYM_FRAMES,125466
1746465903.172072,TX_FRAMES,125466
1746465903.196141,ps_take,85190
1746465903.163477,ps_take_src,85190
1746465903.195853,img_end,4034411792
1746465903.196975,img_start,4034413605
1746465903.202339,FB_FRAMES,126007
1746465903.202339,SYM_FRAMES,125467
1746465903.205099,TX_FRAMES,125467
1746465903.229158,ps_take,85191
1746465903.196320,ps_take_src,85191
1746465903.228702,img_end,4034608400
1746465903.229953,img_start,4034611505
1746465903.235209,FB_FRAMES,126008
1746465903.235209,SYM_FRAMES,125468
1746465903.237953,TX_FRAMES,125468
1746465903.262117,ps_take,85192
1746465903.229280,ps_take_src,85192
1746465903.261662,img_end,4034805008
1746465903.264070,img_start,4034806135
1746465903.268116,SYM_FRAMES,125469
1746465903.268182,FB_FRAMES,126009
1746465903.270894,TX_FRAMES,125469
1746465903.296427,ps_take,85193
1746465903.262329,ps_take_src,85193
1746465903.295802,img_end,4035001616
1746465903.297230,img_start,4035003336
1746465903.302280,FB_FRAMES,126010
1746465903.302280,SYM_FRAMES,125470
1746465903.305039,TX_FRAMES,125470
1746465903.329021,ps_take,85194
1746465903.296571,ps_take_src,85194
1746465903.335424,FB_FRAMES,126011
1746465903.335424,SYM_FRAMES,125471
1746465903.338174,TX_FRAMES,125471
1746465903.361678,ps_take,85195
1746465903.329172,ps_take_src,85195
1746465903.368063,SYM_FRAMES,125472
1746465903.368126,FB_FRAMES,126012
1746465903.370850,TX_FRAMES,125472
1746465903.394722,ps_take,85196
1746465903.361839,ps_take_src,85196
1746465903.394297,img_end,4035591440
1746465903.395526,img_start,4035593312
1746465903.400730,FB_FRAMES,126013
1746465903.400730,SYM_FRAMES,125473
1746465903.403516,TX_FRAMES,125473
1746465903.427274,img_end,4035788048
1746465903.428464,ps_take,85197
1746465903.394867,ps_take_src,85197
1746465903.429249,img_start,4035791153
1746465903.433758,FB_FRAMES,126014
1746465903.433758,SYM_FRAMES,125474
1746465903.436491,TX_FRAMES,125474
1746465903.461416,ps_take,85198
1746465903.428591,ps_take_src,85198
1746465903.460958,img_end,4035984656
1746465903.462221,img_start,4035987761
1746465903.467450,FB_FRAMES,126015
1746465903.467450,SYM_FRAMES,125475
1746465903.470175,TX_FRAMES,125475
1746465903.494181,ps_take,85199
1746465903.461547,ps_take_src,85199
1746465903.493949,img_end,4036181264
1746465903.495068,img_start,4036184369
1746465903.500413,FB_FRAMES,126016
1746465903.500413,SYM_FRAMES,125476
1746465903.503143,TX_FRAMES,125476
1746465903.527173,ps_take,85200
1746465903.494356,ps_take_src,85200
1746465903.526765,img_end,4036377872
1746465903.527939,img_start,4036380523
1746465903.533248,FB_FRAMES,126017
1746465903.533248,SYM_FRAMES,125477
1746465903.536036,TX_FRAMES,125477
1746465903.559665,img_end,4036574480
1746465903.562781,ps_take,85201
1746465903.527295,ps_take_src,85201
1746465903.563566,img_start,4036576533
1746465903.566139,FB_FRAMES,126018
1746465903.566139,SYM_FRAMES,125478
1746465903.568882,TX_FRAMES,125478
1746465903.595222,ps_take,85202
1746465903.562911,ps_take_src,85202
1746465903.601763,FB_FRAMES,126019
1746465903.601763,SYM_FRAMES,125479
1746465903.604547,TX_FRAMES,125479
1746465903.628007,ps_take,85203
1746465903.595391,ps_take_src,85203
1746465903.634407,FB_FRAMES,126020
1746465903.634407,SYM_FRAMES,125480
1746465903.637203,TX_FRAMES,125480
1746465903.660604,ps_take,85204
1746465903.628175,ps_take_src,85204
1746465903.667068,FB_FRAMES,126021
1746465903.667068,SYM_FRAMES,125481
1746465903.669811,TX_FRAMES,125481
1746465903.693252,img_end,4037360912
1746465903.696497,ps_take,85205
1746465903.660773,ps_take_src,85205
1746465903.697341,img_start,4037363063
1746465903.699749,FB_FRAMES,126022
1746465903.699749,SYM_FRAMES,125482
1746465903.702470,TX_FRAMES,125482
1746465903.729066,ps_take,85206
1746465903.696698,ps_take_src,85206
1746465903.735532,FB_FRAMES,126023
1746465903.735532,SYM_FRAMES,125483
1746465903.738327,TX_FRAMES,125483
1746465903.762185,ps_take,85207
1746465903.729196,ps_take_src,85207
1746465903.761730,img_end,4037754128
1746465903.763016,img_start,4037757233
1746465903.768193,FB_FRAMES,126024
1746465903.768193,SYM_FRAMES,125484
1746465903.770964,TX_FRAMES,125484
1746465903.794809,ps_take,85208
1746465903.762321,ps_take_src,85208
1746465903.794749,img_end,4037950736
1746465903.797808,img_start,4037953841
1746465903.801217,FB_FRAMES,126025
1746465903.801217,SYM_FRAMES,125485
1746465903.803938,TX_FRAMES,125485
1746465903.830425,ps_take,85209
1746465903.795016,ps_take_src,85209
1746465903.829500,img_end,4038147344
1746465903.831219,img_start,4038150449
1746465903.835974,FB_FRAMES,126026
1746465903.835974,SYM_FRAMES,125486
1746465903.838739,TX_FRAMES,125486
1746465903.863459,ps_take,85210
1746465903.830565,ps_take_src,85210
1746465903.862947,img_end,4038343952
1746465903.864228,img_start,4038347057
1746465903.869435,FB_FRAMES,126027
1746465903.869435,SYM_FRAMES,125487
1746465903.872137,TX_FRAMES,125487
1746465903.896454,ps_take,85211
1746465903.863581,ps_take_src,85211
1746465903.895940,img_end,4038540560
1746465903.897257,img_start,4038542322
1746465903.902385,FB_FRAMES,126028
1746465903.902385,SYM_FRAMES,125488
1746465903.905143,TX_FRAMES,125488
1746465903.929058,ps_take,85212
1746465903.896598,ps_take_src,85212
1746465903.935448,SYM_FRAMES,125489
1746465903.935510,FB_FRAMES,126029
1746465903.938224,TX_FRAMES,125489
1746465903.962491,ps_take,85213
1746465903.929195,ps_take_src,85213
1746465903.961660,img_end,4038933776
1746465903.963286,img_start,4038934973
1746465903.968108,FB_FRAMES,126030
1746465903.968108,SYM_FRAMES,125490
1746465903.970877,TX_FRAMES,125490
1746465903.995365,ps_take,85214
1746465903.962642,ps_take_src,85214
1746465903.995019,img_end,4039130384
1746465903.996172,img_start,4039133489
1746465904.001529,FB_FRAMES,126031
1746465904.001529,SYM_FRAMES,125491
1746465904.004279,TX_FRAMES,125491
1746465904.028441,ps_take,85215
1746465903.995490,ps_take_src,85215
1746465904.027869,img_end,4039326992
1746465904.029298,img_start,4039330097
1746465904.034378,FB_FRAMES,126032
1746465904.034378,SYM_FRAMES,125492
1746465904.037084,TX_FRAMES,125492
1746465904.061297,ps_take,85216
1746465904.028603,ps_take_src,85216
1746465904.061009,img_end,4039523600
1746465904.062104,img_start,4039526473
1746465904.067444,SYM_FRAMES,125493
1746465904.067505,FB_FRAMES,126033
1746465904.070220,TX_FRAMES,125493
1746465904.093839,img_end,4039720208
1746465904.097047,ps_take,85217
1746465904.061440,ps_take_src,85217
1746465904.097826,img_start,4039723313
1746465904.100278,SYM_FRAMES,125494
1746465904.100339,FB_FRAMES,126034
1746465904.103028,TX_FRAMES,125494
1746465904.129775,ps_take,85218
1746465904.097183,ps_take_src,85218
1746465904.129544,img_end,4039916816
1746465904.134886,img_start,4039919921
1746465904.135998,SYM_FRAMES,125495
1746465904.136059,FB_FRAMES,126035
1746465904.138741,TX_FRAMES,125495
1746465904.166590,ps_take,85219
1746465904.129908,ps_take_src,85219
1746465904.173065,FB_FRAMES,126036
1746465904.173065,SYM_FRAMES,125496
1746465904.175786,TX_FRAMES,125496
1746465904.199454,ps_take,85220
1746465904.166744,ps_take_src,85220
1746465904.200251,img_start,4040313137
1746465904.205719,FB_FRAMES,126037
1746465904.205719,SYM_FRAMES,125497
1746465904.208485,TX_FRAMES,125497
1746465904.231911,ps_take,85221
1746465904.199581,ps_take_src,85221
1746465904.238388,SYM_FRAMES,125498
1746465904.238464,FB_FRAMES,126038
1746465904.241202,TX_FRAMES,125498
1746465904.264713,ps_take,85222
1746465904.232036,ps_take_src,85222
1746465904.271049,SYM_FRAMES,125499
1746465904.271131,FB_FRAMES,126039
1746465904.273836,TX_FRAMES,125499
1746465904.297479,ps_take,85223
1746465904.264825,ps_take_src,85223
1746465904.297249,img_end,4040899856
1746465904.298343,img_start,4040902961
1746465904.303733,FB_FRAMES,126040
1746465904.303733,SYM_FRAMES,125500
1746465904.306471,TX_FRAMES,125500
1746465904.330276,ps_take,85224
1746465904.297639,ps_take_src,85224
1746465904.331096,img_start,4041099569
1746465904.336506,FB_FRAMES,126041
1746465904.336506,SYM_FRAMES,125501
1746465904.339222,TX_FRAMES,125501
1746465904.362732,ps_take,85225
1746465904.330439,ps_take_src,85225
1746465904.369259,SYM_FRAMES,125502
1746465904.369322,FB_FRAMES,126042
1746465904.372048,TX_FRAMES,125502
1746465904.395782,ps_take,85226
1746465904.362898,ps_take_src,85226
1746465904.395436,img_end,4041489680
1746465904.401917,FB_FRAMES,126043
1746465904.401917,SYM_FRAMES,125503
1746465904.402902,img_start,4041492750
1746465904.404725,TX_FRAMES,125503
1746465904.434634,ps_take,85227
1746465904.395981,ps_take_src,85227
1746465904.441123,FB_FRAMES,126044
1746465904.441123,SYM_FRAMES,125504
1746465904.443863,TX_FRAMES,125504
1746465904.467563,ps_take,85228
1746465904.434792,ps_take_src,85228
1746465904.468303,img_start,4041883313
1746465904.473754,FB_FRAMES,126045
1746465904.473754,SYM_FRAMES,125505
1746465904.476464,TX_FRAMES,125505
1746465904.500512,ps_take,85229
1746465904.467686,ps_take_src,85229
1746465904.500057,img_end,4042079504
1746465904.501258,img_start,4042081614
1746465904.506553,FB_FRAMES,126046
1746465904.506553,SYM_FRAMES,125506
1746465904.509273,TX_FRAMES,125506
1746465904.533103,ps_take,85230
1746465904.500626,ps_take_src,85230
1746465904.539444,SYM_FRAMES,125507
1746465904.539536,FB_FRAMES,126047
1746465904.542227,TX_FRAMES,125507
1746465904.565702,ps_take,85231
1746465904.533218,ps_take_src,85231
1746465904.572128,FB_FRAMES,126048
1746465904.572128,SYM_FRAMES,125508
1746465904.574868,TX_FRAMES,125508
1746465904.598677,ps_take,85232
1746465904.565847,ps_take_src,85232
1746465904.598312,img_end,4042669328
1746465904.599418,img_start,4042670659
1746465904.604751,FB_FRAMES,126049
1746465904.604751,SYM_FRAMES,125509
1746465904.607484,TX_FRAMES,125509
1746465904.631327,ps_take,85233
1746465904.598799,ps_take_src,85233
1746465904.637659,FB_FRAMES,126050
1746465904.637659,SYM_FRAMES,125510
1746465904.640420,TX_FRAMES,125510
1746465904.664053,ps_take,85234
1746465904.631458,ps_take_src,85234
1746465904.664853,img_start,4043065649
1746465904.670326,FB_FRAMES,126051
1746465904.670326,SYM_FRAMES,125511
1746465904.673084,TX_FRAMES,125511
1746465904.697032,ps_take,85235
1746465904.664179,ps_take_src,85235
1746465904.696573,img_end,4043259152
1746465904.697833,img_start,4043262257
1746465904.703045,FB_FRAMES,126052
1746465904.703045,SYM_FRAMES,125512
1746465904.705760,TX_FRAMES,125512
1746465904.729731,ps_take,85236
1746465904.697163,ps_take_src,85236
1746465904.729554,img_end,4043455760
1746465904.734884,img_start,4043458865
1746465904.735995,FB_FRAMES,126053
1746465904.735995,SYM_FRAMES,125513
1746465904.738760,TX_FRAMES,125513
1746465904.766671,ps_take,85237
1746465904.729861,ps_take_src,85237
1746465904.773062,FB_FRAMES,126054
1746465904.773062,SYM_FRAMES,125514
1746465904.775784,TX_FRAMES,125514
1746465904.799541,ps_take,85238
1746465904.766831,ps_take_src,85238
1746465904.799255,img_end,4043848976
1746465904.800340,img_start,4043852081
1746465904.805736,FB_FRAMES,126055
1746465904.805736,SYM_FRAMES,125515
1746465904.808487,TX_FRAMES,125515
1746465904.832479,ps_take,85239
1746465904.799681,ps_take_src,85239
1746465904.832024,img_end,4044045584
1746465904.833277,img_start,4044047339
1746465904.838494,SYM_FRAMES,125516
1746465904.838556,FB_FRAMES,126056
1746465904.841318,TX_FRAMES,125516
1746465904.865118,ps_take,85240
1746465904.832642,ps_take_src,85240
1746465904.871464,SYM_FRAMES,125517
1746465904.871526,FB_FRAMES,126057
1746465904.874228,TX_FRAMES,125517
1746465904.898439,ps_take,85241
1746465904.865271,ps_take_src,85241
1746465904.897682,img_end,4044438800
1746465904.899221,img_start,4044441851
1746465904.904120,FB_FRAMES,126058
1746465904.904120,SYM_FRAMES,125518
1746465904.906930,TX_FRAMES,125518
1746465904.930927,ps_take,85242
1746465904.898557,ps_take_src,85242
1746465904.937405,FB_FRAMES,126059
1746465904.937405,SYM_FRAMES,125519
1746465904.940155,TX_FRAMES,125519
1746465904.963938,ps_take,85243
1746465904.931072,ps_take_src,85243
1746465904.963596,img_end,4044832016
1746465904.964739,img_start,4044835121
1746465904.970063,FB_FRAMES,126060
1746465904.970063,SYM_FRAMES,125520
1746465904.972815,TX_FRAMES,125520
1746465904.996471,ps_take,85244
1746465904.964071,ps_take_src,85244
1746465904.996471,img_end,4045028624
1746465905.002955,img_start,4045031729
1746465905.002955,FB_FRAMES,126061
1746465905.002955,SYM_FRAMES,125521
1746465905.005648,TX_FRAMES,125521
1746465905.035116,ps_take,85245
1746465904.996675,ps_take_src,85245
1746465905.034666,img_end,4045225232
1746465905.035909,img_start,4045227525
1746465905.041121,SYM_FRAMES,125522
1746465905.041182,FB_FRAMES,126062
1746465905.043861,TX_FRAMES,125522
1746465905.068032,ps_take,85246
1746465905.035275,ps_take_src,85246
1746465905.067636,img_end,4045421840
1746465905.068825,img_start,4045424945
1746465905.074122,FB_FRAMES,126063
1746465905.074122,SYM_FRAMES,125523
1746465905.076867,TX_FRAMES,125523
1746465905.100477,ps_take,85247
1746465905.068163,ps_take_src,85247
1746465905.107020,FB_FRAMES,126064
1746465905.107020,SYM_FRAMES,125524
1746465905.109793,TX_FRAMES,125524
1746465905.133118,ps_take,85248
1746465905.100638,ps_take_src,85248
1746465905.139676,FB_FRAMES,126065
1746465905.139676,SYM_FRAMES,125525
1746465905.142403,TX_FRAMES,125525
1746465905.165935,ps_take,85249
1746465905.133256,ps_take_src,85249
1746465905.172288,SYM_FRAMES,125526
1746465905.172350,FB_FRAMES,126066
1746465905.175039,TX_FRAMES,125526
1746465905.198657,ps_take,85250
1746465905.166067,ps_take_src,85250
1746465905.204982,FB_FRAMES,126067
1746465905.204982,SYM_FRAMES,125527
1746465905.207700,TX_FRAMES,125527
1746465905.231471,ps_take,85251
1746465905.198815,ps_take_src,85251
1746465905.231186,img_end,4046404880
1746465905.232270,img_start,4046407985
1746465905.237681,FB_FRAMES,126068
1746465905.237681,SYM_FRAMES,125528
1746465905.240420,TX_FRAMES,125528
1746465905.264413,ps_take,85252
1746465905.231597,ps_take_src,85252
1746465905.263959,img_end,4046601488
1746465905.265210,img_start,4046603461
1746465905.270442,FB_FRAMES,126069
1746465905.270442,SYM_FRAMES,125529
1746465905.273160,TX_FRAMES,125529
1746465905.296996,ps_take,85253
1746465905.264580,ps_take_src,85253
1746465905.303400,SYM_FRAMES,125530
1746465905.303461,FB_FRAMES,126070
1746465905.306137,TX_FRAMES,125530
1746465905.329703,ps_take,85254
1746465905.297117,ps_take_src,85254
1746465905.329586,img_end,4046994704
1746465905.334890,img_start,4046995621
1746465905.336050,FB_FRAMES,126071
1746465905.336050,SYM_FRAMES,125531
1746465905.338796,TX_FRAMES,125531
1746465905.366811,ps_take,85255
1746465905.329847,ps_take_src,85255
1746465905.373122,FB_FRAMES,126072
1746465905.373122,SYM_FRAMES,125532
1746465905.375819,TX_FRAMES,125532
1746465905.399504,ps_take,85256
1746465905.366976,ps_take_src,85256
1746465905.405807,FB_FRAMES,126073
1746465905.405807,SYM_FRAMES,125533
1746465905.408566,TX_FRAMES,125533
1746465905.432462,ps_take,85257
1746465905.399658,ps_take_src,85257
1746465905.432008,img_end,4047584528
1746465905.433259,img_start,4047586359
1746465905.438481,FB_FRAMES,126074
1746465905.438481,SYM_FRAMES,125534
1746465905.441253,TX_FRAMES,125534
1746465905.465116,ps_take,85258
1746465905.432627,ps_take_src,85258
1746465905.471445,SYM_FRAMES,125535
1746465905.471508,FB_FRAMES,126075
1746465905.474200,TX_FRAMES,125535
1746465905.497696,ps_take,85259
1746465905.465263,ps_take_src,85259
1746465905.504107,FB_FRAMES,126076
1746465905.504107,SYM_FRAMES,125536
1746465905.506866,TX_FRAMES,125536
1746465905.530232,ps_take,85260
1746465905.497842,ps_take_src,85260
1746465905.536753,FB_FRAMES,126077
1746465905.536753,SYM_FRAMES,125537
1746465905.539562,TX_FRAMES,125537
1746465905.563327,ps_take,85261
1746465905.530366,ps_take_src,85261
1746465905.562927,img_end,4048370960
1746465905.564126,img_start,4048373161
1746465905.569439,FB_FRAMES,126078
1746465905.569439,SYM_FRAMES,125538
1746465905.572186,TX_FRAMES,125538
1746465905.595879,ps_take,85262
1746465905.563478,ps_take_src,85262
1746465905.595879,img_end,4048567568
1746465905.601607,img_start,4048570673
1746465905.602307,SYM_FRAMES,125539
1746465905.602410,FB_FRAMES,126079
1746465905.605081,TX_FRAMES,125539
1746465905.633396,ps_take,85263
1746465905.596134,ps_take_src,85263
1746465905.639824,FB_FRAMES,126080
1746465905.639824,SYM_FRAMES,125540
1746465905.642523,TX_FRAMES,125540
1746465905.666020,ps_take,85264
1746465905.633539,ps_take_src,85264
1746465905.672436,FB_FRAMES,126081
1746465905.672436,SYM_FRAMES,125541
1746465905.675197,TX_FRAMES,125541
1746465905.698781,ps_take,85265
1746465905.666152,ps_take_src,85265
1746465905.705082,SYM_FRAMES,125542
1746465905.705144,FB_FRAMES,126082
1746465905.707890,TX_FRAMES,125542
1746465905.731366,ps_take,85266
1746465905.698916,ps_take_src,85266
1746465905.737781,FB_FRAMES,126083
1746465905.737781,SYM_FRAMES,125543
1746465905.740475,TX_FRAMES,125543
1746465905.764289,ps_take,85267
1746465905.731536,ps_take_src,85267
1746465905.764004,img_end,4049550608
1746465905.765091,img_start,4049553713
1746465905.770473,FB_FRAMES,126084
1746465905.770473,SYM_FRAMES,125544
1746465905.773209,TX_FRAMES,125544
1746465905.797088,ps_take,85268
1746465905.764441,ps_take_src,85268
1746465905.796803,img_end,4049747216
1746465905.797887,img_start,4049750321
1746465905.803258,SYM_FRAMES,125545
1746465905.803319,FB_FRAMES,126085
1746465905.806077,TX_FRAMES,125545
1746465905.829616,ps_take,85269
1746465905.797228,ps_take_src,85269
1746465905.836082,FB_FRAMES,126086
1746465905.836082,SYM_FRAMES,125546
1746465905.838810,TX_FRAMES,125546
1746465905.862377,ps_take,85270
1746465905.829767,ps_take_src,85270
1746465905.868703,SYM_FRAMES,125547
1746465905.868766,FB_FRAMES,126087
1746465905.871504,TX_FRAMES,125547
1746465905.895311,ps_take,85271
1746465905.862555,ps_take_src,85271
1746465905.894969,img_end,4050337040
1746465905.897580,img_start,4050340145
1746465905.901451,FB_FRAMES,126088
1746465905.901451,SYM_FRAMES,125548
1746465905.904142,TX_FRAMES,125548
1746465905.929256,ps_take,85272
1746465905.895517,ps_take_src,85272
1746465905.935791,FB_FRAMES,126089
1746465905.935791,SYM_FRAMES,125549
1746465905.938513,TX_FRAMES,125549
1746465905.962722,ps_take,85273
1746465905.929430,ps_take_src,85273
1746465905.961954,img_end,4050730256
1746465905.963564,img_start,4050733361
1746465905.968439,FB_FRAMES,126090
1746465905.968439,SYM_FRAMES,125550
1746465905.971166,TX_FRAMES,125550
1746465905.995254,ps_take,85274
1746465905.962878,ps_take_src,85274
1746465906.001721,FB_FRAMES,126091
1746465906.001721,SYM_FRAMES,125551
1746465906.004530,TX_FRAMES,125551
1746465906.028157,ps_take,85275
1746465905.995376,ps_take_src,85275
1746465906.028957,img_start,4051125932
1746465906.034420,FB_FRAMES,126092
1746465906.034420,SYM_FRAMES,125552
1746465906.037127,TX_FRAMES,125552
1746465906.060690,ps_take,85276
1746465906.028303,ps_take_src,85276
1746465906.067164,FB_FRAMES,126093
1746465906.067164,SYM_FRAMES,125553
1746465906.069935,TX_FRAMES,125553
1746465906.093330,img_end,4051516688
1746465906.098425,ps_take,85277
1746465906.060802,ps_take_src,85277
1746465906.099214,img_start,4051519793
1746465906.099803,FB_FRAMES,126094
1746465906.099803,SYM_FRAMES,125554
1746465906.102532,TX_FRAMES,125554
1746465906.131196,ps_take,85278
1746465906.098557,ps_take_src,85278
1746465906.130909,img_end,4051713296
1746465906.131998,img_start,4051716401
1746465906.137383,SYM_FRAMES,125555
1746465906.137444,FB_FRAMES,126095
1746465906.140121,TX_FRAMES,125555
1746465906.163846,ps_take,85279
1746465906.131324,ps_take_src,85279
1746465906.170165,FB_FRAMES,126096
1746465906.170165,SYM_FRAMES,125556
1746465906.172913,TX_FRAMES,125556
1746465906.196325,ps_take,85280
1746465906.164003,ps_take_src,85280
1746465906.196438,img_end,4052106512
1746465906.202863,FB_FRAMES,126097
1746465906.202863,SYM_FRAMES,125557
1746465906.202929,img_start,4052106732
1746465906.205657,TX_FRAMES,125557
1746465906.235135,ps_take,85281
1746465906.196572,ps_take_src,85281
1746465906.234682,img_end,4052303120
1746465906.235930,img_start,4052305990
1746465906.241156,FB_FRAMES,126098
1746465906.241156,SYM_FRAMES,125558
1746465906.243888,TX_FRAMES,125558
1746465906.268013,ps_take,85282
1746465906.235286,ps_take_src,85282
1746465906.267671,img_end,4052499728
1746465906.268759,img_start,4052501443
1746465906.274148,FB_FRAMES,126099
1746465906.274148,SYM_FRAMES,125559
1746465906.276845,TX_FRAMES,125559
1746465906.300500,ps_take,85283
1746465906.268131,ps_take_src,85283
1746465906.306959,FB_FRAMES,126100
1746465906.306959,SYM_FRAMES,125560
1746465906.309699,TX_FRAMES,125560
1746465906.333599,ps_take,85284
1746465906.300624,ps_take_src,85284
1746465906.333146,img_end,4052892944
1746465906.334371,img_start,4052896049
1746465906.339620,FB_FRAMES,126101
1746465906.339620,SYM_FRAMES,125561
1746465906.342334,TX_FRAMES,125561
1746465906.366536,ps_take,85285
1746465906.333713,ps_take_src,85285
1746465906.366086,img_end,4053089552
1746465906.367333,img_start,4053092657
1746465906.372530,SYM_FRAMES,125562
1746465906.372591,FB_FRAMES,126102
1746465906.375321,TX_FRAMES,125562
1746465906.399026,ps_take,85286
1746465906.366671,ps_take_src,85286
1746465906.405492,SYM_FRAMES,125563
1746465906.405553,FB_FRAMES,126103
1746465906.408232,TX_FRAMES,125563
1746465906.431934,ps_take,85287
1746465906.399154,ps_take_src,85287
1746465906.432731,img_start,4053485873
1746465906.438134,SYM_FRAMES,125564
1746465906.438196,FB_FRAMES,126104
1746465906.440910,TX_FRAMES,125564
1746465906.464909,ps_take,85288
1746465906.432077,ps_take_src,85288
1746465906.464455,img_end,4053679376
1746465906.465707,img_start,4053682479
1746465906.470930,FB_FRAMES,126105
1746465906.470930,SYM_FRAMES,125565
1746465906.473668,TX_FRAMES,125565
1746465906.497614,ps_take,85289
1746465906.465059,ps_take_src,85289
1746465906.497441,img_end,4053875984
1746465906.498729,img_start,4053878864
1746465906.503878,SYM_FRAMES,125566
1746465906.503939,FB_FRAMES,126106
1746465906.506636,TX_FRAMES,125566
1746465906.530818,ps_take,85290
1746465906.498082,ps_take_src,85290
1746465906.530477,img_end,4054072592
1746465906.531614,img_start,4054074418
1746465906.536929,FB_FRAMES,126107
1746465906.536929,SYM_FRAMES,125567
1746465906.539665,TX_FRAMES,125567
1746465906.563264,ps_take,85291
1746465906.530981,ps_take_src,85291
1746465906.569829,FB_FRAMES,126108
1746465906.569829,SYM_FRAMES,125568
1746465906.572561,TX_FRAMES,125568
1746465906.596007,ps_take,85292
1746465906.563427,ps_take_src,85292
1746465906.596007,img_end,4054465808
1746465906.601628,img_start,4054466639
1746465906.602464,FB_FRAMES,126109
1746465906.602464,SYM_FRAMES,125569
1746465906.605268,TX_FRAMES,125569
1746465906.633656,ps_take,85293
1746465906.596246,ps_take_src,85293
1746465906.633370,img_end,4054662416
1746465906.634470,img_start,4054665521
1746465906.639825,SYM_FRAMES,125570
1746465906.639885,FB_FRAMES,126110
1746465906.642608,TX_FRAMES,125570
1746465906.666101,ps_take,85294
1746465906.633780,ps_take_src,85294
1746465906.672624,SYM_FRAMES,125571
1746465906.672729,FB_FRAMES,126111
1746465906.675383,TX_FRAMES,125571
1746465906.698722,ps_take,85295
1746465906.666221,ps_take_src,85295
1746465906.705278,FB_FRAMES,126112
1746465906.705278,SYM_FRAMES,125572
1746465906.708032,TX_FRAMES,125572
1746465906.731418,ps_take,85296
1746465906.698861,ps_take_src,85296
1746465906.737983,FB_FRAMES,126113
1746465906.737983,SYM_FRAMES,125573
1746465906.740694,TX_FRAMES,125573
1746465906.764468,ps_take,85297
1746465906.731550,ps_take_src,85297
1746465906.764127,img_end,4055448848
1746465906.765254,img_start,4055450088
1746465906.770602,FB_FRAMES,126114
1746465906.770602,SYM_FRAMES,125574
1746465906.773373,TX_FRAMES,125574
1746465906.797437,ps_take,85298
1746465906.764632,ps_take_src,85298
1746465906.796982,img_end,4055645456
1746465906.798231,img_start,4055648561
1746465906.803450,FB_FRAMES,126115
1746465906.803450,SYM_FRAMES,125575
1746465906.806194,TX_FRAMES,125575
1746465906.830123,ps_take,85299
1746465906.797577,ps_take_src,85299
1746465906.836441,FB_FRAMES,126116
1746465906.836441,SYM_FRAMES,125576
1746465906.839170,TX_FRAMES,125576
1746465906.862825,ps_take,85300
1746465906.830292,ps_take_src,85300
1746465906.869173,FB_FRAMES,126117
1746465906.869173,SYM_FRAMES,125577
1746465906.871920,TX_FRAMES,125577
1746465906.895361,img_end,4056235280
1746465906.896376,ps_take,85301
1746465906.862948,ps_take_src,85301
1746465906.897221,img_start,4056238385
1746465906.901799,FB_FRAMES,126118
1746465906.901799,SYM_FRAMES,125578
1746465906.904555,TX_FRAMES,125578
1746465906.929188,ps_take,85302
1746465906.896550,ps_take_src,85302
1746465906.929983,img_start,4056434071
1746465906.935395,FB_FRAMES,126119
1746465906.935395,SYM_FRAMES,125579
1746465906.938130,TX_FRAMES,125579
1746465906.961822,ps_take,85303
1746465906.929339,ps_take_src,85303
1746465906.961704,img_end,4056628496
1746465906.964229,img_start,4056629648
1746465906.968190,FB_FRAMES,126120
1746465906.968190,SYM_FRAMES,125580
1746465906.970914,TX_FRAMES,125580
1746465906.996192,ps_take,85304
1746465906.961962,ps_take_src,85304
1746465906.996997,img_start,4056825610
1746465907.002470,FB_FRAMES,126121
1746465907.002470,SYM_FRAMES,125581
1746465907.005196,TX_FRAMES,125581
1746465907.029018,ps_take,85305
1746465906.996362,ps_take_src,85305
1746465907.028732,img_end,4057021712
1746465907.029874,img_start,4057024817
1746465907.035227,FB_FRAMES,126122
1746465907.035227,SYM_FRAMES,125582
1746465907.037970,TX_FRAMES,125582
1746465907.061857,ps_take,85306
1746465907.029193,ps_take_src,85306
1746465907.061571,img_end,4057218320
1746465907.062675,img_start,4057219513
1746465907.068028,SYM_FRAMES,125583
1746465907.068091,FB_FRAMES,126123
1746465907.070787,TX_FRAMES,125583
1746465907.094549,ps_take,85307
1746465907.062000,ps_take_src,85307
1746465907.100904,FB_FRAMES,126124
1746465907.100904,SYM_FRAMES,125584
1746465907.103632,TX_FRAMES,125584
1746465907.127320,ps_take,85308
1746465907.094718,ps_take_src,85308
1746465907.128119,img_start,4057614576
1746465907.133560,FB_FRAMES,126125
1746465907.133560,SYM_FRAMES,125585
1746465907.136343,TX_FRAMES,125585
1746465907.159842,img_end,4057808144
1746465907.162730,ps_take,85309
1746465907.127467,ps_take_src,85309
1746465907.163518,img_start,4057808674
1746465907.166297,SYM_FRAMES,125586
1746465907.166358,FB_FRAMES,126126
1746465907.169060,TX_FRAMES,125586
1746465907.195533,ps_take,85310
1746465907.162880,ps_take_src,85310
1746465907.195246,img_end,4058004752
1746465907.196334,img_start,4058004950
1746465907.201741,FB_FRAMES,126127
1746465907.201741,SYM_FRAMES,125587
1746465907.204507,TX_FRAMES,125587
1746465907.228509,ps_take,85311
1746465907.195692,ps_take_src,85311
1746465907.228110,img_end,4058201360
1746465907.229352,img_start,4058203964
1746465907.234586,FB_FRAMES,126128
1746465907.234586,SYM_FRAMES,125588
1746465907.237293,TX_FRAMES,125588
1746465907.261042,ps_take,85312
1746465907.228680,ps_take_src,85312
1746465907.267543,FB_FRAMES,126129
1746465907.267543,SYM_FRAMES,125589
1746465907.270289,TX_FRAMES,125589
1746465907.293734,img_end,4058594576
1746465907.297605,ps_take,85313
1746465907.261170,ps_take_src,85313
1746465907.298522,img_start,4058597681
1746465907.300209,FB_FRAMES,126130
1746465907.300209,SYM_FRAMES,125590
1746465907.302938,TX_FRAMES,125590
1746465907.330198,ps_take,85314
1746465907.297736,ps_take_src,85314
1746465907.336704,FB_FRAMES,126131
1746465907.336704,SYM_FRAMES,125591
1746465907.339482,TX_FRAMES,125591
1746465907.362798,ps_take,85315
1746465907.330336,ps_take_src,85315
1746465907.369347,FB_FRAMES,126132
1746465907.369347,SYM_FRAMES,125592
1746465907.372091,TX_FRAMES,125592
1746465907.395952,ps_take,85316
1746465907.362960,ps_take_src,85316
1746465907.395551,img_end,4059184400
1746465907.396749,img_start,4059187505
1746465907.402007,FB_FRAMES,126133
1746465907.402007,SYM_FRAMES,125593
1746465907.404804,TX_FRAMES,125593
1746465907.428469,img_end,4059381008
1746465907.429871,ps_take,85317
1746465907.396078,ps_take_src,85317
1746465907.434890,img_start,4059384113
1746465907.434955,FB_FRAMES,126134
1746465907.434955,SYM_FRAMES,125594
1746465907.437654,TX_FRAMES,125594
1746465907.466734,ps_take,85318
1746465907.430042,ps_take_src,85318
1746465907.473077,FB_FRAMES,126135
1746465907.473077,SYM_FRAMES,125595
1746465907.475823,TX_FRAMES,125595
1746465907.499332,ps_take,85319
1746465907.466903,ps_take_src,85319
1746465907.505742,FB_FRAMES,126136
1746465907.505742,SYM_FRAMES,125596
1746465907.508458,TX_FRAMES,125596
1746465907.532157,ps_take,85320
1746465907.499497,ps_take_src,85320
1746465907.532950,img_start,4059973937
1746465907.538382,FB_FRAMES,126137
1746465907.538382,SYM_FRAMES,125597
1746465907.541130,TX_FRAMES,125597
1746465907.564767,ps_take,85321
1746465907.532292,ps_take_src,85321
1746465907.571137,FB_FRAMES,126138
1746465907.571137,SYM_FRAMES,125598
1746465907.573878,TX_FRAMES,125598
1746465907.597670,ps_take,85322
1746465907.564910,ps_take_src,85322
1746465907.597328,img_end,4060364048
1746465907.601009,img_start,4060367153
1746465907.603775,FB_FRAMES,126139
1746465907.603775,SYM_FRAMES,125599
1746465907.606536,TX_FRAMES,125599
1746465907.632959,ps_take,85323
1746465907.597821,ps_take_src,85323
1746465907.633734,img_start,4060563761
1746465907.639220,FB_FRAMES,126140
1746465907.639220,SYM_FRAMES,125600
1746465907.641971,TX_FRAMES,125600
1746465907.665619,ps_take,85324
1746465907.633073,ps_take_src,85324
1746465907.671930,FB_FRAMES,126141
1746465907.671930,SYM_FRAMES,125601
1746465907.674635,TX_FRAMES,125601
1746465907.698467,ps_take,85325
1746465907.665756,ps_take_src,85325
1746465907.698108,img_end,4060953872
1746465907.699207,img_start,4060954903
1746465907.704591,FB_FRAMES,126142
1746465907.704591,SYM_FRAMES,125602
1746465907.707375,TX_FRAMES,125602
1746465907.731334,ps_take,85326
1746465907.698582,ps_take_src,85326
1746465907.730933,img_end,4061150480
1746465907.732137,img_start,4061153585
1746465907.737435,FB_FRAMES,126143
1746465907.737435,SYM_FRAMES,125603
1746465907.740209,TX_FRAMES,125603
1746465907.764146,ps_take,85327
1746465907.731477,ps_take_src,85327
1746465907.763859,img_end,4061347088
1746465907.764951,img_start,4061350193
1746465907.770335,FB_FRAMES,126144
1746465907.770335,SYM_FRAMES,125604
1746465907.773052,TX_FRAMES,125604
1746465907.797111,ps_take,85328
1746465907.764309,ps_take_src,85328
1746465907.796659,img_end,4061543696
1746465907.797905,img_start,4061546801
1746465907.803118,SYM_FRAMES,125605
1746465907.803180,FB_FRAMES,126145
1746465907.805871,TX_FRAMES,125605
1746465907.829698,ps_take,85329
1746465907.797252,ps_take_src,85329
1746465907.836081,FB_FRAMES,126146
1746465907.836081,SYM_FRAMES,125606
1746465907.838827,TX_FRAMES,125606
1746465907.862435,ps_take,85330
1746465907.829862,ps_take_src,85330
1746465907.868761,FB_FRAMES,126147
1746465907.868761,SYM_FRAMES,125607
1746465907.871484,TX_FRAMES,125607
1746465907.895354,ps_take,85331
1746465907.862569,ps_take_src,85331
1746465907.894954,img_end,4062133520
1746465907.896161,img_start,4062133521
1746465907.901428,FB_FRAMES,126148
1746465907.901428,SYM_FRAMES,125608
1746465907.904205,TX_FRAMES,125608
1746465907.928133,ps_take,85332
1746465907.895525,ps_take_src,85332
1746465907.927900,img_end,4062330128
1746465907.931218,img_start,4062333233
1746465907.934407,FB_FRAMES,126149
1746465907.934407,SYM_FRAMES,125609
1746465907.937140,TX_FRAMES,125609
1746465907.963400,ps_take,85333
1746465907.928355,ps_take_src,85333
1746465907.962945,img_end,4062526736
1746465907.964254,img_start,4062528683
1746465907.969413,FB_FRAMES,126150
1746465907.969413,SYM_FRAMES,125610
1746465907.972150,TX_FRAMES,125610
1746465907.996460,ps_take,85334
1746465907.963541,ps_take_src,85334
1746465907.995995,img_end,4062723344
1746465907.997268,img_start,4062725224
1746465908.002488,FB_FRAMES,126151
1746465908.002488,SYM_FRAMES,125611
1746465908.005188,TX_FRAMES,125611
1746465908.029189,ps_take,85335
1746465907.996609,ps_take_src,85335
1746465908.035459,FB_FRAMES,126152
1746465908.035459,SYM_FRAMES,125612
1746465908.038255,TX_FRAMES,125612
1746465908.062179,ps_take,85336
1746465908.029335,ps_take_src,85336
1746465908.061725,img_end,4063116560
1746465908.063033,img_start,4063119665
1746465908.068200,FB_FRAMES,126153
1746465908.068200,SYM_FRAMES,125613
1746465908.070952,TX_FRAMES,125613
1746465908.094759,img_end,4063313168
1746465908.096393,ps_take,85337
1746465908.062320,ps_take_src,85337
1746465908.097230,img_start,4063316273
1746465908.101200,FB_FRAMES,126154
1746465908.101200,SYM_FRAMES,125614
1746465908.103967,TX_FRAMES,125614
1746465908.129237,ps_take,85338
1746465908.096548,ps_take_src,85338
1746465908.128950,img_end,4063509776
1746465908.130041,img_start,4063512881
1746465908.135419,FB_FRAMES,126155
1746465908.135419,SYM_FRAMES,125615
1746465908.138138,TX_FRAMES,125615
1746465908.161875,ps_take,85339
1746465908.129370,ps_take_src,85339
1746465908.161757,img_end,4063706384
1746465908.164217,img_start,4063709489
1746465908.168208,SYM_FRAMES,125616
1746465908.168269,FB_FRAMES,126156
1746465908.171023,TX_FRAMES,125616
1746465908.196290,ps_take,85340
1746465908.162035,ps_take_src,85340
1746465908.195950,img_end,4063902992
1746465908.197147,img_start,4063906097
1746465908.202371,SYM_FRAMES,125617
1746465908.202450,FB_FRAMES,126157
1746465908.205153,TX_FRAMES,125617
1746465908.229030,ps_take,85341
1746465908.196458,ps_take_src,85341
1746465908.235335,FB_FRAMES,126158
1746465908.235335,SYM_FRAMES,125618
1746465908.238052,TX_FRAMES,125618
1746465908.261808,ps_take,85342
1746465908.229190,ps_take_src,85342
1746465908.262629,img_start,4064297372
1746465908.268040,FB_FRAMES,126159
1746465908.268040,SYM_FRAMES,125619
1746465908.270772,TX_FRAMES,125619
1746465908.294622,ps_take,85343
1746465908.261967,ps_take_src,85343
1746465908.294368,img_end,4064492816
1746465908.295431,img_start,4064494163
1746465908.300864,FB_FRAMES,126160
1746465908.300864,SYM_FRAMES,125620
1746465908.303583,TX_FRAMES,125620
1746465908.327242,ps_take,85344
1746465908.294778,ps_take_src,85344
1746465908.333629,FB_FRAMES,126161
1746465908.333629,SYM_FRAMES,125621
1746465908.336391,TX_FRAMES,125621
1746465908.359824,img_end,4064886032
1746465908.362758,ps_take,85345
1746465908.327381,ps_take_src,85345
1746465908.363548,img_start,4064889137
1746465908.366305,FB_FRAMES,126162
1746465908.366305,SYM_FRAMES,125622
1746465908.369028,TX_FRAMES,125622
1746465908.395701,ps_take,85346
1746465908.362884,ps_take_src,85346
1746465908.395245,img_end,4065082640
1746465908.396504,img_start,4065084998
1746465908.401756,FB_FRAMES,126163
1746465908.401756,SYM_FRAMES,125623
1746465908.404538,TX_FRAMES,125623
1746465908.428454,ps_take,85347
1746465908.395844,ps_take_src,85347
1746465908.429262,img_start,4065282353
1746465908.434710,FB_FRAMES,126164
1746465908.434710,SYM_FRAMES,125624
1746465908.437469,TX_FRAMES,125624
1746465908.461047,ps_take,85348
1746465908.428588,ps_take_src,85348
1746465908.467425,SYM_FRAMES,125625
1746465908.467488,FB_FRAMES,126165
1746465908.470194,TX_FRAMES,125625
1746465908.493628,img_end,4065672464
1746465908.496185,ps_take,85349
1746465908.461210,ps_take_src,85349
1746465908.496970,img_start,4065673642
1746465908.500073,SYM_FRAMES,125626
1746465908.500134,FB_FRAMES,126166
1746465908.502835,TX_FRAMES,125626
1746465908.529075,ps_take,85350
1746465908.496328,ps_take_src,85350
1746465908.528732,img_end,4065869072
1746465908.529879,img_start,4065869961
1746465908.535187,FB_FRAMES,126167
1746465908.535187,SYM_FRAMES,125627
1746465908.537953,TX_FRAMES,125627
1746465908.561686,ps_take,85351
1746465908.529238,ps_take_src,85351
1746465908.568085,FB_FRAMES,126168
1746465908.568085,SYM_FRAMES,125628
1746465908.570884,TX_FRAMES,125628
1746465908.594695,ps_take,85352
1746465908.561820,ps_take_src,85352
1746465908.594276,img_end,4066262288
1746465908.595488,img_start,4066263492
1746465908.600756,FB_FRAMES,126169
1746465908.600756,SYM_FRAMES,125629
1746465908.603539,TX_FRAMES,125629
1746465908.627492,ps_take,85353
1746465908.594853,ps_take_src,85353
1746465908.628292,img_start,4066462001
1746465908.633701,FB_FRAMES,126170
1746465908.633701,SYM_FRAMES,125630
1746465908.636442,TX_FRAMES,125630
1746465908.660016,ps_take,85354
1746465908.627637,ps_take_src,85354
1746465908.666507,FB_FRAMES,126171
1746465908.666507,SYM_FRAMES,125631
1746465908.669236,TX_FRAMES,125631
1746465908.692772,ps_take,85355
1746465908.660117,ps_take_src,85355
1746465908.699108,SYM_FRAMES,125632
1746465908.699171,FB_FRAMES,126172
1746465908.701883,TX_FRAMES,125632
1746465908.725710,ps_take,85356
1746465908.692891,ps_take_src,85356
1746465908.725312,img_end,4067048720
1746465908.731157,img_start,4067050312
1746465908.731808,FB_FRAMES,126173
1746465908.731808,SYM_FRAMES,125633
1746465908.734560,TX_FRAMES,125633
1746465908.763001,ps_take,85357
1746465908.730479,ps_take_src,85357
1746465908.769348,SYM_FRAMES,125634
1746465908.769411,FB_FRAMES,126174
1746465908.772087,TX_FRAMES,125634
1746465908.795751,ps_take,85358
1746465908.763138,ps_take_src,85358
1746465908.796612,img_start,4067445041
1746465908.802028,FB_FRAMES,126175
1746465908.802028,SYM_FRAMES,125635
1746465908.804732,TX_FRAMES,125635
1746465908.828434,ps_take,85359
1746465908.795924,ps_take_src,85359
1746465908.828317,img_end,4067638544
1746465908.830990,img_start,4067641649
1746465908.834791,FB_FRAMES,126176
1746465908.834791,SYM_FRAMES,125636
1746465908.837521,TX_FRAMES,125636
1746465908.862998,ps_take,85360
1746465908.828677,ps_take_src,85360
1746465908.862710,img_end,4067835152
1746465908.863861,img_start,4067838257
1746465908.869150,SYM_FRAMES,125637
1746465908.869211,FB_FRAMES,126177
1746465908.871923,TX_FRAMES,125637
1746465908.896359,ps_take,85361
1746465908.863173,ps_take_src,85361
1746465908.895569,img_end,4068031760
1746465908.897157,img_start,4068033720
1746465908.902029,FB_FRAMES,126178
1746465908.902029,SYM_FRAMES,125638
1746465908.904778,TX_FRAMES,125638
1746465908.929171,ps_take,85362
1746465908.896503,ps_take_src,85362
1746465908.928884,img_end,4068228368
1746465908.929974,img_start,4068229933
1746465908.935354,FB_FRAMES,126179
1746465908.935354,SYM_FRAMES,125639
1746465908.938150,TX_FRAMES,125639
1746465908.962128,ps_take,85363
1746465908.929323,ps_take_src,85363
1746465908.961727,img_end,4068424976
1746465908.962963,img_start,4068425462
1746465908.968183,FB_FRAMES,126180
1746465908.968183,SYM_FRAMES,125640
1746465908.970978,TX_FRAMES,125640
1746465908.994871,ps_take,85364
1746465908.962295,ps_take_src,85364
1746465909.001157,SYM_FRAMES,125641
1746465909.001221,FB_FRAMES,126181
1746465909.003910,TX_FRAMES,125641
1746465909.027416,img_end,4068818192
1746465909.029882,ps_take,85365
1746465908.995012,ps_take_src,85365
1746465909.030754,img_start,4068818442
1746465909.033875,FB_FRAMES,126182
1746465909.033875,SYM_FRAMES,125642
1746465909.036651,TX_FRAMES,125642
1746465909.062649,ps_take,85366
1746465909.030102,ps_take_src,85366
1746465909.068998,FB_FRAMES,126183
1746465909.068998,SYM_FRAMES,125643
1746465909.071706,TX_FRAMES,125643
1746465909.095454,ps_take,85367
1746465909.062808,ps_take_src,85367
1746465909.096262,img_start,4069214513
1746465909.101672,FB_FRAMES,126184
1746465909.101672,SYM_FRAMES,125644
1746465909.104419,TX_FRAMES,125644
1746465909.128250,ps_take,85368
1746465909.095582,ps_take_src,85368
1746465909.127960,img_end,4069408016
1746465909.129053,img_start,4069411121
1746465909.134427,SYM_FRAMES,125645
1746465909.134490,FB_FRAMES,126185
1746465909.137227,TX_FRAMES,125645
1746465909.160779,img_end,4069604624
1746465909.162722,ps_take,85369
1746465909.128380,ps_take_src,85369
1746465909.163560,img_start,4069607729
1746465909.167237,FB_FRAMES,126186
1746465909.167237,SYM_FRAMES,125646
1746465909.169957,TX_FRAMES,125646
1746465909.195709,ps_take,85370
1746465909.162889,ps_take_src,85370
1746465909.195251,img_end,4069801232
1746465909.196517,img_start,4069804337
1746465909.201766,FB_FRAMES,126187
1746465909.201766,SYM_FRAMES,125647
1746465909.204454,TX_FRAMES,125647
1746465909.228146,ps_take,85371
1746465909.195845,ps_take_src,85371
1746465909.234722,FB_FRAMES,126188
1746465909.234722,SYM_FRAMES,125648
1746465909.237470,TX_FRAMES,125648
1746465909.260781,ps_take,85372
1746465909.228281,ps_take_src,85372
1746465909.267350,FB_FRAMES,126189
1746465909.267350,SYM_FRAMES,125649
1746465909.270092,TX_FRAMES,125649
1746465909.293553,img_end,4070391056
1746465909.296496,ps_take,85373
1746465909.260936,ps_take_src,85373
1746465909.297279,img_start,4070391522
1746465909.299975,SYM_FRAMES,125650
1746465909.300040,FB_FRAMES,126190
1746465909.302763,TX_FRAMES,125650
1746465909.329135,ps_take,85374
1746465909.296634,ps_take_src,85374
1746465909.335518,FB_FRAMES,126191
1746465909.335518,SYM_FRAMES,125651
1746465909.338228,TX_FRAMES,125651
1746465909.361861,ps_take,85375
1746465909.329285,ps_take_src,85375
1746465909.361687,img_end,4070784272
1746465909.364326,img_start,4070787377
1746465909.368180,FB_FRAMES,126192
1746465909.368180,SYM_FRAMES,125652
1746465909.370911,TX_FRAMES,125652
