epoch,train_mse,train_kl,val_mse,val_psnr,tx_power,fair_psnr,entropy_bits,lr,sigma_q,updates,seconds,data_wait_s
1,0.01804394416133131,0.31874504649984664,0.011304636200269063,19.467434093255132,1.0004748153686522,19.467350209074226,5.864126205444336,0.0002,5.0,216,52.88101005554199,6.120719909667969
2,0.008181442086976291,0.02613697568251603,0.009061596592267355,20.42795275819595,1.0623185920715332,20.414465684180865,5.966242790222168,0.0002,5.0,432,16.154710292816162,0.06377983093261719
3,0.006658807913030403,0.007522416518110296,0.00771469255288442,21.126813768265386,1.038737850189209,21.118766674625196,5.985566139221191,0.0002,5.0,648,16.099189043045044,0.06656002998352051
4,0.005355867778855389,0.004113925509964643,0.006083954572677613,22.158140373720133,1.0047013854980469,22.156893047502507,5.992493152618408,0.0002,5.0,864,15.94228219985962,0.0660862922668457
5,0.00484373750516038,0.002808017779033685,0.005600444078445435,22.51777534927392,1.0450559616088868,22.505962172637673,5.988151550292969,0.0002,5.0,1080,15.572486639022827,0.06556892395019531
6,0.0042974810005314105,0.0024940666725076195,0.0053067529201507565,22.751711324409214,1.0084365844726562,22.749367948868123,5.995019435882568,0.0002,5.0,1296,15.791159868240356,0.06955504417419434
7,0.004244078694424336,0.0022632365410580582,0.005112960636615753,22.91327550783413,1.0393461227416991,22.902435218892776,5.991788387298584,0.0002,5.0,1512,15.715492248535156,0.06741881370544434
8,0.0039167177293827566,0.002007532455432026,0.005381074945131938,22.691309592579874,1.0376656913757325,22.68220570117232,5.9918532371521,0.0002,5.0,1728,15.673958778381348,0.06836795806884766
9,0.003725919380001184,0.0019484844043904889,0.004612858593463898,23.36029858424383,1.0169818878173829,23.355221189898106,5.995260715484619,0.0002,5.0,1944,15.575525283813477,0.06567716598510742
10,0.0035620881694004587,0.0018401735767965084,0.004420689642429352,23.54509973968053,1.0115894889831543,23.54094734382858,5.994640827178955,0.0002,5.0,2160,15.955973386764526,0.06179022789001465
11,0.0033945977619673677,0.0017732661868027156,0.004085054298241933,23.8880216648282,1.025353660583496,23.87899474139248,5.993514537811279,0.0002,5.0,2376,15.44978642463684,0.06686902046203613
12,0.003216034444993821,0.0016914320052128988,0.003925052086512248,24.061545756742046,1.0040506935119629,24.06002014684303,5.994811058044434,0.0002,5.0,2592,15.882787704467773,0.0616455078125
13,0.003085627380144391,0.0017921352149594737,0.0038217039903004966,24.177429542139144,1.0203319549560548,24.17018487836927,5.992795944213867,0.0002,5.0,2808,15.487600088119507,0.06111621856689453
14,0.003040471038295199,0.0014722964897805797,0.003711373060941696,24.30465388910388,1.011359043121338,24.300534684937986,5.995081424713135,0.0002,5.0,3024,15.638094425201416,0.07052445411682129
15,0.002970485291781201,0.0016979911079144348,0.003619195173184077,24.413879959602415,1.0324312591552733,24.40105586561824,5.992769241333008,0.0002,5.0,3240,15.686558961868286,0.06168389320373535
16,0.002838196345888402,0.0014949994474190516,0.0035174402594566347,24.537732699297923,1.0412288665771485,24.521757069677438,5.989841461181641,0.0002,5.0,3456,15.75542163848877,0.06557774543762207
17,0.002770205415191426,0.0015915848496977402,0.003472474565108617,24.59360926662609,1.0056243324279786,24.59132788340306,5.995145797729492,0.0002,5.0,3672,15.444418668746948,0.06228923797607422
18,0.0027513406590383123,0.0014878226045951031,0.0033911611139774323,24.696515764120726,1.0324563598632812,24.68319151343538,5.992255210876465,0.0002,5.0,3888,15.634001970291138,0.06424069404602051
19,0.0027018865141207756,0.001376418692694194,0.0033376520375410714,24.765589420884258,1.0132348442077637,24.76046273557011,5.994593620300293,0.0002,5.0,4104,15.675557851791382,0.06690049171447754
20,0.0025990796571030567,0.0013643995675163857,0.0033476960659027098,24.752539780661937,1.051765480041504,24.733046470868928,5.988515377044678,0.0002,5.0,4320,15.619261026382446,0.061118364334106445
21,0.0026059102788027646,0.0013928854204309376,0.003165171543757121,24.996027474196993,1.0090382385253907,24.992292924809874,5.995378494262695,0.0002,5.0,4536,15.51780915260315,0.06139850616455078
22,0.002514712481988945,0.0013716145271462374,0.0030279229084650677,25.188551862573114,1.012707118988037,25.18292735907345,5.994937896728516,0.0002,5.0,4752,15.565988063812256,0.06486773490905762
23,0.002394395718431991,0.001365672561434516,0.0029498235881328582,25.302039558833073,0.9909965515136718,25.302039558833073,5.99519157409668,0.0002,5.0,4968,15.43720030784607,0.06171107292175293
24,0.0023953270541665996,0.002074770349469306,0.0029320359230041505,25.328307130667543,0.9609695243835449,25.328307130667543,5.9929304122924805,0.0002,10.0,5184,15.420731782913208,0.06032514572143555
25,0.002393471609963023,0.0020594610294084187,0.00290017232298851,25.3757619634257,1.0078904342651367,25.371995627308745,5.997885704040527,0.0002,10.0,5400,15.94783616065979,0.05975675582885742
26,0.00229897683331122,0.001984853576328875,0.0028698029120763145,25.421479280523464,1.0137813949584962,25.41475172562471,5.997639179229736,0.0002,10.0,5616,15.377058744430542,0.06009268760681152
27,0.0022526387547723192,0.002044587753767121,0.002823004474242528,25.492884335295592,0.9893299674987793,25.492884335295592,5.997218608856201,0.0002,10.0,5832,15.701176881790161,0.061029911041259766
28,0.002204125916747295,0.0017720021511279586,0.0028370447953542073,25.471338068824842,0.9768567848205566,25.471338068824842,5.997747421264648,0.0002,10.0,6048,15.619522094726562,0.06209707260131836
29,0.002221920462190241,0.001818892057121232,0.0026936744153499602,25.696548986509143,0.9940591812133789,25.696548986509143,5.997280120849609,0.0002,10.0,6264,15.459334373474121,0.06191539764404297
30,0.002108989732366973,0.0016893021749548507,0.002644329915444056,25.776843617739914,0.998963680267334,25.776843617739914,5.998562335968018,0.0002,10.0,6480,16.256341218948364,0.05869722366333008
31,0.0021438488646315923,0.0016030740954548768,0.0026797169943650564,25.719110695068593,1.0254485130310058,25.70530410477389,5.996678352355957,0.0002,10.0,6696,15.968930959701538,0.06262063980102539
32,0.0021186066201577584,0.0015499808982122635,0.002554999242226283,25.926092243343536,1.0073829460144044,25.92195414784717,5.998598098754883,0.0002,10.0,6912,15.745685338973999,0.06228923797607422
33,0.002004885202732639,0.0014614731190132275,0.002525630493958791,25.976301874992387,0.995311508178711,25.976301874992387,5.998217582702637,0.0002,10.0,7128,15.447058200836182,0.057187795639038086
34,0.0021205258784829165,0.001825909583383928,0.0025590527554353077,25.919207609442797,1.025757942199707,25.90557704304912,5.996198654174805,0.0002,10.0,7344,15.375187397003174,0.061530351638793945
35,0.0019595032849389574,0.0014574526504788925,0.0025863683223724364,25.87309627567201,1.00169002532959,25.872234452509222,5.99874210357666,0.0002,10.0,7560,16.132580280303955,0.06189393997192383
36,0.0019802608945663426,0.0014564664153031248,0.002452374200026194,26.10413261475319,0.9911007881164551,26.10413261475319,5.994266033172607,0.0002,10.0,7776,15.160695791244507,0.07447195053100586
37,0.002004694956206325,0.0015036167658905944,0.002611716290314992,25.830740020687625,1.0003752517700195,25.83054212602079,5.998234748840332,0.0002,10.0,7992,15.647305250167847,0.0579066276550293
38,0.0019108001843256795,0.0014758810185003972,0.0023411349952220917,26.305735431638194,0.9986241722106933,26.305735431638194,5.996304035186768,0.0002,10.0,8208,16.041345357894897,0.06078529357910156
39,0.0018909312225203368,0.0016134192054227427,0.0023580700655778247,26.27443294812709,1.0032170486450196,26.272602909135088,5.99701452255249,0.0002,10.0,8424,15.39110779762268,0.06389474868774414
40,0.00188432228292568,0.0015052935544509387,0.0024033668637275696,26.191799309307694,0.9618160438537597,26.191799309307694,5.993481159210205,0.0002,10.0,8640,15.513741254806519,0.06331014633178711
41,0.0018614212253495403,0.0015228924400888491,0.002372985631227493,26.24704891490838,1.0014530181884767,26.246146503228083,5.998228073120117,0.0002,10.0,8856,16.011013507843018,0.06524229049682617
42,0.0018224550747866,0.001508352300422131,0.0022922096153100333,26.39745670033652,0.9953431892395019,26.39745670033652,5.998810768127441,0.0002,10.0,9072,15.498006343841553,0.06650900840759277
43,0.0018436134412236835,0.0014755022296331066,0.0022684673964977263,26.44267458241862,1.0160737991333009,26.43304383836982,5.997656345367432,0.0002,10.0,9288,15.47974705696106,0.0679323673248291
44,0.001792040073407301,0.0013691790774464608,0.0021991217136383056,26.577507333046636,0.9795781517028809,26.577507333046636,5.994040489196777,0.0002,10.0,9504,15.691578149795532,0.06153559684753418
45,0.001781191107229856,0.0014553462426461603,0.0022656031449635825,26.448161611304286,1.0090977668762207,26.44270139885577,5.998016357421875,0.0002,10.0,9720,15.790092468261719,0.06383991241455078
46,0.0018144785059427005,0.0014262266207378412,0.0023387384911378226,26.310183366368335,1.007166061401367,26.306342596427356,5.997314453125,0.0002,10.0,9936,15.871025800704956,0.06392455101013184
47,0.0017927082736666003,0.0015762722897140877,0.0021190276741981508,26.73863371428391,0.9871828079223632,26.73863371428391,5.999210357666016,0.0002,15.0,10152,15.426076889038086,0.06338882446289062
48,0.001741670255171324,0.001748723140715257,0.002130635976791382,26.71490743986073,1.0026082038879394,26.713275372192548,5.9978742599487305,0.0002,15.0,10368,15.976605892181396,0.062285661697387695
49,0.0017025210360820959,0.0017158574544811163,0.0021176427602767945,26.74147302172914,0.9856842994689942,26.74147302172914,5.999129772186279,0.0002,15.0,10584,15.530168771743774,0.06233096122741699
50,0.0016800068112333183,0.0016602333085746436,0.002067131499449412,26.846318950859576,1.0034194946289063,26.843996619949312,5.99929141998291,0.0002,15.0,10800,16.08270573616028,0.0640718936920166
51,0.0016748037434223552,0.0016279913754323903,0.0021265894174575806,26.723163516323098,0.9833949851989746,26.723163516323098,5.998821258544922,0.0002,15.0,11016,15.637262344360352,0.05942058563232422
52,0.001710188120090659,0.0016063847157942212,0.002025758624076843,26.934123035347515,0.9995002746582031,26.934123035347515,5.997840881347656,0.0002,15.0,11232,15.779412031173706,0.05821394920349121
53,0.0016131273791382926,0.0016986643726789,0.00201240931948026,26.96283680121146,0.9660488319396973,26.96283680121146,5.995127201080322,0.0002,15.0,11448,15.456512689590454,0.07037568092346191
54,0.001639349923023711,0.0016543408776835903,0.001968883549173673,27.05779969716057,0.9885026168823242,27.05779969716057,5.999207496643066,0.0002,15.0,11664,15.20311689376831,0.06442141532897949
55,0.0016943612460559908,0.0016259734291394336,0.001972943445046743,27.04885363737242,1.0007469367980957,27.048294850140167,5.998049736022949,0.0002,15.0,11880,15.887413024902344,0.06463217735290527
56,0.0015945585877162175,0.0015088110689100796,0.0019153773287932077,27.177456573766413,1.0100335502624511,27.169933540021578,5.998130798339844,0.0002,15.0,12096,15.692118644714355,0.06260895729064941
57,0.0015713615724951893,0.0015799270389412624,0.0019956794381141662,26.999092172764527,0.9829236221313477,26.999092172764527,5.998461723327637,0.0002,15.0,12312,15.264992475509644,0.06131553649902344
58,0.0016171219815378603,0.0015225677772600582,0.0021805796523888905,26.6142804475705,0.9863082504272461,26.6142804475705,5.997317314147949,0.0002,15.0,12528,15.616376876831055,0.06078386306762695
59,0.0015565231309501806,0.0015404677148773403,0.001902555376291275,27.206626936807915,1.0020348358154296,27.20505687362097,5.999235153198242,0.0002,15.0,12744,15.463419675827026,0.06267857551574707
60,0.0014953692448392943,0.0015143626007129965,0.0018859531730413437,27.244690947069724,0.9995489120483398,27.244690947069724,5.9993181228637695,0.0002,15.0,12960,15.520281076431274,0.062078237533569336
61,0.0014935076872453741,0.0014542493720849355,0.0018388367940982183,27.354568148445303,0.9942711067199707,27.354568148445303,5.998137950897217,0.0002,15.0,13176,15.35210371017456,0.06311154365539551
62,0.0015078473114071118,0.00145846884785409,0.0018314066032568614,27.372152242691183,0.9878503608703614,27.372152242691183,5.998449325561523,0.0002,15.0,13392,15.859434366226196,0.06722092628479004
63,0.0014905649122606585,0.0014687160452476879,0.0018282098571459453,27.37973953804934,1.000769100189209,27.379099117969044,5.999444007873535,0.0002,15.0,13608,15.848812818527222,0.06400609016418457
64,0.001443711414973697,0.0013468982481087248,0.00190036840736866,27.2116219811155,0.9849131774902343,27.2116219811155,5.9984540939331055,0.0002,15.0,13824,15.245784044265747,0.06136751174926758
65,0.0014959298363090424,0.001372641333297867,0.0017865023016929626,27.479964199250688,1.0039873504638672,27.476835359884607,5.9986677169799805,0.0002,15.0,14040,15.627801895141602,0.06215929985046387
66,0.0014394073462977574,0.001328701824962121,0.0017479139814774195,27.574799437204373,0.9892619132995606,27.574799437204373,5.998335361480713,0.0002,15.0,14256,15.647572994232178,0.0615992546081543
67,0.0014524767683494998,0.0014015117872074462,0.0017437232037385306,27.585224532506626,0.9777985763549805,27.585224532506626,5.998109817504883,0.0002,15.0,14472,15.300549507141113,0.06342577934265137
68,0.0014376110659129377,0.0013419559900311455,0.0017564067244529725,27.553749088557225,0.9879741096496581,27.553749088557225,5.999066352844238,0.0002,15.0,14688,15.218138217926025,0.06174826622009277
69,0.0014183089497796111,0.0013161371912186345,0.0017538809527953465,27.559998883352495,0.9888025665283203,27.559998883352495,5.9990925788879395,0.0002,15.0,14904,15.75230622291565,0.06507039070129395
70,0.0014208051648017938,0.001472099905334197,0.0017018709580103556,27.69073372775899,1.005409927368164,27.685901379627268,5.99830961227417,0.0002,20.0,15120,15.552867650985718,0.062278032302856445
71,0.0014117638604121579,0.001533717284033048,0.0017282735308011372,27.623875213961906,0.995590934753418,27.623875213961906,5.999654769897461,0.0002,20.0,15336,15.440290927886963,0.06333303451538086
72,0.0013873664552237893,0.0015176664662641891,0.001682847241560618,27.73955304795573,1.0004851150512695,27.73913992614571,5.999578952789307,0.0002,20.0,15552,15.754899978637695,0.06611371040344238
73,0.0014239891775735263,0.0013417226013363055,0.0016652145236730575,27.78529809937819,1.0057854461669922,27.779948367041204,5.999077796936035,0.0002,20.0,15768,16.014267683029175,0.06482267379760742
74,0.0013899323284167094,0.0013258030830437075,0.0016983333726723988,27.699770563175083,1.0052173614501954,27.69521572665587,5.99896240234375,0.0002,20.0,15984,15.601650476455688,0.05995941162109375
75,0.001369282000839872,0.0013882557149517579,0.0016267986098925274,27.88666207374078,0.9954766273498535,27.88666207374078,5.999361038208008,0.0002,20.0,16200,15.968209743499756,0.061258792877197266
76,0.0013584254889249586,0.0015209109176193242,0.0016671971728404362,27.78013034837407,1.0074936294555663,27.77349080119474,5.99919319152832,0.0002,20.0,16416,15.613339900970459,0.060579776763916016
77,0.0013752409121683003,0.0015264639441949733,0.0016485690077145895,27.828928689379385,1.0101742553710937,27.819393932452996,5.999046325683594,0.0002,20.0,16632,15.870275020599365,0.06289291381835938
78,0.0012995384155394698,0.0013824081266352879,0.001589239661892255,27.98810605002272,0.9968556594848633,27.98810605002272,5.998930931091309,0.0002,20.0,16848,15.468707084655762,0.06447696685791016
79,0.0013453192435933844,0.0013988183208646766,0.0016540788859128951,27.81443782026698,1.008685302734375,27.80679304987399,5.998858451843262,0.0002,20.0,17064,15.556787490844727,0.06036257743835449
80,0.0013021103626764986,0.0012719386191093836,0.0017116652677456538,27.66581161729262,0.9998818588256836,27.66581161729262,5.998941421508789,0.0002,20.0,17280,15.543952465057373,0.06234455108642578
81,0.0013293667450763177,0.0014091327893075304,0.0015788261344035466,28.016656933144567,0.9996873474121094,28.016656933144567,5.999649524688721,0.0002,20.0,17496,15.281716108322144,0.06534934043884277
82,0.0013212329993510376,0.0012768656730759835,0.0015712492913007737,28.03754905190939,0.9848687934875489,28.03754905190939,5.99818229675293,0.0002,20.0,17712,15.329649686813354,0.05984354019165039
83,0.0013033696323417234,0.0013238242672135433,0.0015486005693674087,28.10060585397246,0.9955064392089844,28.10060585397246,5.999039649963379,0.0002,20.0,17928,15.728500604629517,0.061554670333862305
84,0.0012619087657472793,0.0012627599548305506,0.0015818544725577036,28.00833473222845,0.9880641365051269,28.00833473222845,5.9986724853515625,0.0002,20.0,18144,15.283077955245972,0.061663150787353516
85,0.0012615198930185558,0.0013704588569268801,0.0015664425243933995,28.05085535539201,0.9949209022521973,28.05085535539201,5.9991021156311035,0.0002,20.0,18360,15.324154138565063,0.06194448471069336
86,0.0012729528175828898,0.0013935019166978156,0.0015196165939172109,28.182659726802743,0.9996962928771973,28.182659726802743,5.99937629699707,0.0002,20.0,18576,15.585927724838257,0.060945749282836914
87,0.001252870402784775,0.0012066007225328813,0.001590543215473493,27.98454526502107,0.9933545875549317,27.98454526502107,5.998856067657471,0.0002,20.0,18792,15.487423419952393,0.06657123565673828
88,0.0012917313952862785,0.0013408428191652765,0.0015041664491097133,28.227041026206567,0.9916188430786133,28.227041026206567,5.999053478240967,0.0002,20.0,19008,15.660894393920898,0.06325745582580566
89,0.0012286820677041576,0.0011770558118334284,0.0015165245284636814,28.19150560961443,1.0024126052856446,28.189196466739567,5.998925685882568,0.0002,20.0,19224,15.49539065361023,0.05780291557312012
90,0.0012301018727821824,0.001196374126939454,0.0015227353572845458,28.17375568008513,0.9960397529602051,28.17375568008513,5.999547958374023,0.0002,20.0,19440,15.508557319641113,0.05871295928955078
91,0.0012565672279679742,0.0013694083573890553,0.0016162721564372381,27.914855086065366,1.0063576316833496,27.908892277198664,5.999303817749023,0.0002,20.0,19656,15.57140588760376,0.06542468070983887
92,0.0012331043503692617,0.001246217768639326,0.0014932245016098023,28.258748925559168,0.9960283279418946,28.258748925559168,5.999143600463867,0.0002,20.0,19872,15.306836366653442,0.06070995330810547
93,0.0012357411324383988,0.001287858862078924,0.0014893921713034313,28.26990933270047,1.0037439346313477,28.266244376628084,5.999293804168701,0.0002,25.0,20088,15.58956527709961,0.06448054313659668
94,0.0012496803475516862,0.0014269767201546093,0.0014696363111337026,28.327901262108345,0.9976265716552735,28.327901262108345,5.998163223266602,0.0002,25.0,20304,15.802029371261597,0.05815911293029785
95,0.0012522775914681995,0.001272253304976376,0.001458256592353185,28.361660515746898,1.0048747634887696,28.356815631610193,5.999252796173096,0.0002,25.0,20520,15.409624814987183,0.061994075775146484
96,0.0012042530305325931,0.0013300386050284125,0.0014254886160294214,28.460362466220385,0.9965136909484863,28.460362466220385,5.9986772537231445,0.0002,25.0,20736,15.213541507720947,0.06382465362548828
97,0.0012465939572269935,0.0011458730376393035,0.0014623758693536122,28.34940987839069,0.9913176727294922,28.34940987839069,5.998054504394531,0.0002,25.0,20952,15.537516593933105,0.06702637672424316
98,0.0011997587333494068,0.0012365557058322905,0.0015103080123662948,28.20934473614264,0.9846926307678223,28.20934473614264,5.998222827911377,0.0002,25.0,21168,15.302262783050537,0.06191873550415039
99,0.0012187050060247597,0.0012878245965618155,0.0014606790989637375,28.354451850629555,0.9968817138671875,28.354451850629555,5.999574661254883,0.0002,25.0,21384,15.127472639083862,0.06325340270996094
100,0.0011714293820567537,0.00104247670782649,0.0014079306523005167,28.514187358650155,0.9927802276611328,28.514187358650155,5.998547554016113,0.0002,25.0,21600,15.627257108688354,0.06430411338806152
101,0.0012204629781426511,0.001323575248496364,0.0014853834609190623,28.281614160684462,0.9925394630432129,28.281614160684462,5.998804569244385,0.0002,25.0,21816,15.299508333206177,0.06264495849609375
102,0.0011851976148487217,0.0011701035235698023,0.0014208440482616424,28.474535875871254,0.999544563293457,28.474535875871254,5.999748706817627,0.0002,25.0,22032,15.116291999816895,0.06205010414123535
103,0.0011850378413995107,0.0012081105607575264,0.0014175182829300563,28.484713309363393,0.9822909927368164,28.484713309363393,5.998625755310059,0.0002,25.0,22248,15.7622971534729,0.06126093864440918
104,0.0011840298715843887,0.0011702103639507422,0.0014270280798276266,28.45567481129074,0.999646224975586,28.45567481129074,5.999598503112793,0.0002,25.0,22464,15.651459217071533,0.062428951263427734
105,0.001225354290412118,0.0011912322939252075,0.0013931527237097422,28.560012716386872,0.9890417098999024,28.560012716386872,5.998621463775635,0.0002,25.0,22680,15.665929317474365,0.06220841407775879
106,0.0011603260492447061,0.0011778100144684963,0.0014308422555526098,28.444082427735925,0.9914671897888183,28.444082427735925,5.999502658843994,0.0002,25.0,22896,15.784004211425781,0.06046152114868164
107,0.0011838895083148627,0.001071407256472478,0.0014126005272070566,28.49980635998576,0.9893969917297363,28.49980635998576,5.998715400695801,0.0002,25.0,23112,15.209399223327637,0.0608220100402832
108,0.0011499106133545654,0.0010829063250507782,0.0013902317235867183,28.56912805582197,1.0032057571411133,28.56564156147217,5.999334335327148,0.0002,25.0,23328,15.764070987701416,0.06345462799072266
109,0.0011551562079187968,0.0011218706390860936,0.001388894220193227,28.573308293781082,0.9910972785949707,28.573308293781082,5.998405456542969,0.0002,25.0,23544,15.587490797042847,0.06262350082397461
110,0.0011739098635988067,0.001027492353476692,0.0014407923072576522,28.413986189867405,0.9981391334533691,28.413986189867405,5.99981689453125,0.0002,25.0,23760,15.815503120422363,0.061583518981933594
111,0.0011529937415194792,0.0011099595335595633,0.0014420074472824734,28.410324966864017,0.9931985473632813,28.410324966864017,5.998976707458496,0.0002,25.0,23976,15.313201189041138,0.06488895416259766
112,0.0011500003404132481,0.0010293198009426502,0.001421982521812121,28.47105741670387,1.004435386657715,28.466563471826,5.999168395996094,0.0002,25.0,24192,15.5188627243042,0.05951738357543945
113,0.0011289708829228429,0.0009596981938955361,0.001394753282268842,28.5550260789245,0.9936227798461914,28.5550260789245,5.998908042907715,0.0002,25.0,24408,15.408501148223877,0.059560537338256836
114,0.0011484715051652081,0.0010941118671410326,0.0014117247114578883,28.502499831360886,0.9942596626281738,28.502499831360886,5.999414443969727,0.0002,25.0,24624,15.344919681549072,0.060732364654541016
115,0.001190492793094313,0.0012992243893930446,0.0013920248299837113,28.563530180094105,0.9927202987670899,28.563530180094105,5.999281883239746,0.0002,25.0,24840,15.34126353263855,0.06957602500915527
116,0.0011245668351150832,0.0010302017295760089,0.001357701097925504,28.67195830799065,1.005863208770752,28.665644100596303,5.998785972595215,0.0002,30.0,25056,15.756661176681519,0.06035351753234863
117,0.0011647814533848693,0.0011499187738999077,0.001383123422662417,28.591390640052317,1.007034854888916,28.583777187689652,5.999523162841797,0.0002,30.0,25272,15.78217363357544,0.06355428695678711
118,0.00117283228184164,0.0011765107795920062,0.0013242120295763017,28.78042471163297,0.993052864074707,28.78042471163297,5.9987993240356445,0.0002,30.0,25488,15.46896481513977,0.062346458435058594
119,0.0011383177437887027,0.0011684714785466593,0.0013819021234909694,28.59522715813544,1.0176998138427735,28.575765143373086,5.999059677124023,0.0002,30.0,25704,15.432381629943848,0.06328988075256348
120,0.0011183042601560769,0.0011493285870908395,0.0013399826735258102,28.72900817188014,0.9905856132507325,28.72900817188014,5.998956680297852,0.0002,30.0,25920,15.677538394927979,0.06201982498168945
121,0.0011225148450340265,0.0009874765286761998,0.001312214583158493,28.819951400659395,0.9939264678955078,28.819951400659395,5.998517036437988,0.0002,30.0,26136,15.277469873428345,0.06362581253051758
122,0.0011443159040198593,0.0011534126629998934,0.0013753740241130193,28.615791821831106,0.9990196800231934,28.615791821831106,5.999353408813477,0.0002,30.0,26352,15.521968841552734,0.06392407417297363
123,0.0011405683037541484,0.0011513280594532473,0.0013877171277999877,28.57699051428391,1.002634220123291,28.574020239415276,5.998580455780029,0.0002,30.0,26568,16.012603044509888,0.061063289642333984
124,0.0011115515623511612,0.0009797620360294113,0.0013001553217569988,28.860047620373336,0.9963554191589356,28.860047620373336,5.999484062194824,0.0002,30.0,26784,16.534898281097412,0.09425473213195801
125,0.001136977612985757,0.001118486583624305,0.001343124583363533,28.71883701882357,1.0102467727661133,28.708098250938548,5.999253749847412,0.0002,30.0,27000,16.376238346099854,0.06478476524353027
126,0.0011085336107720175,0.0010032906678869673,0.0013098261753718059,28.82786334944055,1.0081600761413574,28.81869801718559,5.9989914894104,0.0002,30.0,27216,16.72908926010132,0.06099057197570801
127,0.0010959183361948185,0.0011083593141908447,0.0013060009231170018,28.84056516089675,1.0053746032714843,28.83437953575276,5.999074935913086,0.0002,30.0,27432,15.657280206680298,0.059497833251953125
128,0.0010961053782628607,0.0010463586579198424,0.0013412845879793168,28.724790656411827,0.9916215515136719,28.724790656411827,5.999061107635498,0.0002,30.0,27648,16.35929274559021,0.06108403205871582
129,0.0011481650202008692,0.0010414769632768803,0.0013558249175548553,28.677963888237326,1.0087628173828125,28.668525158546494,5.9990553855896,0.0002,30.0,27864,15.840192794799805,0.06625151634216309
130,0.0011103446091916681,0.0010337072687790446,0.0013054483632246653,28.84240301941462,0.9965511512756348,28.84240301941462,5.999422073364258,0.0002,30.0,28080,15.829310178756714,0.06394720077514648
131,0.0011022108422754251,0.0010673481591072852,0.0012951423227787018,28.876825044775757,0.9978956413269043,28.876825044775757,5.999322891235352,0.0002,30.0,28296,15.803690910339355,0.06439208984375
132,0.0010647386839559329,0.0009509860434016024,0.0012880731125672659,28.900594852034175,1.0022126007080079,28.898192960558124,5.99965763092041,0.0002,30.0,28512,16.226981163024902,0.06538105010986328
133,0.0010783267419690779,0.0010104794452722738,0.0012759050478537877,28.941816443668404,0.9846787071228027,28.941816443668404,5.9986748695373535,0.0002,30.0,28728,15.830834865570068,0.06389904022216797
134,0.0010915061824050718,0.0010057124365256101,0.0013451456030209859,28.71230703642184,0.9920951652526856,28.71230703642184,5.998737335205078,0.0002,30.0,28944,16.090281009674072,0.06302285194396973
135,0.001083694905425638,0.0009750242852538392,0.0012651466578245162,28.978591274588403,0.9977194023132324,28.978591274588403,5.999384880065918,0.0002,30.0,29160,16.00388264656067,0.0634922981262207
136,0.001072809892045199,0.0009640258683593593,0.0013190629333257676,28.79734483495261,0.9951856231689453,28.79734483495261,5.998693466186523,0.0002,30.0,29376,15.918161630630493,0.06099557876586914
137,0.0010925109579862243,0.0011394528730138056,0.0013407702247301737,28.726456432386847,1.0090588760375976,28.71715802733906,5.998428821563721,0.0002,30.0,29592,16.08886742591858,0.06394767761230469
138,0.0010888329753652214,0.0011404483316574193,0.0012767193963130316,28.939045436323376,1.0000492477416991,28.938986046768143,5.999508857727051,0.0002,30.0,29808,15.935354471206665,0.07029175758361816
139,0.0010681235399164692,0.0010834879250657082,0.0012922304371992747,28.886600338019544,0.9907358741760254,28.886600338019544,5.998920917510986,0.0002,35.0,30024,16.420026302337646,0.06548190116882324
140,0.0010779427808871411,0.0009052702073898653,0.001273089647293091,28.951410135074692,0.9945844078063965,28.951410135074692,5.999123573303223,0.0002,35.0,30240,16.022334575653076,0.060785770416259766
141,0.001049527187048849,0.001166386056718403,0.0012741030504306158,28.947954445097366,1.0006984710693358,28.947186529898513,5.999106407165527,0.0002,35.0,30456,16.170722007751465,0.06364727020263672
142,0.0010687386287727217,0.001067852549241397,0.0012877382338047027,28.901724096221347,0.9981942558288575,28.901724096221347,5.9994611740112305,0.0002,35.0,30672,15.93006682395935,0.0617828369140625
143,0.0010465669314093564,0.0009114563969247367,0.0012411900361378988,29.061617194459913,1.005780906677246,29.054993156696504,5.999770164489746,0.0002,35.0,30888,16.687822103500366,0.062454938888549805
144,0.0010958193237994515,0.0010297716628301188,0.0013192939013242722,28.796584451624735,0.9894228553771973,28.796584451624735,5.9991607666015625,0.0002,35.0,31104,15.64879822731018,0.06339502334594727
145,0.0010469635823687564,0.0009364554802279758,0.0012474789718786876,29.0396676632503,1.0053611755371095,29.033645685834966,5.999361991882324,0.0002,35.0,31320,16.17493176460266,0.06356453895568848
146,0.0010377976527451065,0.0010077183236084555,0.0012469033151865005,29.041672203858386,1.0047151947021484,29.036173108031985,5.999515533447266,0.0002,35.0,31536,15.794194221496582,0.06309938430786133
147,0.0010559264219878917,0.0008420224087582766,0.0013059490670760472,28.840737605181882,0.9959821128845214,28.840737605181882,5.9996185302734375,0.0002,35.0,31752,16.11787176132202,0.06499195098876953
148,0.0010497351956513265,0.0008961950845179567,0.0012378195921579997,29.07342647593464,1.0043087196350098,29.06828668599557,5.9994306564331055,0.0002,35.0,31968,15.671932220458984,0.06206941604614258
149,0.001058192571685852,0.001010208399493949,0.0012734992057085038,28.950013215731744,0.9893339920043945,28.950013215731744,5.998953819274902,0.0002,35.0,32184,15.784421920776367,0.06279563903808594
150,0.001045240730897564,0.0010118736240310945,0.001237175166606903,29.075688060256564,0.9924348068237304,29.075688060256564,5.999590873718262,0.0002,35.0,32400,16.09621548652649,0.06302976608276367
151,0.0010632934884600125,0.0009894226081129432,0.00124693068365256,29.04157688096365,0.994050407409668,29.04157688096365,5.999685287475586,0.0002,35.0,32616,15.806158065795898,0.06040215492248535
152,0.0011004110016063719,0.0009168383169689796,0.001228519802292188,29.106178388119712,0.9944082832336426,29.106178388119712,5.999043941497803,0.0002,35.0,32832,15.40203046798706,0.06230497360229492
153,0.0010031985118985176,0.0010098715453827078,0.0012668990343809128,28.972579948706645,0.9960520744323731,28.972579948706645,5.999320983886719,0.0002,35.0,33048,16.3813374042511,0.0620880126953125
154,0.0010572309829834578,0.0009069049109677798,0.0012452202787001927,29.04753815345865,1.008422679901123,29.038150711679783,5.99916934967041,0.0002,35.0,33264,15.888726234436035,0.061490535736083984
155,0.0010155156115407421,0.0008918304040866054,0.0012302345285813013,29.100120879431547,0.9962593460083008,29.100120879431547,5.99908447265625,0.0002,35.0,33480,15.818693399429321,0.06412220001220703
156,0.00102480448262793,0.0008275537279205045,0.0012514662245909373,29.025808669280867,1.0030952072143555,29.02242221158992,5.999561786651611,0.0002,35.0,33696,15.941612243652344,0.06324911117553711
157,0.0010577234905550553,0.0009119071929540107,0.0012324726829926172,29.092226978170956,1.004965991973877,29.086090306944484,5.999380111694336,0.0002,35.0,33912,16.077428102493286,0.06263446807861328
158,0.0010392543840124205,0.0008104376603538791,0.0012019496162732441,29.20113736853343,0.9984919929504394,29.20113736853343,5.999696731567383,0.0002,35.0,34128,15.663649559020996,0.0645761489868164
159,0.001009248762283528,0.0009034261282236464,0.0012155941128730774,29.152114118768328,0.9895503807067871,29.152114118768328,5.9993767738342285,0.0002,35.0,34344,15.557742357254028,0.06174063682556152
160,0.0010095732852114716,0.0009965770856301855,0.0012439991037050883,29.051799325520125,0.9937251663208008,29.051799325520125,5.9995622634887695,0.0002,35.0,34560,15.953481912612915,0.0681450366973877
161,0.0010163513170150312,0.0008274923795091825,0.0012851820886135101,28.91035335774209,0.9978761482238769,28.91035335774209,5.999443054199219,0.0002,35.0,34776,15.55266785621643,0.06505393981933594
162,0.001034656151170856,0.0009883559456068105,0.0012289454539616902,29.10467392596989,0.9958637428283691,29.10467392596989,5.999249458312988,0.0002,35.0,34992,16.1992244720459,0.06845974922180176
163,0.0010417766167201857,0.0009936815409151757,0.0012397949645916622,29.06650131861277,1.0093721961975097,29.055560560439734,5.999448776245117,0.0002,40.0,35208,15.954028844833374,0.06690740585327148
164,0.0010408548515398002,0.0010484007235103544,0.0012597053001324335,28.997310433712805,0.9973851776123047,28.997310433712805,5.999057769775391,0.0002,40.0,35424,15.818832397460938,0.0756368637084961
165,0.0010260973424664225,0.0010571303439960962,0.0011963629722595214,29.221370369581877,1.0114890289306642,29.207542243086003,5.9994306564331055,0.0002,40.0,35640,16.003095388412476,0.06077861785888672
166,0.0010784167007448664,0.0010356329546134541,0.001188093473513921,29.251493897972942,1.0134423446655274,29.236071840981705,5.998673439025879,0.0002,40.0,35856,16.00490975379944,0.05998659133911133
167,0.0009973648058898422,0.0008375023381001707,0.001204655095934868,29.19137277880282,1.0035323333740234,29.187219289999007,5.999752521514893,0.0002,40.0,36072,15.980594158172607,0.06878209114074707
168,0.0010204926626486838,0.0008911826965682533,0.0011881348490715028,29.251342656813378,1.0053407859802246,29.245012955612545,5.9997148513793945,0.0002,40.0,36288,16.07208561897278,0.06310200691223145
169,0.001038072636263256,0.0008873189849090641,0.0011909227321545283,29.241164149131027,0.9868012619018555,29.241164149131027,5.99864387512207,0.0002,40.0,36504,15.658434629440308,0.06508874893188477
170,0.0010342265492089202,0.0009528652556996415,0.0013225965946912766,28.78572599814928,1.0085737800598145,28.77594502662256,5.999044418334961,0.0002,40.0,36720,16.32624912261963,0.059686899185180664
171,0.0010041503889310728,0.0010098994731822092,0.0012189646065235138,29.140089042378015,0.9945214080810547,29.140089042378015,5.999331474304199,0.0002,40.0,36936,15.946350812911987,0.06246495246887207
172,0.0010108944740436594,0.0009308705322336459,0.001227431173125903,29.110028511151103,1.0003898048400879,29.10957467022332,5.999466896057129,0.0002,40.0,37152,16.19088125228882,0.06360650062561035
173,0.0009854367087541176,0.0008146237320793064,0.0011891294519106547,29.247708643130053,1.0112234878540038,29.234803585038396,5.9994282722473145,0.0002,40.0,37368,15.921765089035034,0.060706377029418945
174,0.0009985253696188168,0.0008623288696685779,0.0011845094958941142,29.264614533051805,1.006422634124756,29.25715024853276,5.999285697937012,0.0002,40.0,37584,16.334994316101074,0.05773138999938965
175,0.0009957141901427151,0.0008207258629356174,0.001180961678425471,29.27764194781387,0.9948768997192383,29.27764194781387,5.999682426452637,0.0002,40.0,37800,15.806297302246094,0.059861183166503906
176,0.0010003038068922858,0.0008365388418399338,0.0011888229350248973,29.248828250011698,1.0063095474243164,29.241409048981957,5.999138832092285,0.0002,40.0,38016,15.949793338775635,0.06258606910705566
177,0.0010228283885542464,0.0008863002464742116,0.0011937069892883302,29.231022632835952,0.9995075225830078,29.231022632835952,5.999241828918457,0.0002,40.0,38232,15.921936511993408,0.06209683418273926
178,0.0009766297004408324,0.0008085319137983563,0.0011607973277568816,29.352436003478672,1.0090144729614259,29.341559628827454,5.999427795410156,0.0002,40.0,38448,16.21632194519043,0.06288933753967285
179,0.0009985537315799814,0.000836051283100539,0.0011849310000737509,29.263069383962325,0.9953774452209473,29.263069383962325,5.9991350173950195,0.0002,40.0,38664,15.658779382705688,0.059844970703125
180,0.0009937321047798016,0.0008168583683858531,0.0012199543168147405,29.13656431888153,1.0022416305541992,29.134010503038002,5.9996538162231445,0.0002,40.0,38880,16.053003787994385,0.06228160858154297
181,0.0010006669837563042,0.000782205016500708,0.0011895780265331268,29.24607066546919,1.0050772666931151,29.240293163859064,5.999138355255127,0.0002,40.0,39096,16.034219980239868,0.05975747108459473
182,0.0009908475635060365,0.0007931421841562227,0.001156307285030683,29.36926738182466,0.9938690567016601,29.36926738182466,5.9996137619018555,0.0002,40.0,39312,15.855340719223022,0.06481695175170898
183,0.0009932672379511422,0.0008101906413482367,0.001161515141526858,29.349751243581924,0.9954415321350097,29.349751243581924,5.999484062194824,0.0002,40.0,39528,15.477755069732666,0.06707429885864258
184,0.000985923288035733,0.0008751903211805915,0.0011562802642583847,29.369368869634798,0.9995886421203614,29.369368869634798,5.999478340148926,0.0002,40.0,39744,16.116565465927124,0.0625162124633789
185,0.0010118901279781932,0.0008826791526128848,0.0011946682135264078,29.22752691403502,0.998894100189209,29.22752691403502,5.999597072601318,0.0002,40.0,39960,15.683203935623169,0.06439685821533203
186,0.0009915446410414532,0.0009385955475432718,0.0011694383372863133,29.32022672941882,1.001851577758789,29.31791650198282,5.99975061416626,0.0002,45.0,40176,15.668873071670532,0.06425619125366211
187,0.0009971384116974863,0.0010343508549250555,0.0012033407638470332,29.1961137107899,1.002158203125,29.19369762724977,5.999677658081055,0.0002,45.0,40392,16.297847032546997,0.06850075721740723
188,0.0009763957047497556,0.0009698870863792473,0.0011861697336037953,29.258531616519974,1.0070214462280274,29.2502886540117,5.999380588531494,0.0002,45.0,40608,16.02617621421814,0.06064152717590332
189,0.0009652159371804716,0.0008184539139324772,0.0011544689784447352,29.37617732449082,0.9981229591369629,29.37617732449082,5.999691486358643,0.0002,45.0,40824,15.869598388671875,0.06622004508972168
190,0.0010037973683084483,0.0008669719660141762,0.0011509591341018676,29.38940096134874,1.0012583923339844,29.387858555211746,5.999807357788086,0.0002,45.0,41040,15.718021392822266,0.07029366493225098
191,0.0009909082770995473,0.0009299551680738079,0.0011819316943486532,29.274076212759415,0.996532211303711,29.274076212759415,5.99943733215332,0.0002,45.0,41256,16.10453701019287,0.06875944137573242
192,0.0009613711391643122,0.0008072154518162859,0.0011821844428777694,29.273147601087643,0.987022647857666,29.273147601087643,5.999443054199219,0.0002,45.0,41472,15.71987533569336,0.06308341026306152
193,0.0009547886091108987,0.0009411077582668783,0.0011486858129501343,29.39798742731309,0.9941848754882813,29.39798742731309,5.999342918395996,0.0002,45.0,41688,16.136706113815308,0.06301355361938477
194,0.000986152897062509,0.0007619994657411092,0.0011679662267367046,29.32569715232137,1.0015217018127442,29.323900451002267,5.998892784118652,0.0002,45.0,41904,16.033854246139526,0.06137251853942871
195,0.0009272894502846876,0.0008017891088662588,0.0011595642815033595,29.35705170848005,1.0062400245666503,29.34942893876489,5.999622344970703,0.0002,45.0,42120,17.51542568206787,0.0776679515838623
196,0.000982742048057633,0.0007748995001252363,0.0011546767254670461,29.375395880638987,0.9925441360473632,29.375395880638987,5.9996538162231445,0.0002,45.0,42336,16.47421622276306,0.06299471855163574
197,0.0009541341654983336,0.0007821173073750907,0.0011525913327932358,29.383246505313622,1.0036079025268554,29.378769380198886,5.9997148513793945,0.0002,45.0,42552,15.975008010864258,0.06611227989196777
198,0.0009547524143388306,0.0008068322760822332,0.0011443938811620076,29.414244729435662,0.9883981895446777,29.414244729435662,5.998882293701172,0.0002,45.0,42768,15.888566732406616,0.06167149543762207
199,0.000977595880276699,0.0007343482606760834,0.0011461711178223292,29.40750539455678,0.9951810455322265,29.40750539455678,5.9995269775390625,0.0002,45.0,42984,16.001028537750244,0.06473135948181152
200,0.0009584818059996959,0.000899646494038187,0.0011259297281503678,29.484887139508174,0.9962148857116699,29.484887139508174,5.999636173248291,0.0002,45.0,43200,15.578906297683716,0.06290197372436523
201,0.0009621339408761781,0.0007684435908669147,0.001139840732018153,29.431558276441258,1.0050039672851563,29.425636382680587,5.999545574188232,0.0002,45.0,43416,55.31344223022461,6.283420562744141
202,0.0009758935584281773,0.0010441058319385934,0.0011742959668238958,29.302224307212576,0.9918525314331055,29.302224307212576,5.9994587898254395,0.0002,45.0,43632,17.482970476150513,0.0708920955657959
203,0.0009712750958008827,0.0007878430633792195,0.0011586252103249232,29.360570259958735,1.015744800567627,29.341763911222422,5.999229431152344,0.0002,45.0,43848,17.195162057876587,0.06763291358947754
204,0.0009851448019237623,0.0008026545145886316,0.0011567075053850809,29.36776446455915,1.0052983283996582,29.36177559024017,5.999811172485352,0.0002,45.0,44064,17.083070993423462,0.06822490692138672
205,0.0009681931983652538,0.0008599595186314073,0.0011680476367473603,29.325394449336883,1.0102084159851075,29.31311869767687,5.999529838562012,0.0002,45.0,44280,17.58640217781067,0.07286477088928223
206,0.0009629697143775074,0.0007329238094794362,0.0011335858951012294,29.455455665342498,1.0010957908630371,29.454118664017656,5.9998908042907715,0.0002,45.0,44496,17.127424716949463,0.06744384765625
207,0.000941125078909639,0.0007722924306880737,0.0011303521941105526,29.467862183507773,1.0011189460754395,29.466434648756735,5.99928092956543,0.0002,45.0,44712,16.91912293434143,0.07033419609069824
208,0.0009680750249358623,0.0009443235413535781,0.0011388539771238963,29.435319572157038,1.0036404418945313,29.43085621066515,5.999485015869141,0.0002,45.0,44928,17.609009742736816,0.07372093200683594
209,0.0009533554768237029,0.0008314656206420151,0.0011377948770920437,29.439360259696056,0.993752613067627,29.439360259696056,5.998713970184326,0.0002,50.0,45144,16.748297929763794,0.06783580780029297
210,0.0009500746165091793,0.0008385451523371149,0.0011464071025451025,29.406611319385295,1.0051008224487306,29.400159339433316,5.999709129333496,0.0002,50.0,45360,17.460577487945557,0.0673828125
211,0.000926409696728207,0.0007876999624937341,0.0011425272623697916,29.421334282336005,0.9925189399719239,29.421334282336005,5.999721527099609,0.0002,50.0,45576,16.764819622039795,0.06344056129455566
212,0.0009324650522456437,0.0010309884583820468,0.0011387896289428074,29.435564966650716,1.008784580230713,29.425089753460178,5.999396324157715,0.0002,50.0,45792,16.89204168319702,0.06486225128173828
213,0.000982281912246422,0.0007290955235425761,0.0011214540898799895,29.502185008771793,0.9909428977966308,29.502185008771793,5.999014377593994,0.0002,50.0,46008,16.924203157424927,0.07086873054504395
214,0.0009389157167406402,0.000822840773338533,0.0011246250073115032,29.489922636892835,0.9917311477661133,29.489922636892835,5.999335289001465,0.0002,50.0,46224,16.8393657207489,0.06237077713012695
215,0.0009952410066203362,0.00102593500862249,0.0011319351941347121,29.461784367832173,0.9960821723937988,29.461784367832173,5.9994096755981445,0.0002,50.0,46440,16.759239435195923,0.062044382095336914
216,0.0009505368759383217,0.0008580006856093372,0.0010940875858068467,29.60947909711891,1.001979236602783,29.607008625238798,5.999171733856201,0.0002,50.0,46656,17.588252305984497,0.0650186538696289
217,0.0009864324984559115,0.0008726941521508971,0.0012873644133408865,28.902985002585435,1.005726547241211,28.89645239441897,5.999696731567383,0.0002,50.0,46872,17.066186904907227,0.06328654289245605
218,0.0009733411498313797,0.0008202258770124636,0.0011207151909669241,29.505047412917516,1.0030805969238281,29.501245556305985,5.999685764312744,0.0002,50.0,47088,17.105204105377197,0.06179642677307129
219,0.0009414885360815063,0.0008624748478009217,0.0011426924417416255,29.4207064522004,1.0025555801391601,29.417593846093737,5.999866485595703,0.0002,50.0,47304,16.731613159179688,0.062493324279785156
220,0.0009533727098681519,0.0007819307229036222,0.0011957146227359772,29.2237245961162,1.0129991912841796,29.209971618117898,5.999234676361084,0.0002,50.0,47520,17.030312538146973,0.06322622299194336
221,0.000963292186472403,0.0010283191013487354,0.0011153422544399898,29.525918443587692,1.001490650177002,29.5240467517351,5.99936056137085,0.0002,50.0,47736,16.98576283454895,0.06391787528991699
222,0.000952344233730295,0.0007960793010863489,0.0010990990449984868,29.589631694890514,1.003372039794922,29.585370091440826,5.999567985534668,0.0002,50.0,47952,17.049094915390015,0.06357836723327637
223,0.0009384548483902345,0.0007363849220648948,0.0011091659714778264,29.55003462774397,1.0037106704711913,29.545537346742286,5.999530792236328,0.0002,50.0,48168,18.38745927810669,0.06441187858581543
224,0.0009597637974387169,0.0008538738464720655,0.0010899200042088827,29.62605376376421,0.9961150550842285,29.62605376376421,5.999629020690918,0.0002,50.0,48384,16.572113513946533,0.06389904022216797
225,0.000939517575004003,0.0006558761922507614,0.0010960909227530162,29.601534188333112,0.9980274200439453,29.601534188333112,5.999629020690918,0.0002,50.0,48600,17.79749608039856,0.06687712669372559
226,0.0009503620720562944,0.0007058975046527558,0.0011038067440191904,29.571069568177993,1.0042321395874023,29.565878936847145,5.9996337890625,0.0002,50.0,48816,16.98010492324829,0.062178850173950195
227,0.000955676602864422,0.0007388252831077662,0.0011260056495666505,29.48459430470937,0.9957542991638184,29.48459430470937,5.999222278594971,0.0002,50.0,49032,16.51117730140686,0.06393575668334961
228,0.0009964034736723356,0.0008622735246098128,0.001122274547815323,29.499008863815188,1.0049414825439453,29.492823992796463,5.999774932861328,0.0002,50.0,49248,17.199421882629395,0.0650782585144043
229,0.0009318386954997761,0.000921291226480642,0.001095563272635142,29.60362535344007,1.002425079345703,29.600637046056974,5.9993815422058105,0.0002,50.0,49464,17.48456358909607,0.08182024955749512
230,0.0009481940215345526,0.0008751552172032172,0.0011000499377648036,29.58587599202303,0.9979437065124511,29.58587599202303,5.999768257141113,0.0002,50.0,49680,17.63075089454651,0.06779003143310547
231,0.0009237011354011685,0.0007078499512652448,0.00108597365518411,29.641807102415974,1.0000508689880372,29.641757343704928,5.999837875366211,0.0002,50.0,49896,16.738548517227173,0.06513023376464844
232,0.0009277088072258925,0.0007227784636146997,0.0011008591453234354,29.5826824535351,0.9989824867248536,29.5826824535351,5.9998345375061035,0.0002,55.0,50112,17.014222145080566,0.06140613555908203
233,0.0009530688618795704,0.000849141017668813,0.0011207607140143712,29.504871007645754,1.0046435165405274,29.499086038251143,5.999398708343506,0.0002,55.0,50328,17.08857250213623,0.06259822845458984
234,0.0009250847992581734,0.0007019566975371993,0.0011200331648190817,29.507691174327885,0.9972591781616211,29.507691174327885,5.999673843383789,0.0002,55.0,50544,17.056387424468994,0.06458568572998047
235,0.0009120710808918743,0.000757166863810541,0.0010891131808360417,29.629269859389677,1.008384838104248,29.61861677917449,5.999540328979492,0.0002,55.0,50760,17.734785795211792,0.06546187400817871
236,0.00093722030122265,0.0006729604662868424,0.0011050856113433837,29.56604075740148,0.9928289794921875,29.56604075740148,5.999595642089844,0.0002,55.0,50976,16.680757999420166,0.06071734428405762
237,0.0009357281527954383,0.0006718184628213445,0.0011005149781703949,29.584040422587616,0.9983683776855469,29.584040422587616,5.999833106994629,0.0002,55.0,51192,17.1490740776062,0.06880974769592285
238,0.0009471104854204948,0.0007271977462738321,0.0010786751409371693,29.671093298686174,1.0002608680725098,29.670771938324254,5.999691486358643,0.0002,55.0,51408,17.779930114746094,0.06327271461486816
239,0.0009152241745639754,0.0007181820095570731,0.001154293641448021,29.3768369669299,1.0031589126586915,29.373077599511927,5.99968147277832,0.0002,55.0,51624,16.538662672042847,0.06322717666625977
240,0.0009186863290496926,0.0006808063204305759,0.0011072854946057,29.55740389287213,0.9962102508544922,29.55740389287213,5.9995832443237305,0.0002,55.0,51840,16.906616926193237,0.060274600982666016
241,0.0009608565987614185,0.0008418827743498959,0.0010924400140841803,29.61602400826616,1.0026777267456055,29.61258231004001,5.999514579772949,0.0002,55.0,52056,17.089781761169434,0.06262087821960449
242,0.0009140983310298643,0.0009097418535257811,0.0010733562956253687,29.692560920703666,0.9926359939575196,29.692560920703666,5.999392986297607,0.0002,55.0,52272,16.76685094833374,0.062279701232910156
243,0.0009183288126698006,0.000799678408783739,0.0011041396856307983,29.56975980174642,0.9883015632629395,29.56975980174642,5.998785972595215,0.0002,55.0,52488,16.686957120895386,0.06315112113952637
244,0.0009333663740856708,0.0008164806024886776,0.0011855117231607437,29.26094147060025,1.001859302520752,29.258904081037468,5.999821186065674,0.0002,55.0,52704,17.68386220932007,0.06295084953308105
245,0.0009248409935178748,0.0008817378824333782,0.0010690168291330338,29.710154578014354,0.9910699272155762,29.710154578014354,5.999141693115234,0.0002,55.0,52920,17.432069540023804,0.06055808067321777
246,0.0009814723272490707,0.0009970606431580972,0.0011113466322422029,29.541504622197152,0.9962185287475586,29.541504622197152,5.999769687652588,0.0002,55.0,53136,16.81430172920227,0.0634162425994873
247,0.0009382737754587678,0.0007634903101142549,0.0011028961588939032,29.574653758121634,0.9955651092529297,29.574653758121634,5.999717712402344,0.0002,55.0,53352,17.307576179504395,0.06432247161865234
248,0.0009223304802308911,0.0006964526575166678,0.001077210654815038,29.676993595823873,1.0006235694885255,29.676216877641075,5.9990458488464355,0.0002,55.0,53568,17.300535440444946,0.06252288818359375
249,0.0009147179651114604,0.0008971281365855881,0.0010792736957470576,29.668684075137417,1.01973331451416,29.645189647408387,5.998639106750488,0.0002,55.0,53784,16.47863268852234,0.0667581558227539
250,0.000947160303754651,0.0008469321472786259,0.001082901308933894,29.65411121341853,0.991089916229248,29.65411121341853,5.999294281005859,0.0002,55.0,54000,17.31420111656189,0.06468367576599121
251,0.0008977185734513931,0.0008005723448983137,0.001084230144818624,29.6487852221094,1.0056165695190429,29.641832528244898,5.999699592590332,0.0002,55.0,54216,16.720502614974976,0.06490135192871094
252,0.0009216734497686443,0.00079872306301326,0.0010910814503828684,29.621428276596298,1.003603172302246,29.616922162524048,5.999381065368652,0.0002,55.0,54432,17.206876754760742,0.06235194206237793
253,0.0008845337877131027,0.0006988675780999271,0.0011007525026798248,29.58310318451855,0.9998164367675781,29.58310318451855,5.99946403503418,0.0002,55.0,54648,17.51632785797119,0.06587982177734375
254,0.0009062638195177567,0.0007494135000877946,0.0010992627342542012,29.588984946559048,1.004374942779541,29.583407147351593,5.9991841316223145,0.0002,55.0,54864,17.52541184425354,0.06449413299560547
255,0.0009018946710157384,0.0007205690868009908,0.0010507900516192117,29.784840475602465,1.0003146743774414,29.784445824034492,5.999659538269043,0.0002,60.0,55080,16.86869239807129,0.06427335739135742
256,0.0008730088939647312,0.0009015358161802093,0.0012442795435587564,29.05082038787901,1.0096720504760741,29.040690962531063,5.998976707458496,0.0002,60.0,55296,16.959763765335083,0.0770878791809082
257,0.001010924220841,0.0012574374095361302,0.001089259535074234,29.628686296827755,0.995653133392334,29.628686296827755,5.9994893074035645,0.0002,60.0,55512,17.719035625457764,0.06489157676696777
258,0.0009128020908278616,0.0008519232908155823,0.0011521281053622563,29.384992289347196,0.995098876953125,29.384992289347196,5.999693870544434,0.0002,60.0,55728,16.78085970878601,0.05925631523132324
259,0.0009092618935350058,0.0007888840439229988,0.0010499956210454305,29.788125121298442,1.0052646827697753,29.781562620094117,5.999633312225342,0.0002,60.0,55944,17.74465250968933,0.0640866756439209
260,0.0008896202054482115,0.0006384485570605898,0.001047491282224655,29.798495827745374,0.9997413635253907,29.798495827745374,5.999725341796875,0.0002,60.0,56160,16.912383794784546,0.06110405921936035
261,0.0009255646970595463,0.0007780595238833432,0.0011540627976258596,29.37770558666976,0.9979241180419922,29.37770558666976,5.999622344970703,0.0002,60.0,56376,17.15223789215088,0.06361174583435059
262,0.0008826671074400993,0.0007857065894843443,0.0010766299813985824,29.67933530358465,1.0021624755859375,29.67674548744574,5.99977970123291,0.0002,60.0,56592,16.706982135772705,0.06393170356750488
263,0.0009158397314098218,0.0008375443135847108,0.001074997807542483,29.685924214908617,0.9991259384155273,29.685924214908617,5.999659538269043,0.0002,60.0,56808,17.33558177947998,0.059067487716674805
264,0.0009450341371036526,0.0007941936679940292,0.0011091979593038559,29.549909381059773,0.9887353134155273,29.549909381059773,5.998641490936279,0.0002,60.0,57024,16.76622438430786,0.06277132034301758
265,0.000914866672002076,0.0007922331615270155,0.0010758545498053232,29.682464391591857,1.0028783035278321,29.678971460310144,5.999691963195801,0.0002,60.0,57240,17.074769020080566,0.06343507766723633
266,0.0008990774285790604,0.0007048336813982198,0.001165568952759107,29.334620293789193,1.004924030303955,29.329347686326635,5.99955940246582,0.0002,60.0,57456,17.39070415496826,0.06737780570983887
267,0.0009305613756557737,0.0007889199929068918,0.0011193670580784479,29.510274781200742,1.0048981857299806,29.504570567370607,5.999743461608887,0.0002,60.0,57672,16.798225164413452,0.06342077255249023
268,0.0008816362426791718,0.0008515289360387385,0.0010453688850005467,29.80730430652723,1.0044242095947267,29.801425434718173,5.999357223510742,0.0002,60.0,57888,17.474756956100464,0.06924271583557129
269,0.0008850718577446388,0.00068988095584285,0.0010411878923575083,29.824708908056913,1.0045727157592774,29.818666995665154,5.999608039855957,0.0002,60.0,58104,16.770519971847534,0.06509017944335938
270,0.0009008669890328378,0.0007242665290697545,0.0010431714355945588,29.816443134195787,0.9958624839782715,29.816443134195787,5.999575614929199,0.0002,60.0,58320,16.844227075576782,0.06097078323364258
271,0.0009373119469745544,0.0007075936390437942,0.0010662017017602921,29.721606286348077,0.9903555679321289,29.721606286348077,5.999445915222168,0.0002,60.0,58536,17.625436305999756,0.06209158897399902
272,0.0009226500652089337,0.0007052111421185344,0.0010761535167694092,29.681257707419746,1.0052128791809083,29.675063069861398,5.999288558959961,0.0002,60.0,58752,16.753849506378174,0.06201648712158203
273,0.0008892273174706792,0.0007175592849355029,0.0010726484407981237,29.69542594193491,1.0078384399414062,29.685260459758975,5.999508857727051,0.0002,60.0,58968,17.58792233467102,0.060339927673339844
274,0.0009094068950609021,0.0007249717256459206,0.001070193350315094,29.70537751857777,0.9973538970947265,29.70537751857777,5.999783992767334,0.0002,60.0,59184,16.78421139717102,0.06457352638244629
275,0.0008981912968464304,0.0007775750785958076,0.0010527508457501729,29.776744010076875,0.9979745864868164,29.776744010076875,5.9994635581970215,0.0002,60.0,59400,17.235473155975342,0.06423616409301758
276,0.0008834694588786342,0.0007915320383735756,0.001044560819864273,29.810662680221547,1.0008681106567383,29.809583469054793,5.999357223510742,0.0002,60.0,59616,17.69361686706543,0.0659947395324707
277,0.0008997395424766169,0.0007026065561070066,0.0010838700334231059,29.650227908152708,0.9982734298706055,29.650227908152708,5.999862194061279,0.0002,60.0,59832,16.78035855293274,0.062406301498413086
278,0.0008796477433887944,0.0008295359694992827,0.001033085932334264,29.858635522592717,0.99287935256958,29.858635522592717,5.999483108520508,0.0002,65.0,60048,17.292839288711548,0.06490802764892578
279,0.0009159958493504403,0.0007778557394698694,0.0010625733931859335,29.736410630142732,1.0092862129211426,29.725095522131856,5.999560356140137,0.0002,65.0,60264,17.18248414993286,0.06500720977783203
280,0.0008838083728662004,0.000681555653328373,0.00106140931447347,29.741171055075753,0.9890595054626465,29.741171055075753,5.999343395233154,0.0002,65.0,60480,17.170089721679688,0.06165027618408203
281,0.0009023778856246044,0.0006590306832104165,0.0010296854625145594,29.87295418747264,0.9979286003112793,29.87295418747264,5.999422073364258,0.0002,65.0,60696,17.121305465698242,0.06285953521728516
282,0.0008757050744379344,0.0007125293198244079,0.0010233432054519652,29.89978689614496,1.0028775978088378,29.896136604985276,5.999095916748047,0.0002,65.0,60912,17.743360996246338,0.0613856315612793
283,0.0008757410868428701,0.0007568293676266203,0.0010484555115302405,29.79449992959094,1.0098461723327636,29.782178888882175,5.99948787689209,0.0002,65.0,61128,17.451374053955078,0.06154489517211914
284,0.0009008802453636367,0.0007213802014787992,0.0010819878925879796,29.65777598944468,0.9998597717285156,29.65777598944468,5.9997968673706055,0.0002,65.0,61344,16.665257692337036,0.06082963943481445
285,0.0008901084880884466,0.0006464873078157721,0.00103083240489165,29.86811937575123,1.0086993026733397,29.85652571909753,5.999464988708496,0.0002,65.0,61560,17.306541919708252,0.0642404556274414
286,0.000887072622384606,0.0008514586663332538,0.00102027527987957,29.91282635686096,1.0044169998168946,29.906957866237093,5.9997100830078125,0.0002,65.0,61776,17.87675452232361,0.06426858901977539
287,0.0008733938599639721,0.0006501265251469137,0.0010282645871241888,29.878951208048253,1.0081234169006348,29.86824797055612,5.999373912811279,0.0002,65.0,61992,16.66468095779419,0.06452465057373047
288,0.0008787935706314401,0.0007675818277630901,0.0010636065900325774,29.732189804736812,0.9981356811523437,29.732189804736812,5.999587535858154,0.0002,65.0,62208,17.37820529937744,0.06310534477233887
289,0.0008827278175748939,0.0007631925133772303,0.0010851105550924937,29.64526012026845,1.0003771018981933,29.64481076356515,5.99967098236084,0.0002,65.0,62424,16.91804337501526,0.06573724746704102
290,0.0008975694232377345,0.0008090735865972828,0.0010252597679694493,29.891660843618403,1.0080517196655274,29.88117719746863,5.999045372009277,0.0002,65.0,62640,16.81432795524597,0.062311410903930664
291,0.0008977220360986025,0.00089255692889455,0.0010571876913309096,29.75847901932859,0.9956716918945312,29.75847901932859,5.999748229980469,0.0002,65.0,62856,16.947837829589844,0.06476306915283203
292,0.0009070872661212216,0.000734259521899124,0.0010411404818296433,29.82490666870691,1.003828010559082,29.819912164449917,5.999444961547852,0.0002,65.0,63072,17.14626693725586,0.06290793418884277
293,0.0008434412183840692,0.0007120431712626115,0.0010212467114130656,29.908693289588754,0.9959516525268555,29.908693289588754,5.999512195587158,0.0002,65.0,63288,17.387761116027832,0.06151580810546875
294,0.0008662485590278832,0.000833895699310022,0.0010270223766565322,29.884200939367172,1.0045015907287598,29.87859815110798,5.9992899894714355,0.0002,65.0,63504,16.633692026138306,0.06561636924743652
295,0.0008721604053288753,0.0008524265132871443,0.0010386606305837632,29.835263295751506,0.9988538551330567,29.835263295751506,5.99891996383667,0.0002,65.0,63720,17.480674743652344,0.06419682502746582
296,0.000884396141826047,0.0008404227556066885,0.0010214331497748693,29.90790051580653,1.0017824745178223,29.90562459033419,5.999712944030762,0.0002,65.0,63936,16.708386421203613,0.06170773506164551
297,0.00085025166063502,0.0009134979846387886,0.0010033802191416422,29.985344650008237,1.0039151191711426,29.98040667277015,5.999003887176514,0.0002,65.0,64152,17.263598442077637,0.06335830688476562
298,0.0008869508677499666,0.0007942734222413729,0.001031447599331538,29.865528306081558,0.9979227828979492,29.865528306081558,5.999788761138916,0.0002,65.0,64368,17.06179118156433,0.06560182571411133
299,0.0008373291889691482,0.0006329854801837085,0.0010359165569146474,29.846752256052675,1.003149471282959,29.842581289461055,5.999572277069092,0.0002,65.0,64584,16.84614849090576,0.06496191024780273
300,0.0008653662522387542,0.0006684974763893347,0.0010568457345167795,29.759884010913918,1.0030525588989259,29.755877989941233,5.999725818634033,0.0002,65.0,64800,17.101738452911377,0.06457972526550293
301,0.0009010601503963488,0.0009935099733453514,0.0010288119812806448,29.87663986708178,1.0138200759887694,29.859050443514995,5.999375343322754,0.0002,70.0,65016,17.47174882888794,0.06515979766845703
302,0.0008638674625789449,0.0007797197280856579,0.0010203918566306432,29.91233015991773,1.0019209861755372,29.909791816668356,5.999900817871094,0.0002,70.0,65232,17.18540644645691,0.06055903434753418
303,0.0008819025029441801,0.0007815259074846256,0.0010293881346782048,29.87420841985869,1.0093176460266113,29.862243444777235,5.999340534210205,0.0002,70.0,65448,16.790904760360718,0.06135916709899902
304,0.0008105182658840457,0.0005918485186724127,0.0010037695864836375,29.983659672736394,1.006913318634033,29.97444396008622,5.999459266662598,0.0002,70.0,65664,17.290472745895386,0.06474733352661133
305,0.0008424361329525709,0.0005984729722115225,0.0010408828407526016,29.82598150871882,1.0052323722839356,29.8192326832706,5.99985933303833,0.0002,70.0,65880,17.043145656585693,0.07830643653869629
306,0.0008721467180083087,0.000771845769258621,0.0011895535389582317,29.2461600663145,1.0193753051757812,29.22544250956317,5.998899459838867,0.0002,70.0,66096,17.210908889770508,0.06462764739990234
307,0.0008926992116671434,0.0010530342850699156,0.0010231337199608484,29.900676018245665,0.9998130989074707,29.900676018245665,5.999710559844971,0.0002,70.0,66312,17.68452525138855,0.06059694290161133
308,0.0008608541241509543,0.0008098392644087257,0.0010057408859332402,29.97513894333968,1.002942714691162,29.9712061032714,5.999434471130371,0.0002,70.0,66528,17.117578983306885,0.0661461353302002
309,0.0008472340027599231,0.0006875803796372012,0.0010041607668002446,29.981967507918,0.9959015083312989,29.981967507918,5.999755382537842,0.0002,70.0,66744,16.88940930366516,0.06457352638244629
310,0.000918556679904029,0.0007487434183206895,0.0010011602441469829,29.99496404459733,1.0099616432189942,29.982034210840098,5.999405384063721,0.0002,70.0,66960,17.180797815322876,0.0643625259399414
311,0.0008714146460271508,0.0006826883197451632,0.0009963318208853404,30.01595998946005,1.0005374145507813,30.015235713637228,5.999839782714844,0.0002,70.0,67176,17.349523782730103,0.06567692756652832
312,0.0008465332847992903,0.000618734878582367,0.0010238088915745418,29.897811030090686,1.003749942779541,29.893017620520702,5.999459743499756,0.0002,70.0,67392,16.996264934539795,0.06175041198730469
313,0.0008584434614665266,0.0006905045582359468,0.0010005834450324375,29.997466869318604,1.0061078262329102,29.989555974343457,5.999650955200195,0.0002,70.0,67608,17.455100774765015,0.06467771530151367
314,0.0008663584486297939,0.00070096327268613,0.0010280679663022358,29.879781728754832,1.0094415664672851,29.868567538333206,5.999641418457031,0.0002,70.0,67824,16.978920698165894,0.07068753242492676
315,0.0008833978387216727,0.0007840685635818628,0.001030708576242129,29.868641102942156,1.003786849975586,29.863513714636227,5.999545097351074,0.0002,70.0,68040,16.771132707595825,0.06115841865539551
316,0.0008724704287453568,0.0006446037773528825,0.0010114472111066183,29.950567787590785,1.0010337829589844,29.949184919411763,5.9993510246276855,0.0002,70.0,68256,17.533289432525635,0.06610560417175293
317,0.0008492284859328166,0.0007622432751932006,0.0010147902369499206,29.936237196718007,1.0066477394104003,29.92816015848067,5.999560356140137,0.0002,70.0,68472,16.663561820983887,0.057338714599609375
318,0.0009037409377270851,0.0009480877317812132,0.0011743529389301936,29.302013610148983,0.9993950843811035,29.302013610148983,5.999448776245117,0.0002,70.0,68688,16.800592184066772,0.07042241096496582
319,0.0008730904712760146,0.0006928671888359215,0.000983980024854342,30.07013717812142,1.002840576171875,30.066479905485796,5.999508380889893,0.0002,70.0,68904,17.002230167388916,0.06131887435913086
320,0.0008292564781099234,0.0007858738009952872,0.0010306041439374289,29.86908115624662,1.0082363891601562,29.85841273038281,5.99965763092041,0.0002,70.0,69120,16.91166639328003,0.06626415252685547
321,0.000853188971489452,0.0007214948825835102,0.0010622535894314448,29.73771792723611,1.000547046661377,29.73706651374232,5.999299049377441,0.0002,70.0,69336,17.119534730911255,0.06440472602844238
322,0.0008677068555498145,0.000652309521506338,0.0009817866732676824,30.079828672917497,1.0047681427001953,30.073604453808564,5.999650955200195,0.0002,70.0,69552,16.9804584980011,0.06144380569458008
323,0.0008916240421704192,0.0007975504088444986,0.001015307108561198,29.934025731401064,1.0120931053161621,29.91824518834989,5.999567031860352,0.0002,70.0,69768,17.063968181610107,0.06474876403808594
324,0.0008415922081178945,0.0007188061921033955,0.0009945489714543025,30.023738274125993,1.0008927154541016,30.02250982506139,5.999629020690918,0.0002,70.0,69984,17.0028657913208,0.06203269958496094
325,0.0008573688088707032,0.0007845388711227671,0.0010468544065952302,29.80113714509351,1.0063775825500487,29.79331293258301,5.999578475952148,0.0002,75.0,70200,17.103177785873413,0.0662534236907959
326,0.00084963442278567,0.0007932226185052507,0.0009840845068295797,30.06967605558589,1.0007724952697754,30.06866465115015,5.999840259552002,0.0002,75.0,70416,17.366037845611572,0.06252193450927734
327,0.0008080995116598797,0.0006571168204148611,0.0009822459270556769,30.07779763341722,1.0121603584289551,30.06204073142374,5.998933792114258,0.0002,75.0,70632,16.797081470489502,0.06424260139465332
328,0.0008450241499256504,0.0006565970102783994,0.001080846960345904,29.662357944671157,0.9995491218566894,29.662357944671157,5.999762535095215,0.0002,75.0,70848,16.73898959159851,0.06320357322692871
329,0.0008682186602263887,0.0007239070171625285,0.0009909662107626597,30.0394115351624,1.0018526268005372,30.03697504096056,5.999761581420898,0.0002,75.0,71064,17.042259454727173,0.06915998458862305
330,0.0008676741444640726,0.0006658865373743617,0.0009954920411109924,30.01962207776597,1.0072659873962402,30.009961701971065,5.999458312988281,0.0002,75.0,71280,16.693107843399048,0.06574463844299316
331,0.0008262435642266781,0.0006511428599259343,0.0009981682151556015,30.00796263564576,1.0035787582397462,30.003542904055088,5.9996819496154785,0.0002,75.0,71496,18.249063968658447,0.058669090270996094
332,0.0008578634324510568,0.0006920284527502414,0.0010111332188049952,29.95191621480815,1.0029049873352052,29.94835519664654,5.999536991119385,0.0002,75.0,71712,16.7139835357666,0.061789512634277344
333,0.0008614708511226311,0.0009563665158803696,0.001008464495340983,29.963393872369608,1.0049835205078126,29.957001619120046,5.999704360961914,0.0002,75.0,71928,17.163355827331543,0.06543970108032227
334,0.0008539156317103492,0.0007085995897110821,0.0009646228700876236,30.156424456744382,1.0017991256713867,30.153976311661772,5.999337673187256,0.0002,75.0,72144,17.08783221244812,0.062265634536743164
335,0.0008280399378956012,0.0006557802371748223,0.0009965859353542328,30.014852462449824,0.9923837471008301,30.014852462449824,5.998976707458496,0.0002,75.0,72360,16.922192811965942,0.06003999710083008
336,0.0008380326673226512,0.0006393339702238639,0.0009698151051998139,30.133110558836837,1.0019218826293945,30.130481226167415,5.999390602111816,0.0002,75.0,72576,17.361852884292603,0.05910325050354004
337,0.0008277744471864856,0.0006309445076824531,0.0010069617877403894,29.969870097724666,1.0030045700073242,29.96590371247446,5.99929141998291,0.0002,75.0,72792,16.89264440536499,0.06271982192993164
338,0.0009039826985732045,0.0007930037888792762,0.0009763395041227341,30.103991381442604,1.0027924537658692,30.100281217143355,5.99970006942749,0.0002,75.0,73008,17.155317306518555,0.0622408390045166
339,0.0008370404097292086,0.0006962391406135714,0.0009842963020006816,30.0687414653476,1.0000163078308106,30.068709249242026,5.999654769897461,0.0002,75.0,73224,16.87109112739563,0.06578803062438965
340,0.0008305902344991278,0.0008302103766523626,0.0009767324974139532,30.102243623858953,1.0067705726623535,30.093409243856254,5.999406337738037,0.0002,75.0,73440,17.02478575706482,0.06317567825317383
341,0.000845376461730811,0.0007456456523631578,0.0009764366348584494,30.103559346845937,1.002868480682373,30.099808164134444,5.9996538162231445,0.0002,75.0,73656,16.828755855560303,0.06592798233032227
342,0.0008271671737125818,0.0006054208309565118,0.0009820665419101714,30.078590847127114,1.000732078552246,30.07757604705919,5.999736785888672,0.0002,75.0,73872,16.83590269088745,0.06631040573120117
343,0.0008197214977100384,0.0006799438892040348,0.0010015887767076492,29.99310550588563,1.0082929039001465,29.98287855860383,5.999792098999023,0.0002,75.0,74088,17.732621431350708,0.061456918716430664
344,0.0008563906195964934,0.0008288336334331636,0.0010443472862243653,29.811550574538828,1.0024703025817872,29.8084712938989,5.999711990356445,0.0002,75.0,74304,16.716248273849487,0.06483912467956543
345,0.0009163810105562426,0.0012206906648487717,0.0010163332770268122,29.929638544149036,0.9994033813476563,29.929638544149036,5.999661445617676,0.0002,75.0,74520,17.207374572753906,0.06524133682250977
346,0.0008411052921935376,0.0008787288284941536,0.0009950236727794012,30.0216658675662,1.0006087684631348,30.02090249019963,5.999660968780518,0.0002,75.0,74736,16.878854274749756,0.06720161437988281
347,0.0008455568180837925,0.0006861156053112252,0.0009661355366309484,30.149619432720133,1.0050245094299317,30.142864401974272,5.999602317810059,0.0002,75.0,74952,16.807401418685913,0.06673455238342285
348,0.0008444911575930166,0.0008428664620209863,0.0009917768587668736,30.03586029365236,1.0032712173461915,30.031781815944516,5.999731063842773,0.0002,80.0,75168,17.188241720199585,0.07013154029846191
349,0.0008186655877616959,0.0007092583182173363,0.0010107413431008658,29.953599696674267,1.0018611717224122,29.9511799299762,5.999883651733398,0.0002,80.0,75384,17.41074800491333,0.06485748291015625
350,0.0008221777754606328,0.0006887377646036338,0.0009850360204776128,30.06547888072301,1.0013513374328613,30.063663804653416,5.999804496765137,0.0002,80.0,75600,17.01606559753418,0.06466484069824219
351,0.0008195204919784505,0.0008054274955656434,0.0009721579402685166,30.122631723012088,1.0107196044921876,30.108397251369652,5.999436378479004,0.0002,80.0,75816,16.88803195953369,0.06543302536010742
352,0.0008336723009056911,0.0005870090135494653,0.001052581121524175,29.777444234992487,0.9992947006225585,29.777444234992487,5.999695777893066,0.0002,80.0,76032,17.415539741516113,0.062081336975097656
353,0.0008485970563302491,0.0006828049759960909,0.0010002376635869345,29.998967962790424,1.0057870864868164,29.991709028604813,5.999445915222168,0.0002,80.0,76248,16.73056983947754,0.06281256675720215
354,0.0008330117430929364,0.0006603638968174008,0.001004703938961029,29.979618950773016,0.9997393035888672,29.979618950773016,5.999754905700684,0.0002,80.0,76464,17.000632524490356,0.07004594802856445
355,0.0008384371191884081,0.0007880304329961106,0.0011073417713244756,29.557183172493534,1.0066397857666016,29.54875646441107,5.999628067016602,0.00016,80.0,76680,17.302766799926758,0.06165289878845215
356,0.0008270069943535129,0.0006320901300785118,0.0009619450817505518,30.1684972148974,0.99675537109375,30.1684972148974,5.999845027923584,0.00016,80.0,76896,17.260667324066162,0.06456899642944336
357,0.0008020785308368774,0.0006746091242150768,0.0009493273248275121,30.22584018493447,0.9980087089538574,30.22584018493447,5.9996185302734375,0.00016,80.0,77112,16.70688796043396,0.06424164772033691
358,0.0008317483318429711,0.0006172928474573553,0.0009690094242493311,30.13671999131301,1.0021085548400879,30.133896365460945,5.999668121337891,0.00016,80.0,77328,17.339355945587158,0.06453943252563477
359,0.0007936871081145237,0.000564292311951842,0.0009495522578557333,30.224811292167363,0.9990501403808594,30.224811292167363,5.999547004699707,0.00016,80.0,77544,17.08011794090271,0.07630276679992676
360,0.0008059911662712694,0.0006396131054835691,0.0009547649323940277,30.201035405947444,0.9958485221862793,30.201035405947444,5.999825954437256,0.00016,80.0,77760,16.9100399017334,0.06465649604797363
361,0.0008286213329858214,0.0006691872934554366,0.0009546905010938644,30.20137398523441,0.9981780433654786,30.20137398523441,5.999849319458008,0.00016,80.0,77976,17.030435800552368,0.06469058990478516
362,0.0008136333124644622,0.0005030832586108126,0.0009776083876689276,30.098350809326337,1.0010338973999025,30.097101076022973,5.999424934387207,0.00016,80.0,78192,17.35055685043335,0.06419706344604492
363,0.0008404518767307257,0.0006128084860688103,0.0009527627378702163,30.210152362584807,0.9982186889648438,30.210152362584807,5.9998979568481445,0.00016,80.0,78408,16.687307357788086,0.06618332862854004
364,0.0007930104312169757,0.0007026068087788704,0.0009523170193036397,30.212184541203566,1.0025230216979981,30.20872088565669,5.999785423278809,0.00016,80.0,78624,17.30473566055298,0.06431961059570312
365,0.0008442157894993822,0.0007832198794188815,0.0009644731879234314,30.15709841113674,1.0008138847351074,30.156004392408327,5.999900817871094,0.00016,80.0,78840,17.077836990356445,0.07368826866149902
366,0.0008112807244575326,0.0007395433696945184,0.0009595189491907756,30.17946444120038,0.9992273712158203,30.17946444120038,5.999797821044922,0.00016,80.0,79056,16.389495849609375,0.0645284652709961
367,0.0008068593165270336,0.0006305640879208627,0.0009477414935827256,30.23310104877431,1.001992530822754,30.230362841223144,5.999720573425293,0.00016,80.0,79272,17.643186807632446,0.06380605697631836
368,0.0008025159452623431,0.0006122853359936372,0.0009344075620174408,30.29463655538656,1.004081630706787,30.28899756201043,5.999741554260254,0.00016,80.0,79488,16.442614555358887,0.06035804748535156
369,0.000808465454214509,0.000779876231006684,0.0009585669636726379,30.18377542736168,0.9968935012817383,30.18377542736168,5.999762058258057,0.00016,80.0,79704,17.172075510025024,0.06427335739135742
370,0.000828554969874845,0.0005812105664011577,0.0009392039726177851,30.272400791263436,1.0013675117492675,30.27052505501309,5.999519348144531,0.00016,80.0,79920,17.014159440994263,0.06017160415649414
371,0.0008077156526859904,0.0007124273408798204,0.0009357595195372899,30.288357460874536,1.0071942520141601,30.278399811287574,5.999380111694336,0.00016,85.0,80136,18.274667501449585,0.06990337371826172
372,0.0008249029562052717,0.0007023322415889065,0.0009436535586913427,30.25187417951758,1.0033674049377441,30.247297222112728,5.999784469604492,0.00016,85.0,80352,17.370502948760986,0.06687593460083008
373,0.0008186131958728252,0.0008408002557394945,0.0009611251453558604,30.17220060407461,1.0046109199523925,30.16632880813097,5.999686241149902,0.00016,85.0,80568,17.846725702285767,0.06685328483581543
374,0.0008117159187415804,0.0005990812640664154,0.0009777864317099254,30.09755993534029,1.0011063194274903,30.096116346708115,5.999677658081055,0.00016,85.0,80784,17.780089616775513,0.06429004669189453
375,0.0008177352703405895,0.0007366924660037393,0.00100051981707414,29.997743049680867,1.006431770324707,29.98940985717919,5.999661445617676,0.00016,85.0,81000,17.38980770111084,0.06720995903015137
376,0.0008771518312995255,0.0008736546783694539,0.0009560005118449529,30.195418752015367,1.0065666007995606,30.186485197756593,5.9995927810668945,0.00016,85.0,81216,18.380425453186035,0.06509637832641602
377,0.0008376998324757037,0.0007937320073108203,0.0009567021081844965,30.192232690269414,0.9951284980773926,30.192232690269414,5.9997735023498535,0.00016,85.0,81432,16.52741837501526,0.061730146408081055
378,0.0008138055697528889,0.0007410624704958088,0.0009324169158935547,30.303898561160825,1.0045230865478516,30.297780838731022,5.999386787414551,0.00016,85.0,81648,16.550186157226562,0.05897855758666992
379,0.0008228916996428608,0.0006792722142679428,0.0009358609716097514,30.287886638124952,0.9988445472717286,30.287886638124952,5.999770641326904,0.00016,85.0,81864,17.816838264465332,0.06117987632751465
380,0.0008050735556668993,0.0005729117299146626,0.0009323868403832118,30.304038646981,1.0064727210998534,30.294976970334716,5.999756336212158,0.00016,85.0,82080,16.170533657073975,0.06239724159240723
381,0.0008141916167949312,0.000549364384614687,0.0009474992752075195,30.234211135746605,1.0093126106262207,30.221383409007665,5.999532222747803,0.00016,85.0,82296,16.923668384552002,0.059839487075805664
382,0.0007865460829782313,0.0006721657335056343,0.0009533417224884033,30.207513998972022,0.9974294662475586,30.207513998972022,5.999872207641602,0.00016,85.0,82512,16.46145486831665,0.06601929664611816
383,0.0007981861956194853,0.000637007718872063,0.0009419724593559901,30.25961794579277,0.9982634162902833,30.25961794579277,5.999693393707275,0.00016,85.0,82728,16.68009853363037,0.062026262283325195
384,0.000812302600234693,0.0005697737179656068,0.0009460170318682989,30.241010445920416,1.0022294807434082,30.238038916867325,5.999790191650391,0.00016,85.0,82944,17.187968015670776,0.0614163875579834
385,0.0008160477445420364,0.0006162444817280208,0.0009371134390433629,30.282078339056216,1.005609073638916,30.274318353801107,5.999776840209961,0.00016,85.0,83160,16.42495346069336,0.06139039993286133
386,0.0008099236151041544,0.0006907535409824788,0.0009444834291934967,30.248056573005982,0.9932768058776855,30.248056573005982,5.999605178833008,0.00016,85.0,83376,17.239452838897705,0.06178712844848633
387,0.0008216063199780774,0.0006234261779910952,0.000931373064716657,30.30876326006115,0.9997054290771484,30.30876326006115,5.999444007873535,0.00016,85.0,83592,16.134058475494385,0.09066295623779297
388,0.0007982735924314761,0.0005192068054516246,0.0009528175493081411,30.20990252472489,1.004397087097168,30.2040201509351,5.999322414398193,0.00016,85.0,83808,17.005638360977173,0.06305360794067383
389,0.0007937518881795847,0.0005317687316784177,0.0009365667402744293,30.284612691161442,0.9938745307922363,30.284612691161442,5.999752044677734,0.00016,85.0,84024,16.8398277759552,0.06229686737060547
390,0.0008097001872248138,0.0006698807261452294,0.0009765888502200443,30.102882383926193,0.9978704833984375,30.102882383926193,5.999759197235107,0.00016,85.0,84240,16.3673038482666,0.06172013282775879
391,0.0008051919711726731,0.000728822578676045,0.0009569107492764791,30.19128566825342,1.0102603149414062,30.176958676801334,5.999022960662842,0.00016,85.0,84456,16.996708393096924,0.0631556510925293
392,0.0007738492786681846,0.0006200632612571876,0.0009197652339935303,30.363230102546098,0.9978155708312988,30.363230102546098,5.999829292297363,0.00016,85.0,84672,16.838353872299194,0.06128883361816406
393,0.0007986690694688941,0.0006611460500288808,0.0009347842633724212,30.292886073496085,0.9973171424865722,30.292886073496085,5.9998321533203125,0.00016,85.0,84888,16.3879177570343,0.05993151664733887
394,0.0008094703033566475,0.0006316241593626531,0.0009501765916744868,30.221956729610405,1.0016069984436036,30.2197154095626,5.999807357788086,0.00016,90.0,85104,17.170443058013916,0.06330680847167969
395,0.000811010706137218,0.0005601095559372418,0.0009236985445022583,30.34469740706614,0.9998124504089355,30.34469740706614,5.99959659576416,0.00016,90.0,85320,16.158466815948486,0.06349015235900879
396,0.0007934938260502573,0.0005537922781608675,0.0009272335221370061,30.328108757761743,0.9993354225158692,30.328108757761743,5.999783515930176,0.00016,90.0,85536,17.057902097702026,0.0638728141784668
397,0.0007926388710156839,0.0006944794114679098,0.0009328094373146693,30.30207068767574,1.000826015472412,30.300950288411833,5.999843597412109,0.00016,90.0,85752,16.89891004562378,0.061632633209228516
398,0.0008018930007001736,0.0005813002546547332,0.0009361968189477921,30.28632838871648,1.00171630859375,30.283988204994778,5.999905586242676,0.00016,90.0,85968,16.829320669174194,0.06407570838928223
399,0.0008300046508699871,0.000732362761054242,0.000947242205341657,30.235389597568854,0.9998381805419921,30.235389597568854,5.999891757965088,0.00016,90.0,86184,16.93646478652954,0.06478333473205566
400,0.0007927941041661129,0.0006323939885107288,0.000930034543077151,30.315009207049965,0.9998575210571289,30.315009207049965,5.999766826629639,0.00016,90.0,86400,16.624720335006714,0.06060504913330078
401,0.0008119325756864703,0.0007499816719496596,0.0009399966647227605,30.26873687352504,1.0044877815246582,30.2625986669999,5.999635696411133,0.00016,90.0,86616,16.828950881958008,0.06357979774475098
402,0.0007827927901382572,0.0005954503279138843,0.0009532702465852101,30.20783961940097,0.9983513450622559,30.20783961940097,5.999908447265625,0.00016,90.0,86832,16.3721706867218,0.06293034553527832
403,0.0007873134353818992,0.0006725724110636266,0.0009198138862848282,30.36300038237354,1.0031797790527344,30.35875550239828,5.999234199523926,0.00016,90.0,87048,17.334194898605347,0.06584429740905762
404,0.0007891547507471472,0.0006047685343461732,0.0009142809609572093,30.389203239128616,1.007390365600586,30.379166411891873,5.9995622634887695,0.00016,90.0,87264,16.507150650024414,0.06233358383178711
405,0.000787500518515868,0.0005499319169346406,0.0009746981908877691,30.111298400174192,0.9994942855834961,30.111298400174192,5.999913692474365,0.00016,90.0,87480,17.2712140083313,0.0662083625793457
406,0.00080503577278738,0.00074014935473763,0.000949080487092336,30.226969555201947,0.9929900550842286,30.226969555201947,5.999467849731445,0.00016,90.0,87696,16.409491539001465,0.06345343589782715
407,0.0008172436820451116,0.000691613449168432,0.0009379227956136068,30.278329087626478,1.0068184089660646,30.26874903631857,5.999481201171875,0.00016,90.0,87912,17.659594297409058,0.06470036506652832
408,0.0007936052531948772,0.000697895995327744,0.0009178996086120605,30.37204815323787,1.004680233001709,30.365647298224843,5.999394416809082,0.00016,90.0,88128,16.762704849243164,0.0628519058227539
409,0.0008040815572578298,0.0007480557979948387,0.0009719247370958328,30.123673642193033,1.0032205009460449,30.119634076868994,5.9994401931762695,0.00016,90.0,88344,17.185452938079834,0.06680178642272949
410,0.0008222696035290541,0.0007028413551819065,0.0009739943593740463,30.114435582136014,0.9978338241577148,30.114435582136014,5.999814987182617,0.00016,90.0,88560,16.429922819137573,0.06254124641418457
411,0.0007874626136533376,0.0005900354402652685,0.0009183424711227417,30.36995330146988,1.0050410842895507,30.36288195048244,5.999762535095215,0.00016,90.0,88776,16.69001007080078,0.0634913444519043
412,0.0007964016596003827,0.0006101359973621109,0.0009359607348839442,30.287423702586068,1.0047262382507325,30.28084180637456,5.999802112579346,0.00016,90.0,88992,17.486485481262207,0.06314945220947266
413,0.0007931148391419455,0.0007412106810353588,0.0009365125993887584,30.284863754609752,1.0032916831970216,30.280568654357893,5.999805450439453,0.00016,90.0,89208,17.06336808204651,0.07335400581359863
414,0.0008003465245491353,0.0006585293348230746,0.0009120069195826849,30.40001866578188,1.0057822036743165,30.39193541084931,5.999784469604492,0.00016,90.0,89424,16.938988208770752,0.06363487243652344
415,0.0007732280385950445,0.0006421007994778347,0.0010981635252634684,29.593329851757876,1.0167239952087401,29.57434942941433,5.999134063720703,0.00016,90.0,89640,17.34528350830078,0.06720209121704102
416,0.0008342019379800321,0.000855858223411538,0.0009309352437655131,30.310805276689443,1.0025384902954102,30.307414797601208,5.999739170074463,0.00016,90.0,89856,16.48468041419983,0.06417679786682129
417,0.0007894027592830252,0.0006929787242299189,0.0009115165596206983,30.40235437062143,1.0006258392333984,30.401499177903265,5.999702453613281,0.00016,95.0,90072,16.260931968688965,0.060546159744262695
418,0.0007981909395438498,0.0006625108331090946,0.0009199713418881098,30.362257011910838,0.9929138946533204,30.362257011910838,5.999610900878906,0.00016,95.0,90288,17.484481811523438,0.06031298637390137
419,0.000833612227798912,0.0006310039109118498,0.0009149793907999993,30.385886879692205,0.9972647094726562,30.385886879692205,5.999756813049316,0.00016,95.0,90504,16.105167388916016,0.06231570243835449
420,0.0007925012385121722,0.0006107027778752904,0.0009138098483284315,30.39144165768554,1.0014612770080566,30.38948118657028,5.999825477600098,0.00016,95.0,90720,17.003904819488525,0.06282925605773926
421,0.0007817605512041221,0.000629484092755972,0.0009444931397835413,30.248011921783284,0.998638973236084,30.248011921783284,5.999568462371826,0.00016,95.0,90936,16.591389179229736,0.06309103965759277
422,0.0007805103518278001,0.0005811774557915286,0.0009262140343586604,30.332886426917845,1.004289035797119,30.327033023400716,5.999678611755371,0.00016,95.0,91152,16.594270706176758,0.06339716911315918
423,0.0008060717719701537,0.0006940660434032696,0.0009658783922592798,30.150775494595855,1.0014769554138183,30.148722954138236,5.999910831451416,0.00016,95.0,91368,17.089851140975952,0.10029840469360352
424,0.0007793390893282881,0.0006689595777973317,0.0009093246112267177,30.41281054403411,1.0031042289733887,30.408507420608764,5.999878883361816,0.00016,95.0,91584,16.277823448181152,0.061229705810546875
425,0.0007774806705867007,0.0005053962271768546,0.0009705867121616999,30.129656586979976,0.998593864440918,30.129656586979976,5.9997878074646,0.00016,95.0,91800,17.907501935958862,0.05998373031616211
426,0.0007918061001185813,0.0005810597431306066,0.0009061964849630991,30.427776267342885,0.9959145545959472,30.427776267342885,5.999752044677734,0.00016,95.0,92016,16.2794246673584,0.06098580360412598
427,0.0007950618355939894,0.0006692475105797791,0.0009893788148959478,30.046373932161185,0.9985519409179687,30.046373932161185,5.998943328857422,0.00016,95.0,92232,16.657198667526245,0.06970596313476562
428,0.000788802206347548,0.0006046053572841312,0.000950048714876175,30.22254125174852,0.9942584228515625,30.22254125174852,5.999849796295166,0.00016,95.0,92448,17.33466339111328,0.11704730987548828
429,0.0008061277881548132,0.0006510842165680251,0.000967956930398941,30.141439663550486,1.0015222930908203,30.139436525778315,5.999826431274414,0.00016,95.0,92664,16.485483646392822,0.06174516677856445
430,0.0008026024221402147,0.0007200936132205137,0.0009243947267532349,30.34142540636139,1.0039245796203613,30.33583887130403,5.999327659606934,0.00016,95.0,92880,17.28915524482727,0.058496952056884766
431,0.0007781596037397242,0.0006630426533587709,0.0009068866570790608,30.424469877811674,0.9998548126220703,30.424469877811674,5.999656677246094,0.00016,95.0,93096,16.602654695510864,0.06387782096862793
432,0.0007963140499170708,0.0007984348395974307,0.0009179566552241644,30.371778251619276,0.9946905326843262,30.371778251619276,5.999769687652588,0.00016,95.0,93312,16.924252033233643,0.060760498046875
433,0.0007792476321354617,0.0007361644793274826,0.0009045556187629699,30.43564724349528,1.0020442199707031,30.432667889805796,5.999743461608887,0.00016,95.0,93528,16.872846603393555,0.0665593147277832
434,0.0007754692658478314,0.0005875204584520796,0.0009295789897441864,30.317137007253447,0.9990907669067383,30.317137007253447,5.999880790710449,0.00016,95.0,93744,16.904265642166138,0.06361150741577148
435,0.000774542788968192,0.0005944888880206407,0.0009233971933523814,30.346114498124127,0.9994958686828613,30.346114498124127,5.999570846557617,0.00016,95.0,93960,16.977840662002563,0.06514692306518555
436,0.0007801104763158314,0.0006928310182242505,0.0009194618215163548,30.364662991056285,0.9990065002441406,30.364662991056285,5.999829292297363,0.00016,95.0,94176,16.734567642211914,0.060334205627441406
437,0.0007670620626068094,0.0006067687254129113,0.0009505235155423483,30.220371344072166,0.9985958099365234,30.220371344072166,5.999812126159668,0.00016,95.0,94392,16.870584726333618,0.0624699592590332
438,0.0007726538873723019,0.0005509614894854957,0.0008938948685924212,30.487135557846305,1.004079761505127,30.481323289635025,5.999751567840576,0.00016,95.0,94608,17.124919414520264,0.062383174896240234
439,0.000782697101265354,0.0006289860553891006,0.0009164290875196457,30.379011347283917,0.9961849594116211,30.379011347283917,5.999706268310547,0.00016,95.0,94824,15.870126485824585,0.06191825866699219
440,0.0007944355016419044,0.0007524922536686063,0.0009367516140143077,30.28375549948172,0.9996581840515136,30.28375549948172,5.999746799468994,0.00016,100.0,95040,17.99629020690918,0.05993509292602539
441,0.0007996065534340838,0.0005774476732113871,0.0009130194038152695,30.39519992585797,0.9995600509643555,30.39519992585797,5.999883651733398,0.00016,100.0,95256,16.560280799865723,0.0636446475982666
442,0.0007810415532035024,0.000559309002659891,0.0008938003331422806,30.48759487802951,0.9964205932617187,30.48759487802951,5.999787330627441,0.00016,100.0,95472,16.35543990135193,0.06308317184448242
443,0.0007617066416592485,0.0005355738637213041,0.0008893669520815213,30.509190125026592,1.000762424468994,30.50810308908247,5.999459266662598,0.00016,100.0,95688,17.2286217212677,0.06591415405273438
444,0.0007931762445124163,0.0006081105950895859,0.0008999492848912875,30.457819637967308,1.0004481315612792,30.45720263819442,5.9996747970581055,0.00016,100.0,95904,16.254438400268555,0.06583428382873535
445,0.0007857396462392332,0.0006979987530739627,0.0009348490585883458,30.2925850497134,0.9976420402526855,30.2925850497134,5.99986457824707,0.00016,100.0,96120,16.690820932388306,0.06389069557189941
446,0.0007738015126180497,0.0006559698181429311,0.000948982760310173,30.227416771092386,1.0043059539794923,30.22168646154774,5.999790191650391,0.00016,100.0,96336,16.65369987487793,0.06313872337341309
447,0.0007899817570274615,0.0007446089559032217,0.0009042399749159813,30.437162974547082,0.9990109252929688,30.437162974547082,5.999711990356445,0.00016,100.0,96552,17.268290281295776,0.0650491714477539
448,0.0007693175886811661,0.0007177966735933138,0.0009029770145813624,30.44323304578554,1.0006599617004395,30.442305934783164,5.999710559844971,0.00016,100.0,96768,17.026609420776367,0.061620235443115234
449,0.0007905060234412119,0.0008892200933094474,0.0009110923856496811,30.404375829133237,1.0028349876403808,30.400477142991438,5.999633312225342,0.00016,100.0,96984,17.552468299865723,0.06575942039489746
450,0.0007811455588544841,0.0005926678224088813,0.0009071718280514082,30.423104451264244,1.0017680931091308,30.420646220011665,5.999820709228516,0.00016,100.0,97200,17.10055112838745,0.06728386878967285
451,0.0007762218261832722,0.0007422317314110156,0.0009135175496339798,30.392831049770308,1.0056327438354493,30.384737756082217,5.999837875366211,0.00016,100.0,97416,17.611310243606567,0.06531095504760742
452,0.000778938722729251,0.0007168872132762402,0.0009305025637149811,30.312824259660616,1.0030742645263673,30.30893998297733,5.999642848968506,0.00016,100.0,97632,16.79367160797119,0.06268620491027832
453,0.0008194916977452627,0.0009352545046409512,0.0009856420010328293,30.06280798251748,0.9973612594604492,30.06280798251748,5.999467849731445,0.00016,100.0,97848,17.74466371536255,0.06622028350830078
454,0.000773967701057647,0.0007184237361197238,0.0008923907950520515,30.49444918081967,1.0000185775756836,30.494410020958462,5.9997711181640625,0.00016,100.0,98064,16.493486404418945,0.06434297561645508
455,0.0007797588661070103,0.0005268598611102156,0.000910887693365415,30.405351654620496,1.0012578010559081,30.403691686244567,5.999858856201172,0.00016,100.0,98280,17.02754497528076,0.06200289726257324
456,0.0007728849646662349,0.0007788183364976683,0.0009049153079589208,30.433920650017015,1.000811595916748,30.432802539427797,5.999819755554199,0.00016,100.0,98496,16.896648406982422,0.06226325035095215
457,0.0007765737945294899,0.0006324418703688012,0.0009142990161975225,30.389117475406646,0.9957951164245605,30.389117475406646,5.999708652496338,0.00016,100.0,98712,16.98762822151184,0.06753182411193848
458,0.0007694003137462921,0.0006195580524027995,0.0009278170764446259,30.325376385671802,1.0144349479675292,30.306325541972253,5.999306678771973,0.00016,100.0,98928,16.99414825439453,0.0618290901184082
459,0.0007789790515949868,0.0006770310464207137,0.0009042757377028466,30.436991214015656,1.0043618011474609,30.431004417693618,5.999711990356445,0.00016,100.0,99144,16.74794840812683,0.06181955337524414
460,0.0007736187799415294,0.0007164939927558104,0.0008813708648085594,30.548413099209565,1.00441463470459,30.542263985969903,5.999136924743652,0.00016,100.0,99360,16.53467607498169,0.06206917762756348
461,0.0007747724749809266,0.0006360309028093689,0.0009042038520177205,30.43733647150788,1.0046448516845703,30.43076542708793,5.999874591827393,0.00016,100.0,99576,16.74981117248535,0.06957817077636719
462,0.0007741340462361341,0.0007490263094423689,0.0008983767901857693,30.465414767203892,1.001330394744873,30.46347372726348,5.999912738800049,0.00016,100.0,99792,16.689783573150635,0.06319522857666016
463,0.0007730767023547188,0.0005723896531887569,0.0009001575658718745,30.456814638948284,0.9999412155151367,30.456814638948284,5.9997477531433105,0.00016,100.0,100008,16.72896981239319,0.06225395202636719
464,0.0007602538609121373,0.0005656799173954388,0.0009028047819932302,30.444061492090604,1.0017205810546874,30.441541761937415,5.999882221221924,0.00016,100.0,100224,17.404271125793457,0.05813169479370117
465,0.000830872259710146,0.0007681487364006107,0.0008902290960152944,30.504982154540965,0.9986491775512696,30.504982154540965,5.9996747970581055,0.00016,100.0,100440,16.518049001693726,0.06358575820922852
466,0.0007569337949710156,0.0006277352562039227,0.0008852299551169077,30.529438984932376,0.996301212310791,30.529438984932376,5.999837875366211,0.00016,100.0,100656,16.22425365447998,0.06218409538269043
467,0.0007540077647612686,0.000563338926412921,0.0009042928616205851,30.436908974138376,0.9987054824829101,30.436908974138376,5.999719619750977,0.00016,100.0,100872,16.9524028301239,0.062422990798950195
468,0.000771174766426987,0.0008740046866022158,0.001079183965921402,29.66904515859862,0.9892759132385254,29.66904515859862,5.999639511108398,0.00016,100.0,101088,16.232444763183594,0.06530237197875977
469,0.0008116668385480517,0.0007631388953144568,0.0009028182923793793,30.443996500828185,1.0025100898742676,30.44038110216522,5.999829292297363,0.00016,100.0,101304,17.688798427581787,0.06320881843566895
470,0.0007782587455248163,0.0007273988685557159,0.0009246744215488434,30.340111557094176,0.9949617767333985,30.340111557094176,5.9996337890625,0.00016,100.0,101520,16.376747846603394,0.05681204795837402
471,0.0007610410930710318,0.0006097789843350756,0.0009015717978278796,30.449996819656032,0.9936994934082031,30.449996819656032,5.999780654907227,0.00016,100.0,101736,17.075303316116333,0.05924415588378906
472,0.0007570362511846791,0.0005903945467772259,0.0009086556484301885,30.416006693856975,1.0031597709655762,30.4116259936637,5.999889373779297,0.00016,100.0,101952,16.853403568267822,0.0601191520690918
473,0.0007657974513679527,0.0006342160897126988,0.0009395879755417505,30.27062549780001,0.9913900566101074,30.27062549780001,5.999554634094238,0.00016,100.0,102168,17.010026693344116,0.0645453929901123
474,0.0007657137337356698,0.0006572427041828632,0.0009102112551530202,30.408577985586653,0.9993355751037598,30.408577985586653,5.99914026260376,0.00016,100.0,102384,17.31355333328247,0.06280326843261719
475,0.0007805568168439187,0.0006090093605166328,0.0008921998739242553,30.49537842464055,1.0029598808288573,30.491218108695705,5.999698638916016,0.00016,100.0,102600,16.62500786781311,0.06350970268249512
476,0.0007707362388348395,0.0006555104162544012,0.0009257491181294123,30.33506692988174,0.9980382919311523,30.33506692988174,5.999881267547607,0.00016,100.0,102816,16.974100351333618,0.06357860565185547
477,0.0007772569784361437,0.0006175621181213554,0.0008814828718701998,30.547861220765455,0.993599910736084,30.547861220765455,5.999809741973877,0.00016,100.0,103032,16.65360116958618,0.06701445579528809
478,0.0007659717954263307,0.0006149113448876617,0.0010275057206551234,29.88215751503439,1.010650749206543,29.8699007893573,5.999495506286621,0.00016,100.0,103248,16.646611213684082,0.060456275939941406
479,0.0008221291679133108,0.000764600245376536,0.0008934030930201213,30.489525483055886,1.0012763214111329,30.48774216278884,5.999485969543457,0.00016,100.0,103464,17.084842443466187,0.06253838539123535
480,0.0007805079209915214,0.0006747137814544249,0.0008959794292847315,30.4770196115337,0.999117088317871,30.4770196115337,5.999797821044922,0.00016,100.0,103680,17.261037826538086,0.058225393295288086
481,0.0007659687544894067,0.000727277226422144,0.0008919805785020193,30.49644601611801,0.9995324897766114,30.49644601611801,5.999764442443848,0.00012800000000000002,100.0,103896,16.288331031799316,0.06158709526062012
482,0.0007627556417002411,0.0006705696854497427,0.0008770198126633963,30.569905954216537,0.9957441329956055,30.569905954216537,5.999812126159668,0.00012800000000000002,100.0,104112,17.243851900100708,0.06085467338562012
483,0.0007508555481858227,0.0007195243201609971,0.0008770332237084706,30.569839544105193,1.0055219078063964,30.561926060235088,5.999694347381592,0.00012800000000000002,100.0,104328,16.639008045196533,0.061548709869384766
484,0.0007521043446900296,0.0005890294532898975,0.0009045947218934695,30.43545950593227,0.9983398056030274,30.43545950593227,5.999712944030762,0.00012800000000000002,100.0,104544,16.904858350753784,0.06373119354248047
485,0.0007518989753410004,0.0006249036757356446,0.0008752209320664405,30.578823041593633,1.001259536743164,30.57699153362425,5.999913215637207,0.00012800000000000002,100.0,104760,16.152762174606323,0.06627488136291504
486,0.0007386088444500406,0.0006132479441905583,0.0008852459987004598,30.52936027570403,1.0043474769592284,30.523172786548912,5.999688148498535,0.00012800000000000002,100.0,104976,17.560585498809814,0.06162738800048828
487,0.0007404153561557009,0.0006476896254183805,0.0008827456831932068,30.541643975484437,0.9979795265197754,30.541643975484437,5.999634742736816,0.00012800000000000002,100.0,105192,16.40063452720642,0.06318902969360352
488,0.000755031063504841,0.00058383133518847,0.0008914018298188845,30.49926478753961,0.9956682014465332,30.49926478753961,5.999783039093018,0.00012800000000000002,100.0,105408,16.84207010269165,0.0630342960357666
489,0.0007688162554109442,0.0006004393765149449,0.0009245972832043965,30.34047387007685,0.9996177482604981,30.34047387007685,5.999360084533691,0.00012800000000000002,100.0,105624,17.605162858963013,0.06176161766052246
490,0.0007433264032748623,0.0006604835054283772,0.0008700121442476908,30.604746851481075,0.9988557434082032,30.604746851481075,5.999850273132324,0.00012800000000000002,100.0,105840,16.26732063293457,0.05623316764831543
491,0.0007443075686477232,0.0005840255348416774,0.0008880729228258133,30.515513712928488,0.9939856147766113,30.515513712928488,5.999536991119385,0.00012800000000000002,100.0,106056,16.503011465072632,0.06529831886291504
492,0.0007511938322146517,0.0006700127939626143,0.0008704615384340286,30.60250413535609,0.9978293609619141,30.60250413535609,5.999798774719238,0.00012800000000000002,100.0,106272,17.077068328857422,0.06140899658203125
493,0.0007427799757198849,0.0005465471785367075,0.0008724278956651687,30.592704564131864,0.9993221664428711,30.592704564131864,5.99964714050293,0.00012800000000000002,100.0,106488,16.82265043258667,0.060164690017700195
494,0.0007614940155020821,0.00047290599776728863,0.0008736482759316763,30.586633757938046,0.997452392578125,30.586633757938046,5.999630928039551,0.00012800000000000002,100.0,106704,17.181971073150635,0.07097887992858887
495,0.0007439655845350437,0.0006158067778670701,0.0008911548306544622,30.500468343950562,1.0012418937683105,30.498713311816054,5.999727725982666,0.00012800000000000002,100.0,106920,16.962612867355347,0.06417179107666016
496,0.0007472190602625167,0.0006216042276903771,0.0008750456571578979,30.57969286252628,1.0076268577575684,30.568345277666285,5.999714374542236,0.00012800000000000002,100.0,107136,16.649071216583252,0.06763958930969238
497,0.0007494595543940323,0.0007633488980945254,0.0009275418023268381,30.326665085476577,0.9998196983337402,30.326665085476577,5.999823093414307,0.00012800000000000002,100.0,107352,17.008814811706543,0.06397509574890137
498,0.0007394660605063689,0.0005747212600165411,0.0008691436673204104,30.609084298028655,0.9961054992675781,30.609084298028655,5.999850273132324,0.00012800000000000002,100.0,107568,16.436833143234253,0.06101560592651367
499,0.0007333093120014646,0.0006251031811942981,0.0008857366070151329,30.526954057951222,0.9982122802734374,30.526954057951222,5.999780178070068,0.00012800000000000002,100.0,107784,17.199039936065674,0.06552362442016602
500,0.000766953180975996,0.0006207269969720231,0.0008783471460143725,30.56333805504318,0.9983878707885743,30.56333805504318,5.999803066253662,0.00012800000000000002,100.0,108000,16.49240016937256,0.06544899940490723
501,0.0007612574721713537,0.0006784390334201895,0.0008899079511562984,30.506549128745434,1.0110084533691406,30.49135766578798,5.999390125274658,0.00012800000000000002,100.0,108216,16.986407041549683,0.06409668922424316
502,0.0007442710811839155,0.0006715367831276271,0.0008720644811789195,30.594514017820508,1.0065554809570312,30.585186216198046,5.999414443969727,0.00012800000000000002,100.0,108432,16.86389970779419,0.062096357345581055
503,0.0007471505653423567,0.000581006880350195,0.0008846563100814819,30.532254204046495,1.0011212348937988,30.530562696436693,5.999908924102783,0.00012800000000000002,100.0,108648,16.708858251571655,0.0633859634399414
504,0.0007392760110087693,0.0005942701390755457,0.0008768880988160769,30.570558241566566,1.002078456878662,30.56756302935032,5.999884605407715,0.00012800000000000002,100.0,108864,17.118856191635132,0.06142878532409668
505,0.0007355604130703875,0.0004642477972716417,0.0008560481294989586,30.675018173459687,1.0023482131958008,30.671661502249812,5.999734878540039,0.00012800000000000002,100.0,109080,17.15302014350891,0.06474781036376953
506,0.0007666736719387489,0.0008042868186949172,0.0009859886765480042,30.061280726256815,0.9965355110168457,30.061280726256815,5.998973846435547,0.00012800000000000002,100.0,109296,16.973552703857422,0.0615086555480957
507,0.0007648831586677419,0.0007343864120354039,0.0008754777784148852,30.577548728064308,1.0030990600585938,30.57300246911471,5.999873638153076,0.00012800000000000002,100.0,109512,17.372586250305176,0.06575751304626465
508,0.0007335268403403461,0.0005111780894947224,0.0009044518321752548,30.436145571375203,0.995743350982666,30.436145571375203,5.999831199645996,0.00012800000000000002,100.0,109728,17.311239004135132,0.06531333923339844
509,0.0007517459486152274,0.0007663633549531949,0.000873313769698143,30.58829692186911,1.0009919357299806,30.586875493933647,5.99954891204834,0.00012800000000000002,100.0,109944,16.496183395385742,0.06049299240112305
510,0.0007448468965383759,0.000649653129765521,0.0008803926159938176,30.553236086068626,1.0051663208007813,30.54597967117609,5.999561309814453,0.00012800000000000002,100.0,110160,16.684787273406982,0.060812950134277344
511,0.0007385740164950814,0.0006061192763888318,0.0008683891346057256,30.612856191309042,1.0006483268737794,30.611863038145778,5.999719142913818,0.00012800000000000002,100.0,110376,17.661282062530518,0.05944037437438965
512,0.0007349080186036914,0.0005363600032970957,0.0008630085612336795,30.63984895967174,1.0014849662780763,30.637695537984982,5.9998779296875,0.00012800000000000002,100.0,110592,16.52560067176819,0.06048107147216797
513,0.0007572265387094324,0.0005517088684617826,0.0008963694175084432,30.475129692207545,1.0031183433532715,30.470725159750916,5.999876976013184,0.00012800000000000002,100.0,110808,17.24906325340271,0.06358551979064941
514,0.0007461291924625149,0.0006189005525337289,0.0008652253448963165,30.628707673335036,1.0067951393127441,30.619015220721376,5.999467372894287,0.00012800000000000002,100.0,111024,16.813790321350098,0.0675806999206543
515,0.0007514573379919149,0.0006064146936641655,0.0008722729235887528,30.593476083432716,0.9924116325378418,30.593476083432716,5.999670028686523,0.00012800000000000002,100.0,111240,17.348813772201538,0.06517410278320312
516,0.0007679810343931119,0.0007441914468949688,0.0008705895890792211,30.60186530645747,1.0021633911132812,30.59867851314135,5.999863624572754,0.00012800000000000002,100.0,111456,17.184049129486084,0.06162285804748535
517,0.0007182278892740715,0.0005063443322517518,0.0008569885417819023,30.670249846977576,0.9991944885253906,30.670249846977576,5.999707221984863,0.00012800000000000002,100.0,111672,17.226961374282837,0.06150364875793457
518,0.0007394759930953708,0.0005400790527220005,0.0008530757700403531,30.690123931595572,0.9990254211425781,30.690123931595572,5.999881267547607,0.00012800000000000002,100.0,111888,16.633342266082764,0.06629228591918945
519,0.000722644017347931,0.0006757408461155559,0.0008710939685503641,30.59934993302736,1.0047980880737304,30.592237329938712,5.999726295471191,0.00012800000000000002,100.0,112104,16.691328763961792,0.0621945858001709
520,0.0007498465278658314,0.0006029853100915426,0.0008647989233334859,30.63084859746949,1.0001572227478028,30.63062516634343,5.999881744384766,0.00012800000000000002,100.0,112320,16.90706515312195,0.06388425827026367
521,0.0007385654475175492,0.000473796760029011,0.0008531507849693299,30.689742053003425,1.002469654083252,30.68616201798761,5.999782562255859,0.00012800000000000002,100.0,112536,17.325353622436523,0.0634908676147461
522,0.0007214193397532284,0.000490638599258618,0.000857800878584385,30.666135132797912,0.9988010597229003,30.666135132797912,5.999735355377197,0.00012800000000000002,100.0,112752,16.245596170425415,0.0630958080291748
523,0.0007372347615740222,0.0005719469825102799,0.0008721343303720157,30.594166177666715,1.0022919082641601,30.59092008546851,5.999658584594727,0.00012800000000000002,100.0,112968,17.272473096847534,0.06192374229431152
524,0.0007322287418798584,0.0006745422598096015,0.0008771498873829842,30.569261880464108,1.001093921661377,30.567745686812305,5.999925136566162,0.00012800000000000002,100.0,113184,16.915406942367554,0.06393194198608398
525,0.0007330865515530973,0.0005801311470703155,0.0008570179839928945,30.670100645798026,1.001419563293457,30.66800073153123,5.99989652633667,0.00012800000000000002,100.0,113400,17.240839958190918,0.06397747993469238
526,0.0007608683120148877,0.0006781763162976806,0.0009182030707597733,30.37061259150269,0.9982688713073731,30.37061259150269,5.999906539916992,0.00012800000000000002,100.0,113616,16.73510718345642,0.06560134887695312
527,0.000734746469474951,0.0006134857674318272,0.0008541066199541092,30.68487912018878,0.9980329895019531,30.68487912018878,5.999513626098633,0.00012800000000000002,100.0,113832,16.047669410705566,0.06384944915771484
528,0.0007380553951446452,0.0005693472930621625,0.0008643890793124835,30.632907286285548,0.9944194412231445,30.632907286285548,5.999580383300781,0.00012800000000000002,100.0,114048,17.795842170715332,0.07714700698852539
529,0.0007528461827694074,0.0005279139607159448,0.0008598705629507701,30.655669185552433,0.9978776359558106,30.655669185552433,5.999878883361816,0.00012800000000000002,100.0,114264,16.564192295074463,0.06131553649902344
530,0.0007230288017730134,0.0005995671911691518,0.0008571250240008037,30.669558253656632,0.9981537055969238,30.669558253656632,5.999875068664551,0.00012800000000000002,100.0,114480,17.235079765319824,0.06435918807983398
531,0.0007495204875907065,0.0006717298613132342,0.0008991650988658269,30.461605586079177,1.0044182014465333,30.45573817647416,5.999459743499756,0.00012800000000000002,100.0,114696,16.62956738471985,0.06377792358398438
532,0.0007298288540239783,0.0006279952760002967,0.0008907883614301681,30.502254658630502,0.9964884185791015,30.502254658630502,5.9997758865356445,0.00012800000000000002,100.0,114912,17.027013301849365,0.06194639205932617
533,0.0007401890199685442,0.0006633016525808236,0.0008584839850664139,30.66267802147978,0.9996907234191894,30.66267802147978,5.999617576599121,0.00012800000000000002,100.0,115128,17.384061098098755,0.05870985984802246
534,0.0007338791133403995,0.0005188839330567398,0.0008609847972790401,30.650045169738867,1.0054549026489257,30.642176260178722,5.999814033508301,0.00012800000000000002,100.0,115344,17.038366317749023,0.06441259384155273
535,0.0007239711363934844,0.0005226976427155129,0.0008529520283142726,30.69075393714371,1.0027103805541993,30.686882412985575,5.99984073638916,0.00012800000000000002,100.0,115560,17.316986083984375,0.06360101699829102
536,0.0007513232412073167,0.0006391124747882502,0.0009285586078961691,30.32190679665048,0.9944920349121094,30.32190679665048,5.999802112579346,0.00012800000000000002,100.0,115776,16.763612031936646,0.0627298355102539
537,0.0007323607125157572,0.0005291884320963552,0.0008456068982680638,30.728314828109248,0.9960397529602051,30.728314828109248,5.999750137329102,0.00012800000000000002,100.0,115992,16.623685121536255,0.06411314010620117
538,0.0007290085077461233,0.0005901213158326953,0.0008653872460126877,30.62789509677078,1.0075644302368163,30.61692580852718,5.999252796173096,0.00012800000000000002,100.0,116208,17.415987253189087,0.0650479793548584
539,0.0007193453375088132,0.0006279980723300706,0.0008777710298697154,30.566187567962892,1.0032791900634765,30.561621327015523,5.999877452850342,0.00012800000000000002,100.0,116424,16.591572046279907,0.06595230102539062
540,0.0007409640656365757,0.0006404704473696757,0.0008727146685123444,30.591277243880036,0.9919984817504883,30.591277243880036,5.999671459197998,0.00012800000000000002,100.0,116640,16.71585726737976,0.06038331985473633
541,0.0007445778058963301,0.0007165773331012199,0.0008518402526775996,30.696418417185708,0.9986216163635254,30.696418417185708,5.9999189376831055,0.00012800000000000002,100.0,116856,16.71062445640564,0.06349468231201172
542,0.0007375447649468223,0.0006801100779473242,0.0008824899792671204,30.542902173551,0.9978626251220704,30.542902173551,5.999885559082031,0.00012800000000000002,100.0,117072,16.1334331035614,0.061406612396240234
543,0.0007323378825263269,0.0005659108993637821,0.000861285204688708,30.648530131080406,0.9955528831481933,30.648530131080406,5.999311447143555,0.00012800000000000002,100.0,117288,17.53518033027649,0.06420254707336426
544,0.0007213392790636399,0.0005621371220837793,0.0008495821679631869,30.707946116539226,1.0010840606689453,30.706297482168846,5.999833583831787,0.00012800000000000002,100.0,117504,16.689317226409912,0.06129741668701172
545,0.0007242590197415995,0.0005498719667894361,0.0008447271461288135,30.732835491173258,1.0033314323425293,30.727950557069057,5.999725341796875,0.00012800000000000002,100.0,117720,17.19255495071411,0.058965444564819336
546,0.0007201187256926103,0.0006000536629943636,0.0008638484900196393,30.635624215470298,1.0051501274108887,30.628370857543757,5.99953031539917,0.00012800000000000002,100.0,117936,17.271930932998657,0.06145739555358887
547,0.0007211103042641628,0.0006307775643991603,0.0009224015225966772,30.350799888282864,1.0020560264587401,30.3480447934208,5.9995903968811035,0.00012800000000000002,100.0,118152,16.756245374679565,0.06566691398620605
548,0.0007289494377682391,0.0006054292178537319,0.0008440619210402171,30.736256920240514,0.9990735816955566,30.736256920240514,5.999869346618652,0.00012800000000000002,100.0,118368,16.97247576713562,0.0606226921081543
549,0.0007286745099607261,0.0006028155213815794,0.0008611440906922022,30.64924174264325,0.9983235931396485,30.64924174264325,5.999716281890869,0.00012800000000000002,100.0,118584,16.898766040802002,0.06313943862915039
550,0.0007336966446567111,0.0006127762980759144,0.0008602063109477361,30.653973755464893,0.9995284080505371,30.653973755464893,5.9997100830078125,0.00012800000000000002,100.0,118800,17.167022228240967,0.06208372116088867
551,0.0007376918951859292,0.0006121572670594289,0.0008427716419100762,30.742900862214753,0.9984093856811523,30.742900862214753,5.999754905700684,0.00012800000000000002,100.0,119016,16.489699840545654,0.05805325508117676
552,0.0007318183140107093,0.0006833226809723546,0.0008537328243255615,30.68678020500063,1.0000566482543944,30.68668873784226,5.999731063842773,0.00012800000000000002,100.0,119232,16.373085975646973,0.05751681327819824
553,0.0007401677513110411,0.0005713480506159797,0.0008430599669615428,30.741415328553998,1.0044610214233398,30.73451396723502,5.999858379364014,0.00012800000000000002,100.0,119448,17.072991847991943,0.06356215476989746
554,0.0007235638149406599,0.0005474354827479608,0.0008518620332082112,30.696307374730267,1.0043050575256347,30.689604696178993,5.999711036682129,0.00012800000000000002,100.0,119664,16.55381727218628,0.06130695343017578
555,0.0007097127944554972,0.0005582978343253659,0.0008568413555622101,30.67099580389291,1.0047180366516113,30.664124921100818,5.999757766723633,0.00012800000000000002,100.0,119880,16.82337784767151,0.06275773048400879
556,0.0007395432459568415,0.0007663416260165041,0.000859267053504785,30.658718398488336,0.999669246673584,30.658718398488336,5.999493598937988,0.00012800000000000002,100.0,120096,16.648003816604614,0.058686256408691406
557,0.0007789157690021439,0.0007673979890060382,0.0009069761633872986,30.424041266613997,0.9971564674377441,30.424041266613997,5.999844551086426,0.00012800000000000002,100.0,120312,16.362263202667236,0.06137800216674805
558,0.000736203416844533,0.0006779448388387327,0.0008638695254921913,30.63551846222154,0.9975872802734375,30.63551846222154,5.999899864196777,0.00012800000000000002,100.0,120528,16.53330683708191,0.05987238883972168
559,0.0007343728219722465,0.0005865946808236017,0.0008493042116363844,30.70936722275877,0.9975652122497558,30.70936722275877,5.9996724128723145,0.00012800000000000002,100.0,120744,16.59547758102417,0.061836957931518555
560,0.00074998262911981,0.0006573937487775001,0.0008765031894048055,30.572464992639826,1.0018375968933106,30.569833825504205,5.999849796295166,0.00012800000000000002,100.0,120960,16.524390935897827,0.0662236213684082
561,0.0007173631566347203,0.0005811078525890691,0.0008436327303449313,30.738465793208285,0.999457015991211,30.738465793208285,5.999617576599121,0.00012800000000000002,100.0,121176,16.786136627197266,0.06621336936950684
562,0.0007426591356878803,0.0006038113501921728,0.0008394693831602733,30.759951386766417,0.9968663787841797,30.759951386766417,5.999642848968506,0.00012800000000000002,100.0,121392,16.311591386795044,0.05839657783508301
563,0.0007252753248726747,0.000605623521639601,0.0008823593830068906,30.54354491662575,0.9977359962463379,30.54354491662575,5.999810218811035,0.00012800000000000002,100.0,121608,17.46962308883667,0.060727834701538086
564,0.0007176667501292852,0.0004912364584447789,0.0008431425069769223,30.740990152173367,0.9976584053039551,30.740990152173367,5.999593734741211,0.00012800000000000002,100.0,121824,15.979325294494629,0.061200618743896484
565,0.0007227515538840595,0.0004690538307287447,0.0008774034430583318,30.568006656932113,1.0019325256347655,30.56518893546988,5.999797821044922,0.00012800000000000002,100.0,122040,17.120256185531616,0.06636786460876465
566,0.0007386197852294731,0.0006076356897508537,0.0008383312697211901,30.76584334373207,1.0041261100769043,30.75975314081539,5.999691963195801,0.00012800000000000002,100.0,122256,16.705120086669922,0.05880165100097656
567,0.0007416910592102162,0.0008043800837670763,0.0008496321241060892,30.70769075525481,0.9984747695922852,30.70769075525481,5.9997406005859375,0.00012800000000000002,100.0,122472,16.64204978942871,0.06307339668273926
568,0.0007234431123293504,0.0006302290150990196,0.0008442166199286779,30.7354610222631,0.9996115684509277,30.7354610222631,5.9994072914123535,0.00012800000000000002,100.0,122688,16.402068853378296,0.058957815170288086
569,0.0007255667261104437,0.00051692227029876,0.0008454812069733938,30.728960412873633,1.0035909843444824,30.723665651632153,5.999585151672363,0.00012800000000000002,100.0,122904,16.591291189193726,0.06052684783935547
570,0.0007238353433870318,0.0006967348169764854,0.0008446735267837842,30.733111169833162,0.9946613502502442,30.733111169833162,5.999819278717041,0.00012800000000000002,100.0,123120,16.736011266708374,0.07622575759887695
571,0.0007285427559923002,0.0008121381153055615,0.0008503122379382452,30.704215703874006,0.9956161499023437,30.704215703874006,5.999727249145508,0.00012800000000000002,100.0,123336,16.49842596054077,0.06250500679016113
572,0.0007191064812418452,0.0005941954249030222,0.0008291185026367506,30.81383393016423,0.9993333435058593,30.81383393016423,5.9992804527282715,0.00012800000000000002,100.0,123552,17.161985397338867,0.0647127628326416
573,0.000740771427500885,0.0007456000590615946,0.0008469589178760847,30.7213765480793,1.0019038772583009,30.718528970296454,5.999658584594727,0.00012800000000000002,100.0,123768,16.737887382507324,0.07745718955993652
574,0.0007073045100179919,0.0005696532183218801,0.0008341501280665398,30.78755779190457,1.001287841796875,30.785589468944607,5.999894142150879,0.00012800000000000002,100.0,123984,16.891456604003906,0.06370210647583008
575,0.0007186191381238725,0.0006064061111217176,0.000841763640443484,30.74809837314287,0.9994925308227539,30.74809837314287,5.999882698059082,0.00012800000000000002,100.0,124200,16.983283519744873,0.0613553524017334
576,0.0007232355623694973,0.0005153597574816018,0.0008508231863379478,30.701606833656683,1.0058535194396974,30.692752794427946,5.999702453613281,0.00012800000000000002,100.0,124416,17.31504487991333,0.06174802780151367
577,0.0007129661902697568,0.0005030705935686179,0.0008407960211237272,30.753093521749832,1.0032245635986328,30.748441848826186,5.999805927276611,0.00012800000000000002,100.0,124632,17.01295781135559,0.06171393394470215
578,0.0007078999183410643,0.0006472058326977751,0.0008376241972049077,30.769507852919883,1.0031162261962892,30.764777155364534,5.9998273849487305,0.00012800000000000002,100.0,124848,31.462444067001343,0.09296751022338867
579,0.0007157564827450214,0.0006239558137494369,0.0008448203280568123,30.73235644695814,0.999749927520752,30.73235644695814,5.999868869781494,0.00012800000000000002,100.0,125064,17.48423147201538,0.054718017578125
580,0.0007262420431926738,0.000549892053966397,0.0008389487986763318,30.762645434989167,0.9965412521362305,30.762645434989167,5.999727249145508,0.00012800000000000002,100.0,125280,16.42674207687378,0.06236600875854492
581,0.0007168412048781318,0.0005332542533743316,0.0008611826101938883,30.6490474844108,1.004054775238037,30.643085379307227,5.999716758728027,0.00012800000000000002,100.0,125496,17.052271366119385,0.06507492065429688
582,0.0007222250366812923,0.00048211865761465785,0.0008362388983368874,30.776696347524112,1.0041431045532228,30.770281488472463,5.999847888946533,0.00012800000000000002,100.0,125712,23.71995735168457,0.0769505500793457
583,0.0007215332629604508,0.0005704971510862958,0.000836925394833088,30.773132541410234,1.0041204643249513,30.766860570339375,5.999701976776123,0.00012800000000000002,100.0,125928,36.11063528060913,0.12398076057434082
584,0.0007243987355732183,0.0007646457942378154,0.0008427330106496811,30.743099940196483,0.994029655456543,30.743099940196483,5.999759197235107,0.00012800000000000002,100.0,126144,16.394556522369385,0.06104135513305664
585,0.000717116238589844,0.0006640393552167908,0.0008487601826588313,30.712150024068595,0.9976233100891113,30.712150024068595,5.999614715576172,0.00012800000000000002,100.0,126360,17.48655366897583,0.057668447494506836
586,0.0007332903801031626,0.0006154320859080315,0.0008521627883116404,30.694774342094476,0.9989846992492676,30.694774342094476,5.999868869781494,0.00012800000000000002,100.0,126576,16.38663625717163,0.06521391868591309
587,0.0007155638878179741,0.0007455395046702545,0.000900946706533432,30.453008979698662,1.0000600624084472,30.45293044637384,5.999763011932373,0.00012800000000000002,100.0,126792,16.72440242767334,0.05332207679748535
588,0.0007059892692663909,0.0006065908527217698,0.0008444162458181382,30.734434198441292,0.9979254150390625,30.734434198441292,5.999307632446289,0.00012800000000000002,100.0,127008,16.6839382648468,0.05362057685852051
589,0.0007145225228589919,0.0005752876063511856,0.0008496705566843351,30.70749430930261,0.996595344543457,30.70749430930261,5.999476909637451,0.00012800000000000002,100.0,127224,17.216532945632935,0.06298971176147461
590,0.0007228819404026844,0.000489733387729612,0.0008580749233563741,30.6647478979742,1.004213581085205,30.65852716765813,5.999822616577148,0.00012800000000000002,100.0,127440,16.552404642105103,0.060730934143066406
591,0.000713407335654441,0.0006105442324896221,0.000838164600233237,30.766706854826317,0.9986878776550293,30.766706854826317,5.99990177154541,0.00012800000000000002,100.0,127656,16.7144033908844,0.06111598014831543
592,0.0007163348227091457,0.0005576231676842207,0.0008443735167384148,30.734653965329464,0.9978522872924804,30.734653965329464,5.999855995178223,0.00012800000000000002,100.0,127872,17.0735182762146,0.06384062767028809
593,0.0007340464299625676,0.0006381094099724314,0.0009033254409829775,30.44155758257636,1.0030419158935546,30.43740911684537,5.999895095825195,0.00010240000000000002,100.0,128088,16.756678104400635,0.05876946449279785
594,0.0007157035007991869,0.0005189888003160773,0.000828504612048467,30.81705069644615,1.0005153274536134,30.816223715032535,5.999809741973877,0.00010240000000000002,100.0,128304,19.902879238128662,0.06569504737854004
595,0.000703232549097173,0.0005729825962064923,0.0008402210474014282,30.756064436551913,1.0005363082885743,30.75524141353842,5.999911785125732,0.00010240000000000002,100.0,128520,24.525202751159668,0.08200383186340332
596,0.0006872591209611383,0.0004780687347216451,0.0008372265224655469,30.77157022117891,0.9984000015258789,30.77157022117891,5.999836444854736,0.00010240000000000002,100.0,128736,16.910197973251343,0.06078004837036133
597,0.0007050650262449314,0.0005905249019733806,0.0008328455686569214,30.79435520679516,1.002793312072754,30.79015076981742,5.999678611755371,0.00010240000000000002,100.0,128952,16.5450439453125,0.05604982376098633
598,0.0006992425535049668,0.00047624995790259995,0.0008243965605894724,30.838638287804145,1.0044886207580566,30.831745072696833,5.999587059020996,0.00010240000000000002,100.0,129168,17.01963448524475,0.06136298179626465
599,0.0007095355020188119,0.0005158882123836573,0.0008409659067789714,30.75221610382695,1.0010062408447267,30.750711995636905,5.999821662902832,0.00010240000000000002,100.0,129384,16.628302812576294,0.06412148475646973
600,0.0007109283076842194,0.0005274681910616008,0.0008234770347674687,30.84348507985224,0.9930055618286133,30.84348507985224,5.999696254730225,0.00010240000000000002,100.0,129600,17.184557914733887,0.06120014190673828
601,0.000705942365921278,0.0005794192667699595,0.0008630133544405301,30.63982483873484,0.9981560897827149,30.63982483873484,5.999760150909424,0.00010240000000000002,100.0,129816,17.207463264465332,0.06486058235168457
602,0.000708590915116171,0.000491804237227779,0.0008194959536194801,30.864531864803887,0.9982395362854004,30.864531864803887,5.999560356140137,0.00010240000000000002,100.0,130032,17.136165380477905,0.06283950805664062
603,0.0007163735801367548,0.0006320731436995708,0.0008293593054016431,30.812572781992714,1.0037843894958496,30.806898960805515,5.99974250793457,0.00010240000000000002,100.0,130248,16.976492881774902,0.06364154815673828
604,0.0006975512230849785,0.0006104453501925952,0.0008431827276945115,30.740782984121182,1.0019900512695312,30.737830362704592,5.999211311340332,0.00010240000000000002,100.0,130464,16.884069204330444,0.053671836853027344
605,0.0007162171531725081,0.0005062499842808946,0.0008421379203597705,30.746167764979173,0.9956910705566406,30.746167764979173,5.99970817565918,0.00010240000000000002,100.0,130680,16.859151363372803,0.06119799613952637
606,0.0006976648027657707,0.0005109320642035184,0.000820156733194987,30.861031453512638,0.9959459877014161,30.861031453512638,5.999780654907227,0.00010240000000000002,100.0,130896,16.782225131988525,0.058083295822143555
607,0.0007069832542776198,0.0005104315427698843,0.0008828241626421611,30.541257888332723,0.9959671020507812,30.541257888332723,5.999614715576172,0.00010240000000000002,100.0,131112,17.10997724533081,0.057695865631103516
608,0.0007120732263580936,0.0005101994645741322,0.0008270470549662908,30.824697804947945,0.9965042686462402,30.824697804947945,5.999617099761963,0.00010240000000000002,100.0,131328,16.7962863445282,0.058446407318115234
609,0.0006976965463558293,0.0006492043614212046,0.0008399157226085663,30.75764288988446,0.9987007331848144,30.75764288988446,5.999866485595703,0.00010240000000000002,100.0,131544,17.38770604133606,0.06418371200561523
610,0.0007005517178997938,0.0006075699430336986,0.0008434746041893959,30.73927988861987,0.9918944931030274,30.73927988861987,5.999388217926025,0.00010240000000000002,100.0,131760,16.564807415008545,0.05775117874145508
611,0.0007153306571442796,0.0006763786885657929,0.0008343703548113505,30.78641134795527,0.996589298248291,30.78641134795527,5.999691963195801,0.00010240000000000002,100.0,131976,16.789430379867554,0.061724185943603516
612,0.000726253968373319,0.0006469593130295043,0.0008354930207133294,30.78057173632168,0.997932071685791,30.78057173632168,5.99962043762207,0.00010240000000000002,100.0,132192,16.949857473373413,0.05907773971557617
613,0.0007132233419131649,0.0006277074806891597,0.0008283381288250287,30.81792347385258,1.0011342811584472,30.81624109134748,5.999874114990234,0.00010240000000000002,100.0,132408,17.05447506904602,0.05495190620422363
614,0.0007222891150319112,0.0005691564217061344,0.0008667514597376188,30.621054182548264,1.0030388832092285,30.616619740122694,5.999823093414307,0.00010240000000000002,100.0,132624,16.680315256118774,0.05919837951660156
615,0.0007118255713873583,0.0007480996194552036,0.0008350821832815806,30.782707820141653,1.0037793922424316,30.77688737129681,5.999889373779297,0.00010240000000000002,100.0,132840,22.197838068008423,0.06864571571350098
616,0.0006840786204227935,0.0006608942481756642,0.0008342890441417694,30.786834595205953,1.0019556617736816,30.783847150070812,5.9996490478515625,0.00010240000000000002,100.0,133056,22.555809259414673,0.07995891571044922
617,0.0007113623604569854,0.0006616827061372822,0.0008611785123745601,30.6490681497672,1.0004269790649414,30.648450235478908,5.999762535095215,0.00010240000000000002,100.0,133272,21.563579559326172,0.07045888900756836
618,0.0006860144363810726,0.0004407969806208343,0.0008218953634301821,30.85183469537156,0.9993758392333985,30.85183469537156,5.999912261962891,0.00010240000000000002,100.0,133488,17.181010961532593,0.06622433662414551
619,0.0007100294628585486,0.0004952704766765237,0.0008219491814573606,30.851550326970525,1.0042454147338866,30.84509294825065,5.999633312225342,0.00010240000000000002,100.0,133704,17.222386837005615,0.0627446174621582
620,0.000703548652936529,0.0004988431124070633,0.0008301950991153717,30.808198347173562,1.003403720855713,30.803028047408993,5.9998321533203125,0.00010240000000000002,100.0,133920,17.173977375030518,0.07230019569396973
621,0.0007137925255422791,0.0006027188683536066,0.0008331074441472689,30.79298984918344,1.0000263023376466,30.792958712978113,5.999764442443848,0.00010240000000000002,100.0,134136,17.496880769729614,0.05949234962463379
622,0.0006970377229626519,0.0005566140775150363,0.0008202465251088142,30.86055600782529,0.9989665985107422,30.86055600782529,5.999897480010986,0.00010240000000000002,100.0,134352,16.93343424797058,0.06084775924682617
623,0.0006932047881064531,0.0006458242364443731,0.0008377796908219656,30.768701718703106,1.0036281776428222,30.76324233209629,5.999692916870117,8.192000000000003e-05,100.0,134568,17.195329427719116,0.05777382850646973
624,0.000699359396762768,0.0006839338526048738,0.0008203695714473724,30.859904565405984,0.9943555068969726,30.859904565405984,5.9997968673706055,8.192000000000003e-05,100.0,134784,16.981350660324097,0.060929059982299805
625,0.0006842348345663345,0.0005401857017768897,0.0008240311096111933,30.840563920924026,1.0017436408996583,30.838022893396342,5.999850273132324,8.192000000000003e-05,100.0,135000,17.98728632926941,0.06495904922485352
626,0.0007039947195680461,0.000480805950515998,0.0008283733328183492,30.817738904597203,1.0015976905822754,30.815339111673477,5.999663352966309,8.192000000000003e-05,100.0,135216,32.92983865737915,0.06734800338745117
627,0.0007046511456829266,0.0005791070015318152,0.0008382101356983185,30.766470919497575,0.9979230690002442,30.766470919497575,5.999909400939941,8.192000000000003e-05,100.0,135432,28.19316601753235,0.08667206764221191
628,0.0007097293601533317,0.0006755517350941681,0.0008274238059918085,30.82271988078956,0.996746826171875,30.82271988078956,5.999783515930176,8.192000000000003e-05,100.0,135648,30.734537363052368,0.08961606025695801
629,0.0006980676259643034,0.0006736436594223631,0.0008545611302057902,30.682568649953584,1.0062987899780274,30.67298394882046,5.999747276306152,8.192000000000003e-05,100.0,135864,16.983699798583984,0.06029820442199707
630,0.0007178206634842723,0.0005552605150834374,0.0008248565718531609,30.836215611082373,0.9995181274414062,30.836215611082373,5.999659061431885,8.192000000000003e-05,100.0,136080,16.851046323776245,0.056032419204711914
631,0.0007016834244469478,0.0005787556710909459,0.0008160100380579631,30.88304498787354,0.9991265487670898,30.88304498787354,5.999740123748779,8.192000000000003e-05,100.0,136296,16.48246932029724,0.05553150177001953
632,0.0007050481351747083,0.0006510914538217627,0.0008262478063503901,30.828896805364824,1.0005169677734376,30.828121272550433,5.999826431274414,8.192000000000003e-05,100.0,136512,16.627874612808228,0.058858633041381836
633,0.0006987731651389512,0.0005533471872247216,0.0008188623562455177,30.86789093290665,1.001036148071289,30.866329114441537,5.999776363372803,8.192000000000003e-05,100.0,136728,17.390437126159668,0.058564186096191406
634,0.0006944592045350135,0.00044419840980402153,0.0008112649867932001,30.90837267237529,0.9986784172058105,30.90837267237529,5.999695777893066,8.192000000000003e-05,100.0,136944,16.711474657058716,0.0569911003112793
635,0.0006982771781495893,0.000526892170579969,0.0008292073508103688,30.813368565996065,1.0004355812072754,30.812709206615384,5.9998040199279785,8.192000000000003e-05,100.0,137160,16.599632263183594,0.06363654136657715
636,0.0006933746173424457,0.00048131429792746253,0.0008150993784268697,30.88789438043754,0.9993269157409668,30.88789438043754,5.999755859375,8.192000000000003e-05,100.0,137376,16.573671579360962,0.06107497215270996
637,0.0007119860573320825,0.0005579739998000256,0.0008244306469957033,30.83845872334684,0.995446720123291,30.83845872334684,5.999776363372803,8.192000000000003e-05,100.0,137592,17.05619525909424,0.061269283294677734
638,0.000701056500589745,0.0006100938057499951,0.000819174808760484,30.866234115739722,0.9976047134399414,30.866234115739722,5.9996418952941895,8.192000000000003e-05,100.0,137808,17.219037294387817,0.06729340553283691
639,0.00069726030551491,0.0004876549388754411,0.0008087517445286115,30.92184769521596,0.996582088470459,30.92184769521596,5.999590873718262,8.192000000000003e-05,100.0,138024,28.558586835861206,0.06550836563110352
640,0.0006932299157294135,0.0005703147280407881,0.0008147580921649933,30.889713174352018,1.0051348686218262,30.882095131757126,5.999675750732422,8.192000000000003e-05,100.0,138240,16.98630166053772,0.06086540222167969
641,0.0007090824542472652,0.0006330063137347284,0.0008189567551016808,30.867390304942415,1.004124355316162,30.86102020948585,5.999810218811035,8.192000000000003e-05,100.0,138456,17.427772760391235,0.058167457580566406
642,0.0006858928888982189,0.0005304607434495203,0.000807667722304662,30.927672729501424,1.0025547790527343,30.923735203015998,5.999708652496338,8.192000000000003e-05,100.0,138672,17.671877145767212,0.06483864784240723
643,0.0006845230419202235,0.000514346913981211,0.0008232774461309115,30.8445378201962,1.003230323791504,30.83964503289531,5.999780654907227,8.192000000000003e-05,100.0,138888,21.49584984779358,0.07178306579589844
644,0.0006846699664247749,0.0005920897032120737,0.0008214923987785975,30.853964507119183,0.9999020195007324,30.853964507119183,5.9997406005859375,8.192000000000003e-05,100.0,139104,17.228633165359497,0.06323099136352539
645,0.0007149159501937718,0.0005525497995667915,0.0008277982100844384,30.82075516992147,1.0048302078247071,30.813461894993832,5.999825954437256,8.192000000000003e-05,100.0,139320,16.72505521774292,0.0585174560546875
646,0.000697604441606993,0.0005040389890917509,0.0008092733720938364,30.919047491699875,0.9963239860534668,30.919047491699875,5.9998579025268555,8.192000000000003e-05,100.0,139536,17.356927633285522,0.06416583061218262
647,0.0006839979960974575,0.0006060831943540361,0.0008125730479756991,30.90137586771544,0.9951335334777832,30.90137586771544,5.999821662902832,8.192000000000003e-05,100.0,139752,16.660502910614014,0.06334519386291504
648,0.0007003884781759394,0.0005624803902068432,0.0008271867533524831,30.823964290276766,0.9993091583251953,30.823964290276766,5.999910831451416,8.192000000000003e-05,100.0,139968,16.495688676834106,0.07442951202392578
649,0.0007000249020579824,0.0005825785017720815,0.0008176622167229652,30.874260700574105,1.0048759841918946,30.86667976520108,5.999804496765137,8.192000000000003e-05,100.0,140184,16.92224931716919,0.0610654354095459
650,0.0006967035867442526,0.00045864375001089514,0.0008094497397542,30.918101122287776,1.0009933662414552,30.91660173259953,5.999785900115967,8.192000000000003e-05,100.0,140400,16.972220420837402,0.058768510818481445
651,0.00070277497411935,0.0005534235758882394,0.0008110654105742773,30.909441195176505,1.0001527786254882,30.909190129854977,5.999715805053711,8.192000000000003e-05,100.0,140616,16.953832626342773,0.05676984786987305
652,0.00069156691118184,0.000423942585307025,0.0008074122791488966,30.92904650112653,1.0016316413879394,30.926559659449463,5.999738693237305,8.192000000000003e-05,100.0,140832,16.864899396896362,0.06658792495727539
653,0.0007062786016140835,0.000674925613001097,0.0008554785326123237,30.67790884176634,1.006434555053711,30.668811662888093,5.999792098999023,8.192000000000003e-05,100.0,141048,16.583922624588013,0.05521416664123535
654,0.0006844304225987931,0.0005938442830212306,0.0008235379929343859,30.843163603786927,0.9988748359680176,30.843163603786927,5.999549388885498,8.192000000000003e-05,100.0,141264,17.05214262008667,0.06923317909240723
655,0.0006937779286754844,0.0005055829754396193,0.000809612013399601,30.91723056192954,1.0011972427368163,30.915411861817912,5.999642848968506,8.192000000000003e-05,100.0,141480,16.844218492507935,0.05619621276855469
656,0.0006966078950537612,0.0006587754702195525,0.0008141838014125824,30.89277542373116,0.9981698226928711,30.89277542373116,5.999652862548828,8.192000000000003e-05,100.0,141696,16.590835571289062,0.06135439872741699
657,0.0006997341608993062,0.0005635554685284371,0.0008207763110597929,30.85775186496972,0.9968425750732421,30.85775186496972,5.999880790710449,8.192000000000003e-05,100.0,141912,16.3084614276886,0.06206154823303223
658,0.0007051812408599949,0.0005818702155670179,0.0008137969175974528,30.89483959448269,1.001499557495117,30.89253313550687,5.99979305267334,8.192000000000003e-05,100.0,142128,16.6038978099823,0.055573463439941406
659,0.000698906146765997,0.0005205349394025794,0.0008946070944269498,30.483676621009206,0.9975367355346679,30.483676621009206,5.999823570251465,8.192000000000003e-05,100.0,142344,16.763731241226196,0.06396937370300293
660,0.0006974233776850598,0.0005419775790305458,0.0008118719235062599,30.905124772879454,1.000320930480957,30.90460993836984,5.999763488769531,8.192000000000003e-05,100.0,142560,16.93254804611206,0.06780552864074707
661,0.0006851691686872231,0.000517657008089557,0.000812171349922816,30.90352334705482,1.0010765647888185,30.90189171286194,5.999712944030762,8.192000000000003e-05,100.0,142776,16.849554777145386,0.06243753433227539
662,0.0006905907428270017,0.0005551294657820161,0.0008096043393015862,30.917271727749235,0.9981374740600586,30.917271727749235,5.999634265899658,8.192000000000003e-05,100.0,142992,16.587727785110474,0.06432318687438965
663,0.0006945197956056159,0.000546523396877329,0.0008155866091450056,30.885299133771905,0.9922580718994141,30.885299133771905,5.999573230743408,8.192000000000003e-05,100.0,143208,16.96842336654663,0.07151079177856445
664,0.0007072093623244892,0.0006208735244834552,0.0008443325012922287,30.7348649290113,0.9967138099670411,30.7348649290113,5.99955415725708,8.192000000000003e-05,100.0,143424,16.985050916671753,0.05949997901916504
665,0.0006964007245403701,0.0005756439367457684,0.0008046318963170052,30.9440275560778,0.9970101737976074,30.9440275560778,5.999655723571777,8.192000000000003e-05,100.0,143640,16.859772443771362,0.05546832084655762
666,0.0006892879656769092,0.0005365265197916955,0.00080776563535134,30.927146268960925,1.0027218627929688,30.92308775543515,5.999837875366211,8.192000000000003e-05,100.0,143856,16.411303520202637,0.05573225021362305
667,0.0006744591920953784,0.0004710465912585673,0.0008044076710939408,30.94523796481706,1.0011005401611328,30.943574234004657,5.999798774719238,8.192000000000003e-05,100.0,144072,16.859850645065308,0.05885171890258789
668,0.000681370011686037,0.0006127005355918537,0.0008147306988636652,30.889859192657564,0.9984064102172852,30.889859192657564,5.999831199645996,8.192000000000003e-05,100.0,144288,17.282360315322876,0.05874490737915039
669,0.0007021890179105643,0.000655268142607225,0.0008299030860265096,30.809726204689206,1.0006833839416505,30.808698954322757,5.999805927276611,8.192000000000003e-05,100.0,144504,17.780294179916382,0.06144833564758301
670,0.0007022506616456245,0.0005235958267070785,0.0008257280911008517,30.831629405432782,0.9966523551940918,30.831629405432782,5.999768257141113,8.192000000000003e-05,100.0,144720,17.144285678863525,0.058351755142211914
671,0.0006940302762634837,0.000489915362086849,0.0008057212953766187,30.93815157713361,0.9991893577575683,30.93815157713361,5.999660491943359,8.192000000000003e-05,100.0,144936,17.042184352874756,0.06311535835266113
672,0.000673414487813505,0.0005007879251776183,0.000814786230524381,30.889563189671723,1.0050535774230958,30.881796023618513,5.999691009521484,8.192000000000003e-05,100.0,145152,17.21131920814514,0.05965423583984375
673,0.000700800263692382,0.0005626968850476154,0.0008078369001547496,30.92676313127434,1.0002135848999023,30.926434029703515,5.9998321533203125,8.192000000000003e-05,100.0,145368,17.007309436798096,0.058460235595703125
674,0.0006865955053059304,0.0005747813694988904,0.0008077933887640635,30.926997055545367,1.0013283920288085,30.924998090236144,5.999782085418701,8.192000000000003e-05,100.0,145584,17.774397611618042,0.05741262435913086
675,0.0006939765465094884,0.0006809966169648628,0.0008287271360556285,30.815884402726606,1.0024779891967774,30.81226632991283,5.999810695648193,8.192000000000003e-05,100.0,145800,17.200326919555664,0.05878281593322754
676,0.0006779209645869939,0.0005481982376912366,0.0008093041554093361,30.918882296967702,1.0028874778747559,30.914438658321295,5.99976921081543,8.192000000000003e-05,100.0,146016,17.6759672164917,0.06260275840759277
677,0.0006833458476551417,0.0005178168080612153,0.0008118951320648193,30.90500062515911,0.9962397766113281,30.90500062515911,5.999809265136719,8.192000000000003e-05,100.0,146232,38.81151366233826,0.06228804588317871
678,0.0006668582639279033,0.0005710251979948277,0.0008332333713769913,30.792333446836636,1.0014107513427735,30.79024431280258,5.999843120574951,8.192000000000003e-05,100.0,146448,17.684426069259644,0.06392192840576172
679,0.0006843721956028131,0.0004980354975787518,0.0008081043139100075,30.925325748300963,1.0025146675109864,30.92147882662617,5.999878883361816,8.192000000000003e-05,100.0,146664,17.468125820159912,0.06330990791320801
680,0.0006832797130893754,0.0005393115381804713,0.0008068108186125755,30.93228286919061,1.0005047988891602,30.9315010850338,5.999904632568359,8.192000000000003e-05,100.0,146880,17.71845555305481,0.0617523193359375
681,0.0006889322588382208,0.0005094993831522331,0.0008031394084294637,30.952090636170585,0.9983926963806152,30.952090636170585,5.99977970123291,8.192000000000003e-05,100.0,147096,17.062485218048096,0.060967206954956055
682,0.0006980068002746481,0.0006287550006696172,0.0008147797361016273,30.889597806152707,1.0019631576538086,30.88660162317722,5.999582767486572,8.192000000000003e-05,100.0,147312,16.737982988357544,0.05486607551574707
683,0.0006883328751849848,0.0004784875573671382,0.0008014458666245143,30.961258065852245,0.998791618347168,30.961258065852245,5.999783992767334,8.192000000000003e-05,100.0,147528,17.10257911682129,0.05830216407775879
684,0.0006960750974721505,0.0008428778081619437,0.000819359136124452,30.86525699399473,0.9986457443237304,30.86525699399473,5.9998369216918945,8.192000000000003e-05,100.0,147744,17.208099126815796,0.054388999938964844
685,0.0006993390230691411,0.00064032685207338,0.0008136215930183728,30.89577534023013,0.9950096893310547,30.89577534023013,5.999646186828613,8.192000000000003e-05,100.0,147960,17.274269104003906,0.054900407791137695
686,0.0006998242561003544,0.000578787840389903,0.0008205528929829597,30.858934190103355,1.0027779006958009,30.854817092056738,5.999762535095215,8.192000000000003e-05,100.0,148176,16.51362657546997,0.05418848991394043
687,0.0006804509949195536,0.0005034560025197224,0.0008061943327387174,30.93560259108983,0.9994576263427735,30.93560259108983,5.999835014343262,8.192000000000003e-05,100.0,148392,17.60849666595459,0.05614948272705078
688,0.0007016251438661762,0.0004828920568326029,0.0008178872987627984,30.873065360566763,0.9977070617675782,30.873065360566763,5.99989128112793,8.192000000000003e-05,100.0,148608,17.735586166381836,0.0548095703125
689,0.0006853693200484512,0.0006106588232290485,0.0008098634829123815,30.91588183114733,0.9940857124328614,30.91588183114733,5.99981689453125,8.192000000000003e-05,100.0,148824,17.23022222518921,0.0565185546875
690,0.000702325479697733,0.0005382696517905139,0.0008052838842074077,30.940509921652755,0.998849048614502,30.940509921652755,5.999773979187012,8.192000000000003e-05,100.0,149040,16.571168899536133,0.05793595314025879
691,0.0006824843306094408,0.00045433665014992376,0.0008071894695361456,30.930245124700747,0.9952749061584473,30.930245124700747,5.9998979568481445,8.192000000000003e-05,100.0,149256,16.615512132644653,0.05664229393005371
692,0.0006815393911539645,0.0005440749704122436,0.0008101181065042814,30.91451661042436,0.9951191329956055,30.91451661042436,5.999795913696289,8.192000000000003e-05,100.0,149472,16.339513063430786,0.13288068771362305
693,0.000696675154528972,0.0006951900990679861,0.0008245158940553665,30.8380096811648,1.0033660888671876,30.832997428469188,5.999797821044922,8.192000000000003e-05,100.0,149688,16.908392906188965,0.05321168899536133
694,0.0006814570439830962,0.000665447591615004,0.0008299856384595235,30.809294223127715,0.9937650108337402,30.809294223127715,5.999818325042725,8.192000000000003e-05,100.0,149904,16.36789631843567,0.05544447898864746
695,0.0006828309057206186,0.000532268751108938,0.0008004526793956757,30.96664337304692,0.9978575706481934,30.96664337304692,5.999722480773926,8.192000000000003e-05,100.0,150120,16.68057107925415,0.052643537521362305
696,0.00067142469767967,0.0005878369812516199,0.0008055461073915163,30.93909596631935,0.9972141647338867,30.93909596631935,5.999882698059082,8.192000000000003e-05,100.0,150336,16.22172451019287,0.0561065673828125
697,0.0006885161643942306,0.0005225667963141872,0.0008158149073521296,30.88408363101275,0.9982792663574219,30.88408363101275,5.999808311462402,8.192000000000003e-05,100.0,150552,16.66452145576477,0.05313515663146973
698,0.0006903319960406077,0.0005489471997471823,0.0007948080822825432,30.997377252652136,0.9994166564941406,30.997377252652136,5.999389171600342,8.192000000000003e-05,100.0,150768,16.38582992553711,0.05531764030456543
699,0.0006805891270641292,0.0006217804477226151,0.0008303197100758553,30.80754652699918,0.9974894332885742,30.80754652699918,5.999793529510498,8.192000000000003e-05,100.0,150984,16.748565912246704,0.0539247989654541
700,0.0006781906448304653,0.0005600999973619869,0.0007999851802984873,30.96918058225812,1.0034725379943847,30.963790514027338,5.999802589416504,8.192000000000003e-05,100.0,151200,16.520025968551636,0.06448984146118164
701,0.0006931096622450413,0.00048772714134521675,0.0007965452099839846,30.98789569656498,0.9982700347900391,30.98789569656498,5.999667167663574,8.192000000000003e-05,100.0,151416,16.52942681312561,0.053994178771972656
702,0.0006896998445449424,0.0005124413554448688,0.000819769911468029,30.86308025911209,1.0060087776184081,30.85429866685501,5.99959659576416,8.192000000000003e-05,100.0,151632,16.462366580963135,0.053582191467285156
703,0.0006997375151790355,0.0005587114378189048,0.0008353689188758532,30.781216873325906,0.9966134452819824,30.781216873325906,5.999847888946533,8.192000000000003e-05,100.0,151848,16.84505558013916,0.057213544845581055
704,0.0007059908719004496,0.0006337156762922371,0.0008047210797667504,30.943546221271617,1.0022098350524902,30.940115424868047,5.999827861785889,8.192000000000003e-05,100.0,152064,16.817218780517578,0.05942225456237793
705,0.0006910272979555463,0.0006188525029363624,0.000829052987198035,30.81417711533781,0.9963725471496582,30.81417711533781,5.999847412109375,8.192000000000003e-05,100.0,152280,16.401712656021118,0.0557866096496582
706,0.0006845734866025548,0.0004862838988259867,0.0007983997712532679,30.97779596148864,1.000307216644287,30.97731586758816,5.999597549438477,8.192000000000003e-05,100.0,152496,16.678380012512207,0.053644418716430664
707,0.0006729223764420527,0.0005126918786191853,0.0008069264019529025,30.93166074550963,1.0063047981262208,30.921969924853506,5.999541282653809,8.192000000000003e-05,100.0,152712,16.97385549545288,0.052884578704833984
708,0.0006784568960985938,0.0005670194408140969,0.0008019727468490601,30.95840389937997,1.0011979866027831,30.956538706594998,5.999676704406738,8.192000000000003e-05,100.0,152928,17.14223837852478,0.09661531448364258
709,0.0006831866848464732,0.0006574579157218661,0.0008082449063658714,30.92457023671761,1.0035908508300782,30.918972190377044,5.99976921081543,8.192000000000003e-05,100.0,153144,17.488051891326904,0.055025577545166016
710,0.0006724713060775421,0.0006046658999327084,0.0008035496125618617,30.949873039701107,0.9957106971740722,30.949873039701107,5.999753952026367,8.192000000000003e-05,100.0,153360,16.70019245147705,0.10726380348205566
711,0.0006955610904032769,0.0005614500903470469,0.0008015508328874906,30.960689302749046,0.9994149398803711,30.960689302749046,5.999675750732422,8.192000000000003e-05,100.0,153576,16.674692630767822,0.059478759765625
712,0.0006657808689582769,0.0004932479550589577,0.0008036196852723757,30.949494334214776,0.9980221366882325,30.949494334214776,5.999874114990234,8.192000000000003e-05,100.0,153792,17.778029203414917,0.05795168876647949
713,0.0006899863443728807,0.0005444310328828684,0.0008123849332332612,30.90238139765425,1.0027474975585937,30.898217354002483,5.999878883361816,8.192000000000003e-05,100.0,154008,17.711015939712524,0.05892324447631836
714,0.00066960568716952,0.000553126658036279,0.000807995634774367,30.92590985510718,1.002345428466797,30.92226260979954,5.999615669250488,8.192000000000003e-05,100.0,154224,17.106478452682495,0.06273150444030762
715,0.0006768173227707545,0.0005406721577763666,0.0008090073242783546,30.920475465221227,0.9943918228149414,30.920475465221227,5.999629497528076,8.192000000000003e-05,100.0,154440,16.529001235961914,0.05265545845031738
716,0.0006838215718659963,0.0005148859661531405,0.000805455558001995,30.939584173142407,0.997634162902832,30.939584173142407,5.999638557434082,8.192000000000003e-05,100.0,154656,16.515175819396973,0.05522441864013672
717,0.0006730386214263306,0.000496683021184003,0.0007983053599794706,30.97830954780442,1.0023630332946778,30.97463208842885,5.999773025512695,8.192000000000003e-05,100.0,154872,17.456421852111816,0.055861711502075195
718,0.0006847817699114482,0.0005128131499446497,0.0007990060995022456,30.97449905329242,1.0001408195495605,30.97427052045573,5.999783992767334,8.192000000000003e-05,100.0,155088,16.823524951934814,0.05549049377441406
719,0.0006814016862704918,0.0005367042824113066,0.0008616870641708374,30.646504267264625,0.99765625,30.646504267264625,5.999774932861328,6.553600000000003e-05,100.0,155304,16.643202781677246,0.06314325332641602
720,0.0006946232478282806,0.0006155360239031522,0.00080359881122907,30.949607143790363,0.9992822265625,30.949607143790363,5.999674320220947,6.553600000000003e-05,100.0,155520,16.18128776550293,0.06469035148620605
721,0.0006860920972109813,0.0005643117802717007,0.0007909054060777029,31.018754559145872,1.0000753593444824,31.018650371367208,5.999703884124756,6.553600000000003e-05,100.0,155736,18.05619716644287,0.0649716854095459
722,0.000676553263835123,0.0006057529468629239,0.0007998435323437055,30.969949626153998,1.0017278289794922,30.967237982705612,5.999581336975098,6.553600000000003e-05,100.0,155952,16.82673716545105,0.06924176216125488
723,0.0006839516803460277,0.0005631204015926283,0.000805974950393041,30.936784558067355,1.0062377166748047,30.927246949186614,5.999688625335693,6.553600000000003e-05,100.0,156168,16.59965419769287,0.06027722358703613
724,0.0006673903187797607,0.00044775875612580474,0.0007911705722411474,31.01729874786717,1.0019621086120605,31.01424731403015,5.999825954437256,6.553600000000003e-05,100.0,156384,16.417997121810913,0.05656123161315918
725,0.0006727171067040467,0.0005401314703234728,0.0008140891045331955,30.89328057654759,1.0075395965576173,30.88175823187577,5.99978494644165,6.553600000000003e-05,100.0,156600,16.80730414390564,0.06096935272216797
726,0.0006731725598186039,0.0005834162048658059,0.0007988198474049568,30.97551153226259,0.9971987724304199,30.97551153226259,5.999802589416504,6.553600000000003e-05,100.0,156816,16.25356125831604,0.05914807319641113
727,0.0006701024900784419,0.0006115538147413105,0.0008076660086711248,30.927681943963734,1.0070138931274415,30.916593007825035,5.9997758865356445,6.553600000000003e-05,100.0,157032,16.96529769897461,0.07629561424255371
728,0.0007050764582632785,0.0007396848271330953,0.0007978990053137143,30.980520763318967,0.9992529296875,30.980520763318967,5.999788761138916,6.553600000000003e-05,100.0,157248,16.549176692962646,0.06382536888122559
729,0.0006793607379296336,0.0005489568973122083,0.0007998175670703252,30.97009061320376,0.998440055847168,30.97009061320376,5.999898910522461,6.553600000000003e-05,100.0,157464,18.50689959526062,0.06354570388793945
730,0.0006709386597630446,0.0005275722250909261,0.0007956457138061523,30.992802724513055,0.9965723991394043,30.992802724513055,5.999737739562988,6.553600000000003e-05,100.0,157680,16.40936017036438,0.05773353576660156
731,0.0006852139885523829,0.0005760733868953758,0.0008251487091183663,30.834677754143055,1.0005680465698241,30.833824669926543,5.999744415283203,6.553600000000003e-05,100.0,157896,16.42603063583374,0.059931278228759766
732,0.0006787359013232282,0.0005100944667946601,0.0008022637168566386,30.95682848736391,0.9992366218566895,30.95682848736391,5.999930381774902,6.553600000000003e-05,100.0,158112,18.024816513061523,0.06870126724243164
733,0.0006843310268511456,0.0005556658555186637,0.000798166145881017,30.979066967084293,0.997884521484375,30.979066967084293,5.999876976013184,6.553600000000003e-05,100.0,158328,16.283713579177856,0.06208205223083496
734,0.0006811797701200282,0.000688014102903991,0.0007987892876068751,30.975677679931447,0.9977428054809571,30.975677679931447,5.999880790710449,6.553600000000003e-05,100.0,158544,16.764342308044434,0.06319642066955566
735,0.000672629414787651,0.0005642919775867915,0.0007947600757082303,30.997639575349286,1.0015914154052734,30.995133161718297,5.999908924102783,6.553600000000003e-05,100.0,158760,16.222075700759888,0.055689096450805664
736,0.0006793650029652306,0.0005584538352770218,0.0007939204697807629,31.00223000425906,0.9989136123657226,31.00223000425906,5.99965763092041,6.553600000000003e-05,100.0,158976,16.392847537994385,0.0599064826965332
737,0.0006767952380081018,0.00043593382321136155,0.0007918355365594228,31.01365011569235,0.9989365196228027,31.01365011569235,5.999861240386963,6.553600000000003e-05,100.0,159192,16.032429456710815,0.06267213821411133
738,0.0006772019449230014,0.00048810045724140776,0.0007975705340504646,30.982308992496513,1.0018160820007325,30.97954644372633,5.999847412109375,6.553600000000003e-05,100.0,159408,16.346450567245483,0.05847907066345215
739,0.0006837396513994621,0.0005349966956545478,0.0007897556076447169,31.025072817121316,0.9992310714721679,31.025072817121316,5.999720573425293,6.553600000000003e-05,100.0,159624,16.87855052947998,0.0652613639831543
740,0.0006659977142091678,0.0004972795167924377,0.0007944907123843828,30.999111753399102,1.000911045074463,30.99768917824068,5.999913692474365,6.553600000000003e-05,100.0,159840,16.844969034194946,0.05849027633666992
741,0.000682709082333452,0.0005507943545387167,0.000820787250995636,30.857693979257842,1.0029092597961426,30.853260492417668,5.999732971191406,6.553600000000003e-05,100.0,160056,16.70012331008911,0.061116695404052734
742,0.000680958524623049,0.0004946831718721576,0.0007951456805070241,30.995532959420128,1.00128324508667,30.993588572559915,5.999626159667969,6.553600000000003e-05,100.0,160272,16.982566356658936,0.060053110122680664
743,0.0006847227452174369,0.0005245063641189557,0.000811797318359216,30.905523876377508,1.003855857849121,30.899539844706233,5.9998674392700195,6.553600000000003e-05,100.0,160488,16.81429171562195,0.06601738929748535
744,0.000678874944653902,0.0005098267444206969,0.0007975183054804802,30.982593397718187,0.9951183700561523,30.982593397718187,5.999826431274414,6.553600000000003e-05,100.0,160704,20.238741874694824,0.06710505485534668
745,0.0006875170133940443,0.0006353757636405635,0.0008139993126193683,30.893759618500386,0.9962571334838867,30.893759618500386,5.999778747558594,6.553600000000003e-05,100.0,160920,16.773369073867798,0.06300950050354004
746,0.0006687469995729085,0.0004918625107224005,0.0007882979263861974,31.03309615845103,1.0061880493164062,31.023582461943754,5.9997453689575195,6.553600000000003e-05,100.0,161136,16.379220247268677,0.07880997657775879
747,0.0006739977810302398,0.0004961003969841893,0.0007955528423190117,30.993309682922256,1.001282615661621,30.991354501116355,5.999562740325928,6.553600000000003e-05,100.0,161352,16.44107699394226,0.07152676582336426
748,0.0006832641575306627,0.00054992716907915,0.0008007251222928365,30.965165455380465,1.0009670639038086,30.963756041710976,5.999693393707275,6.553600000000003e-05,100.0,161568,16.24167227745056,0.061260223388671875
749,0.00067602051337641,0.0006206145002236725,0.0007981218645970027,30.97930791504829,1.0006616973876954,30.978260706192565,5.9998931884765625,6.553600000000003e-05,100.0,161784,16.641043424606323,0.05838155746459961
750,0.0006530789086136265,0.0004780675978669762,0.0007857497657338779,31.047157397924053,1.0008555412292481,31.045859724049386,5.999678611755371,6.553600000000003e-05,100.0,162000,16.731369256973267,0.06819677352905273
751,0.0006732725788015818,0.0005075996722081217,0.0007879844059546789,31.034823770216697,0.9990620994567871,31.034823770216697,5.999861717224121,6.553600000000003e-05,100.0,162216,16.801729679107666,0.06174468994140625
752,0.000668812826819097,0.0005170362942474152,0.000805467093984286,30.93952197259608,0.9997511863708496,30.93952197259608,5.999784469604492,6.553600000000003e-05,100.0,162432,16.90242648124695,0.06035041809082031
753,0.0006722287288394527,0.0005673602363432123,0.0008039968957503637,30.94745628068825,0.9985269737243653,30.94745628068825,5.9998626708984375,6.553600000000003e-05,100.0,162648,16.090150117874146,0.06088590621948242
754,0.0006994851640817048,0.0005543771549465432,0.0008001169686516126,30.968465190997527,0.9994059371948242,30.968465190997527,5.999715805053711,6.553600000000003e-05,100.0,162864,16.179017782211304,0.06361079216003418
755,0.0007014727113984418,0.000571820978851368,0.0007918654506405195,31.01348605037373,1.0008257484436036,31.012188525003552,5.999825954437256,6.553600000000003e-05,100.0,163080,16.4237699508667,0.05857276916503906
756,0.0006687201304020414,0.0005668489499341535,0.0007913204034169515,31.016476362727992,1.0008940887451172,31.01508147219694,5.999752044677734,6.553600000000003e-05,100.0,163296,16.323902130126953,0.05818629264831543
757,0.0006652926870932182,0.0004587829889446173,0.0007916204382975897,31.014830015736795,1.00267427444458,31.01065922982952,5.999903678894043,6.553600000000003e-05,100.0,163512,16.370917558670044,0.06120729446411133
758,0.0006755546423728051,0.0005082723408249085,0.000791675274570783,31.014529186388593,0.9984496879577637,31.014529186388593,5.999869346618652,6.553600000000003e-05,100.0,163728,16.265836238861084,0.060103416442871094
759,0.0006756789007804532,0.0005996252431709697,0.0008234072724978129,30.843853015458173,1.0003251838684082,30.843386977686706,5.9995012283325195,6.553600000000003e-05,100.0,163944,16.623533725738525,0.06202363967895508
760,0.0006648081900430438,0.0005564867056892726,0.0007892391582330068,31.02791375291836,0.9991312980651855,31.02791375291836,5.999890327453613,6.553600000000003e-05,100.0,164160,16.534950017929077,0.06010103225708008
761,0.0006755200063681527,0.00043425374630622673,0.0007849982256690661,31.051313248891482,0.996645278930664,31.051313248891482,5.99973201751709,6.553600000000003e-05,100.0,164376,16.353883743286133,0.06216239929199219
762,0.0006775388074363919,0.0005662896580643196,0.0007934716964761416,31.004685601296238,1.0063183784484864,30.99490788056635,5.999778747558594,6.553600000000003e-05,100.0,164592,16.504632472991943,0.05731678009033203
763,0.0006797088182571789,0.0005196014063540793,0.0007865347713232041,31.04282073218702,0.9967756271362305,31.04282073218702,5.999611854553223,6.553600000000003e-05,100.0,164808,16.74302625656128,0.06572961807250977
764,0.0006889482923324449,0.0005721835302108008,0.0007993146280447642,30.972822390494017,0.9992278289794921,30.972822390494017,5.999878883361816,6.553600000000003e-05,100.0,165024,17.022812366485596,0.06346297264099121
765,0.0006840039309843079,0.0004522884563218964,0.0007927586883306504,31.00858989574123,0.9986617088317871,31.00858989574123,5.999702453613281,6.553600000000003e-05,100.0,165240,16.614670038223267,0.06363725662231445
766,0.0006597524110659741,0.0005090659240301213,0.0007956942543387413,30.992537779424254,0.9987833023071289,30.992537779424254,5.999621391296387,6.553600000000003e-05,100.0,165456,17.019070386886597,0.06579947471618652
767,0.0006802646369011938,0.0005731068641973146,0.0007883309945464134,31.032913980903484,1.0008540534973145,31.031614947482986,5.999752044677734,6.553600000000003e-05,100.0,165672,16.636298656463623,0.06440496444702148
768,0.0006666297508754592,0.00045820510311835055,0.0007897895450393359,31.024886196014727,1.000274772644043,31.024463477309702,5.999873638153076,6.553600000000003e-05,100.0,165888,16.839656352996826,0.06663918495178223
769,0.0006567163802885814,0.0005791205987401739,0.0007880773022770882,31.0343118059954,0.998585376739502,31.0343118059954,5.99979829788208,6.553600000000003e-05,100.0,166104,16.926757335662842,0.06479835510253906
770,0.0006677896615482219,0.0005247665631274382,0.0007853479931751887,31.049378616916098,0.9979092407226563,31.049378616916098,5.999806880950928,6.553600000000003e-05,100.0,166320,16.873143672943115,0.07044124603271484
771,0.0006762320863798369,0.0005384586300309478,0.0007896268864472707,31.02578072551068,0.997804832458496,31.02578072551068,5.999875545501709,6.553600000000003e-05,100.0,166536,16.844390153884888,0.06616783142089844
772,0.000678209869251789,0.0005864087299551761,0.0007844238604108493,31.05449204541269,1.0027194213867188,31.050296269705193,5.999817848205566,6.553600000000003e-05,100.0,166752,16.62113308906555,0.059526681900024414
773,0.000661870220851531,0.0005658050573201499,0.000793787936369578,31.00295505590023,0.99758056640625,31.00295505590023,5.999790668487549,6.553600000000003e-05,100.0,166968,16.748356819152832,0.07321834564208984
774,0.0006682267874281893,0.00043943903496677895,0.0007820947964986165,31.067406035883607,0.9976775550842285,31.067406035883607,5.9995622634887695,6.553600000000003e-05,100.0,167184,17.51136541366577,0.07299923896789551
775,0.0006865347315813753,0.0006095428096697382,0.0007868117342392603,31.041291717860524,1.0026670265197755,31.037087099998768,5.999835968017578,6.553600000000003e-05,100.0,167400,31.36537766456604,0.09523582458496094
776,0.0006807645861535212,0.0005201141754894153,0.0007942877461512884,31.00022137463108,1.0009321212768554,30.998793481223842,5.999773979187012,6.553600000000003e-05,100.0,167616,24.91216278076172,0.09314703941345215
777,0.0006675732698278043,0.000493528753573048,0.0007958970839778583,30.991430864710768,1.0049624633789063,30.983847680573113,5.999747276306152,6.553600000000003e-05,100.0,167832,16.792035341262817,0.06490039825439453
778,0.0006614791549593751,0.0004893722553211062,0.0007858688260118167,31.046499385578137,0.9999720573425293,31.046499385578137,5.999835014343262,6.553600000000003e-05,100.0,168048,16.217340230941772,0.06248211860656738
779,0.0006706907455741927,0.0007049295800886508,0.0007869881639877955,31.04031799220913,1.0003032302856445,31.039849437134617,5.999871253967285,6.553600000000003e-05,100.0,168264,16.584551334381104,0.06396055221557617
780,0.000682440972144621,0.0005750197501839611,0.0007872843990723292,31.038683545073397,0.9993188858032227,31.038683545073397,5.999763488769531,6.553600000000003e-05,100.0,168480,16.763907194137573,0.06050729751586914
781,0.0006625961020683357,0.0005753822309855857,0.0007940930003921191,31.001286320919167,1.0020881843566896,30.9980142913804,5.999807357788086,6.553600000000003e-05,100.0,168696,17.0325448513031,0.05948638916015625
782,0.0006588682752656008,0.00046905743433972417,0.0007825495054324468,31.064881786938972,0.9991651916503906,31.064881786938972,5.9994401931762695,6.553600000000003e-05,100.0,168912,16.51203179359436,0.06199359893798828
783,0.0006592204604564451,0.0006753085089334543,0.00078496636201938,31.05148953576244,1.0002767181396484,31.0510739059181,5.999731540679932,6.553600000000003e-05,100.0,169128,16.68477511405945,0.05917167663574219
784,0.00066421549986589,0.0004991031672292645,0.0007822724307576816,31.06641975110985,0.9972126960754395,31.06641975110985,5.999748706817627,6.553600000000003e-05,100.0,169344,16.914002895355225,0.06729531288146973
785,0.0006755005455393668,0.0006427532190160043,0.000807445968190829,30.92886529680054,1.004658432006836,30.92192998145661,5.999603748321533,6.553600000000003e-05,100.0,169560,17.420507192611694,0.06547045707702637
786,0.0006790229780734449,0.0005631155361745345,0.0007918721685806911,31.013449206337054,0.9981667709350586,31.013449206337054,5.999859809875488,6.553600000000003e-05,100.0,169776,17.21395254135132,0.06519842147827148
787,0.0006680239329748935,0.0005643893640650355,0.0007937617103258768,31.003098545284473,0.99855562210083,31.003098545284473,5.999827861785889,6.553600000000003e-05,100.0,169992,16.944993257522583,0.06313300132751465
788,0.0006714875828533811,0.0005182025067008816,0.0007812466224034627,31.072118472474962,1.000483169555664,31.071362112562703,5.999822616577148,6.553600000000003e-05,100.0,170208,17.04253101348877,0.06399774551391602
789,0.0006708030388825506,0.0005925581185822038,0.0007860232517123223,31.04564606707416,1.0010647583007812,31.044008242205635,5.999650001525879,6.553600000000003e-05,100.0,170424,18.483484029769897,0.06455254554748535
790,0.000661551686293999,0.000495280670778205,0.0007865372548500697,31.042807019121177,0.9993628120422363,31.042807019121177,5.999856948852539,6.553600000000003e-05,100.0,170640,48.11905860900879,0.06819844245910645
791,0.00066944002646251,0.0005564065266441068,0.0007819750532507896,31.068071016822746,1.0023031806945801,31.06448788884279,5.9993896484375,6.553600000000003e-05,100.0,170856,24.439255475997925,0.06586766242980957
792,0.0006688018301771819,0.0004573464660864809,0.0007850491503874461,31.051031520778945,1.0017765808105468,31.048231651903755,5.9997358322143555,6.553600000000003e-05,100.0,171072,17.099239826202393,0.0617833137512207
793,0.000685023243970953,0.0005847527241280329,0.0007855563859144847,31.04822636578636,1.000145149230957,31.047998519646814,5.99981689453125,6.553600000000003e-05,100.0,171288,30.506605863571167,0.06435155868530273
794,0.0006598155630711951,0.0004740318563172891,0.0007903385659058889,31.02186825410562,0.9962626266479492,31.02186825410562,5.999887466430664,6.553600000000003e-05,100.0,171504,17.998135089874268,0.058083295822143555
795,0.0006611893560055751,0.0005037534980953712,0.0007903919244805972,31.021575056312475,1.0037350845336914,31.015641732211428,5.999702453613281,6.553600000000003e-05,100.0,171720,16.94208860397339,0.06159543991088867
796,0.0006541862146442999,0.00049615651767269,0.0007802987098693848,31.077391111378677,0.9997065925598144,31.077391111378677,5.999565124511719,6.553600000000003e-05,100.0,171936,17.449936389923096,0.06581854820251465
797,0.0006804592576066869,0.0005532805001079713,0.0007921156163016955,31.012114246513427,1.0060861778259278,31.002844928295858,5.999641418457031,6.553600000000003e-05,100.0,172152,16.757807731628418,0.06128048896789551
798,0.0006527671106902046,0.0004960863279394697,0.0007855199525753657,31.04842779200292,0.9983390808105469,31.04842779200292,5.999805927276611,6.553600000000003e-05,100.0,172368,16.284552574157715,0.06105232238769531
799,0.0006697781085866787,0.0005099537829612044,0.0008028730129202207,30.953531398386257,1.0006475067138672,30.952555055671027,5.999913215637207,6.553600000000003e-05,100.0,172584,18.16983151435852,0.06284546852111816
800,0.0006732999075767652,0.000653317939368603,0.0008042983338236809,30.945828309765957,0.9996689796447754,30.945828309765957,5.999882698059082,6.553600000000003e-05,100.0,172800,18.37053108215332,0.07620930671691895
801,0.0006719025322303607,0.0005481377939788112,0.0007863373185197513,31.043911128081007,1.001638526916504,31.041401796586534,5.999800682067871,6.553600000000003e-05,100.0,173016,16.651867628097534,0.06542062759399414
802,0.0006544504543442441,0.0005724758980120869,0.0007934331769744556,31.00489643695893,1.000199680328369,31.0045774687297,5.999747276306152,6.553600000000003e-05,100.0,173232,16.384045124053955,0.06464672088623047
803,0.0006666584996476202,0.00048716750741679813,0.0007836815218130748,31.05860393208122,1.0004917335510255,31.05786106809682,5.999894142150879,6.553600000000003e-05,100.0,173448,16.19792103767395,0.06469464302062988
804,0.0006755119258794339,0.0006096079380696882,0.0007898068676392237,31.024790942448895,0.9988791847229004,31.024790942448895,5.999610900878906,6.553600000000003e-05,100.0,173664,16.323362350463867,0.06561040878295898
805,0.0006777667781621542,0.0004948676426125609,0.000794818140566349,30.99732229310137,0.9985432624816895,30.99732229310137,5.9998674392700195,6.553600000000003e-05,100.0,173880,16.44518232345581,0.05648303031921387
806,0.0006902706223890941,0.0005679040992349063,0.0007929441581169764,31.00757396132062,0.997502155303955,31.00757396132062,5.999869346618652,6.553600000000003e-05,100.0,174096,16.79114079475403,0.061911821365356445
807,0.0006640571368642259,0.0005447093025187327,0.0008088147764404614,30.9215092310952,0.998776512145996,30.9215092310952,5.999843597412109,6.553600000000003e-05,100.0,174312,16.941646337509155,0.06469082832336426
808,0.000677321071608289,0.0005251787127454535,0.0007810649524132411,31.073128492190722,1.0016444778442384,31.070599811873286,5.999836444854736,6.553600000000003e-05,100.0,174528,16.985674381256104,0.06500029563903809
809,0.0006847515661755334,0.0005402225770555653,0.0008331988006830216,30.79251363852857,1.000337200164795,30.792043628325594,5.999871253967285,6.553600000000003e-05,100.0,174744,16.658533811569214,0.06776022911071777
810,0.0006519349843965493,0.0004420366717596957,0.0007790656263629596,31.08425957004154,0.9986063575744629,31.08425957004154,5.999687194824219,6.553600000000003e-05,100.0,174960,16.531059980392456,0.061543941497802734
811,0.0006777596027603832,0.00046908643444244194,0.0007801524053017299,31.078205481863957,0.9990369415283203,31.078205481863957,5.999715805053711,6.553600000000003e-05,100.0,175176,16.81597661972046,0.062361717224121094
812,0.0006771808711852393,0.0005193457965725574,0.0007810450717806816,31.073239035608076,0.9991816329956055,31.073239035608076,5.999784469604492,6.553600000000003e-05,100.0,175392,16.613182544708252,0.05856013298034668
813,0.000665465085969671,0.0005378318843904181,0.0007837635651230812,31.058149294695294,1.0023216819763183,31.054529376795635,5.999853610992432,6.553600000000003e-05,100.0,175608,16.40231966972351,0.06371521949768066
814,0.000660356197209246,0.0005173038700055601,0.0007842514539758364,31.055446674620985,1.0015199089050293,31.053061800750847,5.999787330627441,6.553600000000003e-05,100.0,175824,16.731630325317383,0.057054996490478516
815,0.0006827030550229593,0.0005868024236279661,0.00078964002430439,31.025708467948483,0.9976688385009765,31.025708467948483,5.999837875366211,6.553600000000003e-05,100.0,176040,17.008627891540527,0.05941915512084961
816,0.0006543864949903303,0.0005366775384037823,0.0007903275266289711,31.02192891583642,0.9992082214355469,31.02192891583642,5.999732494354248,6.553600000000003e-05,100.0,176256,17.21682333946228,0.0628058910369873
817,0.0006795679822402155,0.0005907523191358516,0.0008001271511117618,30.968409922101984,0.9994168090820312,30.968409922101984,5.999882221221924,6.553600000000003e-05,100.0,176472,16.740933418273926,0.06609725952148438
818,0.0006662570889465565,0.0005820100173435133,0.0007832369829217593,31.061068141829026,1.0029844665527343,31.056412518557174,5.999746322631836,6.553600000000003e-05,100.0,176688,17.000367403030396,0.07131290435791016
819,0.0006640787910589058,0.0005351093158368831,0.0007804613560438156,31.076485958333613,1.0011401557922364,31.074771535941696,5.999551773071289,6.553600000000003e-05,100.0,176904,17.42125630378723,0.06576251983642578
820,0.0006606997643172256,0.0005139686246200101,0.0007940508797764778,31.001516687338487,1.0011787986755372,30.9996489796927,5.999917984008789,6.553600000000003e-05,100.0,177120,17.08761215209961,0.0623164176940918
821,0.0006634570236412295,0.0004788159253075719,0.0007892628386616707,31.02778344862329,1.0052042961120606,31.019982226686203,5.999734401702881,6.553600000000003e-05,100.0,177336,17.671637296676636,0.059845924377441406
822,0.0006633425838621064,0.0004785271641879302,0.00078133558233579,31.071623972951738,0.9991311073303223,31.071623972951738,5.999844551086426,6.553600000000003e-05,100.0,177552,16.746626138687134,0.06492352485656738
823,0.0006693419724351902,0.0004495389585423729,0.0007814561575651169,31.07095382406986,1.0017927551269532,31.06811591342892,5.999715805053711,6.553600000000003e-05,100.0,177768,16.81653141975403,0.061664581298828125
824,0.0006665572108012503,0.0004313510034800224,0.0007844330122073491,31.05444137699559,1.001692295074463,31.05176772083213,5.9997382164001465,6.553600000000003e-05,100.0,177984,16.357576608657837,0.0566098690032959
825,0.0006752287393327857,0.00047040672834449705,0.0007963847989837328,30.988770381731175,0.9986208534240723,30.988770381731175,5.999837398529053,6.553600000000003e-05,100.0,178200,16.583439350128174,0.06968832015991211
826,0.0006689635013142412,0.0005458214641481206,0.0007792536914348603,31.083211317319144,1.0003892707824706,31.0825857393283,5.999775409698486,6.553600000000003e-05,100.0,178416,16.605438470840454,0.05311155319213867
827,0.0006822103054762102,0.0006308900525766438,0.0007892067978779475,31.028091825833457,1.002885341644287,31.02354280168224,5.999842643737793,6.553600000000003e-05,100.0,178632,17.072248220443726,0.06193685531616211
828,0.0006611464643999394,0.0005257567203185265,0.0007838710645834604,31.05755366582057,1.0019754219055175,31.054504764171945,5.999788284301758,6.553600000000003e-05,100.0,178848,16.420538187026978,0.05896115303039551
829,0.0006521014935350505,0.0005503117706815618,0.0007809258624911308,31.073901940859486,1.0031768798828125,31.06905733180906,5.999896049499512,6.553600000000003e-05,100.0,179064,17.056980848312378,0.057386159896850586
830,0.0006688434058341427,0.0004967200108196425,0.0007869348550836246,31.040612184017064,0.99775634765625,31.040612184017064,5.999804496765137,6.553600000000003e-05,100.0,179280,16.43820285797119,0.06180930137634277
831,0.0006696597599775355,0.0004831277474464066,0.0007841678460439046,31.0559096944718,1.0013394737243653,31.053810168198016,5.999757766723633,5.242880000000003e-05,100.0,179496,17.358134508132935,0.056642770767211914
832,0.0006423545286963707,0.0005526953311704531,0.000780427244802316,31.07667577743984,1.001670799255371,31.074070514466698,5.999819278717041,5.242880000000003e-05,100.0,179712,16.587939500808716,0.0562746524810791
833,0.000650694186401054,0.00044373735569525454,0.0007835716878374418,31.05921264405357,1.0002592658996583,31.058821049061752,5.9998273849487305,5.242880000000003e-05,100.0,179928,16.945544481277466,0.06310033798217773
834,0.0006735904343372238,0.0005980961402351766,0.0007782471925020218,31.088824373439103,1.0016644096374512,31.086259738686948,5.999806880950928,5.242880000000003e-05,100.0,180144,16.143694162368774,0.06581687927246094
835,0.000679105968228069,0.0007139051997480725,0.0007837224751710892,31.058376985902196,0.9974272537231446,31.058376985902196,5.999866485595703,5.242880000000003e-05,100.0,180360,16.781939268112183,0.0568995475769043
836,0.0006682582129049452,0.0005040948463441885,0.0007764538129170736,31.09884373022137,0.9962966346740723,31.09884373022137,5.999544143676758,5.242880000000003e-05,100.0,180576,17.13318943977356,0.06914830207824707
837,0.0006545850941978827,0.000577520677158474,0.0007834471265474955,31.059903079682037,0.9977373504638671,31.059903079682037,5.999912261962891,5.242880000000003e-05,100.0,180792,16.74878716468811,0.061469316482543945
838,0.0006571954578174737,0.0005033213175509287,0.0007865337406595548,31.04282642312206,0.9973845672607422,31.04282642312206,5.999789714813232,5.242880000000003e-05,100.0,181008,16.39258337020874,0.05942678451538086
839,0.0006653693941948206,0.000575703802532044,0.000785298968354861,31.049649730787934,0.998759880065918,31.049649730787934,5.999880790710449,5.242880000000003e-05,100.0,181224,16.401122570037842,0.06325840950012207
840,0.0006637117863916185,0.0004851279793428662,0.00077949741234382,31.081853221770835,1.0007540321350097,31.080716877468163,5.999837398529053,5.242880000000003e-05,100.0,181440,16.52950358390808,0.06522202491760254
841,0.0006666421055948982,0.0005096148962384441,0.0007790966952840487,31.084086378060157,0.9988107490539551,31.084086378060157,5.999833583831787,5.242880000000003e-05,100.0,181656,16.625742435455322,0.0621342658996582
842,0.0006599931658306361,0.0004989350415037378,0.0007772605990370115,31.094333470307948,1.0003450584411622,31.093799180445952,5.999764919281006,5.242880000000003e-05,100.0,181872,16.456536531448364,0.06098341941833496
843,0.0006631674455897208,0.000507829583088017,0.0007813533519705136,31.071525204039553,1.00135160446167,31.069434604785222,5.999873638153076,5.242880000000003e-05,100.0,182088,16.36636233329773,0.06003427505493164
844,0.0006569741393331492,0.0004897104394014763,0.0007814110567172368,31.071204479393487,1.0009120750427245,31.06978624525692,5.999875068664551,5.242880000000003e-05,100.0,182304,16.559744119644165,0.06333279609680176
845,0.0006686001540283146,0.00044196664284833746,0.0007740622013807296,31.11224139277034,1.0031326866149903,31.10744564307033,5.999588966369629,5.242880000000003e-05,100.0,182520,16.608793258666992,0.06221818923950195
846,0.0006519612380424919,0.00045363521912013705,0.0007779175539811452,31.090664283938352,0.9982459259033203,31.090664283938352,5.99989128112793,5.242880000000003e-05,100.0,182736,16.413671493530273,0.06028127670288086
847,0.0006728888660554598,0.0004272617950387623,0.0007761200517416001,31.10071096040364,1.0017610931396483,31.097898611190296,5.999850273132324,5.242880000000003e-05,100.0,182952,16.347732543945312,0.06093025207519531
848,0.0006680563170010683,0.0005050412103520248,0.0007798872143030167,31.0796819954993,1.0026559829711914,31.075610147701575,5.9997711181640625,5.242880000000003e-05,100.0,183168,16.43139100074768,0.06826043128967285
849,0.0006730852901692623,0.0005220734811914356,0.0007919052491585413,31.013267782959506,1.0003573608398437,31.01273077604415,5.999704837799072,5.242880000000003e-05,100.0,183384,16.32606339454651,0.06610393524169922
850,0.0006565778298924367,0.0004949449186307796,0.0007812157521645228,31.072290083320084,0.9998541641235351,31.072290083320084,5.999901294708252,5.242880000000003e-05,100.0,183600,16.241569995880127,0.0576634407043457
851,0.0006480685776045573,0.0004280444619623755,0.0007738097881277402,31.113657810725407,1.0025927352905273,31.10962035331383,5.99967098236084,5.242880000000003e-05,100.0,183816,16.352349996566772,0.0712120532989502
852,0.000649457737783213,0.00045447904461373885,0.0007748423144221306,31.107866703248398,0.9997090148925781,31.107866703248398,5.999858856201172,5.242880000000003e-05,100.0,184032,15.983218669891357,0.06497788429260254
853,0.000663971733926134,0.0005737976430901799,0.0007784106085697809,31.08791253916578,0.9997194862365723,31.08791253916578,5.999690055847168,5.242880000000003e-05,100.0,184248,15.99627947807312,0.06858181953430176
854,0.0006678210756997916,0.0005282949531734314,0.0007747879127661387,31.10817163198041,1.0000083923339844,31.108159242310837,5.999754905700684,5.242880000000003e-05,100.0,184464,16.812208652496338,0.055917978286743164
855,0.0006642713075827645,0.0005230042138946769,0.0007827893023689587,31.06355118059867,0.9980340957641601,31.06355118059867,5.999855041503906,5.242880000000003e-05,100.0,184680,16.525800228118896,0.06881570816040039
856,0.0006737050248067016,0.000554411042501907,0.0007797656208276748,31.080359163831815,0.9993439865112305,31.080359163831815,5.9998369216918945,5.242880000000003e-05,100.0,184896,16.739078044891357,0.055831193923950195
857,0.0006546469267282257,0.0004761262164802115,0.0007780870422720909,31.089718170668853,0.9964979743957519,31.089718170668853,5.999886989593506,5.242880000000003e-05,100.0,185112,16.454153299331665,0.05819821357727051
858,0.0006517510292410473,0.00046736539145796627,0.0007710794731974602,31.129008580159944,0.9990572929382324,31.129008580159944,5.9997053146362305,5.242880000000003e-05,100.0,185328,16.303051948547363,0.060765981674194336
859,0.0006513342973472469,0.0004323338379786498,0.0007748952880501747,31.10756979938134,0.9977161979675293,31.10756979938134,5.999872207641602,5.242880000000003e-05,100.0,185544,16.470195293426514,0.05956315994262695
860,0.0006696713739749638,0.0005644914681982735,0.0007869723563392957,31.040405226601948,1.0024392127990722,31.036629779714012,5.999847888946533,5.242880000000003e-05,100.0,185760,16.434223890304565,0.06215715408325195
861,0.0006590358866378665,0.0005188833373814713,0.0007802350694934527,31.077745332023877,0.9931579971313477,31.077745332023877,5.999648094177246,5.242880000000003e-05,100.0,185976,16.751510620117188,0.05849719047546387
862,0.0006538953330954942,0.0005676830307567033,0.0007749124119679133,31.107473828468528,1.000732479095459,31.106324847618296,5.999670028686523,5.242880000000003e-05,100.0,186192,16.62985897064209,0.06214451789855957
863,0.0006519344456298141,0.0004252168661374869,0.000773958240946134,31.112824711206123,1.0003325462341308,31.112295248201104,5.999823570251465,5.242880000000003e-05,100.0,186408,16.710775136947632,0.0610651969909668
864,0.0006571981071265063,0.0005125489101772184,0.0008137853691975276,30.89490122462456,1.004436206817627,30.88836250611797,5.999637603759766,5.242880000000003e-05,100.0,186624,16.414445638656616,0.05806088447570801
865,0.0006584735159792573,0.0005759618094906319,0.0007784657304485639,31.087605011493892,1.0023565483093262,31.083851659263722,5.999835968017578,5.242880000000003e-05,100.0,186840,16.620307207107544,0.055902957916259766
866,0.0006649679578402066,0.0004469248923756506,0.0007756683106223743,31.1032395098583,1.0011527252197265,31.101438673670764,5.999804496765137,5.242880000000003e-05,100.0,187056,16.840774536132812,0.06145811080932617
867,0.0006636661783441146,0.0004811552792544598,0.0007779877136150996,31.090272615595378,1.0038876152038574,31.084302142269532,5.999829292297363,5.242880000000003e-05,100.0,187272,55.658243894577026,6.381211996078491
868,0.0006537805787166176,0.000535147092845021,0.000771252860625585,31.128032121300443,1.0009544372558594,31.12652586951824,5.9997453689575195,5.242880000000003e-05,100.0,187488,17.358275413513184,0.07962632179260254
869,0.0006565875937973244,0.0006275228126500935,0.0007739214226603508,31.113031316134503,1.0002677345275879,31.112618812868913,5.999794960021973,5.242880000000003e-05,100.0,187704,17.464898109436035,0.0811166763305664
870,0.0006563638624367371,0.0005424465995578879,0.0007737352326512337,31.114076267463435,0.9986811065673828,31.114076267463435,5.99985408782959,5.242880000000003e-05,100.0,187920,16.976282358169556,0.07177448272705078
871,0.0006929168428388843,0.0005393692237945895,0.0007749229048689206,31.107415022104302,0.9992907333374024,31.107415022104302,5.999897003173828,5.242880000000003e-05,100.0,188136,17.288390398025513,0.0725092887878418
872,0.00067233984068414,0.0005378756304339007,0.0007773808886607488,31.09366140384971,1.0000054740905762,31.093653148492557,5.9999260902404785,5.242880000000003e-05,100.0,188352,17.396475791931152,0.07338976860046387
873,0.0006600509002210869,0.0005069396128554059,0.0007807748143871626,31.074742042413273,1.0005364608764649,31.073925420609196,5.999837398529053,5.242880000000003e-05,100.0,188568,17.137935638427734,0.09264302253723145
874,0.000658936601780031,0.0005371536919509695,0.0007865833739439646,31.042552375356067,1.0010582542419433,31.040943679075212,5.99987268447876,5.242880000000003e-05,100.0,188784,17.731133460998535,0.06877303123474121
875,0.0006665338598448189,0.000471684582180519,0.0007737302780151368,31.114104077726115,1.0020313262939453,31.110859355098217,5.999840259552002,5.242880000000003e-05,100.0,189000,16.757944107055664,0.06640434265136719
876,0.0006577108582427752,0.0005011180796377037,0.0007718433191378912,31.124708506226206,0.9977528953552246,31.124708506226206,5.999772071838379,5.242880000000003e-05,100.0,189216,16.94221544265747,0.07253909111022949
877,0.0006692449679679197,0.0005739995988382809,0.0007750053455432256,31.106953019686326,1.0017902946472168,31.104226751946534,5.999814033508301,5.242880000000003e-05,100.0,189432,17.259244441986084,0.06041741371154785
878,0.00066528925128902,0.0005783303810512998,0.0007725068181753159,31.12097678786171,1.0000389099121094,31.120922266189858,5.999820709228516,5.242880000000003e-05,100.0,189648,17.23360848426819,0.08138871192932129
879,0.0006504707368414687,0.0005348793126683197,0.0007756495227416357,31.10334470394241,0.9955423545837402,31.10334470394241,5.999728679656982,4.1943040000000025e-05,100.0,189864,16.769476413726807,0.0686948299407959
880,0.0006564070583334651,0.0004607043271560384,0.0007712273920575778,31.12817553783403,0.9996084022521973,31.12817553783403,5.999826431274414,4.1943040000000025e-05,100.0,190080,16.993874311447144,0.060001373291015625
881,0.0006594222084200684,0.0005631517708989913,0.0007893522207935651,31.027291648339595,0.9964438629150391,31.027291648339595,5.999625205993652,4.1943040000000025e-05,100.0,190296,16.524495840072632,0.07025384902954102
882,0.0006667413256819481,0.0005658437511748701,0.0007725535581509272,31.120714029023166,1.0022522926330566,31.117177337470252,5.9997639656066895,4.1943040000000025e-05,100.0,190512,16.88080930709839,0.062364816665649414
883,0.0006641833594176864,0.0004924760321222678,0.0007734797646601995,31.115510435824135,1.003105297088623,31.11063397977756,5.999873161315918,4.1943040000000025e-05,100.0,190728,16.672527074813843,0.061061859130859375
884,0.0006656594151307059,0.0004861417511963974,0.000784338153898716,31.054966583487683,0.9985088157653809,31.054966583487683,5.999824523925781,4.1943040000000025e-05,100.0,190944,16.53550624847412,0.05824017524719238
885,0.0006715003150579371,0.0004988260791245578,0.0007793905337651571,31.082448733169016,1.000583610534668,31.08154335566862,5.999875068664551,4.1943040000000025e-05,100.0,191160,16.45194673538208,0.06000876426696777
886,0.0006541013899866654,0.0005001151970371712,0.0007730783273776372,31.11776501651477,1.0015736198425294,31.115279032334612,5.999863624572754,4.1943040000000025e-05,100.0,191376,17.386465787887573,0.06081247329711914
887,0.0006451248322559548,0.0005362018117127752,0.0007780609279870987,31.08986393174156,0.9997552490234375,31.08986393174156,5.999738693237305,4.1943040000000025e-05,100.0,191592,17.31218123435974,0.0701456069946289
888,0.0006578587273311248,0.0004261461920037434,0.0007701956356565158,31.13398946652865,0.9990153694152832,31.13398946652865,5.999658584594727,4.1943040000000025e-05,100.0,191808,16.98483943939209,0.061171531677246094
889,0.000646073941944464,0.00048417078290620576,0.0007709736749529839,31.12960450765957,1.0021908569335938,31.12615877142618,5.999868392944336,4.1943040000000025e-05,100.0,192024,16.66003131866455,0.06176352500915527
890,0.000676578607509736,0.0005167564709900298,0.0007731205224990844,31.117527982210756,1.0019952392578124,31.11444590061346,5.999818801879883,4.1943040000000025e-05,100.0,192240,16.93782615661621,0.0631251335144043
891,0.0006597825161019421,0.0004391630528751167,0.0007691196724772453,31.140060801558217,1.0001458168029784,31.139834887374448,5.999711990356445,4.1943040000000025e-05,100.0,192456,16.77976942062378,0.06312036514282227
892,0.000658518259136843,0.00048678967194037807,0.0007713392376899719,31.127545757050207,0.998709831237793,31.127545757050207,5.9998273849487305,4.1943040000000025e-05,100.0,192672,16.555444478988647,0.05642342567443848
893,0.0006696838506267986,0.0004449609320178844,0.0007747043296694755,31.10864016840418,0.996690788269043,31.10864016840418,5.999841690063477,4.1943040000000025e-05,100.0,192888,16.599074363708496,0.06052088737487793
894,0.0006813906214328185,0.0005351609725883042,0.0007692941774924597,31.139075545666266,0.9979073333740235,31.139075545666266,5.999828815460205,4.1943040000000025e-05,100.0,193104,16.61872911453247,0.05794191360473633
895,0.0006538963035099964,0.0004579142329580002,0.0007760250816742579,31.10124241813083,1.0025883293151856,31.0970942171266,5.999836444854736,4.1943040000000025e-05,100.0,193320,16.68030309677124,0.061284780502319336
896,0.0006771439967670249,0.0006188425808078677,0.0007913729300101599,31.01618809450685,1.001427001953125,31.01403977012395,5.999931812286377,4.1943040000000025e-05,100.0,193536,16.662039756774902,0.05427265167236328
897,0.0006771508990651995,0.0006157799569242026,0.0007772426555554072,31.09443373069691,1.0053104209899901,31.08610668853221,5.9998369216918945,4.1943040000000025e-05,100.0,193752,17.418609619140625,0.058792829513549805
898,0.0006585364781009654,0.00044075595063116887,0.0007901664574940999,31.022814100309436,0.9988484382629395,31.022814100309436,5.99990177154541,4.1943040000000025e-05,100.0,193968,16.954344272613525,0.05642056465148926
899,0.0006612466293913514,0.0004480995792234181,0.0007728697359561921,31.118936984784654,1.0003550720214844,31.118370914902687,5.999901294708252,4.1943040000000025e-05,100.0,194184,16.865158081054688,0.061536550521850586
900,0.0006539975068923356,0.000513208199535375,0.0007719127709666887,31.124317737940743,0.9994981765747071,31.124317737940743,5.999810218811035,4.1943040000000025e-05,100.0,194400,17.188460111618042,0.06058812141418457
901,0.0006664672361575472,0.0004943334469504222,0.0007735262066125869,31.1152496807394,0.999814510345459,31.1152496807394,5.999823093414307,4.1943040000000025e-05,100.0,194616,16.597333192825317,0.06527876853942871
902,0.0006659389966828884,0.000555299816356189,0.0007819750532507896,31.068071016822746,1.0020368766784669,31.064837612893133,5.999863624572754,4.1943040000000025e-05,100.0,194832,17.19319796562195,0.06272172927856445
903,0.0006491336650282576,0.0004561093610549427,0.0007742282624046008,31.111309792553325,0.9997524642944335,31.111309792553325,5.999917507171631,4.1943040000000025e-05,100.0,195048,17.25038719177246,0.06825089454650879
904,0.0006583544008258352,0.00042178071950953725,0.0007665829360485077,31.154408522646214,1.0005419540405274,31.153553784053404,5.999788284301758,4.1943040000000025e-05,100.0,195264,17.321908473968506,0.06711411476135254
905,0.0006609651757120762,0.0005081905721200873,0.0007695603494842847,31.137573168067693,0.998176383972168,31.137573168067693,5.999895095825195,4.1943040000000025e-05,100.0,195480,17.246217966079712,0.06624364852905273
906,0.0006555356468289983,0.00045956286024707166,0.0007694210732976596,31.13835923187043,0.9996191024780273,31.13835923187043,5.999831676483154,4.1943040000000025e-05,100.0,195696,17.180663585662842,0.0643458366394043
907,0.0006552720834177149,0.0005599534898604927,0.000786310297747453,31.044060366501434,0.9988445281982422,31.044060366501434,5.999864101409912,4.1943040000000025e-05,100.0,195912,16.78831195831299,0.06239438056945801
908,0.0006386378176503585,0.0005507156170526708,0.0007730811337629954,31.117749251029956,1.0058448791503907,31.108583295368796,5.999653339385986,4.1943040000000025e-05,100.0,196128,16.95622181892395,0.05825972557067871
909,0.0006531506663431292,0.0005287710255335855,0.0007685961450139681,31.143017981222037,0.9996014213562012,31.143017981222037,5.999788284301758,4.1943040000000025e-05,100.0,196344,16.51932191848755,0.06012868881225586
910,0.0006567533562580744,0.00044523592120495394,0.0007664662102858225,31.15506986288895,0.9978747177124023,31.15506986288895,5.999834060668945,4.1943040000000025e-05,100.0,196560,16.655341386795044,0.06169724464416504
911,0.000643447597740569,0.000552944529875843,0.000773184597492218,31.11716806080065,0.9990916442871094,31.11716806080065,5.999808311462402,4.1943040000000025e-05,100.0,196776,16.587786436080933,0.059719085693359375
912,0.0006631899098663226,0.0005195892489839183,0.0007752176870902379,31.105763271362612,0.9944857025146484,31.105763271362612,5.999807357788086,4.1943040000000025e-05,100.0,196992,16.674092531204224,0.064300537109375
913,0.0006660391224305267,0.000540772631622689,0.0007681468750039736,31.145557319149617,1.0065244293212892,31.13525526252845,5.999804496765137,4.1943040000000025e-05,100.0,197208,16.675187587738037,0.05608510971069336
914,0.0006602159000096329,0.0005210843182546829,0.0007692716519037882,31.139202712650942,0.9983565711975098,31.139202712650942,5.999734878540039,4.1943040000000025e-05,100.0,197424,16.475431203842163,0.056051015853881836
915,0.0006579099832426594,0.0005638967592444649,0.0007677558064460755,31.147768903548325,0.9991636848449708,31.147768903548325,5.999593734741211,4.1943040000000025e-05,100.0,197640,17.112508058547974,0.0617063045501709
916,0.0006389466480459964,0.0005186466287578577,0.0007704968129595121,31.1322915333357,1.0011082839965821,31.13052814702278,5.9998626708984375,4.1943040000000025e-05,100.0,197856,17.28613519668579,0.0655207633972168
917,0.0006606416078959254,0.00042632517823274586,0.0007654635856548946,31.16075464567676,1.000301399230957,31.160273197502203,5.999878406524658,4.1943040000000025e-05,100.0,198072,17.273134231567383,0.06251692771911621
918,0.0006543135509380828,0.0005917458199774442,0.0007768052940567335,31.096878233011438,1.002075538635254,31.09371516811422,5.99992561340332,4.1943040000000025e-05,100.0,198288,17.470831871032715,0.05741477012634277
919,0.0006473180995005574,0.00041011389726233006,0.0007647599031527837,31.164748904704357,1.0005611991882324,31.163854761946936,5.999658107757568,4.1943040000000025e-05,100.0,198504,16.983585834503174,0.05516409873962402
920,0.0006364384475434064,0.00040477085244450446,0.0007641622672478358,31.168144106814054,1.0020974731445313,31.164794036259536,5.999811172485352,4.1943040000000025e-05,100.0,198720,16.961376905441284,0.060791730880737305
921,0.0006522722705942241,0.0005182058064172558,0.0007710898543397585,31.128950110927867,1.0038189506530761,31.122962303725746,5.999777793884277,4.1943040000000025e-05,100.0,198936,17.023930311203003,0.0647280216217041
922,0.0006667038551160553,0.0005040348516237261,0.000778513066470623,31.0873409388781,1.0002204704284667,31.087004013292592,5.999881744384766,4.1943040000000025e-05,100.0,199152,17.28330135345459,0.060745954513549805
923,0.0006587427331175169,0.0005872751837866245,0.000777717928091685,31.091778894960186,1.0012397766113281,31.089817631450774,5.999853134155273,4.1943040000000025e-05,100.0,199368,16.972612857818604,0.06709861755371094
924,0.0006707165106132195,0.000512632644445082,0.0007717693348725637,31.12512481478808,0.9978897094726562,31.12512481478808,5.999802589416504,4.1943040000000025e-05,100.0,199584,16.982856273651123,0.10078883171081543
925,0.0006590739136858695,0.0005366769236971394,0.0007715981329480807,31.126088318981985,0.9988934326171875,31.126088318981985,5.9996137619018555,4.1943040000000025e-05,100.0,199800,17.360108613967896,0.0658111572265625
926,0.000637120761523914,0.0005746811615856553,0.000769638977944851,31.137129458069055,1.0010868644714355,31.135378605448935,5.999910831451416,4.1943040000000025e-05,100.0,200016,16.61144781112671,0.05985283851623535
927,0.0006556405107139786,0.0005343121890842483,0.0007689362764358521,31.14109649716102,1.001066722869873,31.139424948349827,5.999881744384766,4.1943040000000025e-05,100.0,200232,17.658919095993042,0.056237220764160156
928,0.0006533632241864352,0.0005097234404672855,0.0007703449204564095,31.13314776762275,1.0001722908020019,31.13288350137559,5.999846935272217,4.1943040000000025e-05,100.0,200448,17.373502492904663,0.06291961669921875
929,0.0006627860134450611,0.0005146080345603759,0.0007682769000530243,31.144822246413003,0.9967461395263671,31.144822246413003,5.999758720397949,4.1943040000000025e-05,100.0,200664,17.294430017471313,0.05840921401977539
930,0.0006595437613693808,0.00047263735662335935,0.0007620757942398389,31.180018326195285,1.0002552032470704,31.179607831687175,5.999719142913818,4.1943040000000025e-05,100.0,200880,16.435795307159424,0.06658315658569336
931,0.0006624198185644396,0.000529898377371601,0.0007678235694766045,31.147385607045173,1.000616340637207,31.14642635511832,5.999560356140137,4.1943040000000025e-05,100.0,201096,16.589811325073242,0.059702396392822266
932,0.0006539727653464491,0.0005288184790507607,0.0007685094699263573,31.1435077655536,1.0005755805969239,31.142609355302433,5.999852180480957,4.1943040000000025e-05,100.0,201312,17.368552923202515,0.05831289291381836
933,0.0006677594452934421,0.00047272924900702807,0.0007699329654375712,31.13547085227362,0.9980172538757324,31.13547085227362,5.9998555183410645,4.1943040000000025e-05,100.0,201528,17.501632928848267,0.06191658973693848
934,0.0006644553673602101,0.000505599270446523,0.0007650705551107724,31.162985121897286,0.9985989952087402,31.162985121897286,5.999675273895264,4.1943040000000025e-05,100.0,201744,16.40807795524597,0.06337094306945801
935,0.0006615652137375235,0.00048753530610406743,0.0007867232958475749,31.04177989644954,1.0002293968200684,31.04141591647558,5.999929904937744,4.1943040000000025e-05,100.0,201960,16.924803256988525,0.057965993881225586
936,0.0006483900728230567,0.0005579674651549346,0.0007709426060318946,31.129779524437797,0.9992383193969726,31.129779524437797,5.999624252319336,4.1943040000000025e-05,100.0,202176,16.827003955841064,0.05580425262451172
937,0.0006547560293794326,0.0006499467016386705,0.0007736144339044889,31.114754358917132,1.0103446578979491,31.09880636324492,5.999621868133545,4.1943040000000025e-05,100.0,202392,17.30672001838684,0.05615711212158203
938,0.0006583767554020861,0.0004685561347455866,0.0007634042203426361,31.172454434615176,0.9999743843078613,31.172454434615176,5.999797821044922,4.1943040000000025e-05,100.0,202608,16.68344473838806,0.06091570854187012
939,0.0006304882540691482,0.0004583556864383644,0.000769219013551871,31.139499894119716,0.9984017181396484,31.139499894119716,5.999621391296387,4.1943040000000025e-05,100.0,202824,17.224050521850586,0.06085658073425293
940,0.0006489711900349652,0.0004203162984450118,0.000763587901989619,31.171409610284652,0.9992411422729492,31.171409610284652,5.999763488769531,4.1943040000000025e-05,100.0,203040,16.799459218978882,0.065673828125
941,0.0006453690818591934,0.0005419268659855901,0.0007714852193991343,31.1267239000898,0.9989988136291504,31.1267239000898,5.999847412109375,4.1943040000000025e-05,100.0,203256,16.724839687347412,0.06379556655883789
942,0.0006587510912314706,0.0004604210491305676,0.0007656621560454368,31.15962818005716,1.0005681800842285,31.15872396448246,5.9998459815979,4.1943040000000025e-05,100.0,203472,16.659851551055908,0.06299257278442383
943,0.0006706122151724454,0.000501305163514031,0.0007687152301271757,31.142345144105462,0.9998809623718262,31.142345144105462,5.999886512756348,4.1943040000000025e-05,100.0,203688,17.042826175689697,0.06013989448547363
944,0.0006680940242106283,0.0005035529565403535,0.0007706848035256068,31.131232044109556,1.0015989494323732,31.12872848051948,5.999819755554199,4.1943040000000025e-05,100.0,203904,16.99114441871643,0.06263065338134766
945,0.0006634041267123235,0.0005721065786032789,0.0007701057195663452,31.13449651096781,0.9996202659606933,31.13449651096781,5.9998273849487305,4.1943040000000025e-05,100.0,204120,16.914364099502563,0.062319040298461914
946,0.0006665436037397687,0.00047943089757978484,0.0007668681070208549,31.15279323558926,0.9986033630371094,31.15279323558926,5.999803066253662,4.1943040000000025e-05,100.0,204336,17.211406230926514,0.06363534927368164
947,0.0006549691850575956,0.0004568855102727379,0.0007668128609657288,31.153106117569273,1.001507797241211,31.150719178002507,5.999753952026367,4.1943040000000025e-05,100.0,204552,17.02229356765747,0.06654477119445801
948,0.0006604404251455613,0.0005168283132809228,0.0007690652708212534,31.14036799919549,0.9971811866760254,31.14036799919549,5.999839782714844,4.1943040000000025e-05,100.0,204768,16.81567096710205,0.05742168426513672
949,0.0006568399528918815,0.0004776272795878459,0.0007690639421343803,31.14037550235416,0.9984002494812012,31.14037550235416,5.999845504760742,4.1943040000000025e-05,100.0,204984,17.984293222427368,0.06011462211608887
950,0.0006647545416785431,0.0005678016967410087,0.0007760006686051686,31.1013790455185,0.9971061325073243,31.1013790455185,5.999756813049316,4.1943040000000025e-05,100.0,205200,17.222145318984985,0.06284189224243164
951,0.0006497123422593796,0.0005057166195542053,0.0007640482981999715,31.16879187263646,1.0014040756225586,31.16656751350429,5.999810218811035,3.355443200000002e-05,100.0,205416,16.810585021972656,0.06757855415344238
952,0.0006519282177137886,0.00040265184742789984,0.0007614569117625554,31.183546668692372,0.9969521713256836,31.183546668692372,5.99971866607666,3.355443200000002e-05,100.0,205632,16.98005747795105,0.06411027908325195
953,0.0006461233368305409,0.0004699846493768627,0.0007605180516839028,31.18890473059155,0.9971463012695313,31.18890473059155,5.9997663497924805,3.355443200000002e-05,100.0,205848,16.920871257781982,0.06426405906677246
954,0.0006513984428138296,0.000527896597320079,0.0007624799634019534,31.17771564306816,1.0028471183776855,31.173194199596068,5.999879837036133,3.355443200000002e-05,100.0,206064,16.813817739486694,0.06027388572692871
955,0.0006496602667164921,0.0005496868499271247,0.0007644235094388326,31.166659649156195,0.9993247032165528,31.166659649156195,5.999881267547607,3.355443200000002e-05,100.0,206280,16.723310947418213,0.0601346492767334
956,0.0006545628577241323,0.0005436299820902986,0.0007645789658029874,31.16577653951504,0.9967209815979003,31.16577653951504,5.999782085418701,3.355443200000002e-05,100.0,206496,16.525540351867676,0.05933260917663574
957,0.0006400135072434078,0.0005020273975569053,0.0007665451367696127,31.15462267329075,1.0007757568359374,31.153403900316672,5.999792575836182,3.355443200000002e-05,100.0,206712,16.54725742340088,0.06103992462158203
958,0.0006629780021266661,0.0005176153873849282,0.0007618816941976547,31.18112461135551,1.0029738998413087,31.17645148355042,5.999773025512695,3.355443200000002e-05,100.0,206928,16.690738201141357,0.06029009819030762
959,0.0006536877422553042,0.00042863440709998426,0.0007633453110853831,31.172789577542606,1.0025211906433105,31.16877747365367,5.999798774719238,3.355443200000002e-05,100.0,207144,16.770914793014526,0.059006690979003906
960,0.0006404240137519504,0.0005039036915084158,0.0007683191324273746,31.14458352020579,1.0000965309143066,31.144426014421608,5.99971342086792,3.355443200000002e-05,100.0,207360,16.7844877243042,0.06164216995239258
961,0.0006511082731447169,0.0005423296145770861,0.0007686515152454376,31.142705123552826,0.9982293128967286,31.142705123552826,5.999885082244873,3.355443200000002e-05,100.0,207576,16.615426540374756,0.058835744857788086
962,0.0006383335888993157,0.000523164395371155,0.0007651134332021077,31.162741730009657,0.9992065048217773,31.162741730009657,5.999849796295166,3.355443200000002e-05,100.0,207792,16.960400342941284,0.061786651611328125
963,0.0006524986649046828,0.00038726970347562344,0.0007615602513154348,31.182957314892104,0.9991427803039551,31.182957314892104,5.999590873718262,3.355443200000002e-05,100.0,208008,17.350022077560425,0.06307530403137207
964,0.0006526812396444164,0.0005545003118290417,0.0007662621885538101,31.15622604310968,0.9955195426940918,31.15622604310968,5.999702453613281,3.355443200000002e-05,100.0,208224,17.10137939453125,0.06243181228637695
965,0.0006563604376751227,0.0004916251327275582,0.0007635089134176572,31.171858885021145,0.9982433891296387,31.171858885021145,5.999749183654785,3.355443200000002e-05,100.0,208440,17.6950421333313,0.09594392776489258
966,0.0006496757006549371,0.0004912266918066619,0.0007620265583197275,31.180298922683928,0.9983156204223633,31.180298922683928,5.999741554260254,3.355443200000002e-05,100.0,208656,17.33196520805359,0.06270623207092285
967,0.0006584985856560693,0.0004834075093579789,0.000761629045009613,31.18256502324636,1.0024575614929199,31.17867673818697,5.999812126159668,3.355443200000002e-05,100.0,208872,17.706920385360718,0.06377196311950684
968,0.0006419280739551734,0.00041162567911669614,0.0007633182903130849,31.172943311112938,1.0011052513122558,31.17120211627855,5.9998345375061035,3.355443200000002e-05,100.0,209088,17.045703172683716,0.06627368927001953
969,0.0006495167660540428,0.0005156945610634875,0.0007637492070595423,31.17049227642802,0.9997843170166015,31.17049227642802,5.999852657318115,3.355443200000002e-05,100.0,209304,16.85365629196167,0.0979776382446289
970,0.0006323366858186605,0.00046143592240801754,0.00076447910318772,31.166343814018216,1.0015779685974122,31.16384334044816,5.999807357788086,3.355443200000002e-05,100.0,209520,17.674548625946045,0.06073164939880371
971,0.0006599333377190583,0.0004635492673791621,0.0007658285399278005,31.158684529502022,0.9989627265930175,31.158684529502022,5.999833106994629,3.355443200000002e-05,100.0,209736,17.797158002853394,0.0631556510925293
972,0.000648946555506816,0.00051023387302901,0.0007586985205610594,31.199307627960813,0.9994901466369629,31.199307627960813,5.999767303466797,3.355443200000002e-05,100.0,209952,17.753005266189575,0.06635189056396484
973,0.0006471937953534981,0.0004847959975334073,0.0007653263459602991,31.16153336052182,0.9982725906372071,31.16153336052182,5.999732971191406,3.355443200000002e-05,100.0,210168,17.234562635421753,0.07441210746765137
974,0.0006470126526403254,0.0005824850343734674,0.0007629166419307391,31.17522911490972,0.9995697784423828,31.17522911490972,5.999886512756348,3.355443200000002e-05,100.0,210384,17.695871114730835,0.06282997131347656
975,0.0006407581200398018,0.00047369500244225283,0.0007687029615044594,31.142414457649107,0.9951180267333984,31.142414457649107,5.999759674072266,3.355443200000002e-05,100.0,210600,17.089285135269165,0.06256365776062012
976,0.0006500023078726794,0.0005146088346204572,0.0007610460619131724,31.185890569885263,0.9968646621704101,31.185890569885263,5.99967098236084,3.355443200000002e-05,100.0,210816,17.847538948059082,0.06354737281799316
977,0.0006421554715379371,0.00040707178127047595,0.000758640393614769,31.19964037118384,0.9980063819885254,31.19964037118384,5.999662399291992,3.355443200000002e-05,100.0,211032,34.51761221885681,0.0995016098022461
978,0.0006393321621589417,0.0005731894658621995,0.0007716493681073188,31.12579995114819,1.0010538291931153,31.124091104253008,5.999828815460205,3.355443200000002e-05,100.0,211248,23.75067687034607,0.08477568626403809
979,0.0006395184103588479,0.0005123851707110695,0.0007686095933119456,31.14294199241381,0.9990903854370117,31.14294199241381,5.999855041503906,3.355443200000002e-05,100.0,211464,17.414132356643677,0.06670284271240234
980,0.0006544476932427589,0.00046741281055669853,0.0007617679362495741,31.181773112798737,0.9999014091491699,31.181773112798737,5.999876976013184,3.355443200000002e-05,100.0,211680,17.1823787689209,0.06454229354858398
981,0.0006282054644037524,0.000529907940266033,0.0007610765720407168,31.18571646591045,1.0005143356323243,31.184892879359772,5.999871253967285,3.355443200000002e-05,100.0,211896,31.54766082763672,0.06584000587463379
982,0.0006444913046636983,0.0004624702724074756,0.000759696215391159,31.193600371324134,1.0007154083251952,31.192473516517843,5.9997053146362305,3.355443200000002e-05,100.0,212112,32.70999884605408,0.07568216323852539
983,0.0006395582482218742,0.0004576962309943485,0.0007596526543299357,31.193849403378557,0.9995292663574219,31.193849403378557,5.999700546264648,3.355443200000002e-05,100.0,212328,23.052069425582886,0.06752419471740723
984,0.0006509078394932051,0.00047196110319076243,0.0007585194831093153,31.200332595731023,0.9983541679382324,31.200332595731023,5.999744892120361,3.355443200000002e-05,100.0,212544,17.931493520736694,0.13876843452453613
985,0.0006506995515023912,0.0005063999789780465,0.0007692577441533407,31.13928122995832,0.9986070823669434,31.13928122995832,5.999927043914795,3.355443200000002e-05,100.0,212760,17.75217342376709,0.06687402725219727
986,0.0006712431306748287,0.0003871247326226338,0.0007583078493674597,31.201544485375955,1.002123508453369,31.198186184601504,5.999641418457031,3.355443200000002e-05,100.0,212976,18.0066397190094,0.07179141044616699
987,0.0006468823445839403,0.00046408595510529004,0.0007618691772222519,31.18119596230204,0.9997386169433594,31.18119596230204,5.999838829040527,3.355443200000002e-05,100.0,213192,19.24972629547119,0.06900858879089355
988,0.0006557740171547925,0.000553596941045607,0.0007665596778194109,31.154540290173447,0.9992989730834961,31.154540290173447,5.999834060668945,3.355443200000002e-05,100.0,213408,17.54613447189331,0.06822800636291504
989,0.0006339686483556432,0.0004481235407697766,0.00076198510825634,31.180535161476627,0.9998417282104493,31.180535161476627,5.999854564666748,3.355443200000002e-05,100.0,213624,24.24859929084778,0.07076621055603027
990,0.0006384304583501206,0.0004396917687162109,0.0007594826444983483,31.19482146073372,1.0012543106079101,31.19279863905654,5.999758243560791,3.355443200000002e-05,100.0,213840,35.73791217803955,0.06609654426574707
991,0.000654963204279488,0.0004886349355397017,0.0007714414596557617,31.126970245108517,1.0000073432922363,31.12695199943928,5.99984073638916,3.355443200000002e-05,100.0,214056,27.002752542495728,0.07438802719116211
992,0.0006484782787890213,0.0004782681360476367,0.000759053019185861,31.197278879573986,1.00083438873291,31.195968741331768,5.99976110458374,3.355443200000002e-05,100.0,214272,18.466569185256958,0.06151270866394043
993,0.0006456673095016267,0.0005190010635735656,0.0007613453641533851,31.18418292347062,1.0002482223510742,31.183784429941706,5.999860763549805,3.355443200000002e-05,100.0,214488,16.931298971176147,0.06403589248657227
994,0.0006523948315230697,0.0005464886099208092,0.0007696837435166041,31.136876860734834,0.9990022277832031,31.136876860734834,5.999881744384766,3.355443200000002e-05,100.0,214704,17.34425139427185,0.06398558616638184
995,0.0006484190007145314,0.0005174735311648228,0.0007623644048968951,31.178373892817753,0.9983919334411621,31.178373892817753,5.999786853790283,3.355443200000002e-05,100.0,214920,16.576769828796387,0.06468367576599121
996,0.0006603622680489459,0.0004464785137173274,0.0007643897458910942,31.166851475364187,0.9983806419372558,31.166851475364187,5.999845027923584,3.355443200000002e-05,100.0,215136,16.761521577835083,0.061351776123046875
997,0.0006344583009173959,0.0005360734297057101,0.0007590021565556526,31.197569901402385,1.0036531639099122,31.19179531586238,5.999700546264648,3.355443200000002e-05,100.0,215352,17.149903059005737,0.06455421447753906
998,0.000646417201159225,0.0005795647966526989,0.0007624047746260961,31.178143925543136,0.9993662071228028,31.178143925543136,5.999826431274414,3.355443200000002e-05,100.0,215568,16.682419538497925,0.05965113639831543
999,0.0006463107367660311,0.0004315928391356399,0.0007575374220808347,31.205959083018623,0.9999862480163574,31.205959083018623,5.999814987182617,3.355443200000002e-05,100.0,215784,16.372207403182983,0.0590367317199707
1000,0.0006556504780251155,0.0005763607503225406,0.0007639536634087563,31.169329821784512,1.0020627403259277,31.166100586529893,5.999755859375,3.355443200000002e-05,100.0,216000,16.545844793319702,0.06041288375854492
1001,0.0006596267972381084,0.0005094552675828986,0.0007605003565549851,31.189005779951692,0.9974997901916504,31.189005779951692,5.999706268310547,3.355443200000002e-05,100.0,216216,16.55213713645935,0.05902695655822754
1002,0.0006511484223174984,0.00039498145185896884,0.0007599169636766116,31.192338605971525,0.9973478507995606,31.192338605971525,5.999798774719238,3.355443200000002e-05,100.0,216432,16.575541973114014,0.05844521522521973
1003,0.0006561813322975692,0.00045351229874633143,0.000759954626361529,31.19212336810085,1.0015847778320313,31.189610777963566,5.999773025512695,3.355443200000002e-05,100.0,216648,16.973175525665283,0.06302380561828613
1004,0.0006375524353411427,0.000518410333223047,0.0007608664035797119,31.186915919568392,0.9989541435241699,31.186915919568392,5.999781608581543,3.355443200000002e-05,100.0,216864,16.496265411376953,0.06496286392211914
1005,0.0006483547315271436,0.0005052110691473859,0.0007587003707885742,31.199297036894684,0.998785514831543,31.199297036894684,5.999817371368408,3.355443200000002e-05,100.0,217080,16.510658264160156,0.0700995922088623
1006,0.0006374080528241947,0.000475423801926545,0.0007610678672790528,31.18576613833127,0.9994020271301269,31.18576613833127,5.9996747970581055,3.355443200000002e-05,100.0,217296,16.7230966091156,0.08498597145080566
1007,0.0006487439671342356,0.0004446176248535082,0.0007567720860242843,31.210348955137665,1.002124729156494,31.206927944809873,5.999727249145508,3.355443200000002e-05,100.0,217512,16.80377435684204,0.0617520809173584
1008,0.000645934215416133,0.00043544919030956815,0.0007577291503548622,31.20486004825611,0.999514274597168,31.20486004825611,5.999746322631836,3.355443200000002e-05,100.0,217728,16.186272144317627,0.0577998161315918
1009,0.0006413068928742322,0.0005039781362385206,0.0007705048595865568,31.132246178346335,0.9973841857910156,31.132246178346335,5.9997382164001465,3.355443200000002e-05,100.0,217944,16.40144443511963,0.060547590255737305
1010,0.0006384530481781163,0.0005405395318403084,0.000758551706870397,31.20014810074202,0.9997908782958984,31.20014810074202,5.9997100830078125,3.355443200000002e-05,100.0,218160,16.508188247680664,0.06559443473815918
1011,0.0006485637042846909,0.0005503034796160848,0.0007701890294750532,31.13402671732997,0.9987361145019531,31.13402671732997,5.999903202056885,3.355443200000002e-05,100.0,218376,16.979925394058228,0.0698540210723877
1012,0.0006460188777165731,0.0005170564951402121,0.0007609325895706812,31.186538153374507,0.9996483802795411,31.186538153374507,5.99986457824707,3.355443200000002e-05,100.0,218592,16.89577841758728,0.06769657135009766
1013,0.0006514249926270998,0.00046147922347502217,0.0007601063326001167,31.19125649257038,1.0025722694396972,31.187226378674936,5.999723434448242,3.355443200000002e-05,100.0,218808,17.629647970199585,0.0658414363861084
1014,0.0006342874253776087,0.0004831216995185916,0.0007626701518893242,31.17663249970822,0.9966746902465821,31.17663249970822,5.999849319458008,3.355443200000002e-05,100.0,219024,17.208638668060303,0.06399250030517578
1015,0.0006382220346764054,0.0005066591283927361,0.0007598277678092321,31.19284839254625,1.0001681709289552,31.19256776477264,5.999867916107178,3.355443200000002e-05,100.0,219240,17.43363308906555,0.06302380561828613
1016,0.0006586876997481222,0.0004765951778213291,0.0007549904162685076,31.22058561202759,0.9990741920471191,31.22058561202759,5.999852180480957,3.355443200000002e-05,100.0,219456,17.510570287704468,0.06403756141662598
1017,0.0006537287970127511,0.0005163653073090034,0.0007642819235722224,31.167464120173726,1.001440544128418,31.165199536112564,5.999837875366211,3.355443200000002e-05,100.0,219672,17.720021724700928,0.06416916847229004
1018,0.0006459425248718564,0.000485505815629132,0.0007611313958962758,31.185403634832728,0.9977876091003418,31.185403634832728,5.999736785888672,3.355443200000002e-05,100.0,219888,16.828119039535522,0.06027936935424805
1019,0.0006483647515457394,0.00040151890758694946,0.0007607306043306987,31.18769111647458,1.0006309509277345,31.186675789709838,5.999914646148682,3.355443200000002e-05,100.0,220104,17.052587509155273,0.06527400016784668
1020,0.0006450424059564112,0.00047504798144749975,0.0007639930521448453,31.169105909385447,0.9974904251098633,31.169105909385447,5.999764442443848,3.355443200000002e-05,100.0,220320,16.842289209365845,0.05963397026062012
1021,0.0006475474526835741,0.0004079104500039872,0.0007555283730228742,31.21749221575264,0.9976092338562011,31.21749221575264,5.999662399291992,3.355443200000002e-05,100.0,220536,16.59225559234619,0.05990028381347656
1022,0.0006457750762785798,0.00047370561547037485,0.0007576856389641762,31.20510944211201,0.9987659645080567,31.20510944211201,5.999729156494141,3.355443200000002e-05,100.0,220752,16.80752205848694,0.06309771537780762
1023,0.0006307376111584271,0.00046083670305223134,0.0007581239442030589,31.202597866066377,0.9996548843383789,31.202597866066377,5.999775409698486,3.355443200000002e-05,100.0,220968,16.518116235733032,0.05820417404174805
1024,0.0006365743950279294,0.00041244444707273575,0.0007581066464384397,31.202696958167145,0.9968714714050293,31.202696958167145,5.999783992767334,3.355443200000002e-05,100.0,221184,16.50705909729004,0.05714249610900879
1025,0.0006405908231238794,0.00044513509652671825,0.0007577270517746608,31.204872076341115,0.9982694816589356,31.204872076341115,5.999768257141113,3.355443200000002e-05,100.0,221400,16.496050119400024,0.05976605415344238
1026,0.0006475808821362106,0.0004590855708912663,0.0007600447535514831,31.191608344978743,0.998904800415039,31.191608344978743,5.999849319458008,3.355443200000002e-05,100.0,221616,16.840758562088013,0.0636756420135498
1027,0.0006543398971088987,0.0005126353015488796,0.0007660589739680291,31.15737795533178,0.9999000549316406,31.15737795533178,5.999879837036133,3.355443200000002e-05,100.0,221832,16.968401432037354,0.0622100830078125
1028,0.000662655367826422,0.0005587730337393241,0.000760269711414973,31.190323111407153,0.9993849182128907,31.190323111407153,5.999749183654785,3.355443200000002e-05,100.0,222048,16.57293939590454,0.05345511436462402
1029,0.000640226174854552,0.0004243924704960723,0.0007580790792902311,31.20285488420677,1.0014393615722657,31.200619982729144,5.999852657318115,3.355443200000002e-05,100.0,222264,16.687416076660156,0.05998539924621582
1030,0.0006368451202423244,0.0004836753544573119,0.0007572833448648453,31.207415946250553,1.000929470062256,31.205960506819164,5.999824523925781,3.355443200000002e-05,100.0,222480,16.77513575553894,0.06067776679992676
1031,0.000646052788808078,0.00042153668930700077,0.0007553742950161299,31.21837798066337,0.9996807861328125,31.21837798066337,5.999713897705078,3.355443200000002e-05,100.0,222696,17.2548189163208,0.06409287452697754
1032,0.0006536074198505747,0.0004325194635927893,0.0007533570379018783,31.229991501722402,1.0006803703308105,31.228898463995197,5.999530792236328,3.355443200000002e-05,100.0,222912,17.331708192825317,0.06398987770080566
1033,0.0006578929896257224,0.00046082515748676613,0.000754402664800485,31.223967861958315,0.9985075950622558,31.223967861958315,5.999847412109375,3.355443200000002e-05,100.0,223128,16.920567989349365,0.06633925437927246
1034,0.0006528037050873905,0.00047389130553473596,0.0007572578390439351,31.207562222065253,1.0015163803100586,31.205177700518018,5.999564170837402,3.355443200000002e-05,100.0,223344,16.902121782302856,0.0703134536743164
1035,0.0006457403186114802,0.0004714838811196387,0.0007707153136531512,31.13106011756188,0.9994987106323242,31.13106011756188,5.999777317047119,3.355443200000002e-05,100.0,223560,17.207818269729614,0.0651540756225586
1036,0.000649218309427733,0.00038733334955421913,0.0007546660552422206,31.22245184065227,0.9991240501403809,31.22245184065227,5.999668121337891,3.355443200000002e-05,100.0,223776,16.76921510696411,0.061373233795166016
1037,0.0006363319139084037,0.00047155539646906696,0.0007645807166894277,31.165766594179335,0.9991161155700684,31.165766594179335,5.999768257141113,3.355443200000002e-05,100.0,223992,16.94636368751526,0.06263351440429688
1038,0.0006383908353239784,0.000574598870496603,0.000759996548295021,31.19188380166353,1.0022024154663085,31.188421357159704,5.999631881713867,3.355443200000002e-05,100.0,224208,16.845214128494263,0.058199405670166016
1039,0.0006251106965794241,0.0005570321696122055,0.0007555828119317691,31.217179300091907,1.002558650970459,31.213149528550332,5.999755859375,3.355443200000002e-05,100.0,224424,16.88011121749878,0.10559296607971191
1040,0.0006340667056392176,0.00044534567989867885,0.0007625080024202664,31.177555940943222,1.0017399787902832,31.17480910674166,5.999873638153076,3.355443200000002e-05,100.0,224640,16.639650344848633,0.05821681022644043
1041,0.0006350152149283584,0.00045756743664083924,0.0007622138907512029,31.179231408149324,1.0013846015930177,31.17701619405629,5.999741554260254,3.355443200000002e-05,100.0,224856,16.99180245399475,0.06435489654541016
1042,0.0006621929552352082,0.0005365860187516048,0.000762112041314443,31.179811764981224,0.9992222785949707,31.179811764981224,5.999905586242676,3.355443200000002e-05,100.0,225072,16.680800437927246,0.05800223350524902
1043,0.0006509828859386777,0.0004956756192394465,0.0007652632147073746,31.16189162188072,0.9964499282836914,31.16189162188072,5.999886989593506,3.355443200000002e-05,100.0,225288,17.769545316696167,0.060404062271118164
1044,0.0006559945547453843,0.00046794761879963504,0.0007587386295199394,31.19907804218166,0.9981589508056641,31.19907804218166,5.999728202819824,3.355443200000002e-05,100.0,225504,16.666602849960327,0.06194019317626953
1045,0.0006569499633126501,0.0005055836565536109,0.0007594749828179677,31.194865272693338,0.9986293983459472,31.194865272693338,5.999804496765137,3.355443200000002e-05,100.0,225720,16.57621955871582,0.05681347846984863
1046,0.0006375971285666784,0.000436165827103769,0.000759317564467589,31.195765539438614,0.9998741340637207,31.195765539438614,5.999786376953125,3.355443200000002e-05,100.0,225936,17.039630889892578,0.05954575538635254
1047,0.0006472547657693318,0.00042156544443138914,0.0007536516338586808,31.22829354997922,0.9994600486755371,31.22829354997922,5.9998087882995605,3.355443200000002e-05,100.0,226152,17.02768898010254,0.057324886322021484
1048,0.0006666380439486787,0.0005028550719261925,0.0007587079455455145,31.19925367776576,0.9957488632202148,31.19925367776576,5.999734878540039,3.355443200000002e-05,100.0,226368,16.944244861602783,0.055527687072753906
1049,0.0006590299784421813,0.0006140458099611535,0.0007633041962981224,31.173023500589775,0.9953765106201172,31.173023500589775,5.999768257141113,3.355443200000002e-05,100.0,226584,17.335232496261597,0.06372785568237305
1050,0.0006366763800801034,0.0005075492878255529,0.0007567064215739568,31.210725805001196,1.0002228355407714,31.210360855909798,5.999731063842773,3.355443200000002e-05,100.0,226800,17.449926376342773,0.058803558349609375
1051,0.0006473109402282137,0.00044226444630033295,0.0007514914249380429,31.240759706636826,0.9998925209045411,31.240759706636826,5.999667644500732,3.355443200000002e-05,100.0,227016,16.629242420196533,0.06052446365356445
1052,0.000634836797076075,0.0005007691165783267,0.0007548863564928373,31.22118423818369,0.997869815826416,31.22118423818369,5.999900817871094,3.355443200000002e-05,100.0,227232,18.046934604644775,0.057253122329711914
1053,0.0006571231726759478,0.0006193954704761289,0.0007586253806948662,31.199726315629192,1.002405319213867,31.195927546191506,5.9998779296875,3.355443200000002e-05,100.0,227448,17.216028451919556,0.06623411178588867
1054,0.0006518245607013882,0.0004928090326164079,0.0007553166896104813,31.21870918949519,1.003450984954834,31.213281735556578,5.999826431274414,3.355443200000002e-05,100.0,227664,16.379173040390015,0.06177473068237305
1055,0.0006332932037395844,0.0005037834367080443,0.0007542340581615766,31.224938605041533,0.9987834358215332,31.224938605041533,5.999691009521484,3.355443200000002e-05,100.0,227880,16.243144989013672,0.05732274055480957
1056,0.000635051159221895,0.00046107155675797356,0.0007598688950141271,31.19261332829187,1.0012806701660155,31.19057933318588,5.999814987182617,3.355443200000002e-05,100.0,228096,16.751453399658203,0.05956768989562988
1057,0.0006494721541673863,0.00047617868759898817,0.0007571478560566902,31.20819303063527,0.9983325576782227,31.20819303063527,5.999819755554199,3.355443200000002e-05,100.0,228312,17.286460399627686,0.06371760368347168
1058,0.0006483831144599379,0.0005128959612583445,0.0007538878420988718,31.226932604706867,1.0016540145874024,31.22433817434524,5.999757766723633,3.355443200000002e-05,100.0,228528,17.541105031967163,0.06767010688781738
1059,0.0006479485031635757,0.0005216747793652441,0.000760511706272761,31.188940966267147,1.0002299308776856,31.18858259383554,5.9999189376831055,3.355443200000002e-05,100.0,228744,17.24320912361145,0.07085657119750977
1060,0.0006438695102849084,0.0005258050783658805,0.0007527932027975718,31.233243109421625,0.9981247520446778,31.233243109421625,5.999820232391357,3.355443200000002e-05,100.0,228960,17.790133714675903,0.06578421592712402
1061,0.0006461819774214772,0.00042802877153904327,0.0007530147954821586,31.23196490554768,0.9987413024902344,31.23196490554768,5.999732971191406,3.355443200000002e-05,100.0,229176,17.194828987121582,0.06689000129699707
1062,0.0006380697366093164,0.00044970032293349503,0.0007554750020305316,31.21779901490161,1.001956081390381,31.214620005387413,5.99965763092041,3.355443200000002e-05,100.0,229392,16.55694341659546,0.06573033332824707
1063,0.0006515986098489468,0.0004969980923013519,0.0007580436766147613,31.203057706656917,1.0016033363342285,31.200547529835085,5.999774932861328,3.355443200000002e-05,100.0,229608,16.741867065429688,0.06242012977600098
1064,0.000639893779821316,0.0005293232676627088,0.0007600766172011693,31.191426277842524,1.0020949363708496,31.188111805193152,5.999846935272217,3.355443200000002e-05,100.0,229824,16.760992288589478,0.07699871063232422
1065,0.000650760021728828,0.0004886502684498935,0.0007612460603316624,31.18474941952693,0.99750244140625,31.18474941952693,5.999776840209961,3.355443200000002e-05,100.0,230040,16.41151523590088,0.06366515159606934
1066,0.0006539330579191986,0.000560131403212638,0.0007677853479981422,31.147601799814062,0.9961968231201171,31.147601799814062,5.999630928039551,3.355443200000002e-05,100.0,230256,16.48839783668518,0.0596773624420166
1067,0.0006465136125832256,0.00046594461702836166,0.0007571153591076533,31.20837943476246,1.0016472625732422,31.205797769439883,5.999828338623047,3.355443200000002e-05,100.0,230472,16.779132843017578,0.060466766357421875
1068,0.0006539002370824903,0.0004498126484669637,0.0007578648502628008,31.204082350253266,0.9987639617919922,31.204082350253266,5.999819278717041,3.355443200000002e-05,100.0,230688,16.738905668258667,0.059302330017089844
1069,0.0006441823708271419,0.0005160580739797349,0.0007554486642281214,31.217950423771676,0.9998630714416504,31.217950423771676,5.999762535095215,3.355443200000002e-05,100.0,230904,17.237022876739502,0.0598752498626709
1070,0.0006311213347615431,0.0005078572875725618,0.000752802590529124,31.233188950927975,1.00048828125,31.232439970967256,5.999705791473389,3.355443200000002e-05,100.0,231120,17.212634801864624,0.05620622634887695
1071,0.0006361480376791155,0.0004196827901203347,0.0007586793601512909,31.199417307432746,1.0008405685424804,31.198074475450106,5.999774932861328,3.355443200000002e-05,100.0,231336,17.426079273223877,0.05776643753051758
1072,0.0006375193089057786,0.0005144679006121621,0.0007613606626788775,31.184095656919023,0.9973903846740723,31.184095656919023,5.9999165534973145,2.6843545600000018e-05,100.0,231552,17.80504870414734,0.0606846809387207
1073,0.0006407216396452724,0.00046294801585052323,0.0007554840793212255,31.21774683324682,1.001358528137207,31.21554563837996,5.999850749969482,2.6843545600000018e-05,100.0,231768,16.823827266693115,0.05638408660888672
1074,0.0006191603312997715,0.00042343204506956365,0.0007532976195216179,31.230334049691926,0.9994559288024902,31.230334049691926,5.999842643737793,2.6843545600000018e-05,100.0,231984,16.439809799194336,0.06341934204101562
1075,0.000642671121750027,0.00037771186413432375,0.0007578352093696594,31.204252210724665,1.000621109008789,31.203272633381502,5.999689102172852,2.6843545600000018e-05,100.0,232200,16.979724645614624,0.06251883506774902
1076,0.0006521573915497224,0.0004438066056025201,0.0007529241343339284,31.232487817010654,0.998222427368164,31.232487817010654,5.999714374542236,2.6843545600000018e-05,100.0,232416,17.01956582069397,0.06600475311279297
1077,0.0006217830818976559,0.00042436896610762115,0.0007529570783178012,31.232297796837884,1.0025819206237794,31.228224784181982,5.999712944030762,2.6843545600000018e-05,100.0,232632,17.172659635543823,0.069915771484375
1078,0.0006481722341108041,0.0005500289087818152,0.0007537608096996944,31.227664465807933,0.99722412109375,31.227664465807933,5.999736785888672,2.6843545600000018e-05,100.0,232848,17.26164174079895,0.07038664817810059
1079,0.0006405573263528176,0.0005334184896133408,0.0007527136181791624,31.23370226590196,0.9993732070922852,31.23370226590196,5.999772071838379,2.6843545600000018e-05,100.0,233064,16.932790517807007,0.07051348686218262
1080,0.0006435219914503936,0.0005449017999774736,0.0007529376571377118,31.232409816770573,1.000910758972168,31.230931085539737,5.999758243560791,2.6843545600000018e-05,100.0,233280,17.01508140563965,0.06682085990905762
1081,0.0006402148907174073,0.0004999741148608534,0.0007560167834162712,31.214685631440755,0.9975596618652344,31.214685631440755,5.999846935272217,2.6843545600000018e-05,100.0,233496,16.490518808364868,0.05878329277038574
1082,0.0006505717552415486,0.0005024212803624138,0.0007509862631559372,31.24368006924111,0.9983818244934082,31.24368006924111,5.999789714813232,2.6843545600000018e-05,100.0,233712,16.74898862838745,0.06213235855102539
1083,0.0006414616352581568,0.00046960479944296505,0.0007530729845166206,31.231629318513217,1.0002594184875488,31.23122981325864,5.999776840209961,2.6843545600000018e-05,100.0,233928,16.66650080680847,0.05937075614929199
1084,0.0006378398856242605,0.00047202290160635457,0.0007509038597345352,31.244156633414416,1.0008051872253418,31.242867746979314,5.9997968673706055,2.6843545600000018e-05,100.0,234144,16.651582717895508,0.05893206596374512
1085,0.0006435774490945851,0.0004890009945433965,0.0007528488089640935,31.232922323323706,1.0007147979736328,31.23182310504554,5.999721050262451,2.6843545600000018e-05,100.0,234360,16.484151363372803,0.05987119674682617
1086,0.000644700222486711,0.0003941756648186972,0.0007517740751306216,31.239126549747553,1.0010952186584472,31.237377768330894,5.999768257141113,2.6843545600000018e-05,100.0,234576,16.663749933242798,0.06185197830200195
1087,0.0006479721398268273,0.0003864825978551222,0.0007493315264582634,31.253259950425925,1.0033712577819824,31.247858752319036,5.999682903289795,2.6843545600000018e-05,100.0,234792,16.505929470062256,0.06043887138366699
1088,0.0006299536063781251,0.0004105335591441911,0.000750092255572478,31.248853184455786,0.999345932006836,31.248853184455786,5.9997453689575195,2.6843545600000018e-05,100.0,235008,16.58730435371399,0.06183004379272461
1089,0.0006402438426174332,0.0005042905313219281,0.0007543505479892094,31.22426789835086,1.0047975730895997,31.216729594692318,5.999795913696289,2.6843545600000018e-05,100.0,235224,16.425843954086304,0.06770181655883789
1090,0.0006460074674122144,0.00046361239387424314,0.0007515327384074529,31.24052095848846,0.9991079330444336,31.24052095848846,5.999691963195801,2.6843545600000018e-05,100.0,235440,16.49943232536316,0.059224605560302734
1091,0.000634024028322133,0.00048347622905250476,0.0007559054841597875,31.21532503803003,0.9988753890991211,31.21532503803003,5.9998931884765625,2.6843545600000018e-05,100.0,235656,16.880396842956543,0.06533074378967285
1092,0.0006323602822427031,0.0004359778991994866,0.0007512239987651507,31.242305464544117,0.9999544525146484,31.242305464544117,5.999755859375,2.6843545600000018e-05,100.0,235872,16.531507968902588,0.05789971351623535
1093,0.0006274223098855304,0.0004395243964171496,0.0007539285346865654,31.226698191995,0.9991717910766602,31.226698191995,5.99986457824707,2.6843545600000018e-05,100.0,236088,17.30916452407837,0.058155059814453125
1094,0.0006327945585497587,0.00039743799284316494,0.0007520234460632006,31.2376861906642,0.9974328994750976,31.2376861906642,5.999792575836182,2.6843545600000018e-05,100.0,236304,16.425473928451538,0.06730771064758301
1095,0.000640524380310587,0.0004352547015076962,0.0007536498208840688,31.22830399732361,0.9996844482421875,31.22830399732361,5.999650478363037,2.6843545600000018e-05,100.0,236520,17.831705808639526,0.08569860458374023
1096,0.0006324501438538774,0.00048070791042477325,0.0007551685720682144,31.219560924141238,0.9980478096008301,31.219560924141238,5.999814987182617,2.6843545600000018e-05,100.0,236736,16.37571907043457,0.06538081169128418
1097,0.0006364803816920713,0.00048764956666264627,0.0007506878301501274,31.24540624684416,0.9982777404785156,31.24540624684416,5.999750137329102,2.6843545600000018e-05,100.0,236952,16.49815559387207,0.0570065975189209
1098,0.0006481367301708762,0.0005120002231358186,0.0007582925880948703,31.20163188989344,1.0011236000061035,31.19981489208127,5.999865531921387,2.6843545600000018e-05,100.0,237168,16.16038751602173,0.055882930755615234
1099,0.0006514532145018271,0.00046347718061609327,0.0007534267753362655,31.229589498691944,0.9996450996398926,31.229589498691944,5.999843597412109,2.6843545600000018e-05,100.0,237384,16.06714153289795,0.06348872184753418
1100,0.0006511680895388396,0.0004273054715367439,0.0007513060917456945,31.241830897961872,1.0000657653808593,31.241720070337934,5.999752998352051,2.6843545600000018e-05,100.0,237600,16.409278631210327,0.05758953094482422
1101,0.00063226889471348,0.000569991418565421,0.0007566198085745176,31.211222929111116,0.9975279998779297,31.211222929111116,5.999851703643799,2.6843545600000018e-05,100.0,237816,16.39532780647278,0.07290887832641602
1102,0.0006645099556856398,0.0004863466856582765,0.0007584598908821742,31.200673807693015,1.002213134765625,31.197150426923642,5.999860763549805,2.6843545600000018e-05,100.0,238032,16.49678659439087,0.05619478225708008
1103,0.0006494622503279074,0.0006096277882318026,0.0007576438039541244,31.20534924097694,1.0008967208862305,31.203874641345255,5.999821662902832,2.6843545600000018e-05,100.0,238248,16.78620219230652,0.0606536865234375
1104,0.0006591425440274179,0.0004805168554024852,0.0007521932820479076,31.236705496460736,0.9992784690856934,31.236705496460736,5.999826431274414,2.6843545600000018e-05,100.0,238464,16.55965781211853,0.0623476505279541
1105,0.0006330064590176756,0.0004906825260326698,0.0007586900517344475,31.19935610551934,0.9987178230285645,31.19935610551934,5.999850273132324,2.6843545600000018e-05,100.0,238680,16.72042226791382,0.057000160217285156
1106,0.0006521105347538664,0.0004431917484296297,0.00075886736313502,31.198341246213943,1.0021751594543458,31.194861509249957,5.99976921081543,2.6843545600000018e-05,100.0,238896,16.548483848571777,0.05817747116088867
1107,0.0006533431337700914,0.0004878520867044943,0.0007522645220160484,31.23629419712095,0.9993110084533692,31.23629419712095,5.999660015106201,2.6843545600000018e-05,100.0,239112,16.707270622253418,0.11677718162536621
1108,0.0006427897092130413,0.0004970133322817476,0.0007535572598377863,31.228837417743463,1.0013268280029297,31.226716646977,5.999822616577148,2.1474836480000017e-05,100.0,239328,16.84280252456665,0.06063199043273926
1109,0.000632987003132323,0.0005186117129683818,0.000753022109468778,31.23192272299533,1.0006706619262695,31.230810941498564,5.999842643737793,2.1474836480000017e-05,100.0,239544,17.06680703163147,0.06884074211120605
1110,0.000641932497644608,0.0004899419624142457,0.0007547773048281669,31.221811669809746,0.9958753204345703,31.221811669809746,5.9997711181640625,2.1474836480000017e-05,100.0,239760,17.14488410949707,0.06443977355957031
1111,0.0006342856267440146,0.0004504028776579577,0.0007506090650955836,31.245861949226477,1.0013019371032714,31.243792598590474,5.999661922454834,2.1474836480000017e-05,100.0,239976,17.44958734512329,0.06743049621582031
1112,0.0006330470215745162,0.00045690018231508094,0.0007514669621984164,31.24090108158006,0.998852596282959,31.24090108158006,5.99981689453125,2.1474836480000017e-05,100.0,240192,16.90423321723938,0.06721282005310059
1113,0.0006434827814202594,0.0005744043653628424,0.0007494553551077843,31.252542328728374,0.9995465087890625,31.252542328728374,5.999727725982666,2.1474836480000017e-05,100.0,240408,17.61865735054016,0.06489253044128418
1114,0.0006182134319164291,0.0005701014651592983,0.0007527419924736023,31.23353855732872,0.9985232543945313,31.23353855732872,5.999755859375,2.1474836480000017e-05,100.0,240624,36.42701029777527,0.07415533065795898
1115,0.0006499807970206915,0.00042572978111253914,0.0007512872169415156,31.241940005639314,0.997579288482666,31.241940005639314,5.999760627746582,2.1474836480000017e-05,100.0,240840,31.315181732177734,0.07350015640258789
1116,0.0006346258837236192,0.00043834652532350973,0.0007485545550783476,31.257765425405857,1.0014231872558594,31.255520312454497,5.999579429626465,2.1474836480000017e-05,100.0,241056,22.116783380508423,0.07124686241149902
1117,0.0006517854967303034,0.00048367541330610064,0.0007503495862086613,31.247363526232416,0.9986434173583985,31.247363526232416,5.999852180480957,2.1474836480000017e-05,100.0,241272,28.70759391784668,0.0683891773223877
1118,0.0006462328550253954,0.00038926757365951073,0.0007474901899695396,31.26394502629022,1.0007404899597168,31.26277409566001,5.999701023101807,2.1474836480000017e-05,100.0,241488,36.16538071632385,0.07177352905273438
1119,0.0006423563276674004,0.0004509876271291379,0.0007502867157260577,31.247727429246762,0.9985805130004883,31.247727429246762,5.99985408782959,2.1474836480000017e-05,100.0,241704,24.62208127975464,0.07090425491333008
1120,0.0006349935807098729,0.00042901471449548136,0.0007515952239433925,31.240159883128907,1.000516357421875,31.239300871194704,5.999802112579346,2.1474836480000017e-05,100.0,241920,16.847599267959595,0.06659984588623047
1121,0.0006294013841239654,0.0003622429357821365,0.0007488346348206202,31.256140769787923,0.999036922454834,31.256140769787923,5.999783515930176,2.1474836480000017e-05,100.0,242136,17.86434030532837,0.061522483825683594
1122,0.000641164675935347,0.00048662109111530195,0.0007503641272584597,31.24727936497458,0.9988717269897461,31.24727936497458,5.999752044677734,2.1474836480000017e-05,100.0,242352,17.443854808807373,0.05930829048156738
1123,0.0006419812029470569,0.0004527930264779623,0.0007493741561969121,31.25301288576901,0.9999430847167968,31.25301288576901,5.9997878074646,2.1474836480000017e-05,100.0,242568,16.709582090377808,0.06105160713195801
1124,0.0006245374271605649,0.00044256557744212343,0.0007503915702303251,31.24712053391008,1.0025637817382813,31.243008328963672,5.999880790710449,2.1474836480000017e-05,100.0,242784,16.895078897476196,0.062239885330200195
1125,0.0006395893608746321,0.00041719745085372226,0.000750411090751489,31.24700755896879,0.9990361404418945,31.24700755896879,5.9998602867126465,2.1474836480000017e-05,100.0,243000,16.551988124847412,0.06187868118286133
1126,0.0006362210985178641,0.00039670979445530235,0.0007471774394313494,31.26576249837911,1.0004962730407714,31.264955344705125,5.999710559844971,2.1474836480000017e-05,100.0,243216,17.928884744644165,0.06302356719970703
1127,0.000642335663880289,0.0005457286797531381,0.0007504216581583023,31.24694640136851,1.001959285736084,31.243838702714104,5.999748229980469,2.1474836480000017e-05,100.0,243432,16.81542444229126,0.06101584434509277
1128,0.0006438774829460443,0.0003749688751185718,0.0007481306046247482,31.26022578717706,1.000085334777832,31.26008414218345,5.999687671661377,2.1474836480000017e-05,100.0,243648,17.346574068069458,0.06740331649780273
1129,0.0006232915720666178,0.0004296299715296946,0.0007495796804626783,31.2518219477575,0.9995940971374512,31.2518219477575,5.999770164489746,2.1474836480000017e-05,100.0,243864,18.15291118621826,0.06637954711914062
1130,0.000647238453451976,0.00041252985188359586,0.0007499564439058304,31.249639589024984,0.9995611000061035,31.249639589024984,5.999790191650391,2.1474836480000017e-05,100.0,244080,17.500895261764526,0.0594782829284668
1131,0.0006435280967085366,0.0004933490201938843,0.0007480554779370626,31.26066192418319,0.9986366653442382,31.26066192418319,5.9997172355651855,2.1474836480000017e-05,100.0,244296,16.7366783618927,0.062023162841796875
1132,0.0006338024448495413,0.00046764426075084054,0.0007503794754544894,31.247190533853384,1.0027330970764161,31.242878373037737,5.99981164932251,2.1474836480000017e-05,100.0,244512,17.00977635383606,0.05631709098815918
1133,0.0006526470376327094,0.0004122591629435403,0.0007479403043786684,31.26133063249857,1.0005419921875,31.2604671349376,5.9996747970581055,2.1474836480000017e-05,100.0,244728,16.983080863952637,0.06583976745605469
1134,0.0006433892312824078,0.0004780727909688932,0.0007485081627964974,31.258034591310214,0.9972095489501953,31.258034591310214,5.999763011932373,2.1474836480000017e-05,100.0,244944,16.466358184814453,0.05974721908569336
1135,0.0006518801455588445,0.0004173481182627164,0.0007475125292936961,31.263815235954905,0.9992313957214356,31.263815235954905,5.999822616577148,2.1474836480000017e-05,100.0,245160,16.5267436504364,0.06143450736999512
1136,0.0006371121202676516,0.0004888492303333528,0.0007518985370794932,31.23840760152323,0.9998881912231445,31.23840760152323,5.999874114990234,2.1474836480000017e-05,100.0,245376,16.646103858947754,0.06559419631958008
1137,0.0006322621436033775,0.0004451955355150436,0.0007472098618745804,31.265574048060042,0.9961504936218262,31.265574048060042,5.999703407287598,2.1474836480000017e-05,100.0,245592,16.46443200111389,0.05965733528137207
1138,0.0006440047113110136,0.0004584440279185124,0.0007495968167980512,31.251722663705138,1.001277904510498,31.249687984484837,5.999807834625244,2.1474836480000017e-05,100.0,245808,17.088339805603027,0.06371498107910156
1139,0.000640804125873399,0.00045106635641549593,0.000749310019115607,31.25338460358617,1.0025544738769532,31.2493385137831,5.999729156494141,2.1474836480000017e-05,100.0,246024,17.06473469734192,0.05966758728027344
1140,0.0006337648656462197,0.00040585249615158293,0.0007465792819857598,31.26924066169834,1.0000456619262694,31.269143579040232,5.999802589416504,2.1474836480000017e-05,100.0,246240,16.69787073135376,0.05818676948547363
1141,0.0006280358917538779,0.0004922392129547139,0.0007528730854392051,31.232782282334448,0.9968202590942383,31.232782282334448,5.999845504760742,2.1474836480000017e-05,100.0,246456,16.782453536987305,0.06350898742675781
1142,0.0006490632452988538,0.0005170622579348476,0.0007489706948399544,31.25535174714797,0.9993413162231445,31.25535174714797,5.999794006347656,2.1474836480000017e-05,100.0,246672,16.49866795539856,0.058289289474487305
1143,0.0006442202511243523,0.0004438706110838963,0.0007540486504634222,31.226006329814293,0.9960296630859375,31.226006329814293,5.999758720397949,2.1474836480000017e-05,100.0,246888,17.33335852622986,0.07970452308654785
1144,0.000637229335953252,0.000474947612847377,0.0007498440518975258,31.250290491985005,1.0014800834655762,31.24796197345974,5.999834060668945,2.1474836480000017e-05,100.0,247104,17.210601091384888,0.1198432445526123
1145,0.0006373237496059712,0.0004246061881059322,0.000746250959734122,31.271150973272775,1.0020960617065429,31.26777468458092,5.999751091003418,2.1474836480000017e-05,100.0,247320,25.793195486068726,0.07889699935913086
1146,0.0006347527114364008,0.0005129135939953984,0.0007571420694390933,31.208226222378133,0.9985856056213379,31.208226222378133,5.999820709228516,2.1474836480000017e-05,100.0,247536,24.726926803588867,0.07625889778137207
1147,0.0006523683591048989,0.0005079739928191554,0.0007511796057224273,31.24256211533273,0.9998795318603516,31.24256211533273,5.999852657318115,2.1474836480000017e-05,100.0,247752,17.023839712142944,0.0643160343170166
1148,0.0006483008866063387,0.00040892586257119755,0.0007519555961092313,31.23807804267543,0.9998413848876954,31.23807804267543,5.999847412109375,2.1474836480000017e-05,100.0,247968,17.506784200668335,0.06242990493774414
1149,0.0006332944770870002,0.00043318317143543477,0.0007501813893516858,31.248337141150785,0.9999424743652344,31.248337141150785,5.999755859375,2.1474836480000017e-05,100.0,248184,17.8032283782959,0.05870842933654785
1150,0.0006157606491900008,0.0004370615638428084,0.0007511988654732704,31.24245076651251,1.000793228149414,31.241191452876137,5.999715805053711,2.1474836480000017e-05,100.0,248400,17.04413890838623,0.05974578857421875
1151,0.0006654084151428517,0.00047087333748872947,0.0007528363540768623,31.232994172192644,0.9986134147644044,31.232994172192644,5.9997453689575195,2.1474836480000017e-05,100.0,248616,16.57715606689453,0.06404376029968262
1152,0.0006473390843408803,0.0004056626617692519,0.0007481938476363817,31.25985867306693,1.001162109375,31.25804431790654,5.999722480773926,2.1474836480000017e-05,100.0,248832,17.406447887420654,0.058756351470947266
1153,0.0006275387018736775,0.0005367498242876668,0.0007502872496843338,31.24772433849431,0.999118595123291,31.24772433849431,5.9998273849487305,2.1474836480000017e-05,100.0,249048,19.331347942352295,0.062235116958618164
1154,0.00064228083907991,0.0005197746875236971,0.0007561877121527989,31.213703840848193,1.0009304618835448,31.212220199784472,5.99983024597168,2.1474836480000017e-05,100.0,249264,39.3639280796051,0.1282365322113037
1155,0.0006401034793647789,0.0005533174487451712,0.0007515538980563482,31.240398683184672,1.0001698303222657,31.240131397340186,5.999752998352051,2.1474836480000017e-05,100.0,249480,39.46899127960205,0.1246035099029541
1156,0.0006406467853019527,0.0004978386040075101,0.0007495573411385218,31.251951380158562,0.9989337730407715,31.251951380158562,5.999765396118164,2.1474836480000017e-05,100.0,249696,38.60445737838745,0.12348246574401855
1157,0.0006394555679762034,0.000458480262507995,0.0007508984828988711,31.244187731116064,0.9992341423034667,31.244187731116064,5.999776840209961,2.1474836480000017e-05,100.0,249912,38.68009877204895,0.10778665542602539
1158,0.0006362609092848024,0.0005791093468787554,0.0007542673374215762,31.224746984416925,0.9946055603027344,31.224746984416925,5.999847412109375,2.1474836480000017e-05,100.0,250128,38.523512840270996,0.11518216133117676
1159,0.0006336235311692176,0.0005342331802998872,0.0007485479737321536,31.257803609061025,0.9984105682373047,31.257803609061025,5.999756336212158,2.1474836480000017e-05,100.0,250344,38.828150272369385,0.14039397239685059
1160,0.0006518475545496019,0.00037768806516449304,0.000748392939567566,31.25870318341068,1.000283432006836,31.25825492207133,5.999798774719238,2.1474836480000017e-05,100.0,250560,38.81704044342041,0.13090133666992188
1161,0.0006492031944841417,0.0005515076540599483,0.0007493441055218379,31.25318704581893,1.002067985534668,31.249897320835384,5.999876499176025,2.1474836480000017e-05,100.0,250776,38.62710356712341,0.12370038032531738
1162,0.0006347019446548075,0.0005870743095537351,0.0007517414788405101,31.239314860256087,1.0004157066345214,31.23866244404133,5.999859809875488,2.1474836480000017e-05,100.0,250992,38.749175786972046,0.11568307876586914
1163,0.0006490961267558885,0.0005266409260018364,0.0007488156855106353,31.25625066968446,0.999588737487793,31.25625066968446,5.999836444854736,2.1474836480000017e-05,100.0,251208,38.553489208221436,0.1166832447052002
1164,0.0006281576721854778,0.0005244443886171001,0.0007550199081500372,31.220415968665503,0.9985513114929199,31.220415968665503,5.999842166900635,2.1474836480000017e-05,100.0,251424,38.41627645492554,0.1243448257446289
1165,0.0006454337747308656,0.00045226209236821837,0.0007482052470246951,31.259792505004423,0.9996742248535156,31.259792505004423,5.999760627746582,2.1474836480000017e-05,100.0,251640,38.526527643203735,0.12073469161987305
1166,0.0006507631704089758,0.0004211613257834013,0.0007543386146426201,31.224336601523163,0.998942985534668,31.224336601523163,5.999849319458008,1.7179869184000015e-05,100.0,251856,38.62637972831726,0.12353682518005371
1167,0.0006416779619209684,0.00045344711379215555,0.0007476921876271565,31.26277157119994,0.99806884765625,31.26277157119994,5.99976921081543,1.7179869184000015e-05,100.0,252072,38.686972856521606,0.11333632469177246
1168,0.0006291781224485865,0.00043934896655812645,0.00074781800309817,31.262040837765067,0.9984465408325195,31.262040837765067,5.999785423278809,1.7179869184000015e-05,100.0,252288,27.2905695438385,0.08953714370727539
1169,0.0006379921394197838,0.00042997701785297713,0.0007487668345371883,31.256534002428094,1.0002192497253417,31.256180019431717,5.999874591827393,1.7179869184000015e-05,100.0,252504,16.84684419631958,0.06032156944274902
1170,0.0006372342880248376,0.000422900114984562,0.000748954713344574,31.255444417653706,1.0001308822631836,31.255233661723114,5.999794006347656,1.7179869184000015e-05,100.0,252720,16.79714059829712,0.05333209037780762
1171,0.0006416712196685535,0.00042529996659984625,0.0007472188025712967,31.265522083113964,1.000957908630371,31.263972730788538,5.999826908111572,1.7179869184000015e-05,100.0,252936,16.974730730056763,0.05673527717590332
1172,0.0006298674693317625,0.00048730490665099976,0.0007470602417985598,31.266443759278317,1.0014964294433595,31.264091126222,5.999698162078857,1.7179869184000015e-05,100.0,253152,17.289217710494995,0.057355403900146484
1173,0.0006292168686733298,0.0004103503849330372,0.0007462718958655993,31.27102913331114,0.999127197265625,31.27102913331114,5.999797821044922,1.7179869184000015e-05,100.0,253368,16.99219274520874,0.06023359298706055
1174,0.0006265203623215843,0.00043596398382299186,0.0007467687999208768,31.26813835213124,0.998598461151123,31.26813835213124,5.999781131744385,1.7179869184000015e-05,100.0,253584,16.59653401374817,0.06489086151123047
1175,0.0006433771977511545,0.0005532898583813854,0.0007495403041442235,31.25205009384323,1.0002432441711426,31.2516640296243,5.9997711181640625,1.7179869184000015e-05,100.0,253800,16.63467526435852,0.0849757194519043
1176,0.0006499959393809347,0.00044308893146344285,0.0007516034444173177,31.24011238300082,0.9971510314941406,31.24011238300082,5.999861240386963,1.7179869184000015e-05,100.0,254016,16.655531406402588,0.060730695724487305
1177,0.0006314708180455626,0.0005009300648099811,0.0007501556103428205,31.248486383371734,0.9999161720275879,31.248486383371734,5.9998345375061035,1.7179869184000015e-05,100.0,254232,17.711976766586304,0.059201955795288086
1178,0.0006388411962805127,0.00044102574104740134,0.0007496696834762891,31.251300515991005,0.9979996490478515,31.251300515991005,5.999846935272217,1.7179869184000015e-05,100.0,254448,16.59838557243347,0.05683326721191406
1179,0.0006257829585608662,0.000515077982833474,0.0007484318067630132,31.25847764186275,0.9990627479553222,31.25847764186275,5.9997453689575195,1.7179869184000015e-05,100.0,254664,16.54232096672058,0.0913386344909668
1180,0.0006156588474244716,0.00045624985197639985,0.0007482014844814936,31.259814344678304,1.0032150077819824,31.254819020105188,5.999619960784912,1.7179869184000015e-05,100.0,254880,16.52860116958618,0.056471824645996094
1181,0.0006184463090587245,0.000425984099055168,0.0007487879941860835,31.25641127545238,0.9999085998535157,31.25641127545238,5.999855041503906,1.7179869184000015e-05,100.0,255096,17.069616317749023,0.059819698333740234
1182,0.0006267446079763813,0.0003961388453625251,0.0007470832392573357,31.266310068376853,0.9999266052246094,31.266310068376853,5.999752044677734,1.7179869184000015e-05,100.0,255312,16.46944499015808,0.06507372856140137
1183,0.0006351952237225529,0.00039005905129960264,0.0007472884530822436,31.265117283037238,0.9990217018127442,31.265117283037238,5.999873161315918,1.7179869184000015e-05,100.0,255528,16.673286199569702,0.06284403800964355
1184,0.0006291948163213775,0.0004343612361159446,0.0007475100954373678,31.263829376347907,1.0001104164123535,31.263636464956733,5.999781608581543,1.7179869184000015e-05,100.0,255744,16.220314025878906,0.05645942687988281
1185,0.000644874962070363,0.00042446641268316604,0.0007463217775026957,31.270738855787737,0.9975161361694336,31.270738855787737,5.999745845794678,1.7179869184000015e-05,100.0,255960,17.069457530975342,0.05924081802368164
1186,0.0006481181344935212,0.00045212621024499336,0.0007452102626363436,31.27721172863766,0.9995248222351074,31.27721172863766,5.999706268310547,1.7179869184000015e-05,100.0,256176,16.46252179145813,0.05798459053039551
1187,0.0006367232084976158,0.0005103742908281477,0.0007489429414272308,31.255512679710563,0.999553108215332,31.255512679710563,5.999843120574951,1.7179869184000015e-05,100.0,256392,17.107508659362793,0.0591273307800293
1188,0.0006399768867455693,0.0004373446126481977,0.0007471406335632006,31.26597643657247,1.002725257873535,31.261755559108483,5.999762058258057,1.7179869184000015e-05,100.0,256608,16.556614637374878,0.05915570259094238
1189,0.0006345294505033804,0.00043451586053234293,0.0007465663428107898,31.26931593114556,0.999173526763916,31.26931593114556,5.999610900878906,1.7179869184000015e-05,100.0,256824,17.024948120117188,0.05810284614562988
1190,0.0006456998502498196,0.00048437605925795175,0.000748136875530084,31.26018938433305,0.9994025230407715,31.26018938433305,5.999882221221924,1.7179869184000015e-05,100.0,257040,16.648911476135254,0.0834188461303711
1191,0.0006402849509596717,0.00043871426175388955,0.0007476152976353963,31.263218207085785,1.0001376914978026,31.263008444072703,5.99977970123291,1.7179869184000015e-05,100.0,257256,17.275912046432495,0.0599210262298584
1192,0.0006365929164694271,0.0004167195297170268,0.0007518120855093002,31.238906972071845,1.0015432167053222,31.236453994869482,5.999732494354248,1.7179869184000015e-05,100.0,257472,16.72187304496765,0.05898404121398926
1193,0.0006280485632874921,0.00042016682889906395,0.0007515543947617213,31.240395812913732,1.0003705787658692,31.23983184148029,5.999884605407715,1.7179869184000015e-05,100.0,257688,16.998785257339478,0.0592648983001709
1194,0.000645006914332887,0.0004244721214543434,0.0007477742681900661,31.26229483518971,1.001330509185791,31.260175327870986,5.999786376953125,1.7179869184000015e-05,100.0,257904,17.884785175323486,0.05814361572265625
1195,0.000641361583729504,0.00038629819628904045,0.0007460525383551916,31.27230587655591,0.9997164344787598,31.27230587655591,5.999741554260254,1.7179869184000015e-05,100.0,258120,17.07049536705017,0.05787324905395508
1196,0.000622187436320414,0.00042357031205345107,0.0007462165132164955,31.271351445749392,1.0025254821777343,31.267363392770182,5.999803066253662,1.7179869184000015e-05,100.0,258336,17.072967290878296,0.1374657154083252
1197,0.0006394039054124521,0.00040206873968270593,0.0007475135972102483,31.263809031511283,0.9978177642822266,31.263809031511283,5.999843597412109,1.7179869184000015e-05,100.0,258552,16.581390619277954,0.06249833106994629
1198,0.0006354288066791344,0.0004776743148871954,0.0007477486506104469,31.262443620251172,1.0012214469909668,31.26045552860031,5.999783515930176,1.7179869184000015e-05,100.0,258768,16.810295820236206,0.059113264083862305
1199,0.0006357966223731637,0.00046593777066015676,0.0007527661696076393,31.23339906959739,0.9989690017700196,31.23339906959739,5.999741554260254,1.7179869184000015e-05,100.0,258984,16.598747730255127,0.057405710220336914
1200,0.000628205657147033,0.0004940059660609973,0.0007480449602007866,31.260722986859335,1.003532371520996,31.255125875574233,5.999678611755371,1.7179869184000015e-05,100.0,259200,17.20963430404663,0.05453038215637207
