Copyright 1986-2022 Xilinx, Inc. All Rights Reserved. Copyright 2022-2025 Advanced Micro Devices, Inc. All Rights Reserved.
--------------------------------------------------------------------------------------------------------------------------------------------------------
| Tool Version      : Vivado v.2025.2 (win64) Build 6299465 Fri Nov 14 19:35:11 GMT 2025
| Date              : Wed Sep 30 08:54:46 2026
| Host              : DESKTOP-MCAH50K running 64-bit major release  (build 9200)
| Command           : report_timing_summary -max_paths 10 -file D:/CodexPrj/DeepJSCC-Q-FPGA/vivado_projects/decoder/reports/blk_rx_in_output.timing.rpt
| Design            : blk_rx_in_output
| Device            : xczu5eg-sfvc784
| Speed File        : -1  PRODUCTION 1.30 05-15-2022
| Design State      : Synthesized
| Temperature Grade : E
--------------------------------------------------------------------------------------------------------------------------------------------------------

Timing Summary Report

------------------------------------------------------------------------------------------------
| Timer Settings
| --------------
------------------------------------------------------------------------------------------------

  Enable Multi Corner Analysis               :  Yes
  Enable Pessimism Removal                   :  Yes
  Pessimism Removal Resolution               :  Nearest Common Node
  Enable Input Delay Default Clock           :  No
  Enable Preset / Clear Arcs                 :  No
  Disable Flight Delays                      :  No
  Ignore I/O Paths                           :  No
  Timing Early Launch at Borrowing Latches   :  No
  Borrow Time for Max Delay Exceptions       :  Yes
  Merge Timing Exceptions                    :  Yes
  Inter-SLR Compensation                     :  Conservative

  Corner  Analyze    Analyze    
  Name    Max Paths  Min Paths  
  ------  ---------  ---------  
  Slow    Yes        Yes        
  Fast    Yes        Yes        


------------------------------------------------------------------------------------------------
| Report Methodology
| ------------------
------------------------------------------------------------------------------------------------

No report available as report_methodology has not been run prior. Run report_methodology on the current design for the summary of methodology violations.



check_timing report

Table of Contents
-----------------
1. checking no_clock (0)
2. checking constant_clock (0)
3. checking pulse_width_clock (0)
4. checking unconstrained_internal_endpoints (0)
5. checking no_input_delay (27)
6. checking no_output_delay (12)
7. checking multiple_clock (0)
8. checking generated_clocks (0)
9. checking loops (0)
10. checking partial_input_delay (0)
11. checking partial_output_delay (0)
12. checking latch_loops (0)

1. checking no_clock (0)
------------------------
 There are 0 register/latch pins with no clock.


2. checking constant_clock (0)
------------------------------
 There are 0 register/latch pins with constant_clock.


3. checking pulse_width_clock (0)
---------------------------------
 There are 0 register/latch pins which need pulse_width check


4. checking unconstrained_internal_endpoints (0)
------------------------------------------------
 There are 0 pins that are not constrained for maximum delay.

 There are 0 pins that are not constrained for maximum delay due to constant clock.


5. checking no_input_delay (27)
-------------------------------
 There are 27 input ports with no input delay specified. (HIGH)

 There are 0 input ports with no input delay but user has a false path constraint.


6. checking no_output_delay (12)
--------------------------------
 There are 12 ports with no output delay specified. (HIGH)

 There are 0 ports with no output delay but user has a false path constraint

 There are 0 ports with no output delay but with a timing clock defined on it or propagating through it


7. checking multiple_clock (0)
------------------------------
 There are 0 register/latch pins with multiple clocks.


8. checking generated_clocks (0)
--------------------------------
 There are 0 generated clocks that are not connected to a clock source.


9. checking loops (0)
---------------------
 There are 0 combinational loops in the design.


10. checking partial_input_delay (0)
------------------------------------
 There are 0 input ports with partial input delay specified.


11. checking partial_output_delay (0)
-------------------------------------
 There are 0 ports with partial output delay specified.


12. checking latch_loops (0)
----------------------------
 There are 0 combinational latch loops in the design through latch input



------------------------------------------------------------------------------------------------
| Design Timing Summary
| ---------------------
------------------------------------------------------------------------------------------------

    WNS(ns)      TNS(ns)  TNS Failing Endpoints  TNS Total Endpoints      WHS(ns)      THS(ns)  THS Failing Endpoints  THS Total Endpoints     WPWS(ns)     TPWS(ns)  TPWS Failing Endpoints  TPWS Total Endpoints  
    -------      -------  ---------------------  -------------------      -------      -------  ---------------------  -------------------     --------     --------  ----------------------  --------------------  
      0.522        0.000                      0               176977        0.017        0.000                      0               176977        1.270        0.000                       0                 55528  


All user specified timing constraints are met.


------------------------------------------------------------------------------------------------
| Clock Summary
| -------------
------------------------------------------------------------------------------------------------

Clock  Waveform(ns)         Period(ns)      Frequency(MHz)
-----  ------------         ----------      --------------
clk    {0.000 2.000}        4.000           250.000         


------------------------------------------------------------------------------------------------
| Intra Clock Table
| -----------------
------------------------------------------------------------------------------------------------

Clock             WNS(ns)      TNS(ns)  TNS Failing Endpoints  TNS Total Endpoints      WHS(ns)      THS(ns)  THS Failing Endpoints  THS Total Endpoints     WPWS(ns)     TPWS(ns)  TPWS Failing Endpoints  TPWS Total Endpoints  
-----             -------      -------  ---------------------  -------------------      -------      -------  ---------------------  -------------------     --------     --------  ----------------------  --------------------  
clk                 0.522        0.000                      0               176977        0.017        0.000                      0               176977        1.270        0.000                       0                 55528  


------------------------------------------------------------------------------------------------
| Inter Clock Table
| -----------------
------------------------------------------------------------------------------------------------

From Clock    To Clock          WNS(ns)      TNS(ns)  TNS Failing Endpoints  TNS Total Endpoints      WHS(ns)      THS(ns)  THS Failing Endpoints  THS Total Endpoints  
----------    --------          -------      -------  ---------------------  -------------------      -------      -------  ---------------------  -------------------  


------------------------------------------------------------------------------------------------
| Other Path Groups Table
| -----------------------
------------------------------------------------------------------------------------------------

Path Group    From Clock    To Clock          WNS(ns)      TNS(ns)  TNS Failing Endpoints  TNS Total Endpoints      WHS(ns)      THS(ns)  THS Failing Endpoints  THS Total Endpoints  
----------    ----------    --------          -------      -------  ---------------------  -------------------      -------      -------  ---------------------  -------------------  


------------------------------------------------------------------------------------------------
| Timing Details
| --------------
------------------------------------------------------------------------------------------------


---------------------------------------------------------------------------------------------------
From Clock:  clk
  To Clock:  clk

Setup :            0  Failing Endpoints,  Worst Slack        0.522ns,  Total Violation        0.000ns
Hold  :            0  Failing Endpoints,  Worst Slack        0.017ns,  Total Violation        0.000ns
PW    :            0  Failing Endpoints,  Worst Slack        1.270ns,  Total Violation        0.000ns
---------------------------------------------------------------------------------------------------


Max Delay Paths
--------------------------------------------------------------------------------------
Slack (MET) :             0.522ns  (required time - arrival time)
  Source:                 u_dec_7_igdn/g_unit[2].u_unit/g_mul.acc_reg[2]/C
                            (rising edge-triggered cell FDRE clocked by clk  {rise@0.000ns fall@2.000ns period=4.000ns})
  Destination:            u_dec_7_igdn/q1_a_reg[0]/R
                            (rising edge-triggered cell FDRE clocked by clk  {rise@0.000ns fall@2.000ns period=4.000ns})
  Path Group:             clk
  Path Type:              Setup (Max at Slow Process Corner)
  Requirement:            4.000ns  (clk rise@4.000ns - clk rise@0.000ns)
  Data Path Delay:        3.358ns  (logic 1.470ns (43.776%)  route 1.888ns (56.224%))
  Logic Levels:           14  (CARRY8=8 LUT1=1 LUT2=1 LUT5=2 LUT6=2)
  Clock Path Skew:        -0.013ns (DCD - SCD + CPR)
    Destination Clock Delay (DCD):    0.024ns = ( 4.024 - 4.000 ) 
    Source Clock Delay      (SCD):    0.037ns
    Clock Pessimism Removal (CPR):    0.000ns
  Clock Uncertainty:      0.035ns  ((TSJ^2 + TIJ^2)^1/2 + DJ) / 2 + PE
    Total System Jitter     (TSJ):    0.071ns
    Total Input Jitter      (TIJ):    0.000ns
    Discrete Jitter          (DJ):    0.000ns
    Phase Error              (PE):    0.000ns

    Location             Delay type                Incr(ns)  Path(ns)    Netlist Resource(s)
  -------------------------------------------------------------------    -------------------
                         (clock clk rise edge)        0.000     0.000 r  
                                                      0.000     0.000 r  clk (IN)
                         net (fo=56985, unset)        0.037     0.037    u_dec_7_igdn/g_unit[2].u_unit/clk
                         FDRE                                         r  u_dec_7_igdn/g_unit[2].u_unit/g_mul.acc_reg[2]/C
  -------------------------------------------------------------------    -------------------
                         FDRE (Prop_FDRE_C_Q)         0.095     0.132 f  u_dec_7_igdn/g_unit[2].u_unit/g_mul.acc_reg[2]/Q
                         net (fo=3, unplaced)         0.164     0.296    u_dec_7_igdn/g_unit[2].u_unit/g_mul.acc10_in[3]
                         LUT1 (Prop_LUT1_I0_O)        0.039     0.335 r  u_dec_7_igdn/g_unit[2].u_unit/i__carry_i_8__2/O
                         net (fo=1, unplaced)         0.025     0.360    u_dec_7_igdn/g_unit[2].u_unit/i__carry_i_8__2_n_0
                         CARRY8 (Prop_CARRY8_S[1]_CO[7])
                                                      0.245     0.605 r  u_dec_7_igdn/g_unit[2].u_unit/_inferred__2/i__carry/CO[7]
                         net (fo=1, unplaced)         0.007     0.612    u_dec_7_igdn/g_unit[2].u_unit/_inferred__2/i__carry_n_0
                         CARRY8 (Prop_CARRY8_CI_CO[7])
                                                      0.030     0.642 r  u_dec_7_igdn/g_unit[2].u_unit/_inferred__2/i__carry__0/CO[7]
                         net (fo=1, unplaced)         0.007     0.649    u_dec_7_igdn/g_unit[2].u_unit/_inferred__2/i__carry__0_n_0
                         CARRY8 (Prop_CARRY8_CI_O[4])
                                                      0.109     0.758 r  u_dec_7_igdn/g_unit[2].u_unit/_inferred__2/i__carry__1/O[4]
                         net (fo=1, unplaced)         0.212     0.970    u_dec_7_igdn/g_unit[2].u_unit/t0[21]
                         LUT5 (Prop_LUT5_I4_O)        0.039     1.009 r  u_dec_7_igdn/g_unit[2].u_unit/q1_a[21]_i_26/O
                         net (fo=1, unplaced)         0.214     1.223    u_dec_7_igdn/g_unit[1].u_unit/q1_a[21]_i_10__0
                         LUT6 (Prop_LUT6_I5_O)        0.039     1.262 r  u_dec_7_igdn/g_unit[1].u_unit/q1_a[21]_i_18__0/O
                         net (fo=1, unplaced)         0.214     1.476    u_dec_7_igdn/g_unit[0].u_unit/q1_a_reg[21]_i_2__0_0
                         LUT6 (Prop_LUT6_I5_O)        0.040     1.516 r  u_dec_7_igdn/g_unit[0].u_unit/q1_a[21]_i_10__0/O
                         net (fo=1, unplaced)         0.021     1.537    u_dec_7_igdn/g_unit[0].u_unit/v[21]
                         CARRY8 (Prop_CARRY8_S[0]_CO[7])
                                                      0.248     1.785 r  u_dec_7_igdn/g_unit[0].u_unit/q1_a_reg[21]_i_2__0/CO[7]
                         net (fo=1, unplaced)         0.007     1.792    u_dec_7_igdn/g_unit[0].u_unit/q1_a_reg[21]_i_2__0_n_0
                         CARRY8 (Prop_CARRY8_CI_O[5])
                                                      0.145     1.937 f  u_dec_7_igdn/g_unit[0].u_unit/q1_a_reg[26]_i_5__0/O[5]
                         net (fo=4, unplaced)         0.174     2.111    u_dec_7_igdn/g_unit[0].u_unit/q1_a_reg[26]_i_5__0_n_10
                         LUT2 (Prop_LUT2_I0_O)        0.122     2.233 f  u_dec_7_igdn/g_unit[0].u_unit/q1_a[26]_i_62/O
                         net (fo=1, unplaced)         0.287     2.520    u_dec_7_igdn/g_unit[0].u_unit/q1_a[26]_i_62_n_0
                         CARRY8 (Prop_CARRY8_DI[0]_CO[7])
                                                      0.177     2.697 f  u_dec_7_igdn/g_unit[0].u_unit/q1_a_reg[26]_i_29/CO[7]
                         net (fo=1, unplaced)         0.007     2.704    u_dec_7_igdn/g_unit[0].u_unit/q1_a_reg[26]_i_29_n_0
                         CARRY8 (Prop_CARRY8_CI_CO[7])
                                                      0.030     2.734 f  u_dec_7_igdn/g_unit[0].u_unit/q1_a_reg[26]_i_10/CO[7]
                         net (fo=1, unplaced)         0.007     2.741    u_dec_7_igdn/g_unit[0].u_unit/q1_a_reg[26]_i_10_n_0
                         CARRY8 (Prop_CARRY8_CI_CO[2])
                                                      0.073     2.814 f  u_dec_7_igdn/g_unit[0].u_unit/q1_a_reg[26]_i_4__0/CO[2]
                         net (fo=28, unplaced)        0.271     3.085    u_dec_7_igdn/g_unit[0].u_unit/satv31
                         LUT5 (Prop_LUT5_I4_O)        0.039     3.124 r  u_dec_7_igdn/g_unit[0].u_unit/q1_a[26]_i_1/O
                         net (fo=27, unplaced)        0.271     3.395    u_dec_7_igdn/g_unit[0].u_unit_n_65
                         FDRE                                         r  u_dec_7_igdn/q1_a_reg[0]/R
  -------------------------------------------------------------------    -------------------

                         (clock clk rise edge)        4.000     4.000 r  
                                                      0.000     4.000 r  clk (IN)
                         net (fo=56985, unset)        0.024     4.024    u_dec_7_igdn/clk
                         FDRE                                         r  u_dec_7_igdn/q1_a_reg[0]/C
                         clock pessimism              0.000     4.024    
                         clock uncertainty           -0.035     3.989    
                         FDRE (Setup_FDRE_C_R)       -0.072     3.917    u_dec_7_igdn/q1_a_reg[0]
  -------------------------------------------------------------------
                         required time                          3.917    
                         arrival time                          -3.395    
  -------------------------------------------------------------------
                         slack                                  0.522    

Slack (MET) :             0.522ns  (required time - arrival time)
  Source:                 u_dec_7_igdn/g_unit[2].u_unit/g_mul.acc_reg[2]/C
                            (rising edge-triggered cell FDRE clocked by clk  {rise@0.000ns fall@2.000ns period=4.000ns})
  Destination:            u_dec_7_igdn/q1_a_reg[10]/R
                            (rising edge-triggered cell FDRE clocked by clk  {rise@0.000ns fall@2.000ns period=4.000ns})
  Path Group:             clk
  Path Type:              Setup (Max at Slow Process Corner)
  Requirement:            4.000ns  (clk rise@4.000ns - clk rise@0.000ns)
  Data Path Delay:        3.358ns  (logic 1.470ns (43.776%)  route 1.888ns (56.224%))
  Logic Levels:           14  (CARRY8=8 LUT1=1 LUT2=1 LUT5=2 LUT6=2)
  Clock Path Skew:        -0.013ns (DCD - SCD + CPR)
    Destination Clock Delay (DCD):    0.024ns = ( 4.024 - 4.000 ) 
    Source Clock Delay      (SCD):    0.037ns
    Clock Pessimism Removal (CPR):    0.000ns
  Clock Uncertainty:      0.035ns  ((TSJ^2 + TIJ^2)^1/2 + DJ) / 2 + PE
    Total System Jitter     (TSJ):    0.071ns
    Total Input Jitter      (TIJ):    0.000ns
    Discrete Jitter          (DJ):    0.000ns
    Phase Error              (PE):    0.000ns

    Location             Delay type                Incr(ns)  Path(ns)    Netlist Resource(s)
  -------------------------------------------------------------------    -------------------
                         (clock clk rise edge)        0.000     0.000 r  
                                                      0.000     0.000 r  clk (IN)
                         net (fo=56985, unset)        0.037     0.037    u_dec_7_igdn/g_unit[2].u_unit/clk
                         FDRE                                         r  u_dec_7_igdn/g_unit[2].u_unit/g_mul.acc_reg[2]/C
  -------------------------------------------------------------------    -------------------
                         FDRE (Prop_FDRE_C_Q)         0.095     0.132 f  u_dec_7_igdn/g_unit[2].u_unit/g_mul.acc_reg[2]/Q
                         net (fo=3, unplaced)         0.164     0.296    u_dec_7_igdn/g_unit[2].u_unit/g_mul.acc10_in[3]
                         LUT1 (Prop_LUT1_I0_O)        0.039     0.335 r  u_dec_7_igdn/g_unit[2].u_unit/i__carry_i_8__2/O
                         net (fo=1, unplaced)         0.025     0.360    u_dec_7_igdn/g_unit[2].u_unit/i__carry_i_8__2_n_0
                         CARRY8 (Prop_CARRY8_S[1]_CO[7])
                                                      0.245     0.605 r  u_dec_7_igdn/g_unit[2].u_unit/_inferred__2/i__carry/CO[7]
                         net (fo=1, unplaced)         0.007     0.612    u_dec_7_igdn/g_unit[2].u_unit/_inferred__2/i__carry_n_0
                         CARRY8 (Prop_CARRY8_CI_CO[7])
                                                      0.030     0.642 r  u_dec_7_igdn/g_unit[2].u_unit/_inferred__2/i__carry__0/CO[7]
                         net (fo=1, unplaced)         0.007     0.649    u_dec_7_igdn/g_unit[2].u_unit/_inferred__2/i__carry__0_n_0
                         CARRY8 (Prop_CARRY8_CI_O[4])
                                                      0.109     0.758 r  u_dec_7_igdn/g_unit[2].u_unit/_inferred__2/i__carry__1/O[4]
                         net (fo=1, unplaced)         0.212     0.970    u_dec_7_igdn/g_unit[2].u_unit/t0[21]
                         LUT5 (Prop_LUT5_I4_O)        0.039     1.009 r  u_dec_7_igdn/g_unit[2].u_unit/q1_a[21]_i_26/O
                         net (fo=1, unplaced)         0.214     1.223    u_dec_7_igdn/g_unit[1].u_unit/q1_a[21]_i_10__0
                         LUT6 (Prop_LUT6_I5_O)        0.039     1.262 r  u_dec_7_igdn/g_unit[1].u_unit/q1_a[21]_i_18__0/O
                         net (fo=1, unplaced)         0.214     1.476    u_dec_7_igdn/g_unit[0].u_unit/q1_a_reg[21]_i_2__0_0
                         LUT6 (Prop_LUT6_I5_O)        0.040     1.516 r  u_dec_7_igdn/g_unit[0].u_unit/q1_a[21]_i_10__0/O
                         net (fo=1, unplaced)         0.021     1.537    u_dec_7_igdn/g_unit[0].u_unit/v[21]
                         CARRY8 (Prop_CARRY8_S[0]_CO[7])
                                                      0.248     1.785 r  u_dec_7_igdn/g_unit[0].u_unit/q1_a_reg[21]_i_2__0/CO[7]
                         net (fo=1, unplaced)         0.007     1.792    u_dec_7_igdn/g_unit[0].u_unit/q1_a_reg[21]_i_2__0_n_0
                         CARRY8 (Prop_CARRY8_CI_O[5])
                                                      0.145     1.937 f  u_dec_7_igdn/g_unit[0].u_unit/q1_a_reg[26]_i_5__0/O[5]
                         net (fo=4, unplaced)         0.174     2.111    u_dec_7_igdn/g_unit[0].u_unit/q1_a_reg[26]_i_5__0_n_10
                         LUT2 (Prop_LUT2_I0_O)        0.122     2.233 f  u_dec_7_igdn/g_unit[0].u_unit/q1_a[26]_i_62/O
                         net (fo=1, unplaced)         0.287     2.520    u_dec_7_igdn/g_unit[0].u_unit/q1_a[26]_i_62_n_0
                         CARRY8 (Prop_CARRY8_DI[0]_CO[7])
                                                      0.177     2.697 f  u_dec_7_igdn/g_unit[0].u_unit/q1_a_reg[26]_i_29/CO[7]
                         net (fo=1, unplaced)         0.007     2.704    u_dec_7_igdn/g_unit[0].u_unit/q1_a_reg[26]_i_29_n_0
                         CARRY8 (Prop_CARRY8_CI_CO[7])
                                                      0.030     2.734 f  u_dec_7_igdn/g_unit[0].u_unit/q1_a_reg[26]_i_10/CO[7]
                         net (fo=1, unplaced)         0.007     2.741    u_dec_7_igdn/g_unit[0].u_unit/q1_a_reg[26]_i_10_n_0
                         CARRY8 (Prop_CARRY8_CI_CO[2])
                                                      0.073     2.814 f  u_dec_7_igdn/g_unit[0].u_unit/q1_a_reg[26]_i_4__0/CO[2]
                         net (fo=28, unplaced)        0.271     3.085    u_dec_7_igdn/g_unit[0].u_unit/satv31
                         LUT5 (Prop_LUT5_I4_O)        0.039     3.124 r  u_dec_7_igdn/g_unit[0].u_unit/q1_a[26]_i_1/O
                         net (fo=27, unplaced)        0.271     3.395    u_dec_7_igdn/g_unit[0].u_unit_n_65
                         FDRE                                         r  u_dec_7_igdn/q1_a_reg[10]/R
  -------------------------------------------------------------------    -------------------

                         (clock clk rise edge)        4.000     4.000 r  
                                                      0.000     4.000 r  clk (IN)
                         net (fo=56985, unset)        0.024     4.024    u_dec_7_igdn/clk
                         FDRE                                         r  u_dec_7_igdn/q1_a_reg[10]/C
                         clock pessimism              0.000     4.024    
                         clock uncertainty           -0.035     3.989    
                         FDRE (Setup_FDRE_C_R)       -0.072     3.917    u_dec_7_igdn/q1_a_reg[10]
  -------------------------------------------------------------------
                         required time                          3.917    
                         arrival time                          -3.395    
  -------------------------------------------------------------------
                         slack                                  0.522    

Slack (MET) :             0.522ns  (required time - arrival time)
  Source:                 u_dec_7_igdn/g_unit[2].u_unit/g_mul.acc_reg[2]/C
                            (rising edge-triggered cell FDRE clocked by clk  {rise@0.000ns fall@2.000ns period=4.000ns})
  Destination:            u_dec_7_igdn/q1_a_reg[11]/R
                            (rising edge-triggered cell FDRE clocked by clk  {rise@0.000ns fall@2.000ns period=4.000ns})
  Path Group:             clk
  Path Type:              Setup (Max at Slow Process Corner)
  Requirement:            4.000ns  (clk rise@4.000ns - clk rise@0.000ns)
  Data Path Delay:        3.358ns  (logic 1.470ns (43.776%)  route 1.888ns (56.224%))
  Logic Levels:           14  (CARRY8=8 LUT1=1 LUT2=1 LUT5=2 LUT6=2)
  Clock Path Skew:        -0.013ns (DCD - SCD + CPR)
    Destination Clock Delay (DCD):    0.024ns = ( 4.024 - 4.000 ) 
    Source Clock Delay      (SCD):    0.037ns
    Clock Pessimism Removal (CPR):    0.000ns
  Clock Uncertainty:      0.035ns  ((TSJ^2 + TIJ^2)^1/2 + DJ) / 2 + PE
    Total System Jitter     (TSJ):    0.071ns
    Total Input Jitter      (TIJ):    0.000ns
    Discrete Jitter          (DJ):    0.000ns
    Phase Error              (PE):    0.000ns

    Location             Delay type                Incr(ns)  Path(ns)    Netlist Resource(s)
  -------------------------------------------------------------------    -------------------
                         (clock clk rise edge)        0.000     0.000 r  
                                                      0.000     0.000 r  clk (IN)
                         net (fo=56985, unset)        0.037     0.037    u_dec_7_igdn/g_unit[2].u_unit/clk
                         FDRE                                         r  u_dec_7_igdn/g_unit[2].u_unit/g_mul.acc_reg[2]/C
  -------------------------------------------------------------------    -------------------
                         FDRE (Prop_FDRE_C_Q)         0.095     0.132 f  u_dec_7_igdn/g_unit[2].u_unit/g_mul.acc_reg[2]/Q
                         net (fo=3, unplaced)         0.164     0.296    u_dec_7_igdn/g_unit[2].u_unit/g_mul.acc10_in[3]
                         LUT1 (Prop_LUT1_I0_O)        0.039     0.335 r  u_dec_7_igdn/g_unit[2].u_unit/i__carry_i_8__2/O
                         net (fo=1, unplaced)         0.025     0.360    u_dec_7_igdn/g_unit[2].u_unit/i__carry_i_8__2_n_0
                         CARRY8 (Prop_CARRY8_S[1]_CO[7])
                                                      0.245     0.605 r  u_dec_7_igdn/g_unit[2].u_unit/_inferred__2/i__carry/CO[7]
                         net (fo=1, unplaced)         0.007     0.612    u_dec_7_igdn/g_unit[2].u_unit/_inferred__2/i__carry_n_0
                         CARRY8 (Prop_CARRY8_CI_CO[7])
                                                      0.030     0.642 r  u_dec_7_igdn/g_unit[2].u_unit/_inferred__2/i__carry__0/CO[7]
                         net (fo=1, unplaced)         0.007     0.649    u_dec_7_igdn/g_unit[2].u_unit/_inferred__2/i__carry__0_n_0
                         CARRY8 (Prop_CARRY8_CI_O[4])
                                                      0.109     0.758 r  u_dec_7_igdn/g_unit[2].u_unit/_inferred__2/i__carry__1/O[4]
                         net (fo=1, unplaced)         0.212     0.970    u_dec_7_igdn/g_unit[2].u_unit/t0[21]
                         LUT5 (Prop_LUT5_I4_O)        0.039     1.009 r  u_dec_7_igdn/g_unit[2].u_unit/q1_a[21]_i_26/O
                         net (fo=1, unplaced)         0.214     1.223    u_dec_7_igdn/g_unit[1].u_unit/q1_a[21]_i_10__0
                         LUT6 (Prop_LUT6_I5_O)        0.039     1.262 r  u_dec_7_igdn/g_unit[1].u_unit/q1_a[21]_i_18__0/O
                         net (fo=1, unplaced)         0.214     1.476    u_dec_7_igdn/g_unit[0].u_unit/q1_a_reg[21]_i_2__0_0
                         LUT6 (Prop_LUT6_I5_O)        0.040     1.516 r  u_dec_7_igdn/g_unit[0].u_unit/q1_a[21]_i_10__0/O
                         net (fo=1, unplaced)         0.021     1.537    u_dec_7_igdn/g_unit[0].u_unit/v[21]
                         CARRY8 (Prop_CARRY8_S[0]_CO[7])
                                                      0.248     1.785 r  u_dec_7_igdn/g_unit[0].u_unit/q1_a_reg[21]_i_2__0/CO[7]
                         net (fo=1, unplaced)         0.007     1.792    u_dec_7_igdn/g_unit[0].u_unit/q1_a_reg[21]_i_2__0_n_0
                         CARRY8 (Prop_CARRY8_CI_O[5])
                                                      0.145     1.937 f  u_dec_7_igdn/g_unit[0].u_unit/q1_a_reg[26]_i_5__0/O[5]
                         net (fo=4, unplaced)         0.174     2.111    u_dec_7_igdn/g_unit[0].u_unit/q1_a_reg[26]_i_5__0_n_10
                         LUT2 (Prop_LUT2_I0_O)        0.122     2.233 f  u_dec_7_igdn/g_unit[0].u_unit/q1_a[26]_i_62/O
                         net (fo=1, unplaced)         0.287     2.520    u_dec_7_igdn/g_unit[0].u_unit/q1_a[26]_i_62_n_0
                         CARRY8 (Prop_CARRY8_DI[0]_CO[7])
                                                      0.177     2.697 f  u_dec_7_igdn/g_unit[0].u_unit/q1_a_reg[26]_i_29/CO[7]
                         net (fo=1, unplaced)         0.007     2.704    u_dec_7_igdn/g_unit[0].u_unit/q1_a_reg[26]_i_29_n_0
                         CARRY8 (Prop_CARRY8_CI_CO[7])
                                                      0.030     2.734 f  u_dec_7_igdn/g_unit[0].u_unit/q1_a_reg[26]_i_10/CO[7]
                         net (fo=1, unplaced)         0.007     2.741    u_dec_7_igdn/g_unit[0].u_unit/q1_a_reg[26]_i_10_n_0
                         CARRY8 (Prop_CARRY8_CI_CO[2])
                                                      0.073     2.814 f  u_dec_7_igdn/g_unit[0].u_unit/q1_a_reg[26]_i_4__0/CO[2]
                         net (fo=28, unplaced)        0.271     3.085    u_dec_7_igdn/g_unit[0].u_unit/satv31
                         LUT5 (Prop_LUT5_I4_O)        0.039     3.124 r  u_dec_7_igdn/g_unit[0].u_unit/q1_a[26]_i_1/O
                         net (fo=27, unplaced)        0.271     3.395    u_dec_7_igdn/g_unit[0].u_unit_n_65
                         FDRE                                         r  u_dec_7_igdn/q1_a_reg[11]/R
  -------------------------------------------------------------------    -------------------

                         (clock clk rise edge)        4.000     4.000 r  
                                                      0.000     4.000 r  clk (IN)
                         net (fo=56985, unset)        0.024     4.024    u_dec_7_igdn/clk
                         FDRE                                         r  u_dec_7_igdn/q1_a_reg[11]/C
                         clock pessimism              0.000     4.024    
                         clock uncertainty           -0.035     3.989    
                         FDRE (Setup_FDRE_C_R)       -0.072     3.917    u_dec_7_igdn/q1_a_reg[11]
  -------------------------------------------------------------------
                         required time                          3.917    
                         arrival time                          -3.395    
  -------------------------------------------------------------------
                         slack                                  0.522    

Slack (MET) :             0.522ns  (required time - arrival time)
  Source:                 u_dec_7_igdn/g_unit[2].u_unit/g_mul.acc_reg[2]/C
                            (rising edge-triggered cell FDRE clocked by clk  {rise@0.000ns fall@2.000ns period=4.000ns})
  Destination:            u_dec_7_igdn/q1_a_reg[12]/R
                            (rising edge-triggered cell FDRE clocked by clk  {rise@0.000ns fall@2.000ns period=4.000ns})
  Path Group:             clk
  Path Type:              Setup (Max at Slow Process Corner)
  Requirement:            4.000ns  (clk rise@4.000ns - clk rise@0.000ns)
  Data Path Delay:        3.358ns  (logic 1.470ns (43.776%)  route 1.888ns (56.224%))
  Logic Levels:           14  (CARRY8=8 LUT1=1 LUT2=1 LUT5=2 LUT6=2)
  Clock Path Skew:        -0.013ns (DCD - SCD + CPR)
    Destination Clock Delay (DCD):    0.024ns = ( 4.024 - 4.000 ) 
    Source Clock Delay      (SCD):    0.037ns
    Clock Pessimism Removal (CPR):    0.000ns
  Clock Uncertainty:      0.035ns  ((TSJ^2 + TIJ^2)^1/2 + DJ) / 2 + PE
    Total System Jitter     (TSJ):    0.071ns
    Total Input Jitter      (TIJ):    0.000ns
    Discrete Jitter          (DJ):    0.000ns
    Phase Error              (PE):    0.000ns

    Location             Delay type                Incr(ns)  Path(ns)    Netlist Resource(s)
  -------------------------------------------------------------------    -------------------
                         (clock clk rise edge)        0.000     0.000 r  
                                                      0.000     0.000 r  clk (IN)
                         net (fo=56985, unset)        0.037     0.037    u_dec_7_igdn/g_unit[2].u_unit/clk
                         FDRE                                         r  u_dec_7_igdn/g_unit[2].u_unit/g_mul.acc_reg[2]/C
  -------------------------------------------------------------------    -------------------
                         FDRE (Prop_FDRE_C_Q)         0.095     0.132 f  u_dec_7_igdn/g_unit[2].u_unit/g_mul.acc_reg[2]/Q
                         net (fo=3, unplaced)         0.164     0.296    u_dec_7_igdn/g_unit[2].u_unit/g_mul.acc10_in[3]
                         LUT1 (Prop_LUT1_I0_O)        0.039     0.335 r  u_dec_7_igdn/g_unit[2].u_unit/i__carry_i_8__2/O
                         net (fo=1, unplaced)         0.025     0.360    u_dec_7_igdn/g_unit[2].u_unit/i__carry_i_8__2_n_0
                         CARRY8 (Prop_CARRY8_S[1]_CO[7])
                                                      0.245     0.605 r  u_dec_7_igdn/g_unit[2].u_unit/_inferred__2/i__carry/CO[7]
                         net (fo=1, unplaced)         0.007     0.612    u_dec_7_igdn/g_unit[2].u_unit/_inferred__2/i__carry_n_0
                         CARRY8 (Prop_CARRY8_CI_CO[7])
                                                      0.030     0.642 r  u_dec_7_igdn/g_unit[2].u_unit/_inferred__2/i__carry__0/CO[7]
                         net (fo=1, unplaced)         0.007     0.649    u_dec_7_igdn/g_unit[2].u_unit/_inferred__2/i__carry__0_n_0
                         CARRY8 (Prop_CARRY8_CI_O[4])
                                                      0.109     0.758 r  u_dec_7_igdn/g_unit[2].u_unit/_inferred__2/i__carry__1/O[4]
                         net (fo=1, unplaced)         0.212     0.970    u_dec_7_igdn/g_unit[2].u_unit/t0[21]
                         LUT5 (Prop_LUT5_I4_O)        0.039     1.009 r  u_dec_7_igdn/g_unit[2].u_unit/q1_a[21]_i_26/O
                         net (fo=1, unplaced)         0.214     1.223    u_dec_7_igdn/g_unit[1].u_unit/q1_a[21]_i_10__0
                         LUT6 (Prop_LUT6_I5_O)        0.039     1.262 r  u_dec_7_igdn/g_unit[1].u_unit/q1_a[21]_i_18__0/O
                         net (fo=1, unplaced)         0.214     1.476    u_dec_7_igdn/g_unit[0].u_unit/q1_a_reg[21]_i_2__0_0
                         LUT6 (Prop_LUT6_I5_O)        0.040     1.516 r  u_dec_7_igdn/g_unit[0].u_unit/q1_a[21]_i_10__0/O
                         net (fo=1, unplaced)         0.021     1.537    u_dec_7_igdn/g_unit[0].u_unit/v[21]
                         CARRY8 (Prop_CARRY8_S[0]_CO[7])
                                                      0.248     1.785 r  u_dec_7_igdn/g_unit[0].u_unit/q1_a_reg[21]_i_2__0/CO[7]
                         net (fo=1, unplaced)         0.007     1.792    u_dec_7_igdn/g_unit[0].u_unit/q1_a_reg[21]_i_2__0_n_0
                         CARRY8 (Prop_CARRY8_CI_O[5])
                                                      0.145     1.937 f  u_dec_7_igdn/g_unit[0].u_unit/q1_a_reg[26]_i_5__0/O[5]
                         net (fo=4, unplaced)         0.174     2.111    u_dec_7_igdn/g_unit[0].u_unit/q1_a_reg[26]_i_5__0_n_10
                         LUT2 (Prop_LUT2_I0_O)        0.122     2.233 f  u_dec_7_igdn/g_unit[0].u_unit/q1_a[26]_i_62/O
                         net (fo=1, unplaced)         0.287     2.520    u_dec_7_igdn/g_unit[0].u_unit/q1_a[26]_i_62_n_0
                         CARRY8 (Prop_CARRY8_DI[0]_CO[7])
                                                      0.177     2.697 f  u_dec_7_igdn/g_unit[0].u_unit/q1_a_reg[26]_i_29/CO[7]
                         net (fo=1, unplaced)         0.007     2.704    u_dec_7_igdn/g_unit[0].u_unit/q1_a_reg[26]_i_29_n_0
                         CARRY8 (Prop_CARRY8_CI_CO[7])
                                                      0.030     2.734 f  u_dec_7_igdn/g_unit[0].u_unit/q1_a_reg[26]_i_10/CO[7]
                         net (fo=1, unplaced)         0.007     2.741    u_dec_7_igdn/g_unit[0].u_unit/q1_a_reg[26]_i_10_n_0
                         CARRY8 (Prop_CARRY8_CI_CO[2])
                                                      0.073     2.814 f  u_dec_7_igdn/g_unit[0].u_unit/q1_a_reg[26]_i_4__0/CO[2]
                         net (fo=28, unplaced)        0.271     3.085    u_dec_7_igdn/g_unit[0].u_unit/satv31
                         LUT5 (Prop_LUT5_I4_O)        0.039     3.124 r  u_dec_7_igdn/g_unit[0].u_unit/q1_a[26]_i_1/O
                         net (fo=27, unplaced)        0.271     3.395    u_dec_7_igdn/g_unit[0].u_unit_n_65
                         FDRE                                         r  u_dec_7_igdn/q1_a_reg[12]/R
  -------------------------------------------------------------------    -------------------

                         (clock clk rise edge)        4.000     4.000 r  
                                                      0.000     4.000 r  clk (IN)
                         net (fo=56985, unset)        0.024     4.024    u_dec_7_igdn/clk
                         FDRE                                         r  u_dec_7_igdn/q1_a_reg[12]/C
                         clock pessimism              0.000     4.024    
                         clock uncertainty           -0.035     3.989    
                         FDRE (Setup_FDRE_C_R)       -0.072     3.917    u_dec_7_igdn/q1_a_reg[12]
  -------------------------------------------------------------------
                         required time                          3.917    
                         arrival time                          -3.395    
  -------------------------------------------------------------------
                         slack                                  0.522    

Slack (MET) :             0.522ns  (required time - arrival time)
  Source:                 u_dec_7_igdn/g_unit[2].u_unit/g_mul.acc_reg[2]/C
                            (rising edge-triggered cell FDRE clocked by clk  {rise@0.000ns fall@2.000ns period=4.000ns})
  Destination:            u_dec_7_igdn/q1_a_reg[13]/R
                            (rising edge-triggered cell FDRE clocked by clk  {rise@0.000ns fall@2.000ns period=4.000ns})
  Path Group:             clk
  Path Type:              Setup (Max at Slow Process Corner)
  Requirement:            4.000ns  (clk rise@4.000ns - clk rise@0.000ns)
  Data Path Delay:        3.358ns  (logic 1.470ns (43.776%)  route 1.888ns (56.224%))
  Logic Levels:           14  (CARRY8=8 LUT1=1 LUT2=1 LUT5=2 LUT6=2)
  Clock Path Skew:        -0.013ns (DCD - SCD + CPR)
    Destination Clock Delay (DCD):    0.024ns = ( 4.024 - 4.000 ) 
    Source Clock Delay      (SCD):    0.037ns
    Clock Pessimism Removal (CPR):    0.000ns
  Clock Uncertainty:      0.035ns  ((TSJ^2 + TIJ^2)^1/2 + DJ) / 2 + PE
    Total System Jitter     (TSJ):    0.071ns
    Total Input Jitter      (TIJ):    0.000ns
    Discrete Jitter          (DJ):    0.000ns
    Phase Error              (PE):    0.000ns

    Location             Delay type                Incr(ns)  Path(ns)    Netlist Resource(s)
  -------------------------------------------------------------------    -------------------
                         (clock clk rise edge)        0.000     0.000 r  
                                                      0.000     0.000 r  clk (IN)
                         net (fo=56985, unset)        0.037     0.037    u_dec_7_igdn/g_unit[2].u_unit/clk
                         FDRE                                         r  u_dec_7_igdn/g_unit[2].u_unit/g_mul.acc_reg[2]/C
  -------------------------------------------------------------------    -------------------
                         FDRE (Prop_FDRE_C_Q)         0.095     0.132 f  u_dec_7_igdn/g_unit[2].u_unit/g_mul.acc_reg[2]/Q
                         net (fo=3, unplaced)         0.164     0.296    u_dec_7_igdn/g_unit[2].u_unit/g_mul.acc10_in[3]
                         LUT1 (Prop_LUT1_I0_O)        0.039     0.335 r  u_dec_7_igdn/g_unit[2].u_unit/i__carry_i_8__2/O
                         net (fo=1, unplaced)         0.025     0.360    u_dec_7_igdn/g_unit[2].u_unit/i__carry_i_8__2_n_0
                         CARRY8 (Prop_CARRY8_S[1]_CO[7])
                                                      0.245     0.605 r  u_dec_7_igdn/g_unit[2].u_unit/_inferred__2/i__carry/CO[7]
                         net (fo=1, unplaced)         0.007     0.612    u_dec_7_igdn/g_unit[2].u_unit/_inferred__2/i__carry_n_0
                         CARRY8 (Prop_CARRY8_CI_CO[7])
                                                      0.030     0.642 r  u_dec_7_igdn/g_unit[2].u_unit/_inferred__2/i__carry__0/CO[7]
                         net (fo=1, unplaced)         0.007     0.649    u_dec_7_igdn/g_unit[2].u_unit/_inferred__2/i__carry__0_n_0
                         CARRY8 (Prop_CARRY8_CI_O[4])
                                                      0.109     0.758 r  u_dec_7_igdn/g_unit[2].u_unit/_inferred__2/i__carry__1/O[4]
                         net (fo=1, unplaced)         0.212     0.970    u_dec_7_igdn/g_unit[2].u_unit/t0[21]
                         LUT5 (Prop_LUT5_I4_O)        0.039     1.009 r  u_dec_7_igdn/g_unit[2].u_unit/q1_a[21]_i_26/O
                         net (fo=1, unplaced)         0.214     1.223    u_dec_7_igdn/g_unit[1].u_unit/q1_a[21]_i_10__0
                         LUT6 (Prop_LUT6_I5_O)        0.039     1.262 r  u_dec_7_igdn/g_unit[1].u_unit/q1_a[21]_i_18__0/O
                         net (fo=1, unplaced)         0.214     1.476    u_dec_7_igdn/g_unit[0].u_unit/q1_a_reg[21]_i_2__0_0
                         LUT6 (Prop_LUT6_I5_O)        0.040     1.516 r  u_dec_7_igdn/g_unit[0].u_unit/q1_a[21]_i_10__0/O
                         net (fo=1, unplaced)         0.021     1.537    u_dec_7_igdn/g_unit[0].u_unit/v[21]
                         CARRY8 (Prop_CARRY8_S[0]_CO[7])
                                                      0.248     1.785 r  u_dec_7_igdn/g_unit[0].u_unit/q1_a_reg[21]_i_2__0/CO[7]
                         net (fo=1, unplaced)         0.007     1.792    u_dec_7_igdn/g_unit[0].u_unit/q1_a_reg[21]_i_2__0_n_0
                         CARRY8 (Prop_CARRY8_CI_O[5])
                                                      0.145     1.937 f  u_dec_7_igdn/g_unit[0].u_unit/q1_a_reg[26]_i_5__0/O[5]
                         net (fo=4, unplaced)         0.174     2.111    u_dec_7_igdn/g_unit[0].u_unit/q1_a_reg[26]_i_5__0_n_10
                         LUT2 (Prop_LUT2_I0_O)        0.122     2.233 f  u_dec_7_igdn/g_unit[0].u_unit/q1_a[26]_i_62/O
                         net (fo=1, unplaced)         0.287     2.520    u_dec_7_igdn/g_unit[0].u_unit/q1_a[26]_i_62_n_0
                         CARRY8 (Prop_CARRY8_DI[0]_CO[7])
                                                      0.177     2.697 f  u_dec_7_igdn/g_unit[0].u_unit/q1_a_reg[26]_i_29/CO[7]
                         net (fo=1, unplaced)         0.007     2.704    u_dec_7_igdn/g_unit[0].u_unit/q1_a_reg[26]_i_29_n_0
                         CARRY8 (Prop_CARRY8_CI_CO[7])
                                                      0.030     2.734 f  u_dec_7_igdn/g_unit[0].u_unit/q1_a_reg[26]_i_10/CO[7]
                         net (fo=1, unplaced)         0.007     2.741    u_dec_7_igdn/g_unit[0].u_unit/q1_a_reg[26]_i_10_n_0
                         CARRY8 (Prop_CARRY8_CI_CO[2])
                                                      0.073     2.814 f  u_dec_7_igdn/g_unit[0].u_unit/q1_a_reg[26]_i_4__0/CO[2]
                         net (fo=28, unplaced)        0.271     3.085    u_dec_7_igdn/g_unit[0].u_unit/satv31
                         LUT5 (Prop_LUT5_I4_O)        0.039     3.124 r  u_dec_7_igdn/g_unit[0].u_unit/q1_a[26]_i_1/O
                         net (fo=27, unplaced)        0.271     3.395    u_dec_7_igdn/g_unit[0].u_unit_n_65
                         FDRE                                         r  u_dec_7_igdn/q1_a_reg[13]/R
  -------------------------------------------------------------------    -------------------

                         (clock clk rise edge)        4.000     4.000 r  
                                                      0.000     4.000 r  clk (IN)
                         net (fo=56985, unset)        0.024     4.024    u_dec_7_igdn/clk
                         FDRE                                         r  u_dec_7_igdn/q1_a_reg[13]/C
                         clock pessimism              0.000     4.024    
                         clock uncertainty           -0.035     3.989    
                         FDRE (Setup_FDRE_C_R)       -0.072     3.917    u_dec_7_igdn/q1_a_reg[13]
  -------------------------------------------------------------------
                         required time                          3.917    
                         arrival time                          -3.395    
  -------------------------------------------------------------------
                         slack                                  0.522    

Slack (MET) :             0.522ns  (required time - arrival time)
  Source:                 u_dec_7_igdn/g_unit[2].u_unit/g_mul.acc_reg[2]/C
                            (rising edge-triggered cell FDRE clocked by clk  {rise@0.000ns fall@2.000ns period=4.000ns})
  Destination:            u_dec_7_igdn/q1_a_reg[14]/R
                            (rising edge-triggered cell FDRE clocked by clk  {rise@0.000ns fall@2.000ns period=4.000ns})
  Path Group:             clk
  Path Type:              Setup (Max at Slow Process Corner)
  Requirement:            4.000ns  (clk rise@4.000ns - clk rise@0.000ns)
  Data Path Delay:        3.358ns  (logic 1.470ns (43.776%)  route 1.888ns (56.224%))
  Logic Levels:           14  (CARRY8=8 LUT1=1 LUT2=1 LUT5=2 LUT6=2)
  Clock Path Skew:        -0.013ns (DCD - SCD + CPR)
    Destination Clock Delay (DCD):    0.024ns = ( 4.024 - 4.000 ) 
    Source Clock Delay      (SCD):    0.037ns
    Clock Pessimism Removal (CPR):    0.000ns
  Clock Uncertainty:      0.035ns  ((TSJ^2 + TIJ^2)^1/2 + DJ) / 2 + PE
    Total System Jitter     (TSJ):    0.071ns
    Total Input Jitter      (TIJ):    0.000ns
    Discrete Jitter          (DJ):    0.000ns
    Phase Error              (PE):    0.000ns

    Location             Delay type                Incr(ns)  Path(ns)    Netlist Resource(s)
  -------------------------------------------------------------------    -------------------
                         (clock clk rise edge)        0.000     0.000 r  
                                                      0.000     0.000 r  clk (IN)
                         net (fo=56985, unset)        0.037     0.037    u_dec_7_igdn/g_unit[2].u_unit/clk
                         FDRE                                         r  u_dec_7_igdn/g_unit[2].u_unit/g_mul.acc_reg[2]/C
  -------------------------------------------------------------------    -------------------
                         FDRE (Prop_FDRE_C_Q)         0.095     0.132 f  u_dec_7_igdn/g_unit[2].u_unit/g_mul.acc_reg[2]/Q
                         net (fo=3, unplaced)         0.164     0.296    u_dec_7_igdn/g_unit[2].u_unit/g_mul.acc10_in[3]
                         LUT1 (Prop_LUT1_I0_O)        0.039     0.335 r  u_dec_7_igdn/g_unit[2].u_unit/i__carry_i_8__2/O
                         net (fo=1, unplaced)         0.025     0.360    u_dec_7_igdn/g_unit[2].u_unit/i__carry_i_8__2_n_0
                         CARRY8 (Prop_CARRY8_S[1]_CO[7])
                                                      0.245     0.605 r  u_dec_7_igdn/g_unit[2].u_unit/_inferred__2/i__carry/CO[7]
                         net (fo=1, unplaced)         0.007     0.612    u_dec_7_igdn/g_unit[2].u_unit/_inferred__2/i__carry_n_0
                         CARRY8 (Prop_CARRY8_CI_CO[7])
                                                      0.030     0.642 r  u_dec_7_igdn/g_unit[2].u_unit/_inferred__2/i__carry__0/CO[7]
                         net (fo=1, unplaced)         0.007     0.649    u_dec_7_igdn/g_unit[2].u_unit/_inferred__2/i__carry__0_n_0
                         CARRY8 (Prop_CARRY8_CI_O[4])
                                                      0.109     0.758 r  u_dec_7_igdn/g_unit[2].u_unit/_inferred__2/i__carry__1/O[4]
                         net (fo=1, unplaced)         0.212     0.970    u_dec_7_igdn/g_unit[2].u_unit/t0[21]
                         LUT5 (Prop_LUT5_I4_O)        0.039     1.009 r  u_dec_7_igdn/g_unit[2].u_unit/q1_a[21]_i_26/O
                         net (fo=1, unplaced)         0.214     1.223    u_dec_7_igdn/g_unit[1].u_unit/q1_a[21]_i_10__0
                         LUT6 (Prop_LUT6_I5_O)        0.039     1.262 r  u_dec_7_igdn/g_unit[1].u_unit/q1_a[21]_i_18__0/O
                         net (fo=1, unplaced)         0.214     1.476    u_dec_7_igdn/g_unit[0].u_unit/q1_a_reg[21]_i_2__0_0
                         LUT6 (Prop_LUT6_I5_O)        0.040     1.516 r  u_dec_7_igdn/g_unit[0].u_unit/q1_a[21]_i_10__0/O
                         net (fo=1, unplaced)         0.021     1.537    u_dec_7_igdn/g_unit[0].u_unit/v[21]
                         CARRY8 (Prop_CARRY8_S[0]_CO[7])
                                                      0.248     1.785 r  u_dec_7_igdn/g_unit[0].u_unit/q1_a_reg[21]_i_2__0/CO[7]
                         net (fo=1, unplaced)         0.007     1.792    u_dec_7_igdn/g_unit[0].u_unit/q1_a_reg[21]_i_2__0_n_0
                         CARRY8 (Prop_CARRY8_CI_O[5])
                                                      0.145     1.937 f  u_dec_7_igdn/g_unit[0].u_unit/q1_a_reg[26]_i_5__0/O[5]
                         net (fo=4, unplaced)         0.174     2.111    u_dec_7_igdn/g_unit[0].u_unit/q1_a_reg[26]_i_5__0_n_10
                         LUT2 (Prop_LUT2_I0_O)        0.122     2.233 f  u_dec_7_igdn/g_unit[0].u_unit/q1_a[26]_i_62/O
                         net (fo=1, unplaced)         0.287     2.520    u_dec_7_igdn/g_unit[0].u_unit/q1_a[26]_i_62_n_0
                         CARRY8 (Prop_CARRY8_DI[0]_CO[7])
                                                      0.177     2.697 f  u_dec_7_igdn/g_unit[0].u_unit/q1_a_reg[26]_i_29/CO[7]
                         net (fo=1, unplaced)         0.007     2.704    u_dec_7_igdn/g_unit[0].u_unit/q1_a_reg[26]_i_29_n_0
                         CARRY8 (Prop_CARRY8_CI_CO[7])
                                                      0.030     2.734 f  u_dec_7_igdn/g_unit[0].u_unit/q1_a_reg[26]_i_10/CO[7]
                         net (fo=1, unplaced)         0.007     2.741    u_dec_7_igdn/g_unit[0].u_unit/q1_a_reg[26]_i_10_n_0
                         CARRY8 (Prop_CARRY8_CI_CO[2])
                                                      0.073     2.814 f  u_dec_7_igdn/g_unit[0].u_unit/q1_a_reg[26]_i_4__0/CO[2]
                         net (fo=28, unplaced)        0.271     3.085    u_dec_7_igdn/g_unit[0].u_unit/satv31
                         LUT5 (Prop_LUT5_I4_O)        0.039     3.124 r  u_dec_7_igdn/g_unit[0].u_unit/q1_a[26]_i_1/O
                         net (fo=27, unplaced)        0.271     3.395    u_dec_7_igdn/g_unit[0].u_unit_n_65
                         FDRE                                         r  u_dec_7_igdn/q1_a_reg[14]/R
  -------------------------------------------------------------------    -------------------

                         (clock clk rise edge)        4.000     4.000 r  
                                                      0.000     4.000 r  clk (IN)
                         net (fo=56985, unset)        0.024     4.024    u_dec_7_igdn/clk
                         FDRE                                         r  u_dec_7_igdn/q1_a_reg[14]/C
                         clock pessimism              0.000     4.024    
                         clock uncertainty           -0.035     3.989    
                         FDRE (Setup_FDRE_C_R)       -0.072     3.917    u_dec_7_igdn/q1_a_reg[14]
  -------------------------------------------------------------------
                         required time                          3.917    
                         arrival time                          -3.395    
  -------------------------------------------------------------------
                         slack                                  0.522    

Slack (MET) :             0.522ns  (required time - arrival time)
  Source:                 u_dec_7_igdn/g_unit[2].u_unit/g_mul.acc_reg[2]/C
                            (rising edge-triggered cell FDRE clocked by clk  {rise@0.000ns fall@2.000ns period=4.000ns})
  Destination:            u_dec_7_igdn/q1_a_reg[15]/R
                            (rising edge-triggered cell FDRE clocked by clk  {rise@0.000ns fall@2.000ns period=4.000ns})
  Path Group:             clk
  Path Type:              Setup (Max at Slow Process Corner)
  Requirement:            4.000ns  (clk rise@4.000ns - clk rise@0.000ns)
  Data Path Delay:        3.358ns  (logic 1.470ns (43.776%)  route 1.888ns (56.224%))
  Logic Levels:           14  (CARRY8=8 LUT1=1 LUT2=1 LUT5=2 LUT6=2)
  Clock Path Skew:        -0.013ns (DCD - SCD + CPR)
    Destination Clock Delay (DCD):    0.024ns = ( 4.024 - 4.000 ) 
    Source Clock Delay      (SCD):    0.037ns
    Clock Pessimism Removal (CPR):    0.000ns
  Clock Uncertainty:      0.035ns  ((TSJ^2 + TIJ^2)^1/2 + DJ) / 2 + PE
    Total System Jitter     (TSJ):    0.071ns
    Total Input Jitter      (TIJ):    0.000ns
    Discrete Jitter          (DJ):    0.000ns
    Phase Error              (PE):    0.000ns

    Location             Delay type                Incr(ns)  Path(ns)    Netlist Resource(s)
  -------------------------------------------------------------------    -------------------
                         (clock clk rise edge)        0.000     0.000 r  
                                                      0.000     0.000 r  clk (IN)
                         net (fo=56985, unset)        0.037     0.037    u_dec_7_igdn/g_unit[2].u_unit/clk
                         FDRE                                         r  u_dec_7_igdn/g_unit[2].u_unit/g_mul.acc_reg[2]/C
  -------------------------------------------------------------------    -------------------
                         FDRE (Prop_FDRE_C_Q)         0.095     0.132 f  u_dec_7_igdn/g_unit[2].u_unit/g_mul.acc_reg[2]/Q
                         net (fo=3, unplaced)         0.164     0.296    u_dec_7_igdn/g_unit[2].u_unit/g_mul.acc10_in[3]
                         LUT1 (Prop_LUT1_I0_O)        0.039     0.335 r  u_dec_7_igdn/g_unit[2].u_unit/i__carry_i_8__2/O
                         net (fo=1, unplaced)         0.025     0.360    u_dec_7_igdn/g_unit[2].u_unit/i__carry_i_8__2_n_0
                         CARRY8 (Prop_CARRY8_S[1]_CO[7])
                                                      0.245     0.605 r  u_dec_7_igdn/g_unit[2].u_unit/_inferred__2/i__carry/CO[7]
                         net (fo=1, unplaced)         0.007     0.612    u_dec_7_igdn/g_unit[2].u_unit/_inferred__2/i__carry_n_0
                         CARRY8 (Prop_CARRY8_CI_CO[7])
                                                      0.030     0.642 r  u_dec_7_igdn/g_unit[2].u_unit/_inferred__2/i__carry__0/CO[7]
                         net (fo=1, unplaced)         0.007     0.649    u_dec_7_igdn/g_unit[2].u_unit/_inferred__2/i__carry__0_n_0
                         CARRY8 (Prop_CARRY8_CI_O[4])
                                                      0.109     0.758 r  u_dec_7_igdn/g_unit[2].u_unit/_inferred__2/i__carry__1/O[4]
                         net (fo=1, unplaced)         0.212     0.970    u_dec_7_igdn/g_unit[2].u_unit/t0[21]
                         LUT5 (Prop_LUT5_I4_O)        0.039     1.009 r  u_dec_7_igdn/g_unit[2].u_unit/q1_a[21]_i_26/O
                         net (fo=1, unplaced)         0.214     1.223    u_dec_7_igdn/g_unit[1].u_unit/q1_a[21]_i_10__0
                         LUT6 (Prop_LUT6_I5_O)        0.039     1.262 r  u_dec_7_igdn/g_unit[1].u_unit/q1_a[21]_i_18__0/O
                         net (fo=1, unplaced)         0.214     1.476    u_dec_7_igdn/g_unit[0].u_unit/q1_a_reg[21]_i_2__0_0
                         LUT6 (Prop_LUT6_I5_O)        0.040     1.516 r  u_dec_7_igdn/g_unit[0].u_unit/q1_a[21]_i_10__0/O
                         net (fo=1, unplaced)         0.021     1.537    u_dec_7_igdn/g_unit[0].u_unit/v[21]
                         CARRY8 (Prop_CARRY8_S[0]_CO[7])
                                                      0.248     1.785 r  u_dec_7_igdn/g_unit[0].u_unit/q1_a_reg[21]_i_2__0/CO[7]
                         net (fo=1, unplaced)         0.007     1.792    u_dec_7_igdn/g_unit[0].u_unit/q1_a_reg[21]_i_2__0_n_0
                         CARRY8 (Prop_CARRY8_CI_O[5])
                                                      0.145     1.937 f  u_dec_7_igdn/g_unit[0].u_unit/q1_a_reg[26]_i_5__0/O[5]
                         net (fo=4, unplaced)         0.174     2.111    u_dec_7_igdn/g_unit[0].u_unit/q1_a_reg[26]_i_5__0_n_10
                         LUT2 (Prop_LUT2_I0_O)        0.122     2.233 f  u_dec_7_igdn/g_unit[0].u_unit/q1_a[26]_i_62/O
                         net (fo=1, unplaced)         0.287     2.520    u_dec_7_igdn/g_unit[0].u_unit/q1_a[26]_i_62_n_0
                         CARRY8 (Prop_CARRY8_DI[0]_CO[7])
                                                      0.177     2.697 f  u_dec_7_igdn/g_unit[0].u_unit/q1_a_reg[26]_i_29/CO[7]
                         net (fo=1, unplaced)         0.007     2.704    u_dec_7_igdn/g_unit[0].u_unit/q1_a_reg[26]_i_29_n_0
                         CARRY8 (Prop_CARRY8_CI_CO[7])
                                                      0.030     2.734 f  u_dec_7_igdn/g_unit[0].u_unit/q1_a_reg[26]_i_10/CO[7]
                         net (fo=1, unplaced)         0.007     2.741    u_dec_7_igdn/g_unit[0].u_unit/q1_a_reg[26]_i_10_n_0
                         CARRY8 (Prop_CARRY8_CI_CO[2])
                                                      0.073     2.814 f  u_dec_7_igdn/g_unit[0].u_unit/q1_a_reg[26]_i_4__0/CO[2]
                         net (fo=28, unplaced)        0.271     3.085    u_dec_7_igdn/g_unit[0].u_unit/satv31
                         LUT5 (Prop_LUT5_I4_O)        0.039     3.124 r  u_dec_7_igdn/g_unit[0].u_unit/q1_a[26]_i_1/O
                         net (fo=27, unplaced)        0.271     3.395    u_dec_7_igdn/g_unit[0].u_unit_n_65
                         FDRE                                         r  u_dec_7_igdn/q1_a_reg[15]/R
  -------------------------------------------------------------------    -------------------

                         (clock clk rise edge)        4.000     4.000 r  
                                                      0.000     4.000 r  clk (IN)
                         net (fo=56985, unset)        0.024     4.024    u_dec_7_igdn/clk
                         FDRE                                         r  u_dec_7_igdn/q1_a_reg[15]/C
                         clock pessimism              0.000     4.024    
                         clock uncertainty           -0.035     3.989    
                         FDRE (Setup_FDRE_C_R)       -0.072     3.917    u_dec_7_igdn/q1_a_reg[15]
  -------------------------------------------------------------------
                         required time                          3.917    
                         arrival time                          -3.395    
  -------------------------------------------------------------------
                         slack                                  0.522    

Slack (MET) :             0.522ns  (required time - arrival time)
  Source:                 u_dec_7_igdn/g_unit[2].u_unit/g_mul.acc_reg[2]/C
                            (rising edge-triggered cell FDRE clocked by clk  {rise@0.000ns fall@2.000ns period=4.000ns})
  Destination:            u_dec_7_igdn/q1_a_reg[16]/R
                            (rising edge-triggered cell FDRE clocked by clk  {rise@0.000ns fall@2.000ns period=4.000ns})
  Path Group:             clk
  Path Type:              Setup (Max at Slow Process Corner)
  Requirement:            4.000ns  (clk rise@4.000ns - clk rise@0.000ns)
  Data Path Delay:        3.358ns  (logic 1.470ns (43.776%)  route 1.888ns (56.224%))
  Logic Levels:           14  (CARRY8=8 LUT1=1 LUT2=1 LUT5=2 LUT6=2)
  Clock Path Skew:        -0.013ns (DCD - SCD + CPR)
    Destination Clock Delay (DCD):    0.024ns = ( 4.024 - 4.000 ) 
    Source Clock Delay      (SCD):    0.037ns
    Clock Pessimism Removal (CPR):    0.000ns
  Clock Uncertainty:      0.035ns  ((TSJ^2 + TIJ^2)^1/2 + DJ) / 2 + PE
    Total System Jitter     (TSJ):    0.071ns
    Total Input Jitter      (TIJ):    0.000ns
    Discrete Jitter          (DJ):    0.000ns
    Phase Error              (PE):    0.000ns

    Location             Delay type                Incr(ns)  Path(ns)    Netlist Resource(s)
  -------------------------------------------------------------------    -------------------
                         (clock clk rise edge)        0.000     0.000 r  
                                                      0.000     0.000 r  clk (IN)
                         net (fo=56985, unset)        0.037     0.037    u_dec_7_igdn/g_unit[2].u_unit/clk
                         FDRE                                         r  u_dec_7_igdn/g_unit[2].u_unit/g_mul.acc_reg[2]/C
  -------------------------------------------------------------------    -------------------
                         FDRE (Prop_FDRE_C_Q)         0.095     0.132 f  u_dec_7_igdn/g_unit[2].u_unit/g_mul.acc_reg[2]/Q
                         net (fo=3, unplaced)         0.164     0.296    u_dec_7_igdn/g_unit[2].u_unit/g_mul.acc10_in[3]
                         LUT1 (Prop_LUT1_I0_O)        0.039     0.335 r  u_dec_7_igdn/g_unit[2].u_unit/i__carry_i_8__2/O
                         net (fo=1, unplaced)         0.025     0.360    u_dec_7_igdn/g_unit[2].u_unit/i__carry_i_8__2_n_0
                         CARRY8 (Prop_CARRY8_S[1]_CO[7])
                                                      0.245     0.605 r  u_dec_7_igdn/g_unit[2].u_unit/_inferred__2/i__carry/CO[7]
                         net (fo=1, unplaced)         0.007     0.612    u_dec_7_igdn/g_unit[2].u_unit/_inferred__2/i__carry_n_0
                         CARRY8 (Prop_CARRY8_CI_CO[7])
                                                      0.030     0.642 r  u_dec_7_igdn/g_unit[2].u_unit/_inferred__2/i__carry__0/CO[7]
                         net (fo=1, unplaced)         0.007     0.649    u_dec_7_igdn/g_unit[2].u_unit/_inferred__2/i__carry__0_n_0
                         CARRY8 (Prop_CARRY8_CI_O[4])
                                                      0.109     0.758 r  u_dec_7_igdn/g_unit[2].u_unit/_inferred__2/i__carry__1/O[4]
                         net (fo=1, unplaced)         0.212     0.970    u_dec_7_igdn/g_unit[2].u_unit/t0[21]
                         LUT5 (Prop_LUT5_I4_O)        0.039     1.009 r  u_dec_7_igdn/g_unit[2].u_unit/q1_a[21]_i_26/O
                         net (fo=1, unplaced)         0.214     1.223    u_dec_7_igdn/g_unit[1].u_unit/q1_a[21]_i_10__0
                         LUT6 (Prop_LUT6_I5_O)        0.039     1.262 r  u_dec_7_igdn/g_unit[1].u_unit/q1_a[21]_i_18__0/O
                         net (fo=1, unplaced)         0.214     1.476    u_dec_7_igdn/g_unit[0].u_unit/q1_a_reg[21]_i_2__0_0
                         LUT6 (Prop_LUT6_I5_O)        0.040     1.516 r  u_dec_7_igdn/g_unit[0].u_unit/q1_a[21]_i_10__0/O
                         net (fo=1, unplaced)         0.021     1.537    u_dec_7_igdn/g_unit[0].u_unit/v[21]
                         CARRY8 (Prop_CARRY8_S[0]_CO[7])
                                                      0.248     1.785 r  u_dec_7_igdn/g_unit[0].u_unit/q1_a_reg[21]_i_2__0/CO[7]
                         net (fo=1, unplaced)         0.007     1.792    u_dec_7_igdn/g_unit[0].u_unit/q1_a_reg[21]_i_2__0_n_0
                         CARRY8 (Prop_CARRY8_CI_O[5])
                                                      0.145     1.937 f  u_dec_7_igdn/g_unit[0].u_unit/q1_a_reg[26]_i_5__0/O[5]
                         net (fo=4, unplaced)         0.174     2.111    u_dec_7_igdn/g_unit[0].u_unit/q1_a_reg[26]_i_5__0_n_10
                         LUT2 (Prop_LUT2_I0_O)        0.122     2.233 f  u_dec_7_igdn/g_unit[0].u_unit/q1_a[26]_i_62/O
                         net (fo=1, unplaced)         0.287     2.520    u_dec_7_igdn/g_unit[0].u_unit/q1_a[26]_i_62_n_0
                         CARRY8 (Prop_CARRY8_DI[0]_CO[7])
                                                      0.177     2.697 f  u_dec_7_igdn/g_unit[0].u_unit/q1_a_reg[26]_i_29/CO[7]
                         net (fo=1, unplaced)         0.007     2.704    u_dec_7_igdn/g_unit[0].u_unit/q1_a_reg[26]_i_29_n_0
                         CARRY8 (Prop_CARRY8_CI_CO[7])
                                                      0.030     2.734 f  u_dec_7_igdn/g_unit[0].u_unit/q1_a_reg[26]_i_10/CO[7]
                         net (fo=1, unplaced)         0.007     2.741    u_dec_7_igdn/g_unit[0].u_unit/q1_a_reg[26]_i_10_n_0
                         CARRY8 (Prop_CARRY8_CI_CO[2])
                                                      0.073     2.814 f  u_dec_7_igdn/g_unit[0].u_unit/q1_a_reg[26]_i_4__0/CO[2]
                         net (fo=28, unplaced)        0.271     3.085    u_dec_7_igdn/g_unit[0].u_unit/satv31
                         LUT5 (Prop_LUT5_I4_O)        0.039     3.124 r  u_dec_7_igdn/g_unit[0].u_unit/q1_a[26]_i_1/O
                         net (fo=27, unplaced)        0.271     3.395    u_dec_7_igdn/g_unit[0].u_unit_n_65
                         FDRE                                         r  u_dec_7_igdn/q1_a_reg[16]/R
  -------------------------------------------------------------------    -------------------

                         (clock clk rise edge)        4.000     4.000 r  
                                                      0.000     4.000 r  clk (IN)
                         net (fo=56985, unset)        0.024     4.024    u_dec_7_igdn/clk
                         FDRE                                         r  u_dec_7_igdn/q1_a_reg[16]/C
                         clock pessimism              0.000     4.024    
                         clock uncertainty           -0.035     3.989    
                         FDRE (Setup_FDRE_C_R)       -0.072     3.917    u_dec_7_igdn/q1_a_reg[16]
  -------------------------------------------------------------------
                         required time                          3.917    
                         arrival time                          -3.395    
  -------------------------------------------------------------------
                         slack                                  0.522    

Slack (MET) :             0.522ns  (required time - arrival time)
  Source:                 u_dec_7_igdn/g_unit[2].u_unit/g_mul.acc_reg[2]/C
                            (rising edge-triggered cell FDRE clocked by clk  {rise@0.000ns fall@2.000ns period=4.000ns})
  Destination:            u_dec_7_igdn/q1_a_reg[17]/R
                            (rising edge-triggered cell FDRE clocked by clk  {rise@0.000ns fall@2.000ns period=4.000ns})
  Path Group:             clk
  Path Type:              Setup (Max at Slow Process Corner)
  Requirement:            4.000ns  (clk rise@4.000ns - clk rise@0.000ns)
  Data Path Delay:        3.358ns  (logic 1.470ns (43.776%)  route 1.888ns (56.224%))
  Logic Levels:           14  (CARRY8=8 LUT1=1 LUT2=1 LUT5=2 LUT6=2)
  Clock Path Skew:        -0.013ns (DCD - SCD + CPR)
    Destination Clock Delay (DCD):    0.024ns = ( 4.024 - 4.000 ) 
    Source Clock Delay      (SCD):    0.037ns
    Clock Pessimism Removal (CPR):    0.000ns
  Clock Uncertainty:      0.035ns  ((TSJ^2 + TIJ^2)^1/2 + DJ) / 2 + PE
    Total System Jitter     (TSJ):    0.071ns
    Total Input Jitter      (TIJ):    0.000ns
    Discrete Jitter          (DJ):    0.000ns
    Phase Error              (PE):    0.000ns

    Location             Delay type                Incr(ns)  Path(ns)    Netlist Resource(s)
  -------------------------------------------------------------------    -------------------
                         (clock clk rise edge)        0.000     0.000 r  
                                                      0.000     0.000 r  clk (IN)
                         net (fo=56985, unset)        0.037     0.037    u_dec_7_igdn/g_unit[2].u_unit/clk
                         FDRE                                         r  u_dec_7_igdn/g_unit[2].u_unit/g_mul.acc_reg[2]/C
  -------------------------------------------------------------------    -------------------
                         FDRE (Prop_FDRE_C_Q)         0.095     0.132 f  u_dec_7_igdn/g_unit[2].u_unit/g_mul.acc_reg[2]/Q
                         net (fo=3, unplaced)         0.164     0.296    u_dec_7_igdn/g_unit[2].u_unit/g_mul.acc10_in[3]
                         LUT1 (Prop_LUT1_I0_O)        0.039     0.335 r  u_dec_7_igdn/g_unit[2].u_unit/i__carry_i_8__2/O
                         net (fo=1, unplaced)         0.025     0.360    u_dec_7_igdn/g_unit[2].u_unit/i__carry_i_8__2_n_0
                         CARRY8 (Prop_CARRY8_S[1]_CO[7])
                                                      0.245     0.605 r  u_dec_7_igdn/g_unit[2].u_unit/_inferred__2/i__carry/CO[7]
                         net (fo=1, unplaced)         0.007     0.612    u_dec_7_igdn/g_unit[2].u_unit/_inferred__2/i__carry_n_0
                         CARRY8 (Prop_CARRY8_CI_CO[7])
                                                      0.030     0.642 r  u_dec_7_igdn/g_unit[2].u_unit/_inferred__2/i__carry__0/CO[7]
                         net (fo=1, unplaced)         0.007     0.649    u_dec_7_igdn/g_unit[2].u_unit/_inferred__2/i__carry__0_n_0
                         CARRY8 (Prop_CARRY8_CI_O[4])
                                                      0.109     0.758 r  u_dec_7_igdn/g_unit[2].u_unit/_inferred__2/i__carry__1/O[4]
                         net (fo=1, unplaced)         0.212     0.970    u_dec_7_igdn/g_unit[2].u_unit/t0[21]
                         LUT5 (Prop_LUT5_I4_O)        0.039     1.009 r  u_dec_7_igdn/g_unit[2].u_unit/q1_a[21]_i_26/O
                         net (fo=1, unplaced)         0.214     1.223    u_dec_7_igdn/g_unit[1].u_unit/q1_a[21]_i_10__0
                         LUT6 (Prop_LUT6_I5_O)        0.039     1.262 r  u_dec_7_igdn/g_unit[1].u_unit/q1_a[21]_i_18__0/O
                         net (fo=1, unplaced)         0.214     1.476    u_dec_7_igdn/g_unit[0].u_unit/q1_a_reg[21]_i_2__0_0
                         LUT6 (Prop_LUT6_I5_O)        0.040     1.516 r  u_dec_7_igdn/g_unit[0].u_unit/q1_a[21]_i_10__0/O
                         net (fo=1, unplaced)         0.021     1.537    u_dec_7_igdn/g_unit[0].u_unit/v[21]
                         CARRY8 (Prop_CARRY8_S[0]_CO[7])
                                                      0.248     1.785 r  u_dec_7_igdn/g_unit[0].u_unit/q1_a_reg[21]_i_2__0/CO[7]
                         net (fo=1, unplaced)         0.007     1.792    u_dec_7_igdn/g_unit[0].u_unit/q1_a_reg[21]_i_2__0_n_0
                         CARRY8 (Prop_CARRY8_CI_O[5])
                                                      0.145     1.937 f  u_dec_7_igdn/g_unit[0].u_unit/q1_a_reg[26]_i_5__0/O[5]
                         net (fo=4, unplaced)         0.174     2.111    u_dec_7_igdn/g_unit[0].u_unit/q1_a_reg[26]_i_5__0_n_10
                         LUT2 (Prop_LUT2_I0_O)        0.122     2.233 f  u_dec_7_igdn/g_unit[0].u_unit/q1_a[26]_i_62/O
                         net (fo=1, unplaced)         0.287     2.520    u_dec_7_igdn/g_unit[0].u_unit/q1_a[26]_i_62_n_0
                         CARRY8 (Prop_CARRY8_DI[0]_CO[7])
                                                      0.177     2.697 f  u_dec_7_igdn/g_unit[0].u_unit/q1_a_reg[26]_i_29/CO[7]
                         net (fo=1, unplaced)         0.007     2.704    u_dec_7_igdn/g_unit[0].u_unit/q1_a_reg[26]_i_29_n_0
                         CARRY8 (Prop_CARRY8_CI_CO[7])
                                                      0.030     2.734 f  u_dec_7_igdn/g_unit[0].u_unit/q1_a_reg[26]_i_10/CO[7]
                         net (fo=1, unplaced)         0.007     2.741    u_dec_7_igdn/g_unit[0].u_unit/q1_a_reg[26]_i_10_n_0
                         CARRY8 (Prop_CARRY8_CI_CO[2])
                                                      0.073     2.814 f  u_dec_7_igdn/g_unit[0].u_unit/q1_a_reg[26]_i_4__0/CO[2]
                         net (fo=28, unplaced)        0.271     3.085    u_dec_7_igdn/g_unit[0].u_unit/satv31
                         LUT5 (Prop_LUT5_I4_O)        0.039     3.124 r  u_dec_7_igdn/g_unit[0].u_unit/q1_a[26]_i_1/O
                         net (fo=27, unplaced)        0.271     3.395    u_dec_7_igdn/g_unit[0].u_unit_n_65
                         FDRE                                         r  u_dec_7_igdn/q1_a_reg[17]/R
  -------------------------------------------------------------------    -------------------

                         (clock clk rise edge)        4.000     4.000 r  
                                                      0.000     4.000 r  clk (IN)
                         net (fo=56985, unset)        0.024     4.024    u_dec_7_igdn/clk
                         FDRE                                         r  u_dec_7_igdn/q1_a_reg[17]/C
                         clock pessimism              0.000     4.024    
                         clock uncertainty           -0.035     3.989    
                         FDRE (Setup_FDRE_C_R)       -0.072     3.917    u_dec_7_igdn/q1_a_reg[17]
  -------------------------------------------------------------------
                         required time                          3.917    
                         arrival time                          -3.395    
  -------------------------------------------------------------------
                         slack                                  0.522    

Slack (MET) :             0.522ns  (required time - arrival time)
  Source:                 u_dec_7_igdn/g_unit[2].u_unit/g_mul.acc_reg[2]/C
                            (rising edge-triggered cell FDRE clocked by clk  {rise@0.000ns fall@2.000ns period=4.000ns})
  Destination:            u_dec_7_igdn/q1_a_reg[18]/R
                            (rising edge-triggered cell FDRE clocked by clk  {rise@0.000ns fall@2.000ns period=4.000ns})
  Path Group:             clk
  Path Type:              Setup (Max at Slow Process Corner)
  Requirement:            4.000ns  (clk rise@4.000ns - clk rise@0.000ns)
  Data Path Delay:        3.358ns  (logic 1.470ns (43.776%)  route 1.888ns (56.224%))
  Logic Levels:           14  (CARRY8=8 LUT1=1 LUT2=1 LUT5=2 LUT6=2)
  Clock Path Skew:        -0.013ns (DCD - SCD + CPR)
    Destination Clock Delay (DCD):    0.024ns = ( 4.024 - 4.000 ) 
    Source Clock Delay      (SCD):    0.037ns
    Clock Pessimism Removal (CPR):    0.000ns
  Clock Uncertainty:      0.035ns  ((TSJ^2 + TIJ^2)^1/2 + DJ) / 2 + PE
    Total System Jitter     (TSJ):    0.071ns
    Total Input Jitter      (TIJ):    0.000ns
    Discrete Jitter          (DJ):    0.000ns
    Phase Error              (PE):    0.000ns

    Location             Delay type                Incr(ns)  Path(ns)    Netlist Resource(s)
  -------------------------------------------------------------------    -------------------
                         (clock clk rise edge)        0.000     0.000 r  
                                                      0.000     0.000 r  clk (IN)
                         net (fo=56985, unset)        0.037     0.037    u_dec_7_igdn/g_unit[2].u_unit/clk
                         FDRE                                         r  u_dec_7_igdn/g_unit[2].u_unit/g_mul.acc_reg[2]/C
  -------------------------------------------------------------------    -------------------
                         FDRE (Prop_FDRE_C_Q)         0.095     0.132 f  u_dec_7_igdn/g_unit[2].u_unit/g_mul.acc_reg[2]/Q
                         net (fo=3, unplaced)         0.164     0.296    u_dec_7_igdn/g_unit[2].u_unit/g_mul.acc10_in[3]
                         LUT1 (Prop_LUT1_I0_O)        0.039     0.335 r  u_dec_7_igdn/g_unit[2].u_unit/i__carry_i_8__2/O
                         net (fo=1, unplaced)         0.025     0.360    u_dec_7_igdn/g_unit[2].u_unit/i__carry_i_8__2_n_0
                         CARRY8 (Prop_CARRY8_S[1]_CO[7])
                                                      0.245     0.605 r  u_dec_7_igdn/g_unit[2].u_unit/_inferred__2/i__carry/CO[7]
                         net (fo=1, unplaced)         0.007     0.612    u_dec_7_igdn/g_unit[2].u_unit/_inferred__2/i__carry_n_0
                         CARRY8 (Prop_CARRY8_CI_CO[7])
                                                      0.030     0.642 r  u_dec_7_igdn/g_unit[2].u_unit/_inferred__2/i__carry__0/CO[7]
                         net (fo=1, unplaced)         0.007     0.649    u_dec_7_igdn/g_unit[2].u_unit/_inferred__2/i__carry__0_n_0
                         CARRY8 (Prop_CARRY8_CI_O[4])
                                                      0.109     0.758 r  u_dec_7_igdn/g_unit[2].u_unit/_inferred__2/i__carry__1/O[4]
                         net (fo=1, unplaced)         0.212     0.970    u_dec_7_igdn/g_unit[2].u_unit/t0[21]
                         LUT5 (Prop_LUT5_I4_O)        0.039     1.009 r  u_dec_7_igdn/g_unit[2].u_unit/q1_a[21]_i_26/O
                         net (fo=1, unplaced)         0.214     1.223    u_dec_7_igdn/g_unit[1].u_unit/q1_a[21]_i_10__0
                         LUT6 (Prop_LUT6_I5_O)        0.039     1.262 r  u_dec_7_igdn/g_unit[1].u_unit/q1_a[21]_i_18__0/O
                         net (fo=1, unplaced)         0.214     1.476    u_dec_7_igdn/g_unit[0].u_unit/q1_a_reg[21]_i_2__0_0
                         LUT6 (Prop_LUT6_I5_O)        0.040     1.516 r  u_dec_7_igdn/g_unit[0].u_unit/q1_a[21]_i_10__0/O
                         net (fo=1, unplaced)         0.021     1.537    u_dec_7_igdn/g_unit[0].u_unit/v[21]
                         CARRY8 (Prop_CARRY8_S[0]_CO[7])
                                                      0.248     1.785 r  u_dec_7_igdn/g_unit[0].u_unit/q1_a_reg[21]_i_2__0/CO[7]
                         net (fo=1, unplaced)         0.007     1.792    u_dec_7_igdn/g_unit[0].u_unit/q1_a_reg[21]_i_2__0_n_0
                         CARRY8 (Prop_CARRY8_CI_O[5])
                                                      0.145     1.937 f  u_dec_7_igdn/g_unit[0].u_unit/q1_a_reg[26]_i_5__0/O[5]
                         net (fo=4, unplaced)         0.174     2.111    u_dec_7_igdn/g_unit[0].u_unit/q1_a_reg[26]_i_5__0_n_10
                         LUT2 (Prop_LUT2_I0_O)        0.122     2.233 f  u_dec_7_igdn/g_unit[0].u_unit/q1_a[26]_i_62/O
                         net (fo=1, unplaced)         0.287     2.520    u_dec_7_igdn/g_unit[0].u_unit/q1_a[26]_i_62_n_0
                         CARRY8 (Prop_CARRY8_DI[0]_CO[7])
                                                      0.177     2.697 f  u_dec_7_igdn/g_unit[0].u_unit/q1_a_reg[26]_i_29/CO[7]
                         net (fo=1, unplaced)         0.007     2.704    u_dec_7_igdn/g_unit[0].u_unit/q1_a_reg[26]_i_29_n_0
                         CARRY8 (Prop_CARRY8_CI_CO[7])
                                                      0.030     2.734 f  u_dec_7_igdn/g_unit[0].u_unit/q1_a_reg[26]_i_10/CO[7]
                         net (fo=1, unplaced)         0.007     2.741    u_dec_7_igdn/g_unit[0].u_unit/q1_a_reg[26]_i_10_n_0
                         CARRY8 (Prop_CARRY8_CI_CO[2])
                                                      0.073     2.814 f  u_dec_7_igdn/g_unit[0].u_unit/q1_a_reg[26]_i_4__0/CO[2]
                         net (fo=28, unplaced)        0.271     3.085    u_dec_7_igdn/g_unit[0].u_unit/satv31
                         LUT5 (Prop_LUT5_I4_O)        0.039     3.124 r  u_dec_7_igdn/g_unit[0].u_unit/q1_a[26]_i_1/O
                         net (fo=27, unplaced)        0.271     3.395    u_dec_7_igdn/g_unit[0].u_unit_n_65
                         FDRE                                         r  u_dec_7_igdn/q1_a_reg[18]/R
  -------------------------------------------------------------------    -------------------

                         (clock clk rise edge)        4.000     4.000 r  
                                                      0.000     4.000 r  clk (IN)
                         net (fo=56985, unset)        0.024     4.024    u_dec_7_igdn/clk
                         FDRE                                         r  u_dec_7_igdn/q1_a_reg[18]/C
                         clock pessimism              0.000     4.024    
                         clock uncertainty           -0.035     3.989    
                         FDRE (Setup_FDRE_C_R)       -0.072     3.917    u_dec_7_igdn/q1_a_reg[18]
  -------------------------------------------------------------------
                         required time                          3.917    
                         arrival time                          -3.395    
  -------------------------------------------------------------------
                         slack                                  0.522    





Min Delay Paths
--------------------------------------------------------------------------------------
Slack (MET) :             0.017ns  (arrival time - required time)
  Source:                 u_pb_dec_0_a1_c0/wc_reg[3]/C
                            (rising edge-triggered cell FDCE clocked by clk  {rise@0.000ns fall@2.000ns period=4.000ns})
  Destination:            u_pb_dec_0_a1_c0/mem_reg_0_31_0_11/RAMA/WADR3
                            (rising edge-triggered cell RAMD32 clocked by clk  {rise@0.000ns fall@2.000ns period=4.000ns})
  Path Group:             clk
  Path Type:              Hold (Min at Fast Process Corner)
  Requirement:            0.000ns  (clk rise@0.000ns - clk rise@0.000ns)
  Data Path Delay:        0.106ns  (logic 0.039ns (36.792%)  route 0.067ns (63.208%))
  Logic Levels:           0  
  Clock Path Skew:        0.027ns (DCD - SCD - CPR)
    Destination Clock Delay (DCD):    0.039ns
    Source Clock Delay      (SCD):    0.012ns
    Clock Pessimism Removal (CPR):    -0.000ns

    Location             Delay type                Incr(ns)  Path(ns)    Netlist Resource(s)
  -------------------------------------------------------------------    -------------------
                         (clock clk rise edge)        0.000     0.000 r  
                                                      0.000     0.000 r  clk (IN)
                         net (fo=56985, unset)        0.012     0.012    u_pb_dec_0_a1_c0/clk
                         FDCE                                         r  u_pb_dec_0_a1_c0/wc_reg[3]/C
  -------------------------------------------------------------------    -------------------
                         FDCE (Prop_FDCE_C_Q)         0.039     0.051 r  u_pb_dec_0_a1_c0/wc_reg[3]/Q
                         net (fo=18, unplaced)        0.067     0.118    u_pb_dec_0_a1_c0/mem_reg_0_31_0_11/ADDRH3
                         RAMD32                                       r  u_pb_dec_0_a1_c0/mem_reg_0_31_0_11/RAMA/WADR3
  -------------------------------------------------------------------    -------------------

                         (clock clk rise edge)        0.000     0.000 r  
                                                      0.000     0.000 r  clk (IN)
                         net (fo=56985, unset)        0.039     0.039    u_pb_dec_0_a1_c0/mem_reg_0_31_0_11/WCLK
                         RAMD32                                       r  u_pb_dec_0_a1_c0/mem_reg_0_31_0_11/RAMA/CLK
                         clock pessimism              0.000     0.039    
                         RAMD32 (Hold_RAMD32_CLK_WADR3)
                                                      0.062     0.101    u_pb_dec_0_a1_c0/mem_reg_0_31_0_11/RAMA
  -------------------------------------------------------------------
                         required time                         -0.101    
                         arrival time                           0.118    
  -------------------------------------------------------------------
                         slack                                  0.017    

Slack (MET) :             0.017ns  (arrival time - required time)
  Source:                 u_pb_dec_0_a1_c0/wc_reg[3]/C
                            (rising edge-triggered cell FDCE clocked by clk  {rise@0.000ns fall@2.000ns period=4.000ns})
  Destination:            u_pb_dec_0_a1_c0/mem_reg_0_31_0_11/RAMA_D1/WADR3
                            (rising edge-triggered cell RAMD32 clocked by clk  {rise@0.000ns fall@2.000ns period=4.000ns})
  Path Group:             clk
  Path Type:              Hold (Min at Fast Process Corner)
  Requirement:            0.000ns  (clk rise@0.000ns - clk rise@0.000ns)
  Data Path Delay:        0.106ns  (logic 0.039ns (36.792%)  route 0.067ns (63.208%))
  Logic Levels:           0  
  Clock Path Skew:        0.027ns (DCD - SCD - CPR)
    Destination Clock Delay (DCD):    0.039ns
    Source Clock Delay      (SCD):    0.012ns
    Clock Pessimism Removal (CPR):    -0.000ns

    Location             Delay type                Incr(ns)  Path(ns)    Netlist Resource(s)
  -------------------------------------------------------------------    -------------------
                         (clock clk rise edge)        0.000     0.000 r  
                                                      0.000     0.000 r  clk (IN)
                         net (fo=56985, unset)        0.012     0.012    u_pb_dec_0_a1_c0/clk
                         FDCE                                         r  u_pb_dec_0_a1_c0/wc_reg[3]/C
  -------------------------------------------------------------------    -------------------
                         FDCE (Prop_FDCE_C_Q)         0.039     0.051 r  u_pb_dec_0_a1_c0/wc_reg[3]/Q
                         net (fo=18, unplaced)        0.067     0.118    u_pb_dec_0_a1_c0/mem_reg_0_31_0_11/ADDRH3
                         RAMD32                                       r  u_pb_dec_0_a1_c0/mem_reg_0_31_0_11/RAMA_D1/WADR3
  -------------------------------------------------------------------    -------------------

                         (clock clk rise edge)        0.000     0.000 r  
                                                      0.000     0.000 r  clk (IN)
                         net (fo=56985, unset)        0.039     0.039    u_pb_dec_0_a1_c0/mem_reg_0_31_0_11/WCLK
                         RAMD32                                       r  u_pb_dec_0_a1_c0/mem_reg_0_31_0_11/RAMA_D1/CLK
                         clock pessimism              0.000     0.039    
                         RAMD32 (Hold_RAMD32_CLK_WADR3)
                                                      0.062     0.101    u_pb_dec_0_a1_c0/mem_reg_0_31_0_11/RAMA_D1
  -------------------------------------------------------------------
                         required time                         -0.101    
                         arrival time                           0.118    
  -------------------------------------------------------------------
                         slack                                  0.017    

Slack (MET) :             0.017ns  (arrival time - required time)
  Source:                 u_pb_dec_0_a1_c0/wc_reg[3]/C
                            (rising edge-triggered cell FDCE clocked by clk  {rise@0.000ns fall@2.000ns period=4.000ns})
  Destination:            u_pb_dec_0_a1_c0/mem_reg_0_31_0_11/RAMB/WADR3
                            (rising edge-triggered cell RAMD32 clocked by clk  {rise@0.000ns fall@2.000ns period=4.000ns})
  Path Group:             clk
  Path Type:              Hold (Min at Fast Process Corner)
  Requirement:            0.000ns  (clk rise@0.000ns - clk rise@0.000ns)
  Data Path Delay:        0.106ns  (logic 0.039ns (36.792%)  route 0.067ns (63.208%))
  Logic Levels:           0  
  Clock Path Skew:        0.027ns (DCD - SCD - CPR)
    Destination Clock Delay (DCD):    0.039ns
    Source Clock Delay      (SCD):    0.012ns
    Clock Pessimism Removal (CPR):    -0.000ns

    Location             Delay type                Incr(ns)  Path(ns)    Netlist Resource(s)
  -------------------------------------------------------------------    -------------------
                         (clock clk rise edge)        0.000     0.000 r  
                                                      0.000     0.000 r  clk (IN)
                         net (fo=56985, unset)        0.012     0.012    u_pb_dec_0_a1_c0/clk
                         FDCE                                         r  u_pb_dec_0_a1_c0/wc_reg[3]/C
  -------------------------------------------------------------------    -------------------
                         FDCE (Prop_FDCE_C_Q)         0.039     0.051 r  u_pb_dec_0_a1_c0/wc_reg[3]/Q
                         net (fo=18, unplaced)        0.067     0.118    u_pb_dec_0_a1_c0/mem_reg_0_31_0_11/ADDRH3
                         RAMD32                                       r  u_pb_dec_0_a1_c0/mem_reg_0_31_0_11/RAMB/WADR3
  -------------------------------------------------------------------    -------------------

                         (clock clk rise edge)        0.000     0.000 r  
                                                      0.000     0.000 r  clk (IN)
                         net (fo=56985, unset)        0.039     0.039    u_pb_dec_0_a1_c0/mem_reg_0_31_0_11/WCLK
                         RAMD32                                       r  u_pb_dec_0_a1_c0/mem_reg_0_31_0_11/RAMB/CLK
                         clock pessimism              0.000     0.039    
                         RAMD32 (Hold_RAMD32_CLK_WADR3)
                                                      0.062     0.101    u_pb_dec_0_a1_c0/mem_reg_0_31_0_11/RAMB
  -------------------------------------------------------------------
                         required time                         -0.101    
                         arrival time                           0.118    
  -------------------------------------------------------------------
                         slack                                  0.017    

Slack (MET) :             0.017ns  (arrival time - required time)
  Source:                 u_pb_dec_0_a1_c0/wc_reg[3]/C
                            (rising edge-triggered cell FDCE clocked by clk  {rise@0.000ns fall@2.000ns period=4.000ns})
  Destination:            u_pb_dec_0_a1_c0/mem_reg_0_31_0_11/RAMB_D1/WADR3
                            (rising edge-triggered cell RAMD32 clocked by clk  {rise@0.000ns fall@2.000ns period=4.000ns})
  Path Group:             clk
  Path Type:              Hold (Min at Fast Process Corner)
  Requirement:            0.000ns  (clk rise@0.000ns - clk rise@0.000ns)
  Data Path Delay:        0.106ns  (logic 0.039ns (36.792%)  route 0.067ns (63.208%))
  Logic Levels:           0  
  Clock Path Skew:        0.027ns (DCD - SCD - CPR)
    Destination Clock Delay (DCD):    0.039ns
    Source Clock Delay      (SCD):    0.012ns
    Clock Pessimism Removal (CPR):    -0.000ns

    Location             Delay type                Incr(ns)  Path(ns)    Netlist Resource(s)
  -------------------------------------------------------------------    -------------------
                         (clock clk rise edge)        0.000     0.000 r  
                                                      0.000     0.000 r  clk (IN)
                         net (fo=56985, unset)        0.012     0.012    u_pb_dec_0_a1_c0/clk
                         FDCE                                         r  u_pb_dec_0_a1_c0/wc_reg[3]/C
  -------------------------------------------------------------------    -------------------
                         FDCE (Prop_FDCE_C_Q)         0.039     0.051 r  u_pb_dec_0_a1_c0/wc_reg[3]/Q
                         net (fo=18, unplaced)        0.067     0.118    u_pb_dec_0_a1_c0/mem_reg_0_31_0_11/ADDRH3
                         RAMD32                                       r  u_pb_dec_0_a1_c0/mem_reg_0_31_0_11/RAMB_D1/WADR3
  -------------------------------------------------------------------    -------------------

                         (clock clk rise edge)        0.000     0.000 r  
                                                      0.000     0.000 r  clk (IN)
                         net (fo=56985, unset)        0.039     0.039    u_pb_dec_0_a1_c0/mem_reg_0_31_0_11/WCLK
                         RAMD32                                       r  u_pb_dec_0_a1_c0/mem_reg_0_31_0_11/RAMB_D1/CLK
                         clock pessimism              0.000     0.039    
                         RAMD32 (Hold_RAMD32_CLK_WADR3)
                                                      0.062     0.101    u_pb_dec_0_a1_c0/mem_reg_0_31_0_11/RAMB_D1
  -------------------------------------------------------------------
                         required time                         -0.101    
                         arrival time                           0.118    
  -------------------------------------------------------------------
                         slack                                  0.017    

Slack (MET) :             0.017ns  (arrival time - required time)
  Source:                 u_pb_dec_0_a1_c0/wc_reg[3]/C
                            (rising edge-triggered cell FDCE clocked by clk  {rise@0.000ns fall@2.000ns period=4.000ns})
  Destination:            u_pb_dec_0_a1_c0/mem_reg_0_31_0_11/RAMC/WADR3
                            (rising edge-triggered cell RAMD32 clocked by clk  {rise@0.000ns fall@2.000ns period=4.000ns})
  Path Group:             clk
  Path Type:              Hold (Min at Fast Process Corner)
  Requirement:            0.000ns  (clk rise@0.000ns - clk rise@0.000ns)
  Data Path Delay:        0.106ns  (logic 0.039ns (36.792%)  route 0.067ns (63.208%))
  Logic Levels:           0  
  Clock Path Skew:        0.027ns (DCD - SCD - CPR)
    Destination Clock Delay (DCD):    0.039ns
    Source Clock Delay      (SCD):    0.012ns
    Clock Pessimism Removal (CPR):    -0.000ns

    Location             Delay type                Incr(ns)  Path(ns)    Netlist Resource(s)
  -------------------------------------------------------------------    -------------------
                         (clock clk rise edge)        0.000     0.000 r  
                                                      0.000     0.000 r  clk (IN)
                         net (fo=56985, unset)        0.012     0.012    u_pb_dec_0_a1_c0/clk
                         FDCE                                         r  u_pb_dec_0_a1_c0/wc_reg[3]/C
  -------------------------------------------------------------------    -------------------
                         FDCE (Prop_FDCE_C_Q)         0.039     0.051 r  u_pb_dec_0_a1_c0/wc_reg[3]/Q
                         net (fo=18, unplaced)        0.067     0.118    u_pb_dec_0_a1_c0/mem_reg_0_31_0_11/ADDRH3
                         RAMD32                                       r  u_pb_dec_0_a1_c0/mem_reg_0_31_0_11/RAMC/WADR3
  -------------------------------------------------------------------    -------------------

                         (clock clk rise edge)        0.000     0.000 r  
                                                      0.000     0.000 r  clk (IN)
                         net (fo=56985, unset)        0.039     0.039    u_pb_dec_0_a1_c0/mem_reg_0_31_0_11/WCLK
                         RAMD32                                       r  u_pb_dec_0_a1_c0/mem_reg_0_31_0_11/RAMC/CLK
                         clock pessimism              0.000     0.039    
                         RAMD32 (Hold_RAMD32_CLK_WADR3)
                                                      0.062     0.101    u_pb_dec_0_a1_c0/mem_reg_0_31_0_11/RAMC
  -------------------------------------------------------------------
                         required time                         -0.101    
                         arrival time                           0.118    
  -------------------------------------------------------------------
                         slack                                  0.017    

Slack (MET) :             0.017ns  (arrival time - required time)
  Source:                 u_pb_dec_0_a1_c0/wc_reg[3]/C
                            (rising edge-triggered cell FDCE clocked by clk  {rise@0.000ns fall@2.000ns period=4.000ns})
  Destination:            u_pb_dec_0_a1_c0/mem_reg_0_31_0_11/RAMC_D1/WADR3
                            (rising edge-triggered cell RAMD32 clocked by clk  {rise@0.000ns fall@2.000ns period=4.000ns})
  Path Group:             clk
  Path Type:              Hold (Min at Fast Process Corner)
  Requirement:            0.000ns  (clk rise@0.000ns - clk rise@0.000ns)
  Data Path Delay:        0.106ns  (logic 0.039ns (36.792%)  route 0.067ns (63.208%))
  Logic Levels:           0  
  Clock Path Skew:        0.027ns (DCD - SCD - CPR)
    Destination Clock Delay (DCD):    0.039ns
    Source Clock Delay      (SCD):    0.012ns
    Clock Pessimism Removal (CPR):    -0.000ns

    Location             Delay type                Incr(ns)  Path(ns)    Netlist Resource(s)
  -------------------------------------------------------------------    -------------------
                         (clock clk rise edge)        0.000     0.000 r  
                                                      0.000     0.000 r  clk (IN)
                         net (fo=56985, unset)        0.012     0.012    u_pb_dec_0_a1_c0/clk
                         FDCE                                         r  u_pb_dec_0_a1_c0/wc_reg[3]/C
  -------------------------------------------------------------------    -------------------
                         FDCE (Prop_FDCE_C_Q)         0.039     0.051 r  u_pb_dec_0_a1_c0/wc_reg[3]/Q
                         net (fo=18, unplaced)        0.067     0.118    u_pb_dec_0_a1_c0/mem_reg_0_31_0_11/ADDRH3
                         RAMD32                                       r  u_pb_dec_0_a1_c0/mem_reg_0_31_0_11/RAMC_D1/WADR3
  -------------------------------------------------------------------    -------------------

                         (clock clk rise edge)        0.000     0.000 r  
                                                      0.000     0.000 r  clk (IN)
                         net (fo=56985, unset)        0.039     0.039    u_pb_dec_0_a1_c0/mem_reg_0_31_0_11/WCLK
                         RAMD32                                       r  u_pb_dec_0_a1_c0/mem_reg_0_31_0_11/RAMC_D1/CLK
                         clock pessimism              0.000     0.039    
                         RAMD32 (Hold_RAMD32_CLK_WADR3)
                                                      0.062     0.101    u_pb_dec_0_a1_c0/mem_reg_0_31_0_11/RAMC_D1
  -------------------------------------------------------------------
                         required time                         -0.101    
                         arrival time                           0.118    
  -------------------------------------------------------------------
                         slack                                  0.017    

Slack (MET) :             0.017ns  (arrival time - required time)
  Source:                 u_pb_dec_0_a1_c0/wc_reg[3]/C
                            (rising edge-triggered cell FDCE clocked by clk  {rise@0.000ns fall@2.000ns period=4.000ns})
  Destination:            u_pb_dec_0_a1_c0/mem_reg_0_31_0_11/RAMD/WADR3
                            (rising edge-triggered cell RAMD32 clocked by clk  {rise@0.000ns fall@2.000ns period=4.000ns})
  Path Group:             clk
  Path Type:              Hold (Min at Fast Process Corner)
  Requirement:            0.000ns  (clk rise@0.000ns - clk rise@0.000ns)
  Data Path Delay:        0.106ns  (logic 0.039ns (36.792%)  route 0.067ns (63.208%))
  Logic Levels:           0  
  Clock Path Skew:        0.027ns (DCD - SCD - CPR)
    Destination Clock Delay (DCD):    0.039ns
    Source Clock Delay      (SCD):    0.012ns
    Clock Pessimism Removal (CPR):    -0.000ns

    Location             Delay type                Incr(ns)  Path(ns)    Netlist Resource(s)
  -------------------------------------------------------------------    -------------------
                         (clock clk rise edge)        0.000     0.000 r  
                                                      0.000     0.000 r  clk (IN)
                         net (fo=56985, unset)        0.012     0.012    u_pb_dec_0_a1_c0/clk
                         FDCE                                         r  u_pb_dec_0_a1_c0/wc_reg[3]/C
  -------------------------------------------------------------------    -------------------
                         FDCE (Prop_FDCE_C_Q)         0.039     0.051 r  u_pb_dec_0_a1_c0/wc_reg[3]/Q
                         net (fo=18, unplaced)        0.067     0.118    u_pb_dec_0_a1_c0/mem_reg_0_31_0_11/ADDRH3
                         RAMD32                                       r  u_pb_dec_0_a1_c0/mem_reg_0_31_0_11/RAMD/WADR3
  -------------------------------------------------------------------    -------------------

                         (clock clk rise edge)        0.000     0.000 r  
                                                      0.000     0.000 r  clk (IN)
                         net (fo=56985, unset)        0.039     0.039    u_pb_dec_0_a1_c0/mem_reg_0_31_0_11/WCLK
                         RAMD32                                       r  u_pb_dec_0_a1_c0/mem_reg_0_31_0_11/RAMD/CLK
                         clock pessimism              0.000     0.039    
                         RAMD32 (Hold_RAMD32_CLK_WADR3)
                                                      0.062     0.101    u_pb_dec_0_a1_c0/mem_reg_0_31_0_11/RAMD
  -------------------------------------------------------------------
                         required time                         -0.101    
                         arrival time                           0.118    
  -------------------------------------------------------------------
                         slack                                  0.017    

Slack (MET) :             0.017ns  (arrival time - required time)
  Source:                 u_pb_dec_0_a1_c0/wc_reg[3]/C
                            (rising edge-triggered cell FDCE clocked by clk  {rise@0.000ns fall@2.000ns period=4.000ns})
  Destination:            u_pb_dec_0_a1_c0/mem_reg_0_31_0_11/RAMD_D1/WADR3
                            (rising edge-triggered cell RAMD32 clocked by clk  {rise@0.000ns fall@2.000ns period=4.000ns})
  Path Group:             clk
  Path Type:              Hold (Min at Fast Process Corner)
  Requirement:            0.000ns  (clk rise@0.000ns - clk rise@0.000ns)
  Data Path Delay:        0.106ns  (logic 0.039ns (36.792%)  route 0.067ns (63.208%))
  Logic Levels:           0  
  Clock Path Skew:        0.027ns (DCD - SCD - CPR)
    Destination Clock Delay (DCD):    0.039ns
    Source Clock Delay      (SCD):    0.012ns
    Clock Pessimism Removal (CPR):    -0.000ns

    Location             Delay type                Incr(ns)  Path(ns)    Netlist Resource(s)
  -------------------------------------------------------------------    -------------------
                         (clock clk rise edge)        0.000     0.000 r  
                                                      0.000     0.000 r  clk (IN)
                         net (fo=56985, unset)        0.012     0.012    u_pb_dec_0_a1_c0/clk
                         FDCE                                         r  u_pb_dec_0_a1_c0/wc_reg[3]/C
  -------------------------------------------------------------------    -------------------
                         FDCE (Prop_FDCE_C_Q)         0.039     0.051 r  u_pb_dec_0_a1_c0/wc_reg[3]/Q
                         net (fo=18, unplaced)        0.067     0.118    u_pb_dec_0_a1_c0/mem_reg_0_31_0_11/ADDRH3
                         RAMD32                                       r  u_pb_dec_0_a1_c0/mem_reg_0_31_0_11/RAMD_D1/WADR3
  -------------------------------------------------------------------    -------------------

                         (clock clk rise edge)        0.000     0.000 r  
                                                      0.000     0.000 r  clk (IN)
                         net (fo=56985, unset)        0.039     0.039    u_pb_dec_0_a1_c0/mem_reg_0_31_0_11/WCLK
                         RAMD32                                       r  u_pb_dec_0_a1_c0/mem_reg_0_31_0_11/RAMD_D1/CLK
                         clock pessimism              0.000     0.039    
                         RAMD32 (Hold_RAMD32_CLK_WADR3)
                                                      0.062     0.101    u_pb_dec_0_a1_c0/mem_reg_0_31_0_11/RAMD_D1
  -------------------------------------------------------------------
                         required time                         -0.101    
                         arrival time                           0.118    
  -------------------------------------------------------------------
                         slack                                  0.017    

Slack (MET) :             0.017ns  (arrival time - required time)
  Source:                 u_pb_dec_0_a1_c0/wc_reg[3]/C
                            (rising edge-triggered cell FDCE clocked by clk  {rise@0.000ns fall@2.000ns period=4.000ns})
  Destination:            u_pb_dec_0_a1_c0/mem_reg_0_31_0_11/RAME/WADR3
                            (rising edge-triggered cell RAMD32 clocked by clk  {rise@0.000ns fall@2.000ns period=4.000ns})
  Path Group:             clk
  Path Type:              Hold (Min at Fast Process Corner)
  Requirement:            0.000ns  (clk rise@0.000ns - clk rise@0.000ns)
  Data Path Delay:        0.106ns  (logic 0.039ns (36.792%)  route 0.067ns (63.208%))
  Logic Levels:           0  
  Clock Path Skew:        0.027ns (DCD - SCD - CPR)
    Destination Clock Delay (DCD):    0.039ns
    Source Clock Delay      (SCD):    0.012ns
    Clock Pessimism Removal (CPR):    -0.000ns

    Location             Delay type                Incr(ns)  Path(ns)    Netlist Resource(s)
  -------------------------------------------------------------------    -------------------
                         (clock clk rise edge)        0.000     0.000 r  
                                                      0.000     0.000 r  clk (IN)
                         net (fo=56985, unset)        0.012     0.012    u_pb_dec_0_a1_c0/clk
                         FDCE                                         r  u_pb_dec_0_a1_c0/wc_reg[3]/C
  -------------------------------------------------------------------    -------------------
                         FDCE (Prop_FDCE_C_Q)         0.039     0.051 r  u_pb_dec_0_a1_c0/wc_reg[3]/Q
                         net (fo=18, unplaced)        0.067     0.118    u_pb_dec_0_a1_c0/mem_reg_0_31_0_11/ADDRH3
                         RAMD32                                       r  u_pb_dec_0_a1_c0/mem_reg_0_31_0_11/RAME/WADR3
  -------------------------------------------------------------------    -------------------

                         (clock clk rise edge)        0.000     0.000 r  
                                                      0.000     0.000 r  clk (IN)
                         net (fo=56985, unset)        0.039     0.039    u_pb_dec_0_a1_c0/mem_reg_0_31_0_11/WCLK
                         RAMD32                                       r  u_pb_dec_0_a1_c0/mem_reg_0_31_0_11/RAME/CLK
                         clock pessimism              0.000     0.039    
                         RAMD32 (Hold_RAMD32_CLK_WADR3)
                                                      0.062     0.101    u_pb_dec_0_a1_c0/mem_reg_0_31_0_11/RAME
  -------------------------------------------------------------------
                         required time                         -0.101    
                         arrival time                           0.118    
  -------------------------------------------------------------------
                         slack                                  0.017    

Slack (MET) :             0.017ns  (arrival time - required time)
  Source:                 u_pb_dec_0_a1_c0/wc_reg[3]/C
                            (rising edge-triggered cell FDCE clocked by clk  {rise@0.000ns fall@2.000ns period=4.000ns})
  Destination:            u_pb_dec_0_a1_c0/mem_reg_0_31_0_11/RAME_D1/WADR3
                            (rising edge-triggered cell RAMD32 clocked by clk  {rise@0.000ns fall@2.000ns period=4.000ns})
  Path Group:             clk
  Path Type:              Hold (Min at Fast Process Corner)
  Requirement:            0.000ns  (clk rise@0.000ns - clk rise@0.000ns)
  Data Path Delay:        0.106ns  (logic 0.039ns (36.792%)  route 0.067ns (63.208%))
  Logic Levels:           0  
  Clock Path Skew:        0.027ns (DCD - SCD - CPR)
    Destination Clock Delay (DCD):    0.039ns
    Source Clock Delay      (SCD):    0.012ns
    Clock Pessimism Removal (CPR):    -0.000ns

    Location             Delay type                Incr(ns)  Path(ns)    Netlist Resource(s)
  -------------------------------------------------------------------    -------------------
                         (clock clk rise edge)        0.000     0.000 r  
                                                      0.000     0.000 r  clk (IN)
                         net (fo=56985, unset)        0.012     0.012    u_pb_dec_0_a1_c0/clk
                         FDCE                                         r  u_pb_dec_0_a1_c0/wc_reg[3]/C
  -------------------------------------------------------------------    -------------------
                         FDCE (Prop_FDCE_C_Q)         0.039     0.051 r  u_pb_dec_0_a1_c0/wc_reg[3]/Q
                         net (fo=18, unplaced)        0.067     0.118    u_pb_dec_0_a1_c0/mem_reg_0_31_0_11/ADDRH3
                         RAMD32                                       r  u_pb_dec_0_a1_c0/mem_reg_0_31_0_11/RAME_D1/WADR3
  -------------------------------------------------------------------    -------------------

                         (clock clk rise edge)        0.000     0.000 r  
                                                      0.000     0.000 r  clk (IN)
                         net (fo=56985, unset)        0.039     0.039    u_pb_dec_0_a1_c0/mem_reg_0_31_0_11/WCLK
                         RAMD32                                       r  u_pb_dec_0_a1_c0/mem_reg_0_31_0_11/RAME_D1/CLK
                         clock pessimism              0.000     0.039    
                         RAMD32 (Hold_RAMD32_CLK_WADR3)
                                                      0.062     0.101    u_pb_dec_0_a1_c0/mem_reg_0_31_0_11/RAME_D1
  -------------------------------------------------------------------
                         required time                         -0.101    
                         arrival time                           0.118    
  -------------------------------------------------------------------
                         slack                                  0.017    





Pulse Width Checks
--------------------------------------------------------------------------------------
Clock Name:         clk
Waveform(ns):       { 0.000 2.000 }
Period(ns):         4.000
Sources:            { clk }

Check Type        Corner  Lib Pin             Reference Pin  Required(ns)  Actual(ns)  Slack(ns)  Location  Pin
Min Period        n/a     RAMB18E2/CLKARDCLK  n/a            1.739         4.000       2.261                u_dec_1_conv1/g_gear.u_ws/g_col[0].u_col/g_block.u_xpm/xpm_memory_base_inst/gen_wr_a.gen_word_narrow.mem_reg/CLKARDCLK
Min Period        n/a     RAMB18E2/CLKBWRCLK  n/a            1.739         4.000       2.261                u_dec_1_conv1/g_gear.u_ws/g_col[0].u_col/g_block.u_xpm/xpm_memory_base_inst/gen_wr_a.gen_word_narrow.mem_reg/CLKBWRCLK
Min Period        n/a     RAMB18E2/CLKARDCLK  n/a            1.739         4.000       2.261                u_dec_1_conv1/g_gear.u_ws/g_col[1].u_col/g_block.u_xpm/xpm_memory_base_inst/gen_wr_a.gen_word_narrow.mem_reg/CLKARDCLK
Min Period        n/a     RAMB18E2/CLKBWRCLK  n/a            1.739         4.000       2.261                u_dec_1_conv1/g_gear.u_ws/g_col[1].u_col/g_block.u_xpm/xpm_memory_base_inst/gen_wr_a.gen_word_narrow.mem_reg/CLKBWRCLK
Min Period        n/a     RAMB18E2/CLKARDCLK  n/a            1.739         4.000       2.261                u_dec_1_conv1/g_gear.u_ws/g_col[2].u_col/g_block.u_xpm/xpm_memory_base_inst/gen_wr_a.gen_word_narrow.mem_reg/CLKARDCLK
Min Period        n/a     RAMB18E2/CLKBWRCLK  n/a            1.739         4.000       2.261                u_dec_1_conv1/g_gear.u_ws/g_col[2].u_col/g_block.u_xpm/xpm_memory_base_inst/gen_wr_a.gen_word_narrow.mem_reg/CLKBWRCLK
Min Period        n/a     RAMB18E2/CLKARDCLK  n/a            1.739         4.000       2.261                u_dec_1_conv2/g_gear.u_ws/g_col[0].u_col/g_block.u_xpm/xpm_memory_base_inst/gen_wr_a.gen_word_narrow.mem_reg/CLKARDCLK
Min Period        n/a     RAMB18E2/CLKBWRCLK  n/a            1.739         4.000       2.261                u_dec_1_conv2/g_gear.u_ws/g_col[0].u_col/g_block.u_xpm/xpm_memory_base_inst/gen_wr_a.gen_word_narrow.mem_reg/CLKBWRCLK
Min Period        n/a     RAMB18E2/CLKARDCLK  n/a            1.739         4.000       2.261                u_dec_1_conv2/g_gear.u_ws/g_col[1].u_col/g_block.u_xpm/xpm_memory_base_inst/gen_wr_a.gen_word_narrow.mem_reg/CLKARDCLK
Min Period        n/a     RAMB18E2/CLKBWRCLK  n/a            1.739         4.000       2.261                u_dec_1_conv2/g_gear.u_ws/g_col[1].u_col/g_block.u_xpm/xpm_memory_base_inst/gen_wr_a.gen_word_narrow.mem_reg/CLKBWRCLK
Low Pulse Width   Slow    URAM288/CLK         n/a            0.730         2.000       1.270                u_fifo_dec_3_out_b/g_packed.u_ram/g_ultra.mem_reg_uram_0/CLK
Low Pulse Width   Fast    URAM288/CLK         n/a            0.730         2.000       1.270                u_fifo_dec_3_out_b/g_packed.u_ram/g_ultra.mem_reg_uram_0/CLK
Low Pulse Width   Slow    URAM288/CLK         n/a            0.730         2.000       1.270                u_fifo_dec_5_out_x/g_packed.u_ram/g_ultra.mem_reg_uram_0/CLK
Low Pulse Width   Fast    URAM288/CLK         n/a            0.730         2.000       1.270                u_fifo_dec_5_out_x/g_packed.u_ram/g_ultra.mem_reg_uram_0/CLK
Low Pulse Width   Slow    URAM288/CLK         n/a            0.730         2.000       1.270                u_fifo_dec_6_out_b/g_packed.u_ram/g_ultra.mem_reg_uram_0/CLK
Low Pulse Width   Fast    URAM288/CLK         n/a            0.730         2.000       1.270                u_fifo_dec_6_out_b/g_packed.u_ram/g_ultra.mem_reg_uram_0/CLK
Low Pulse Width   Slow    URAM288/CLK         n/a            0.730         2.000       1.270                u_fifo_dec_7_out_b/g_packed.u_ram/g_ultra.mem_reg_uram_0/CLK
Low Pulse Width   Fast    URAM288/CLK         n/a            0.730         2.000       1.270                u_fifo_dec_7_out_b/g_packed.u_ram/g_ultra.mem_reg_uram_0/CLK
Low Pulse Width   Slow    URAM288/CLK         n/a            0.730         2.000       1.270                u_fifo_dec_8_out_b/g_packed.u_ram/g_ultra.mem_reg_uram_0/CLK
Low Pulse Width   Fast    URAM288/CLK         n/a            0.730         2.000       1.270                u_fifo_dec_8_out_b/g_packed.u_ram/g_ultra.mem_reg_uram_0/CLK
High Pulse Width  Slow    URAM288/CLK         n/a            0.730         2.000       1.270                u_fifo_dec_3_out_b/g_packed.u_ram/g_ultra.mem_reg_uram_0/CLK
High Pulse Width  Fast    URAM288/CLK         n/a            0.730         2.000       1.270                u_fifo_dec_3_out_b/g_packed.u_ram/g_ultra.mem_reg_uram_0/CLK
High Pulse Width  Slow    URAM288/CLK         n/a            0.730         2.000       1.270                u_fifo_dec_5_out_x/g_packed.u_ram/g_ultra.mem_reg_uram_0/CLK
High Pulse Width  Fast    URAM288/CLK         n/a            0.730         2.000       1.270                u_fifo_dec_5_out_x/g_packed.u_ram/g_ultra.mem_reg_uram_0/CLK
High Pulse Width  Slow    URAM288/CLK         n/a            0.730         2.000       1.270                u_fifo_dec_6_out_b/g_packed.u_ram/g_ultra.mem_reg_uram_0/CLK
High Pulse Width  Fast    URAM288/CLK         n/a            0.730         2.000       1.270                u_fifo_dec_6_out_b/g_packed.u_ram/g_ultra.mem_reg_uram_0/CLK
High Pulse Width  Slow    URAM288/CLK         n/a            0.730         2.000       1.270                u_fifo_dec_7_out_b/g_packed.u_ram/g_ultra.mem_reg_uram_0/CLK
High Pulse Width  Fast    URAM288/CLK         n/a            0.730         2.000       1.270                u_fifo_dec_7_out_b/g_packed.u_ram/g_ultra.mem_reg_uram_0/CLK
High Pulse Width  Slow    URAM288/CLK         n/a            0.730         2.000       1.270                u_fifo_dec_8_out_b/g_packed.u_ram/g_ultra.mem_reg_uram_0/CLK
High Pulse Width  Fast    URAM288/CLK         n/a            0.730         2.000       1.270                u_fifo_dec_8_out_b/g_packed.u_ram/g_ultra.mem_reg_uram_0/CLK



