Copyright 1986-2022 Xilinx, Inc. All Rights Reserved. Copyright 2022-2025 Advanced Micro Devices, Inc. All Rights Reserved.
------------------------------------------------------------------------------------------------------------------------------------------------------------
| Tool Version      : Vivado v.2025.2 (win64) Build 6299465 Fri Nov 14 19:35:11 GMT 2025
| Date              : Wed Sep 30 08:43:12 2026
| Host              : DESKTOP-MCAH50K running 64-bit major release  (build 9200)
| Command           : report_timing_summary -max_paths 10 -file D:/CodexPrj/DeepJSCC-Q-FPGA/vivado_projects/encoder/reports/blk_enc_0_latent_idx.timing.rpt
| Design            : blk_enc_0_latent_idx
| Device            : xczu5eg-sfvc784
| Speed File        : -1  PRODUCTION 1.30 05-15-2022
| Design State      : Synthesized
| Temperature Grade : E
------------------------------------------------------------------------------------------------------------------------------------------------------------

Timing Summary Report

------------------------------------------------------------------------------------------------
| Timer Settings
| --------------
------------------------------------------------------------------------------------------------

  Enable Multi Corner Analysis               :  Yes
  Enable Pessimism Removal                   :  Yes
  Pessimism Removal Resolution               :  Nearest Common Node
  Enable Input Delay Default Clock           :  No
  Enable Preset / Clear Arcs                 :  No
  Disable Flight Delays                      :  No
  Ignore I/O Paths                           :  No
  Timing Early Launch at Borrowing Latches   :  No
  Borrow Time for Max Delay Exceptions       :  Yes
  Merge Timing Exceptions                    :  Yes
  Inter-SLR Compensation                     :  Conservative

  Corner  Analyze    Analyze    
  Name    Max Paths  Min Paths  
  ------  ---------  ---------  
  Slow    Yes        Yes        
  Fast    Yes        Yes        


------------------------------------------------------------------------------------------------
| Report Methodology
| ------------------
------------------------------------------------------------------------------------------------

No report available as report_methodology has not been run prior. Run report_methodology on the current design for the summary of methodology violations.



check_timing report

Table of Contents
-----------------
1. checking no_clock (0)
2. checking constant_clock (0)
3. checking pulse_width_clock (0)
4. checking unconstrained_internal_endpoints (0)
5. checking no_input_delay (15)
6. checking no_output_delay (26)
7. checking multiple_clock (0)
8. checking generated_clocks (0)
9. checking loops (0)
10. checking partial_input_delay (0)
11. checking partial_output_delay (0)
12. checking latch_loops (0)

1. checking no_clock (0)
------------------------
 There are 0 register/latch pins with no clock.


2. checking constant_clock (0)
------------------------------
 There are 0 register/latch pins with constant_clock.


3. checking pulse_width_clock (0)
---------------------------------
 There are 0 register/latch pins which need pulse_width check


4. checking unconstrained_internal_endpoints (0)
------------------------------------------------
 There are 0 pins that are not constrained for maximum delay.

 There are 0 pins that are not constrained for maximum delay due to constant clock.


5. checking no_input_delay (15)
-------------------------------
 There are 15 input ports with no input delay specified. (HIGH)

 There are 0 input ports with no input delay but user has a false path constraint.


6. checking no_output_delay (26)
--------------------------------
 There are 26 ports with no output delay specified. (HIGH)

 There are 0 ports with no output delay but user has a false path constraint

 There are 0 ports with no output delay but with a timing clock defined on it or propagating through it


7. checking multiple_clock (0)
------------------------------
 There are 0 register/latch pins with multiple clocks.


8. checking generated_clocks (0)
--------------------------------
 There are 0 generated clocks that are not connected to a clock source.


9. checking loops (0)
---------------------
 There are 0 combinational loops in the design.


10. checking partial_input_delay (0)
------------------------------------
 There are 0 input ports with partial input delay specified.


11. checking partial_output_delay (0)
-------------------------------------
 There are 0 ports with partial output delay specified.


12. checking latch_loops (0)
----------------------------
 There are 0 combinational latch loops in the design through latch input



------------------------------------------------------------------------------------------------
| Design Timing Summary
| ---------------------
------------------------------------------------------------------------------------------------

    WNS(ns)      TNS(ns)  TNS Failing Endpoints  TNS Total Endpoints      WHS(ns)      THS(ns)  THS Failing Endpoints  THS Total Endpoints     WPWS(ns)     TPWS(ns)  TPWS Failing Endpoints  TPWS Total Endpoints  
    -------      -------  ---------------------  -------------------      -------      -------  ---------------------  -------------------     --------     --------  ----------------------  --------------------  
      0.710        0.000                      0               152754        0.017        0.000                      0               152754        1.270        0.000                       0                 50779  


All user specified timing constraints are met.


------------------------------------------------------------------------------------------------
| Clock Summary
| -------------
------------------------------------------------------------------------------------------------

Clock  Waveform(ns)         Period(ns)      Frequency(MHz)
-----  ------------         ----------      --------------
clk    {0.000 2.000}        4.000           250.000         


------------------------------------------------------------------------------------------------
| Intra Clock Table
| -----------------
------------------------------------------------------------------------------------------------

Clock             WNS(ns)      TNS(ns)  TNS Failing Endpoints  TNS Total Endpoints      WHS(ns)      THS(ns)  THS Failing Endpoints  THS Total Endpoints     WPWS(ns)     TPWS(ns)  TPWS Failing Endpoints  TPWS Total Endpoints  
-----             -------      -------  ---------------------  -------------------      -------      -------  ---------------------  -------------------     --------     --------  ----------------------  --------------------  
clk                 0.710        0.000                      0               152754        0.017        0.000                      0               152754        1.270        0.000                       0                 50779  


------------------------------------------------------------------------------------------------
| Inter Clock Table
| -----------------
------------------------------------------------------------------------------------------------

From Clock    To Clock          WNS(ns)      TNS(ns)  TNS Failing Endpoints  TNS Total Endpoints      WHS(ns)      THS(ns)  THS Failing Endpoints  THS Total Endpoints  
----------    --------          -------      -------  ---------------------  -------------------      -------      -------  ---------------------  -------------------  


------------------------------------------------------------------------------------------------
| Other Path Groups Table
| -----------------------
------------------------------------------------------------------------------------------------

Path Group    From Clock    To Clock          WNS(ns)      TNS(ns)  TNS Failing Endpoints  TNS Total Endpoints      WHS(ns)      THS(ns)  THS Failing Endpoints  THS Total Endpoints  
----------    ----------    --------          -------      -------  ---------------------  -------------------      -------      -------  ---------------------  -------------------  


------------------------------------------------------------------------------------------------
| Timing Details
| --------------
------------------------------------------------------------------------------------------------


---------------------------------------------------------------------------------------------------
From Clock:  clk
  To Clock:  clk

Setup :            0  Failing Endpoints,  Worst Slack        0.710ns,  Total Violation        0.000ns
Hold  :            0  Failing Endpoints,  Worst Slack        0.017ns,  Total Violation        0.000ns
PW    :            0  Failing Endpoints,  Worst Slack        1.270ns,  Total Violation        0.000ns
---------------------------------------------------------------------------------------------------


Max Delay Paths
--------------------------------------------------------------------------------------
Slack (MET) :             0.710ns  (required time - arrival time)
  Source:                 u_enc_8_b0_c2/f_rp_reg[1]/C
                            (rising edge-triggered cell FDCE clocked by clk  {rise@0.000ns fall@2.000ns period=4.000ns})
  Destination:            u_enc_8_b0_out/pa1_reg[27]/D
                            (rising edge-triggered cell FDRE clocked by clk  {rise@0.000ns fall@2.000ns period=4.000ns})
  Path Group:             clk
  Path Type:              Setup (Max at Slow Process Corner)
  Requirement:            4.000ns  (clk rise@4.000ns - clk rise@0.000ns)
  Data Path Delay:        3.273ns  (logic 1.462ns (44.669%)  route 1.811ns (55.332%))
  Logic Levels:           13  (CARRY8=5 LUT1=1 LUT3=1 LUT5=2 LUT6=3 RAMD32=1)
  Clock Path Skew:        -0.009ns (DCD - SCD + CPR)
    Destination Clock Delay (DCD):    0.026ns = ( 4.026 - 4.000 ) 
    Source Clock Delay      (SCD):    0.035ns
    Clock Pessimism Removal (CPR):    0.000ns
  Clock Uncertainty:      0.035ns  ((TSJ^2 + TIJ^2)^1/2 + DJ) / 2 + PE
    Total System Jitter     (TSJ):    0.071ns
    Total Input Jitter      (TIJ):    0.000ns
    Discrete Jitter          (DJ):    0.000ns
    Phase Error              (PE):    0.000ns

    Location             Delay type                Incr(ns)  Path(ns)    Netlist Resource(s)
  -------------------------------------------------------------------    -------------------
                         (clock clk rise edge)        0.000     0.000 r  
                                                      0.000     0.000 r  clk (IN)
                         net (fo=51829, unset)        0.035     0.035    u_enc_8_b0_c2/clk
                         FDCE                                         r  u_enc_8_b0_c2/f_rp_reg[1]/C
  -------------------------------------------------------------------    -------------------
                         FDCE (Prop_FDCE_C_Q)         0.096     0.131 r  u_enc_8_b0_c2/f_rp_reg[1]/Q
                         net (fo=19, unplaced)        0.220     0.351    u_enc_8_b0_c2/fifo_mem_reg_0_15_0_13/ADDRA1
                         RAMD32 (Prop_RAMD32_RADR1_O)
                                                      0.150     0.501 f  u_enc_8_b0_c2/fifo_mem_reg_0_15_0_13/RAMA_D1/O
                         net (fo=16, unplaced)        0.261     0.762    u_enc_8_b0_c2/enc_8_b0_c2_d[1]
                         LUT1 (Prop_LUT1_I0_O)        0.039     0.801 r  u_enc_8_b0_c2/pa1[9]_i_9/O
                         net (fo=1, unplaced)         0.025     0.826    u_enc_8_b0_out/pa1_reg[9]_0[0]
                         CARRY8 (Prop_CARRY8_S[1]_O[7])
                                                      0.297     1.123 r  u_enc_8_b0_out/pa1_reg[9]_i_2/O[7]
                         net (fo=7, unplaced)         0.182     1.305    u_enc_8_b0_c2/O[6]
                         LUT6 (Prop_LUT6_I5_O)        0.039     1.344 r  u_enc_8_b0_c2/pa1[25]_i_50/O
                         net (fo=2, unplaced)         0.214     1.558    u_enc_8_b0_c2/clk_0
                         LUT6 (Prop_LUT6_I5_O)        0.039     1.597 r  u_enc_8_b0_c2/pa1[25]_i_36/O
                         net (fo=2, unplaced)         0.156     1.753    u_enc_8_b0_out/DI[3]
                         LUT5 (Prop_LUT5_I0_O)        0.062     1.815 r  u_enc_8_b0_out/pa1[25]_i_44/O
                         net (fo=1, unplaced)         0.031     1.846    u_enc_8_b0_out/pa1[25]_i_44_n_0
                         CARRY8 (Prop_CARRY8_S[5]_CO[7])
                                                      0.209     2.055 r  u_enc_8_b0_out/pa1_reg[25]_i_26/CO[7]
                         net (fo=1, unplaced)         0.007     2.062    u_enc_8_b0_out/pa1_reg[25]_i_26_n_0
                         CARRY8 (Prop_CARRY8_CI_O[4])
                                                      0.109     2.171 r  u_enc_8_b0_out/pa1_reg[28]_i_10/O[4]
                         net (fo=3, unplaced)         0.218     2.389    u_enc_8_b0_c2/pa1_reg[28][3]
                         LUT3 (Prop_LUT3_I1_O)        0.039     2.428 r  u_enc_8_b0_c2/pa1[25]_i_20/O
                         net (fo=2, unplaced)         0.214     2.642    u_enc_8_b0_c2/clk_9
                         LUT5 (Prop_LUT5_I1_O)        0.039     2.681 r  u_enc_8_b0_c2/pa1[25]_i_4/O
                         net (fo=2, unplaced)         0.214     2.895    u_enc_8_b0_out/pa1_reg[25]_0[2]
                         LUT6 (Prop_LUT6_I0_O)        0.038     2.933 r  u_enc_8_b0_out/pa1[25]_i_12/O
                         net (fo=1, unplaced)         0.031     2.964    u_enc_8_b0_out/pa1[25]_i_12_n_0
                         CARRY8 (Prop_CARRY8_S[5]_CO[7])
                                                      0.209     3.173 r  u_enc_8_b0_out/pa1_reg[25]_i_1/CO[7]
                         net (fo=1, unplaced)         0.007     3.180    u_enc_8_b0_out/pa1_reg[25]_i_1_n_0
                         CARRY8 (Prop_CARRY8_CI_O[1])
                                                      0.097     3.277 r  u_enc_8_b0_out/pa1_reg[28]_i_1/O[1]
                         net (fo=1, unplaced)         0.031     3.308    u_enc_8_b0_out/pa1_reg[28]_i_1_n_14
                         FDRE                                         r  u_enc_8_b0_out/pa1_reg[27]/D
  -------------------------------------------------------------------    -------------------

                         (clock clk rise edge)        4.000     4.000 r  
                                                      0.000     4.000 r  clk (IN)
                         net (fo=51829, unset)        0.026     4.026    u_enc_8_b0_out/clk
                         FDRE                                         r  u_enc_8_b0_out/pa1_reg[27]/C
                         clock pessimism              0.000     4.026    
                         clock uncertainty           -0.035     3.991    
                         FDRE (Setup_FDRE_C_D)        0.027     4.018    u_enc_8_b0_out/pa1_reg[27]
  -------------------------------------------------------------------
                         required time                          4.018    
                         arrival time                          -3.308    
  -------------------------------------------------------------------
                         slack                                  0.710    

Slack (MET) :             0.720ns  (required time - arrival time)
  Source:                 u_enc_8_b0_c2/f_rp_reg[1]/C
                            (rising edge-triggered cell FDCE clocked by clk  {rise@0.000ns fall@2.000ns period=4.000ns})
  Destination:            u_enc_8_b0_out/pa1_reg[28]/D
                            (rising edge-triggered cell FDRE clocked by clk  {rise@0.000ns fall@2.000ns period=4.000ns})
  Path Group:             clk
  Path Type:              Setup (Max at Slow Process Corner)
  Requirement:            4.000ns  (clk rise@4.000ns - clk rise@0.000ns)
  Data Path Delay:        3.263ns  (logic 1.451ns (44.468%)  route 1.812ns (55.532%))
  Logic Levels:           13  (CARRY8=5 LUT1=1 LUT3=1 LUT5=2 LUT6=3 RAMD32=1)
  Clock Path Skew:        -0.009ns (DCD - SCD + CPR)
    Destination Clock Delay (DCD):    0.026ns = ( 4.026 - 4.000 ) 
    Source Clock Delay      (SCD):    0.035ns
    Clock Pessimism Removal (CPR):    0.000ns
  Clock Uncertainty:      0.035ns  ((TSJ^2 + TIJ^2)^1/2 + DJ) / 2 + PE
    Total System Jitter     (TSJ):    0.071ns
    Total Input Jitter      (TIJ):    0.000ns
    Discrete Jitter          (DJ):    0.000ns
    Phase Error              (PE):    0.000ns

    Location             Delay type                Incr(ns)  Path(ns)    Netlist Resource(s)
  -------------------------------------------------------------------    -------------------
                         (clock clk rise edge)        0.000     0.000 r  
                                                      0.000     0.000 r  clk (IN)
                         net (fo=51829, unset)        0.035     0.035    u_enc_8_b0_c2/clk
                         FDCE                                         r  u_enc_8_b0_c2/f_rp_reg[1]/C
  -------------------------------------------------------------------    -------------------
                         FDCE (Prop_FDCE_C_Q)         0.096     0.131 r  u_enc_8_b0_c2/f_rp_reg[1]/Q
                         net (fo=19, unplaced)        0.220     0.351    u_enc_8_b0_c2/fifo_mem_reg_0_15_0_13/ADDRA1
                         RAMD32 (Prop_RAMD32_RADR1_O)
                                                      0.150     0.501 f  u_enc_8_b0_c2/fifo_mem_reg_0_15_0_13/RAMA_D1/O
                         net (fo=16, unplaced)        0.261     0.762    u_enc_8_b0_c2/enc_8_b0_c2_d[1]
                         LUT1 (Prop_LUT1_I0_O)        0.039     0.801 r  u_enc_8_b0_c2/pa1[9]_i_9/O
                         net (fo=1, unplaced)         0.025     0.826    u_enc_8_b0_out/pa1_reg[9]_0[0]
                         CARRY8 (Prop_CARRY8_S[1]_O[7])
                                                      0.297     1.123 r  u_enc_8_b0_out/pa1_reg[9]_i_2/O[7]
                         net (fo=7, unplaced)         0.182     1.305    u_enc_8_b0_c2/O[6]
                         LUT6 (Prop_LUT6_I5_O)        0.039     1.344 r  u_enc_8_b0_c2/pa1[25]_i_50/O
                         net (fo=2, unplaced)         0.214     1.558    u_enc_8_b0_c2/clk_0
                         LUT6 (Prop_LUT6_I5_O)        0.039     1.597 r  u_enc_8_b0_c2/pa1[25]_i_36/O
                         net (fo=2, unplaced)         0.156     1.753    u_enc_8_b0_out/DI[3]
                         LUT5 (Prop_LUT5_I0_O)        0.062     1.815 r  u_enc_8_b0_out/pa1[25]_i_44/O
                         net (fo=1, unplaced)         0.031     1.846    u_enc_8_b0_out/pa1[25]_i_44_n_0
                         CARRY8 (Prop_CARRY8_S[5]_CO[7])
                                                      0.209     2.055 r  u_enc_8_b0_out/pa1_reg[25]_i_26/CO[7]
                         net (fo=1, unplaced)         0.007     2.062    u_enc_8_b0_out/pa1_reg[25]_i_26_n_0
                         CARRY8 (Prop_CARRY8_CI_O[4])
                                                      0.109     2.171 r  u_enc_8_b0_out/pa1_reg[28]_i_10/O[4]
                         net (fo=3, unplaced)         0.218     2.389    u_enc_8_b0_c2/pa1_reg[28][3]
                         LUT3 (Prop_LUT3_I1_O)        0.039     2.428 r  u_enc_8_b0_c2/pa1[25]_i_20/O
                         net (fo=2, unplaced)         0.214     2.642    u_enc_8_b0_c2/clk_9
                         LUT5 (Prop_LUT5_I1_O)        0.039     2.681 r  u_enc_8_b0_c2/pa1[25]_i_4/O
                         net (fo=2, unplaced)         0.214     2.895    u_enc_8_b0_out/pa1_reg[25]_0[2]
                         LUT6 (Prop_LUT6_I0_O)        0.038     2.933 r  u_enc_8_b0_out/pa1[25]_i_12/O
                         net (fo=1, unplaced)         0.031     2.964    u_enc_8_b0_out/pa1[25]_i_12_n_0
                         CARRY8 (Prop_CARRY8_S[5]_CO[7])
                                                      0.209     3.173 r  u_enc_8_b0_out/pa1_reg[25]_i_1/CO[7]
                         net (fo=1, unplaced)         0.007     3.180    u_enc_8_b0_out/pa1_reg[25]_i_1_n_0
                         CARRY8 (Prop_CARRY8_CI_O[2])
                                                      0.086     3.266 r  u_enc_8_b0_out/pa1_reg[28]_i_1/O[2]
                         net (fo=1, unplaced)         0.032     3.298    u_enc_8_b0_out/pa1_reg[28]_i_1_n_13
                         FDRE                                         r  u_enc_8_b0_out/pa1_reg[28]/D
  -------------------------------------------------------------------    -------------------

                         (clock clk rise edge)        4.000     4.000 r  
                                                      0.000     4.000 r  clk (IN)
                         net (fo=51829, unset)        0.026     4.026    u_enc_8_b0_out/clk
                         FDRE                                         r  u_enc_8_b0_out/pa1_reg[28]/C
                         clock pessimism              0.000     4.026    
                         clock uncertainty           -0.035     3.991    
                         FDRE (Setup_FDRE_C_D)        0.027     4.018    u_enc_8_b0_out/pa1_reg[28]
  -------------------------------------------------------------------
                         required time                          4.018    
                         arrival time                          -3.298    
  -------------------------------------------------------------------
                         slack                                  0.720    

Slack (MET) :             0.736ns  (required time - arrival time)
  Source:                 u_enc_8_b0_c2/f_rp_reg[1]/C
                            (rising edge-triggered cell FDCE clocked by clk  {rise@0.000ns fall@2.000ns period=4.000ns})
  Destination:            u_enc_8_b0_out/pa1_reg[26]/D
                            (rising edge-triggered cell FDRE clocked by clk  {rise@0.000ns fall@2.000ns period=4.000ns})
  Path Group:             clk
  Path Type:              Setup (Max at Slow Process Corner)
  Requirement:            4.000ns  (clk rise@4.000ns - clk rise@0.000ns)
  Data Path Delay:        3.247ns  (logic 1.437ns (44.256%)  route 1.810ns (55.744%))
  Logic Levels:           13  (CARRY8=5 LUT1=1 LUT3=1 LUT5=2 LUT6=3 RAMD32=1)
  Clock Path Skew:        -0.009ns (DCD - SCD + CPR)
    Destination Clock Delay (DCD):    0.026ns = ( 4.026 - 4.000 ) 
    Source Clock Delay      (SCD):    0.035ns
    Clock Pessimism Removal (CPR):    0.000ns
  Clock Uncertainty:      0.035ns  ((TSJ^2 + TIJ^2)^1/2 + DJ) / 2 + PE
    Total System Jitter     (TSJ):    0.071ns
    Total Input Jitter      (TIJ):    0.000ns
    Discrete Jitter          (DJ):    0.000ns
    Phase Error              (PE):    0.000ns

    Location             Delay type                Incr(ns)  Path(ns)    Netlist Resource(s)
  -------------------------------------------------------------------    -------------------
                         (clock clk rise edge)        0.000     0.000 r  
                                                      0.000     0.000 r  clk (IN)
                         net (fo=51829, unset)        0.035     0.035    u_enc_8_b0_c2/clk
                         FDCE                                         r  u_enc_8_b0_c2/f_rp_reg[1]/C
  -------------------------------------------------------------------    -------------------
                         FDCE (Prop_FDCE_C_Q)         0.096     0.131 r  u_enc_8_b0_c2/f_rp_reg[1]/Q
                         net (fo=19, unplaced)        0.220     0.351    u_enc_8_b0_c2/fifo_mem_reg_0_15_0_13/ADDRA1
                         RAMD32 (Prop_RAMD32_RADR1_O)
                                                      0.150     0.501 f  u_enc_8_b0_c2/fifo_mem_reg_0_15_0_13/RAMA_D1/O
                         net (fo=16, unplaced)        0.261     0.762    u_enc_8_b0_c2/enc_8_b0_c2_d[1]
                         LUT1 (Prop_LUT1_I0_O)        0.039     0.801 r  u_enc_8_b0_c2/pa1[9]_i_9/O
                         net (fo=1, unplaced)         0.025     0.826    u_enc_8_b0_out/pa1_reg[9]_0[0]
                         CARRY8 (Prop_CARRY8_S[1]_O[7])
                                                      0.297     1.123 r  u_enc_8_b0_out/pa1_reg[9]_i_2/O[7]
                         net (fo=7, unplaced)         0.182     1.305    u_enc_8_b0_c2/O[6]
                         LUT6 (Prop_LUT6_I5_O)        0.039     1.344 r  u_enc_8_b0_c2/pa1[25]_i_50/O
                         net (fo=2, unplaced)         0.214     1.558    u_enc_8_b0_c2/clk_0
                         LUT6 (Prop_LUT6_I5_O)        0.039     1.597 r  u_enc_8_b0_c2/pa1[25]_i_36/O
                         net (fo=2, unplaced)         0.156     1.753    u_enc_8_b0_out/DI[3]
                         LUT5 (Prop_LUT5_I0_O)        0.062     1.815 r  u_enc_8_b0_out/pa1[25]_i_44/O
                         net (fo=1, unplaced)         0.031     1.846    u_enc_8_b0_out/pa1[25]_i_44_n_0
                         CARRY8 (Prop_CARRY8_S[5]_CO[7])
                                                      0.209     2.055 r  u_enc_8_b0_out/pa1_reg[25]_i_26/CO[7]
                         net (fo=1, unplaced)         0.007     2.062    u_enc_8_b0_out/pa1_reg[25]_i_26_n_0
                         CARRY8 (Prop_CARRY8_CI_O[4])
                                                      0.109     2.171 r  u_enc_8_b0_out/pa1_reg[28]_i_10/O[4]
                         net (fo=3, unplaced)         0.218     2.389    u_enc_8_b0_c2/pa1_reg[28][3]
                         LUT3 (Prop_LUT3_I1_O)        0.039     2.428 r  u_enc_8_b0_c2/pa1[25]_i_20/O
                         net (fo=2, unplaced)         0.214     2.642    u_enc_8_b0_c2/clk_9
                         LUT5 (Prop_LUT5_I1_O)        0.039     2.681 r  u_enc_8_b0_c2/pa1[25]_i_4/O
                         net (fo=2, unplaced)         0.214     2.895    u_enc_8_b0_out/pa1_reg[25]_0[2]
                         LUT6 (Prop_LUT6_I0_O)        0.038     2.933 r  u_enc_8_b0_out/pa1[25]_i_12/O
                         net (fo=1, unplaced)         0.031     2.964    u_enc_8_b0_out/pa1[25]_i_12_n_0
                         CARRY8 (Prop_CARRY8_S[5]_CO[7])
                                                      0.209     3.173 r  u_enc_8_b0_out/pa1_reg[25]_i_1/CO[7]
                         net (fo=1, unplaced)         0.007     3.180    u_enc_8_b0_out/pa1_reg[25]_i_1_n_0
                         CARRY8 (Prop_CARRY8_CI_O[0])
                                                      0.072     3.252 r  u_enc_8_b0_out/pa1_reg[28]_i_1/O[0]
                         net (fo=1, unplaced)         0.030     3.282    u_enc_8_b0_out/pa1_reg[28]_i_1_n_15
                         FDRE                                         r  u_enc_8_b0_out/pa1_reg[26]/D
  -------------------------------------------------------------------    -------------------

                         (clock clk rise edge)        4.000     4.000 r  
                                                      0.000     4.000 r  clk (IN)
                         net (fo=51829, unset)        0.026     4.026    u_enc_8_b0_out/clk
                         FDRE                                         r  u_enc_8_b0_out/pa1_reg[26]/C
                         clock pessimism              0.000     4.026    
                         clock uncertainty           -0.035     3.991    
                         FDRE (Setup_FDRE_C_D)        0.027     4.018    u_enc_8_b0_out/pa1_reg[26]
  -------------------------------------------------------------------
                         required time                          4.018    
                         arrival time                          -3.282    
  -------------------------------------------------------------------
                         slack                                  0.736    

Slack (MET) :             0.741ns  (required time - arrival time)
  Source:                 u_enc_0_out/s2_reg[15]/C
                            (rising edge-triggered cell FDRE clocked by clk  {rise@0.000ns fall@2.000ns period=4.000ns})
  Destination:            u_enc_0_out/m_tdata_reg[0]/R
                            (rising edge-triggered cell FDRE clocked by clk  {rise@0.000ns fall@2.000ns period=4.000ns})
  Path Group:             clk
  Path Type:              Setup (Max at Slow Process Corner)
  Requirement:            4.000ns  (clk rise@4.000ns - clk rise@0.000ns)
  Data Path Delay:        3.139ns  (logic 1.277ns (40.682%)  route 1.862ns (59.318%))
  Logic Levels:           15  (CARRY8=11 LUT1=1 LUT2=2 LUT6=1)
  Clock Path Skew:        -0.013ns (DCD - SCD + CPR)
    Destination Clock Delay (DCD):    0.024ns = ( 4.024 - 4.000 ) 
    Source Clock Delay      (SCD):    0.037ns
    Clock Pessimism Removal (CPR):    0.000ns
  Clock Uncertainty:      0.035ns  ((TSJ^2 + TIJ^2)^1/2 + DJ) / 2 + PE
    Total System Jitter     (TSJ):    0.071ns
    Total Input Jitter      (TIJ):    0.000ns
    Discrete Jitter          (DJ):    0.000ns
    Phase Error              (PE):    0.000ns

    Location             Delay type                Incr(ns)  Path(ns)    Netlist Resource(s)
  -------------------------------------------------------------------    -------------------
                         (clock clk rise edge)        0.000     0.000 r  
                                                      0.000     0.000 r  clk (IN)
                         net (fo=51829, unset)        0.037     0.037    u_enc_0_out/clk
                         FDRE                                         r  u_enc_0_out/s2_reg[15]/C
  -------------------------------------------------------------------    -------------------
                         FDRE (Prop_FDRE_C_Q)         0.096     0.133 f  u_enc_0_out/s2_reg[15]/Q
                         net (fo=2, unplaced)         0.158     0.291    u_enc_0_out/s2[15]
                         LUT1 (Prop_LUT1_I0_O)        0.039     0.330 r  u_enc_0_out/rsr5_return0_carry_i_1/O
                         net (fo=1, unplaced)         0.025     0.355    u_enc_0_out/rsr5_return0_carry_i_1_n_0
                         CARRY8 (Prop_CARRY8_S[1]_CO[7])
                                                      0.245     0.600 f  u_enc_0_out/rsr5_return0_carry/CO[7]
                         net (fo=1, unplaced)         0.007     0.607    u_enc_0_out/rsr5_return0_carry_n_0
                         CARRY8 (Prop_CARRY8_CI_CO[7])
                                                      0.030     0.637 f  u_enc_0_out/rsr5_return0_carry__0/CO[7]
                         net (fo=1, unplaced)         0.007     0.644    u_enc_0_out/rsr5_return0_carry__0_n_0
                         CARRY8 (Prop_CARRY8_CI_CO[0])
                                                      0.068     0.712 f  u_enc_0_out/rsr5_return0_carry__1/CO[0]
                         net (fo=98, unplaced)        0.299     1.011    u_enc_0_out/rsr5_return0_carry__1_n_7
                         LUT2 (Prop_LUT2_I1_O)        0.084     1.095 r  u_enc_0_out/y1_carry_i_6/O
                         net (fo=1, unplaced)         0.281     1.376    u_enc_0_out/y1_carry_i_6_n_0
                         CARRY8 (Prop_CARRY8_DI[2]_CO[7])
                                                      0.148     1.524 r  u_enc_0_out/y1_carry/CO[7]
                         net (fo=1, unplaced)         0.007     1.531    u_enc_0_out/y1_carry_n_0
                         CARRY8 (Prop_CARRY8_CI_CO[7])
                                                      0.030     1.561 r  u_enc_0_out/y1_carry__0/CO[7]
                         net (fo=1, unplaced)         0.007     1.568    u_enc_0_out/y1_carry__0_n_0
                         CARRY8 (Prop_CARRY8_CI_CO[7])
                                                      0.030     1.598 r  u_enc_0_out/y1_carry__1/CO[7]
                         net (fo=1, unplaced)         0.007     1.605    u_enc_0_out/y1_carry__1_n_0
                         CARRY8 (Prop_CARRY8_CI_CO[2])
                                                      0.073     1.678 r  u_enc_0_out/y1_carry__2/CO[2]
                         net (fo=65, unplaced)        0.290     1.968    u_enc_0_out/y1__26
                         LUT2 (Prop_LUT2_I0_O)        0.085     2.053 r  u_enc_0_out/m_tdata0_carry_i_8/O
                         net (fo=1, unplaced)         0.287     2.340    u_enc_0_out/m_tdata0_carry_i_8_n_0
                         CARRY8 (Prop_CARRY8_DI[0]_CO[7])
                                                      0.177     2.517 r  u_enc_0_out/m_tdata0_carry/CO[7]
                         net (fo=1, unplaced)         0.007     2.524    u_enc_0_out/m_tdata0_carry_n_0
                         CARRY8 (Prop_CARRY8_CI_CO[7])
                                                      0.030     2.554 r  u_enc_0_out/m_tdata0_carry__0/CO[7]
                         net (fo=1, unplaced)         0.007     2.561    u_enc_0_out/m_tdata0_carry__0_n_0
                         CARRY8 (Prop_CARRY8_CI_CO[7])
                                                      0.030     2.591 r  u_enc_0_out/m_tdata0_carry__1/CO[7]
                         net (fo=1, unplaced)         0.007     2.598    u_enc_0_out/m_tdata0_carry__1_n_0
                         CARRY8 (Prop_CARRY8_CI_CO[2])
                                                      0.073     2.671 r  u_enc_0_out/m_tdata0_carry__2/CO[2]
                         net (fo=1, unplaced)         0.214     2.885    u_enc_0_out/m_tdata0_carry__2_n_5
                         LUT6 (Prop_LUT6_I0_O)        0.039     2.924 r  u_enc_0_out/m_tdata[11]_i_1__10/O
                         net (fo=12, unplaced)        0.252     3.176    u_enc_0_out/m_tdata[11]_i_1__10_n_0
                         FDRE                                         r  u_enc_0_out/m_tdata_reg[0]/R
  -------------------------------------------------------------------    -------------------

                         (clock clk rise edge)        4.000     4.000 r  
                                                      0.000     4.000 r  clk (IN)
                         net (fo=51829, unset)        0.024     4.024    u_enc_0_out/clk
                         FDRE                                         r  u_enc_0_out/m_tdata_reg[0]/C
                         clock pessimism              0.000     4.024    
                         clock uncertainty           -0.035     3.989    
                         FDRE (Setup_FDRE_C_R)       -0.072     3.917    u_enc_0_out/m_tdata_reg[0]
  -------------------------------------------------------------------
                         required time                          3.917    
                         arrival time                          -3.176    
  -------------------------------------------------------------------
                         slack                                  0.741    

Slack (MET) :             0.741ns  (required time - arrival time)
  Source:                 u_enc_0_out/s2_reg[15]/C
                            (rising edge-triggered cell FDRE clocked by clk  {rise@0.000ns fall@2.000ns period=4.000ns})
  Destination:            u_enc_0_out/m_tdata_reg[10]/R
                            (rising edge-triggered cell FDRE clocked by clk  {rise@0.000ns fall@2.000ns period=4.000ns})
  Path Group:             clk
  Path Type:              Setup (Max at Slow Process Corner)
  Requirement:            4.000ns  (clk rise@4.000ns - clk rise@0.000ns)
  Data Path Delay:        3.139ns  (logic 1.277ns (40.682%)  route 1.862ns (59.318%))
  Logic Levels:           15  (CARRY8=11 LUT1=1 LUT2=2 LUT6=1)
  Clock Path Skew:        -0.013ns (DCD - SCD + CPR)
    Destination Clock Delay (DCD):    0.024ns = ( 4.024 - 4.000 ) 
    Source Clock Delay      (SCD):    0.037ns
    Clock Pessimism Removal (CPR):    0.000ns
  Clock Uncertainty:      0.035ns  ((TSJ^2 + TIJ^2)^1/2 + DJ) / 2 + PE
    Total System Jitter     (TSJ):    0.071ns
    Total Input Jitter      (TIJ):    0.000ns
    Discrete Jitter          (DJ):    0.000ns
    Phase Error              (PE):    0.000ns

    Location             Delay type                Incr(ns)  Path(ns)    Netlist Resource(s)
  -------------------------------------------------------------------    -------------------
                         (clock clk rise edge)        0.000     0.000 r  
                                                      0.000     0.000 r  clk (IN)
                         net (fo=51829, unset)        0.037     0.037    u_enc_0_out/clk
                         FDRE                                         r  u_enc_0_out/s2_reg[15]/C
  -------------------------------------------------------------------    -------------------
                         FDRE (Prop_FDRE_C_Q)         0.096     0.133 f  u_enc_0_out/s2_reg[15]/Q
                         net (fo=2, unplaced)         0.158     0.291    u_enc_0_out/s2[15]
                         LUT1 (Prop_LUT1_I0_O)        0.039     0.330 r  u_enc_0_out/rsr5_return0_carry_i_1/O
                         net (fo=1, unplaced)         0.025     0.355    u_enc_0_out/rsr5_return0_carry_i_1_n_0
                         CARRY8 (Prop_CARRY8_S[1]_CO[7])
                                                      0.245     0.600 f  u_enc_0_out/rsr5_return0_carry/CO[7]
                         net (fo=1, unplaced)         0.007     0.607    u_enc_0_out/rsr5_return0_carry_n_0
                         CARRY8 (Prop_CARRY8_CI_CO[7])
                                                      0.030     0.637 f  u_enc_0_out/rsr5_return0_carry__0/CO[7]
                         net (fo=1, unplaced)         0.007     0.644    u_enc_0_out/rsr5_return0_carry__0_n_0
                         CARRY8 (Prop_CARRY8_CI_CO[0])
                                                      0.068     0.712 f  u_enc_0_out/rsr5_return0_carry__1/CO[0]
                         net (fo=98, unplaced)        0.299     1.011    u_enc_0_out/rsr5_return0_carry__1_n_7
                         LUT2 (Prop_LUT2_I1_O)        0.084     1.095 r  u_enc_0_out/y1_carry_i_6/O
                         net (fo=1, unplaced)         0.281     1.376    u_enc_0_out/y1_carry_i_6_n_0
                         CARRY8 (Prop_CARRY8_DI[2]_CO[7])
                                                      0.148     1.524 r  u_enc_0_out/y1_carry/CO[7]
                         net (fo=1, unplaced)         0.007     1.531    u_enc_0_out/y1_carry_n_0
                         CARRY8 (Prop_CARRY8_CI_CO[7])
                                                      0.030     1.561 r  u_enc_0_out/y1_carry__0/CO[7]
                         net (fo=1, unplaced)         0.007     1.568    u_enc_0_out/y1_carry__0_n_0
                         CARRY8 (Prop_CARRY8_CI_CO[7])
                                                      0.030     1.598 r  u_enc_0_out/y1_carry__1/CO[7]
                         net (fo=1, unplaced)         0.007     1.605    u_enc_0_out/y1_carry__1_n_0
                         CARRY8 (Prop_CARRY8_CI_CO[2])
                                                      0.073     1.678 r  u_enc_0_out/y1_carry__2/CO[2]
                         net (fo=65, unplaced)        0.290     1.968    u_enc_0_out/y1__26
                         LUT2 (Prop_LUT2_I0_O)        0.085     2.053 r  u_enc_0_out/m_tdata0_carry_i_8/O
                         net (fo=1, unplaced)         0.287     2.340    u_enc_0_out/m_tdata0_carry_i_8_n_0
                         CARRY8 (Prop_CARRY8_DI[0]_CO[7])
                                                      0.177     2.517 r  u_enc_0_out/m_tdata0_carry/CO[7]
                         net (fo=1, unplaced)         0.007     2.524    u_enc_0_out/m_tdata0_carry_n_0
                         CARRY8 (Prop_CARRY8_CI_CO[7])
                                                      0.030     2.554 r  u_enc_0_out/m_tdata0_carry__0/CO[7]
                         net (fo=1, unplaced)         0.007     2.561    u_enc_0_out/m_tdata0_carry__0_n_0
                         CARRY8 (Prop_CARRY8_CI_CO[7])
                                                      0.030     2.591 r  u_enc_0_out/m_tdata0_carry__1/CO[7]
                         net (fo=1, unplaced)         0.007     2.598    u_enc_0_out/m_tdata0_carry__1_n_0
                         CARRY8 (Prop_CARRY8_CI_CO[2])
                                                      0.073     2.671 r  u_enc_0_out/m_tdata0_carry__2/CO[2]
                         net (fo=1, unplaced)         0.214     2.885    u_enc_0_out/m_tdata0_carry__2_n_5
                         LUT6 (Prop_LUT6_I0_O)        0.039     2.924 r  u_enc_0_out/m_tdata[11]_i_1__10/O
                         net (fo=12, unplaced)        0.252     3.176    u_enc_0_out/m_tdata[11]_i_1__10_n_0
                         FDRE                                         r  u_enc_0_out/m_tdata_reg[10]/R
  -------------------------------------------------------------------    -------------------

                         (clock clk rise edge)        4.000     4.000 r  
                                                      0.000     4.000 r  clk (IN)
                         net (fo=51829, unset)        0.024     4.024    u_enc_0_out/clk
                         FDRE                                         r  u_enc_0_out/m_tdata_reg[10]/C
                         clock pessimism              0.000     4.024    
                         clock uncertainty           -0.035     3.989    
                         FDRE (Setup_FDRE_C_R)       -0.072     3.917    u_enc_0_out/m_tdata_reg[10]
  -------------------------------------------------------------------
                         required time                          3.917    
                         arrival time                          -3.176    
  -------------------------------------------------------------------
                         slack                                  0.741    

Slack (MET) :             0.741ns  (required time - arrival time)
  Source:                 u_enc_0_out/s2_reg[15]/C
                            (rising edge-triggered cell FDRE clocked by clk  {rise@0.000ns fall@2.000ns period=4.000ns})
  Destination:            u_enc_0_out/m_tdata_reg[11]/S
                            (rising edge-triggered cell FDSE clocked by clk  {rise@0.000ns fall@2.000ns period=4.000ns})
  Path Group:             clk
  Path Type:              Setup (Max at Slow Process Corner)
  Requirement:            4.000ns  (clk rise@4.000ns - clk rise@0.000ns)
  Data Path Delay:        3.139ns  (logic 1.277ns (40.682%)  route 1.862ns (59.318%))
  Logic Levels:           15  (CARRY8=11 LUT1=1 LUT2=2 LUT6=1)
  Clock Path Skew:        -0.013ns (DCD - SCD + CPR)
    Destination Clock Delay (DCD):    0.024ns = ( 4.024 - 4.000 ) 
    Source Clock Delay      (SCD):    0.037ns
    Clock Pessimism Removal (CPR):    0.000ns
  Clock Uncertainty:      0.035ns  ((TSJ^2 + TIJ^2)^1/2 + DJ) / 2 + PE
    Total System Jitter     (TSJ):    0.071ns
    Total Input Jitter      (TIJ):    0.000ns
    Discrete Jitter          (DJ):    0.000ns
    Phase Error              (PE):    0.000ns

    Location             Delay type                Incr(ns)  Path(ns)    Netlist Resource(s)
  -------------------------------------------------------------------    -------------------
                         (clock clk rise edge)        0.000     0.000 r  
                                                      0.000     0.000 r  clk (IN)
                         net (fo=51829, unset)        0.037     0.037    u_enc_0_out/clk
                         FDRE                                         r  u_enc_0_out/s2_reg[15]/C
  -------------------------------------------------------------------    -------------------
                         FDRE (Prop_FDRE_C_Q)         0.096     0.133 f  u_enc_0_out/s2_reg[15]/Q
                         net (fo=2, unplaced)         0.158     0.291    u_enc_0_out/s2[15]
                         LUT1 (Prop_LUT1_I0_O)        0.039     0.330 r  u_enc_0_out/rsr5_return0_carry_i_1/O
                         net (fo=1, unplaced)         0.025     0.355    u_enc_0_out/rsr5_return0_carry_i_1_n_0
                         CARRY8 (Prop_CARRY8_S[1]_CO[7])
                                                      0.245     0.600 f  u_enc_0_out/rsr5_return0_carry/CO[7]
                         net (fo=1, unplaced)         0.007     0.607    u_enc_0_out/rsr5_return0_carry_n_0
                         CARRY8 (Prop_CARRY8_CI_CO[7])
                                                      0.030     0.637 f  u_enc_0_out/rsr5_return0_carry__0/CO[7]
                         net (fo=1, unplaced)         0.007     0.644    u_enc_0_out/rsr5_return0_carry__0_n_0
                         CARRY8 (Prop_CARRY8_CI_CO[0])
                                                      0.068     0.712 f  u_enc_0_out/rsr5_return0_carry__1/CO[0]
                         net (fo=98, unplaced)        0.299     1.011    u_enc_0_out/rsr5_return0_carry__1_n_7
                         LUT2 (Prop_LUT2_I1_O)        0.084     1.095 r  u_enc_0_out/y1_carry_i_6/O
                         net (fo=1, unplaced)         0.281     1.376    u_enc_0_out/y1_carry_i_6_n_0
                         CARRY8 (Prop_CARRY8_DI[2]_CO[7])
                                                      0.148     1.524 r  u_enc_0_out/y1_carry/CO[7]
                         net (fo=1, unplaced)         0.007     1.531    u_enc_0_out/y1_carry_n_0
                         CARRY8 (Prop_CARRY8_CI_CO[7])
                                                      0.030     1.561 r  u_enc_0_out/y1_carry__0/CO[7]
                         net (fo=1, unplaced)         0.007     1.568    u_enc_0_out/y1_carry__0_n_0
                         CARRY8 (Prop_CARRY8_CI_CO[7])
                                                      0.030     1.598 r  u_enc_0_out/y1_carry__1/CO[7]
                         net (fo=1, unplaced)         0.007     1.605    u_enc_0_out/y1_carry__1_n_0
                         CARRY8 (Prop_CARRY8_CI_CO[2])
                                                      0.073     1.678 r  u_enc_0_out/y1_carry__2/CO[2]
                         net (fo=65, unplaced)        0.290     1.968    u_enc_0_out/y1__26
                         LUT2 (Prop_LUT2_I0_O)        0.085     2.053 r  u_enc_0_out/m_tdata0_carry_i_8/O
                         net (fo=1, unplaced)         0.287     2.340    u_enc_0_out/m_tdata0_carry_i_8_n_0
                         CARRY8 (Prop_CARRY8_DI[0]_CO[7])
                                                      0.177     2.517 r  u_enc_0_out/m_tdata0_carry/CO[7]
                         net (fo=1, unplaced)         0.007     2.524    u_enc_0_out/m_tdata0_carry_n_0
                         CARRY8 (Prop_CARRY8_CI_CO[7])
                                                      0.030     2.554 r  u_enc_0_out/m_tdata0_carry__0/CO[7]
                         net (fo=1, unplaced)         0.007     2.561    u_enc_0_out/m_tdata0_carry__0_n_0
                         CARRY8 (Prop_CARRY8_CI_CO[7])
                                                      0.030     2.591 r  u_enc_0_out/m_tdata0_carry__1/CO[7]
                         net (fo=1, unplaced)         0.007     2.598    u_enc_0_out/m_tdata0_carry__1_n_0
                         CARRY8 (Prop_CARRY8_CI_CO[2])
                                                      0.073     2.671 r  u_enc_0_out/m_tdata0_carry__2/CO[2]
                         net (fo=1, unplaced)         0.214     2.885    u_enc_0_out/m_tdata0_carry__2_n_5
                         LUT6 (Prop_LUT6_I0_O)        0.039     2.924 r  u_enc_0_out/m_tdata[11]_i_1__10/O
                         net (fo=12, unplaced)        0.252     3.176    u_enc_0_out/m_tdata[11]_i_1__10_n_0
                         FDSE                                         r  u_enc_0_out/m_tdata_reg[11]/S
  -------------------------------------------------------------------    -------------------

                         (clock clk rise edge)        4.000     4.000 r  
                                                      0.000     4.000 r  clk (IN)
                         net (fo=51829, unset)        0.024     4.024    u_enc_0_out/clk
                         FDSE                                         r  u_enc_0_out/m_tdata_reg[11]/C
                         clock pessimism              0.000     4.024    
                         clock uncertainty           -0.035     3.989    
                         FDSE (Setup_FDSE_C_S)       -0.072     3.917    u_enc_0_out/m_tdata_reg[11]
  -------------------------------------------------------------------
                         required time                          3.917    
                         arrival time                          -3.176    
  -------------------------------------------------------------------
                         slack                                  0.741    

Slack (MET) :             0.741ns  (required time - arrival time)
  Source:                 u_enc_0_out/s2_reg[15]/C
                            (rising edge-triggered cell FDRE clocked by clk  {rise@0.000ns fall@2.000ns period=4.000ns})
  Destination:            u_enc_0_out/m_tdata_reg[1]/R
                            (rising edge-triggered cell FDRE clocked by clk  {rise@0.000ns fall@2.000ns period=4.000ns})
  Path Group:             clk
  Path Type:              Setup (Max at Slow Process Corner)
  Requirement:            4.000ns  (clk rise@4.000ns - clk rise@0.000ns)
  Data Path Delay:        3.139ns  (logic 1.277ns (40.682%)  route 1.862ns (59.318%))
  Logic Levels:           15  (CARRY8=11 LUT1=1 LUT2=2 LUT6=1)
  Clock Path Skew:        -0.013ns (DCD - SCD + CPR)
    Destination Clock Delay (DCD):    0.024ns = ( 4.024 - 4.000 ) 
    Source Clock Delay      (SCD):    0.037ns
    Clock Pessimism Removal (CPR):    0.000ns
  Clock Uncertainty:      0.035ns  ((TSJ^2 + TIJ^2)^1/2 + DJ) / 2 + PE
    Total System Jitter     (TSJ):    0.071ns
    Total Input Jitter      (TIJ):    0.000ns
    Discrete Jitter          (DJ):    0.000ns
    Phase Error              (PE):    0.000ns

    Location             Delay type                Incr(ns)  Path(ns)    Netlist Resource(s)
  -------------------------------------------------------------------    -------------------
                         (clock clk rise edge)        0.000     0.000 r  
                                                      0.000     0.000 r  clk (IN)
                         net (fo=51829, unset)        0.037     0.037    u_enc_0_out/clk
                         FDRE                                         r  u_enc_0_out/s2_reg[15]/C
  -------------------------------------------------------------------    -------------------
                         FDRE (Prop_FDRE_C_Q)         0.096     0.133 f  u_enc_0_out/s2_reg[15]/Q
                         net (fo=2, unplaced)         0.158     0.291    u_enc_0_out/s2[15]
                         LUT1 (Prop_LUT1_I0_O)        0.039     0.330 r  u_enc_0_out/rsr5_return0_carry_i_1/O
                         net (fo=1, unplaced)         0.025     0.355    u_enc_0_out/rsr5_return0_carry_i_1_n_0
                         CARRY8 (Prop_CARRY8_S[1]_CO[7])
                                                      0.245     0.600 f  u_enc_0_out/rsr5_return0_carry/CO[7]
                         net (fo=1, unplaced)         0.007     0.607    u_enc_0_out/rsr5_return0_carry_n_0
                         CARRY8 (Prop_CARRY8_CI_CO[7])
                                                      0.030     0.637 f  u_enc_0_out/rsr5_return0_carry__0/CO[7]
                         net (fo=1, unplaced)         0.007     0.644    u_enc_0_out/rsr5_return0_carry__0_n_0
                         CARRY8 (Prop_CARRY8_CI_CO[0])
                                                      0.068     0.712 f  u_enc_0_out/rsr5_return0_carry__1/CO[0]
                         net (fo=98, unplaced)        0.299     1.011    u_enc_0_out/rsr5_return0_carry__1_n_7
                         LUT2 (Prop_LUT2_I1_O)        0.084     1.095 r  u_enc_0_out/y1_carry_i_6/O
                         net (fo=1, unplaced)         0.281     1.376    u_enc_0_out/y1_carry_i_6_n_0
                         CARRY8 (Prop_CARRY8_DI[2]_CO[7])
                                                      0.148     1.524 r  u_enc_0_out/y1_carry/CO[7]
                         net (fo=1, unplaced)         0.007     1.531    u_enc_0_out/y1_carry_n_0
                         CARRY8 (Prop_CARRY8_CI_CO[7])
                                                      0.030     1.561 r  u_enc_0_out/y1_carry__0/CO[7]
                         net (fo=1, unplaced)         0.007     1.568    u_enc_0_out/y1_carry__0_n_0
                         CARRY8 (Prop_CARRY8_CI_CO[7])
                                                      0.030     1.598 r  u_enc_0_out/y1_carry__1/CO[7]
                         net (fo=1, unplaced)         0.007     1.605    u_enc_0_out/y1_carry__1_n_0
                         CARRY8 (Prop_CARRY8_CI_CO[2])
                                                      0.073     1.678 r  u_enc_0_out/y1_carry__2/CO[2]
                         net (fo=65, unplaced)        0.290     1.968    u_enc_0_out/y1__26
                         LUT2 (Prop_LUT2_I0_O)        0.085     2.053 r  u_enc_0_out/m_tdata0_carry_i_8/O
                         net (fo=1, unplaced)         0.287     2.340    u_enc_0_out/m_tdata0_carry_i_8_n_0
                         CARRY8 (Prop_CARRY8_DI[0]_CO[7])
                                                      0.177     2.517 r  u_enc_0_out/m_tdata0_carry/CO[7]
                         net (fo=1, unplaced)         0.007     2.524    u_enc_0_out/m_tdata0_carry_n_0
                         CARRY8 (Prop_CARRY8_CI_CO[7])
                                                      0.030     2.554 r  u_enc_0_out/m_tdata0_carry__0/CO[7]
                         net (fo=1, unplaced)         0.007     2.561    u_enc_0_out/m_tdata0_carry__0_n_0
                         CARRY8 (Prop_CARRY8_CI_CO[7])
                                                      0.030     2.591 r  u_enc_0_out/m_tdata0_carry__1/CO[7]
                         net (fo=1, unplaced)         0.007     2.598    u_enc_0_out/m_tdata0_carry__1_n_0
                         CARRY8 (Prop_CARRY8_CI_CO[2])
                                                      0.073     2.671 r  u_enc_0_out/m_tdata0_carry__2/CO[2]
                         net (fo=1, unplaced)         0.214     2.885    u_enc_0_out/m_tdata0_carry__2_n_5
                         LUT6 (Prop_LUT6_I0_O)        0.039     2.924 r  u_enc_0_out/m_tdata[11]_i_1__10/O
                         net (fo=12, unplaced)        0.252     3.176    u_enc_0_out/m_tdata[11]_i_1__10_n_0
                         FDRE                                         r  u_enc_0_out/m_tdata_reg[1]/R
  -------------------------------------------------------------------    -------------------

                         (clock clk rise edge)        4.000     4.000 r  
                                                      0.000     4.000 r  clk (IN)
                         net (fo=51829, unset)        0.024     4.024    u_enc_0_out/clk
                         FDRE                                         r  u_enc_0_out/m_tdata_reg[1]/C
                         clock pessimism              0.000     4.024    
                         clock uncertainty           -0.035     3.989    
                         FDRE (Setup_FDRE_C_R)       -0.072     3.917    u_enc_0_out/m_tdata_reg[1]
  -------------------------------------------------------------------
                         required time                          3.917    
                         arrival time                          -3.176    
  -------------------------------------------------------------------
                         slack                                  0.741    

Slack (MET) :             0.741ns  (required time - arrival time)
  Source:                 u_enc_0_out/s2_reg[15]/C
                            (rising edge-triggered cell FDRE clocked by clk  {rise@0.000ns fall@2.000ns period=4.000ns})
  Destination:            u_enc_0_out/m_tdata_reg[2]/R
                            (rising edge-triggered cell FDRE clocked by clk  {rise@0.000ns fall@2.000ns period=4.000ns})
  Path Group:             clk
  Path Type:              Setup (Max at Slow Process Corner)
  Requirement:            4.000ns  (clk rise@4.000ns - clk rise@0.000ns)
  Data Path Delay:        3.139ns  (logic 1.277ns (40.682%)  route 1.862ns (59.318%))
  Logic Levels:           15  (CARRY8=11 LUT1=1 LUT2=2 LUT6=1)
  Clock Path Skew:        -0.013ns (DCD - SCD + CPR)
    Destination Clock Delay (DCD):    0.024ns = ( 4.024 - 4.000 ) 
    Source Clock Delay      (SCD):    0.037ns
    Clock Pessimism Removal (CPR):    0.000ns
  Clock Uncertainty:      0.035ns  ((TSJ^2 + TIJ^2)^1/2 + DJ) / 2 + PE
    Total System Jitter     (TSJ):    0.071ns
    Total Input Jitter      (TIJ):    0.000ns
    Discrete Jitter          (DJ):    0.000ns
    Phase Error              (PE):    0.000ns

    Location             Delay type                Incr(ns)  Path(ns)    Netlist Resource(s)
  -------------------------------------------------------------------    -------------------
                         (clock clk rise edge)        0.000     0.000 r  
                                                      0.000     0.000 r  clk (IN)
                         net (fo=51829, unset)        0.037     0.037    u_enc_0_out/clk
                         FDRE                                         r  u_enc_0_out/s2_reg[15]/C
  -------------------------------------------------------------------    -------------------
                         FDRE (Prop_FDRE_C_Q)         0.096     0.133 f  u_enc_0_out/s2_reg[15]/Q
                         net (fo=2, unplaced)         0.158     0.291    u_enc_0_out/s2[15]
                         LUT1 (Prop_LUT1_I0_O)        0.039     0.330 r  u_enc_0_out/rsr5_return0_carry_i_1/O
                         net (fo=1, unplaced)         0.025     0.355    u_enc_0_out/rsr5_return0_carry_i_1_n_0
                         CARRY8 (Prop_CARRY8_S[1]_CO[7])
                                                      0.245     0.600 f  u_enc_0_out/rsr5_return0_carry/CO[7]
                         net (fo=1, unplaced)         0.007     0.607    u_enc_0_out/rsr5_return0_carry_n_0
                         CARRY8 (Prop_CARRY8_CI_CO[7])
                                                      0.030     0.637 f  u_enc_0_out/rsr5_return0_carry__0/CO[7]
                         net (fo=1, unplaced)         0.007     0.644    u_enc_0_out/rsr5_return0_carry__0_n_0
                         CARRY8 (Prop_CARRY8_CI_CO[0])
                                                      0.068     0.712 f  u_enc_0_out/rsr5_return0_carry__1/CO[0]
                         net (fo=98, unplaced)        0.299     1.011    u_enc_0_out/rsr5_return0_carry__1_n_7
                         LUT2 (Prop_LUT2_I1_O)        0.084     1.095 r  u_enc_0_out/y1_carry_i_6/O
                         net (fo=1, unplaced)         0.281     1.376    u_enc_0_out/y1_carry_i_6_n_0
                         CARRY8 (Prop_CARRY8_DI[2]_CO[7])
                                                      0.148     1.524 r  u_enc_0_out/y1_carry/CO[7]
                         net (fo=1, unplaced)         0.007     1.531    u_enc_0_out/y1_carry_n_0
                         CARRY8 (Prop_CARRY8_CI_CO[7])
                                                      0.030     1.561 r  u_enc_0_out/y1_carry__0/CO[7]
                         net (fo=1, unplaced)         0.007     1.568    u_enc_0_out/y1_carry__0_n_0
                         CARRY8 (Prop_CARRY8_CI_CO[7])
                                                      0.030     1.598 r  u_enc_0_out/y1_carry__1/CO[7]
                         net (fo=1, unplaced)         0.007     1.605    u_enc_0_out/y1_carry__1_n_0
                         CARRY8 (Prop_CARRY8_CI_CO[2])
                                                      0.073     1.678 r  u_enc_0_out/y1_carry__2/CO[2]
                         net (fo=65, unplaced)        0.290     1.968    u_enc_0_out/y1__26
                         LUT2 (Prop_LUT2_I0_O)        0.085     2.053 r  u_enc_0_out/m_tdata0_carry_i_8/O
                         net (fo=1, unplaced)         0.287     2.340    u_enc_0_out/m_tdata0_carry_i_8_n_0
                         CARRY8 (Prop_CARRY8_DI[0]_CO[7])
                                                      0.177     2.517 r  u_enc_0_out/m_tdata0_carry/CO[7]
                         net (fo=1, unplaced)         0.007     2.524    u_enc_0_out/m_tdata0_carry_n_0
                         CARRY8 (Prop_CARRY8_CI_CO[7])
                                                      0.030     2.554 r  u_enc_0_out/m_tdata0_carry__0/CO[7]
                         net (fo=1, unplaced)         0.007     2.561    u_enc_0_out/m_tdata0_carry__0_n_0
                         CARRY8 (Prop_CARRY8_CI_CO[7])
                                                      0.030     2.591 r  u_enc_0_out/m_tdata0_carry__1/CO[7]
                         net (fo=1, unplaced)         0.007     2.598    u_enc_0_out/m_tdata0_carry__1_n_0
                         CARRY8 (Prop_CARRY8_CI_CO[2])
                                                      0.073     2.671 r  u_enc_0_out/m_tdata0_carry__2/CO[2]
                         net (fo=1, unplaced)         0.214     2.885    u_enc_0_out/m_tdata0_carry__2_n_5
                         LUT6 (Prop_LUT6_I0_O)        0.039     2.924 r  u_enc_0_out/m_tdata[11]_i_1__10/O
                         net (fo=12, unplaced)        0.252     3.176    u_enc_0_out/m_tdata[11]_i_1__10_n_0
                         FDRE                                         r  u_enc_0_out/m_tdata_reg[2]/R
  -------------------------------------------------------------------    -------------------

                         (clock clk rise edge)        4.000     4.000 r  
                                                      0.000     4.000 r  clk (IN)
                         net (fo=51829, unset)        0.024     4.024    u_enc_0_out/clk
                         FDRE                                         r  u_enc_0_out/m_tdata_reg[2]/C
                         clock pessimism              0.000     4.024    
                         clock uncertainty           -0.035     3.989    
                         FDRE (Setup_FDRE_C_R)       -0.072     3.917    u_enc_0_out/m_tdata_reg[2]
  -------------------------------------------------------------------
                         required time                          3.917    
                         arrival time                          -3.176    
  -------------------------------------------------------------------
                         slack                                  0.741    

Slack (MET) :             0.741ns  (required time - arrival time)
  Source:                 u_enc_0_out/s2_reg[15]/C
                            (rising edge-triggered cell FDRE clocked by clk  {rise@0.000ns fall@2.000ns period=4.000ns})
  Destination:            u_enc_0_out/m_tdata_reg[3]/R
                            (rising edge-triggered cell FDRE clocked by clk  {rise@0.000ns fall@2.000ns period=4.000ns})
  Path Group:             clk
  Path Type:              Setup (Max at Slow Process Corner)
  Requirement:            4.000ns  (clk rise@4.000ns - clk rise@0.000ns)
  Data Path Delay:        3.139ns  (logic 1.277ns (40.682%)  route 1.862ns (59.318%))
  Logic Levels:           15  (CARRY8=11 LUT1=1 LUT2=2 LUT6=1)
  Clock Path Skew:        -0.013ns (DCD - SCD + CPR)
    Destination Clock Delay (DCD):    0.024ns = ( 4.024 - 4.000 ) 
    Source Clock Delay      (SCD):    0.037ns
    Clock Pessimism Removal (CPR):    0.000ns
  Clock Uncertainty:      0.035ns  ((TSJ^2 + TIJ^2)^1/2 + DJ) / 2 + PE
    Total System Jitter     (TSJ):    0.071ns
    Total Input Jitter      (TIJ):    0.000ns
    Discrete Jitter          (DJ):    0.000ns
    Phase Error              (PE):    0.000ns

    Location             Delay type                Incr(ns)  Path(ns)    Netlist Resource(s)
  -------------------------------------------------------------------    -------------------
                         (clock clk rise edge)        0.000     0.000 r  
                                                      0.000     0.000 r  clk (IN)
                         net (fo=51829, unset)        0.037     0.037    u_enc_0_out/clk
                         FDRE                                         r  u_enc_0_out/s2_reg[15]/C
  -------------------------------------------------------------------    -------------------
                         FDRE (Prop_FDRE_C_Q)         0.096     0.133 f  u_enc_0_out/s2_reg[15]/Q
                         net (fo=2, unplaced)         0.158     0.291    u_enc_0_out/s2[15]
                         LUT1 (Prop_LUT1_I0_O)        0.039     0.330 r  u_enc_0_out/rsr5_return0_carry_i_1/O
                         net (fo=1, unplaced)         0.025     0.355    u_enc_0_out/rsr5_return0_carry_i_1_n_0
                         CARRY8 (Prop_CARRY8_S[1]_CO[7])
                                                      0.245     0.600 f  u_enc_0_out/rsr5_return0_carry/CO[7]
                         net (fo=1, unplaced)         0.007     0.607    u_enc_0_out/rsr5_return0_carry_n_0
                         CARRY8 (Prop_CARRY8_CI_CO[7])
                                                      0.030     0.637 f  u_enc_0_out/rsr5_return0_carry__0/CO[7]
                         net (fo=1, unplaced)         0.007     0.644    u_enc_0_out/rsr5_return0_carry__0_n_0
                         CARRY8 (Prop_CARRY8_CI_CO[0])
                                                      0.068     0.712 f  u_enc_0_out/rsr5_return0_carry__1/CO[0]
                         net (fo=98, unplaced)        0.299     1.011    u_enc_0_out/rsr5_return0_carry__1_n_7
                         LUT2 (Prop_LUT2_I1_O)        0.084     1.095 r  u_enc_0_out/y1_carry_i_6/O
                         net (fo=1, unplaced)         0.281     1.376    u_enc_0_out/y1_carry_i_6_n_0
                         CARRY8 (Prop_CARRY8_DI[2]_CO[7])
                                                      0.148     1.524 r  u_enc_0_out/y1_carry/CO[7]
                         net (fo=1, unplaced)         0.007     1.531    u_enc_0_out/y1_carry_n_0
                         CARRY8 (Prop_CARRY8_CI_CO[7])
                                                      0.030     1.561 r  u_enc_0_out/y1_carry__0/CO[7]
                         net (fo=1, unplaced)         0.007     1.568    u_enc_0_out/y1_carry__0_n_0
                         CARRY8 (Prop_CARRY8_CI_CO[7])
                                                      0.030     1.598 r  u_enc_0_out/y1_carry__1/CO[7]
                         net (fo=1, unplaced)         0.007     1.605    u_enc_0_out/y1_carry__1_n_0
                         CARRY8 (Prop_CARRY8_CI_CO[2])
                                                      0.073     1.678 r  u_enc_0_out/y1_carry__2/CO[2]
                         net (fo=65, unplaced)        0.290     1.968    u_enc_0_out/y1__26
                         LUT2 (Prop_LUT2_I0_O)        0.085     2.053 r  u_enc_0_out/m_tdata0_carry_i_8/O
                         net (fo=1, unplaced)         0.287     2.340    u_enc_0_out/m_tdata0_carry_i_8_n_0
                         CARRY8 (Prop_CARRY8_DI[0]_CO[7])
                                                      0.177     2.517 r  u_enc_0_out/m_tdata0_carry/CO[7]
                         net (fo=1, unplaced)         0.007     2.524    u_enc_0_out/m_tdata0_carry_n_0
                         CARRY8 (Prop_CARRY8_CI_CO[7])
                                                      0.030     2.554 r  u_enc_0_out/m_tdata0_carry__0/CO[7]
                         net (fo=1, unplaced)         0.007     2.561    u_enc_0_out/m_tdata0_carry__0_n_0
                         CARRY8 (Prop_CARRY8_CI_CO[7])
                                                      0.030     2.591 r  u_enc_0_out/m_tdata0_carry__1/CO[7]
                         net (fo=1, unplaced)         0.007     2.598    u_enc_0_out/m_tdata0_carry__1_n_0
                         CARRY8 (Prop_CARRY8_CI_CO[2])
                                                      0.073     2.671 r  u_enc_0_out/m_tdata0_carry__2/CO[2]
                         net (fo=1, unplaced)         0.214     2.885    u_enc_0_out/m_tdata0_carry__2_n_5
                         LUT6 (Prop_LUT6_I0_O)        0.039     2.924 r  u_enc_0_out/m_tdata[11]_i_1__10/O
                         net (fo=12, unplaced)        0.252     3.176    u_enc_0_out/m_tdata[11]_i_1__10_n_0
                         FDRE                                         r  u_enc_0_out/m_tdata_reg[3]/R
  -------------------------------------------------------------------    -------------------

                         (clock clk rise edge)        4.000     4.000 r  
                                                      0.000     4.000 r  clk (IN)
                         net (fo=51829, unset)        0.024     4.024    u_enc_0_out/clk
                         FDRE                                         r  u_enc_0_out/m_tdata_reg[3]/C
                         clock pessimism              0.000     4.024    
                         clock uncertainty           -0.035     3.989    
                         FDRE (Setup_FDRE_C_R)       -0.072     3.917    u_enc_0_out/m_tdata_reg[3]
  -------------------------------------------------------------------
                         required time                          3.917    
                         arrival time                          -3.176    
  -------------------------------------------------------------------
                         slack                                  0.741    

Slack (MET) :             0.741ns  (required time - arrival time)
  Source:                 u_enc_0_out/s2_reg[15]/C
                            (rising edge-triggered cell FDRE clocked by clk  {rise@0.000ns fall@2.000ns period=4.000ns})
  Destination:            u_enc_0_out/m_tdata_reg[4]/R
                            (rising edge-triggered cell FDRE clocked by clk  {rise@0.000ns fall@2.000ns period=4.000ns})
  Path Group:             clk
  Path Type:              Setup (Max at Slow Process Corner)
  Requirement:            4.000ns  (clk rise@4.000ns - clk rise@0.000ns)
  Data Path Delay:        3.139ns  (logic 1.277ns (40.682%)  route 1.862ns (59.318%))
  Logic Levels:           15  (CARRY8=11 LUT1=1 LUT2=2 LUT6=1)
  Clock Path Skew:        -0.013ns (DCD - SCD + CPR)
    Destination Clock Delay (DCD):    0.024ns = ( 4.024 - 4.000 ) 
    Source Clock Delay      (SCD):    0.037ns
    Clock Pessimism Removal (CPR):    0.000ns
  Clock Uncertainty:      0.035ns  ((TSJ^2 + TIJ^2)^1/2 + DJ) / 2 + PE
    Total System Jitter     (TSJ):    0.071ns
    Total Input Jitter      (TIJ):    0.000ns
    Discrete Jitter          (DJ):    0.000ns
    Phase Error              (PE):    0.000ns

    Location             Delay type                Incr(ns)  Path(ns)    Netlist Resource(s)
  -------------------------------------------------------------------    -------------------
                         (clock clk rise edge)        0.000     0.000 r  
                                                      0.000     0.000 r  clk (IN)
                         net (fo=51829, unset)        0.037     0.037    u_enc_0_out/clk
                         FDRE                                         r  u_enc_0_out/s2_reg[15]/C
  -------------------------------------------------------------------    -------------------
                         FDRE (Prop_FDRE_C_Q)         0.096     0.133 f  u_enc_0_out/s2_reg[15]/Q
                         net (fo=2, unplaced)         0.158     0.291    u_enc_0_out/s2[15]
                         LUT1 (Prop_LUT1_I0_O)        0.039     0.330 r  u_enc_0_out/rsr5_return0_carry_i_1/O
                         net (fo=1, unplaced)         0.025     0.355    u_enc_0_out/rsr5_return0_carry_i_1_n_0
                         CARRY8 (Prop_CARRY8_S[1]_CO[7])
                                                      0.245     0.600 f  u_enc_0_out/rsr5_return0_carry/CO[7]
                         net (fo=1, unplaced)         0.007     0.607    u_enc_0_out/rsr5_return0_carry_n_0
                         CARRY8 (Prop_CARRY8_CI_CO[7])
                                                      0.030     0.637 f  u_enc_0_out/rsr5_return0_carry__0/CO[7]
                         net (fo=1, unplaced)         0.007     0.644    u_enc_0_out/rsr5_return0_carry__0_n_0
                         CARRY8 (Prop_CARRY8_CI_CO[0])
                                                      0.068     0.712 f  u_enc_0_out/rsr5_return0_carry__1/CO[0]
                         net (fo=98, unplaced)        0.299     1.011    u_enc_0_out/rsr5_return0_carry__1_n_7
                         LUT2 (Prop_LUT2_I1_O)        0.084     1.095 r  u_enc_0_out/y1_carry_i_6/O
                         net (fo=1, unplaced)         0.281     1.376    u_enc_0_out/y1_carry_i_6_n_0
                         CARRY8 (Prop_CARRY8_DI[2]_CO[7])
                                                      0.148     1.524 r  u_enc_0_out/y1_carry/CO[7]
                         net (fo=1, unplaced)         0.007     1.531    u_enc_0_out/y1_carry_n_0
                         CARRY8 (Prop_CARRY8_CI_CO[7])
                                                      0.030     1.561 r  u_enc_0_out/y1_carry__0/CO[7]
                         net (fo=1, unplaced)         0.007     1.568    u_enc_0_out/y1_carry__0_n_0
                         CARRY8 (Prop_CARRY8_CI_CO[7])
                                                      0.030     1.598 r  u_enc_0_out/y1_carry__1/CO[7]
                         net (fo=1, unplaced)         0.007     1.605    u_enc_0_out/y1_carry__1_n_0
                         CARRY8 (Prop_CARRY8_CI_CO[2])
                                                      0.073     1.678 r  u_enc_0_out/y1_carry__2/CO[2]
                         net (fo=65, unplaced)        0.290     1.968    u_enc_0_out/y1__26
                         LUT2 (Prop_LUT2_I0_O)        0.085     2.053 r  u_enc_0_out/m_tdata0_carry_i_8/O
                         net (fo=1, unplaced)         0.287     2.340    u_enc_0_out/m_tdata0_carry_i_8_n_0
                         CARRY8 (Prop_CARRY8_DI[0]_CO[7])
                                                      0.177     2.517 r  u_enc_0_out/m_tdata0_carry/CO[7]
                         net (fo=1, unplaced)         0.007     2.524    u_enc_0_out/m_tdata0_carry_n_0
                         CARRY8 (Prop_CARRY8_CI_CO[7])
                                                      0.030     2.554 r  u_enc_0_out/m_tdata0_carry__0/CO[7]
                         net (fo=1, unplaced)         0.007     2.561    u_enc_0_out/m_tdata0_carry__0_n_0
                         CARRY8 (Prop_CARRY8_CI_CO[7])
                                                      0.030     2.591 r  u_enc_0_out/m_tdata0_carry__1/CO[7]
                         net (fo=1, unplaced)         0.007     2.598    u_enc_0_out/m_tdata0_carry__1_n_0
                         CARRY8 (Prop_CARRY8_CI_CO[2])
                                                      0.073     2.671 r  u_enc_0_out/m_tdata0_carry__2/CO[2]
                         net (fo=1, unplaced)         0.214     2.885    u_enc_0_out/m_tdata0_carry__2_n_5
                         LUT6 (Prop_LUT6_I0_O)        0.039     2.924 r  u_enc_0_out/m_tdata[11]_i_1__10/O
                         net (fo=12, unplaced)        0.252     3.176    u_enc_0_out/m_tdata[11]_i_1__10_n_0
                         FDRE                                         r  u_enc_0_out/m_tdata_reg[4]/R
  -------------------------------------------------------------------    -------------------

                         (clock clk rise edge)        4.000     4.000 r  
                                                      0.000     4.000 r  clk (IN)
                         net (fo=51829, unset)        0.024     4.024    u_enc_0_out/clk
                         FDRE                                         r  u_enc_0_out/m_tdata_reg[4]/C
                         clock pessimism              0.000     4.024    
                         clock uncertainty           -0.035     3.989    
                         FDRE (Setup_FDRE_C_R)       -0.072     3.917    u_enc_0_out/m_tdata_reg[4]
  -------------------------------------------------------------------
                         required time                          3.917    
                         arrival time                          -3.176    
  -------------------------------------------------------------------
                         slack                                  0.741    





Min Delay Paths
--------------------------------------------------------------------------------------
Slack (MET) :             0.017ns  (arrival time - required time)
  Source:                 u_pb_enc_3_a0_c2/wc_reg[3]/C
                            (rising edge-triggered cell FDCE clocked by clk  {rise@0.000ns fall@2.000ns period=4.000ns})
  Destination:            u_pb_enc_3_a0_c2/mem_reg_0_31_0_11/RAMA/WADR3
                            (rising edge-triggered cell RAMD32 clocked by clk  {rise@0.000ns fall@2.000ns period=4.000ns})
  Path Group:             clk
  Path Type:              Hold (Min at Fast Process Corner)
  Requirement:            0.000ns  (clk rise@0.000ns - clk rise@0.000ns)
  Data Path Delay:        0.106ns  (logic 0.039ns (36.792%)  route 0.067ns (63.208%))
  Logic Levels:           0  
  Clock Path Skew:        0.027ns (DCD - SCD - CPR)
    Destination Clock Delay (DCD):    0.039ns
    Source Clock Delay      (SCD):    0.012ns
    Clock Pessimism Removal (CPR):    -0.000ns

    Location             Delay type                Incr(ns)  Path(ns)    Netlist Resource(s)
  -------------------------------------------------------------------    -------------------
                         (clock clk rise edge)        0.000     0.000 r  
                                                      0.000     0.000 r  clk (IN)
                         net (fo=51829, unset)        0.012     0.012    u_pb_enc_3_a0_c2/clk
                         FDCE                                         r  u_pb_enc_3_a0_c2/wc_reg[3]/C
  -------------------------------------------------------------------    -------------------
                         FDCE (Prop_FDCE_C_Q)         0.039     0.051 r  u_pb_enc_3_a0_c2/wc_reg[3]/Q
                         net (fo=18, unplaced)        0.067     0.118    u_pb_enc_3_a0_c2/mem_reg_0_31_0_11/ADDRH3
                         RAMD32                                       r  u_pb_enc_3_a0_c2/mem_reg_0_31_0_11/RAMA/WADR3
  -------------------------------------------------------------------    -------------------

                         (clock clk rise edge)        0.000     0.000 r  
                                                      0.000     0.000 r  clk (IN)
                         net (fo=51829, unset)        0.039     0.039    u_pb_enc_3_a0_c2/mem_reg_0_31_0_11/WCLK
                         RAMD32                                       r  u_pb_enc_3_a0_c2/mem_reg_0_31_0_11/RAMA/CLK
                         clock pessimism              0.000     0.039    
                         RAMD32 (Hold_RAMD32_CLK_WADR3)
                                                      0.062     0.101    u_pb_enc_3_a0_c2/mem_reg_0_31_0_11/RAMA
  -------------------------------------------------------------------
                         required time                         -0.101    
                         arrival time                           0.118    
  -------------------------------------------------------------------
                         slack                                  0.017    

Slack (MET) :             0.017ns  (arrival time - required time)
  Source:                 u_pb_enc_3_a0_c2/wc_reg[3]/C
                            (rising edge-triggered cell FDCE clocked by clk  {rise@0.000ns fall@2.000ns period=4.000ns})
  Destination:            u_pb_enc_3_a0_c2/mem_reg_0_31_0_11/RAMA_D1/WADR3
                            (rising edge-triggered cell RAMD32 clocked by clk  {rise@0.000ns fall@2.000ns period=4.000ns})
  Path Group:             clk
  Path Type:              Hold (Min at Fast Process Corner)
  Requirement:            0.000ns  (clk rise@0.000ns - clk rise@0.000ns)
  Data Path Delay:        0.106ns  (logic 0.039ns (36.792%)  route 0.067ns (63.208%))
  Logic Levels:           0  
  Clock Path Skew:        0.027ns (DCD - SCD - CPR)
    Destination Clock Delay (DCD):    0.039ns
    Source Clock Delay      (SCD):    0.012ns
    Clock Pessimism Removal (CPR):    -0.000ns

    Location             Delay type                Incr(ns)  Path(ns)    Netlist Resource(s)
  -------------------------------------------------------------------    -------------------
                         (clock clk rise edge)        0.000     0.000 r  
                                                      0.000     0.000 r  clk (IN)
                         net (fo=51829, unset)        0.012     0.012    u_pb_enc_3_a0_c2/clk
                         FDCE                                         r  u_pb_enc_3_a0_c2/wc_reg[3]/C
  -------------------------------------------------------------------    -------------------
                         FDCE (Prop_FDCE_C_Q)         0.039     0.051 r  u_pb_enc_3_a0_c2/wc_reg[3]/Q
                         net (fo=18, unplaced)        0.067     0.118    u_pb_enc_3_a0_c2/mem_reg_0_31_0_11/ADDRH3
                         RAMD32                                       r  u_pb_enc_3_a0_c2/mem_reg_0_31_0_11/RAMA_D1/WADR3
  -------------------------------------------------------------------    -------------------

                         (clock clk rise edge)        0.000     0.000 r  
                                                      0.000     0.000 r  clk (IN)
                         net (fo=51829, unset)        0.039     0.039    u_pb_enc_3_a0_c2/mem_reg_0_31_0_11/WCLK
                         RAMD32                                       r  u_pb_enc_3_a0_c2/mem_reg_0_31_0_11/RAMA_D1/CLK
                         clock pessimism              0.000     0.039    
                         RAMD32 (Hold_RAMD32_CLK_WADR3)
                                                      0.062     0.101    u_pb_enc_3_a0_c2/mem_reg_0_31_0_11/RAMA_D1
  -------------------------------------------------------------------
                         required time                         -0.101    
                         arrival time                           0.118    
  -------------------------------------------------------------------
                         slack                                  0.017    

Slack (MET) :             0.017ns  (arrival time - required time)
  Source:                 u_pb_enc_3_a0_c2/wc_reg[3]/C
                            (rising edge-triggered cell FDCE clocked by clk  {rise@0.000ns fall@2.000ns period=4.000ns})
  Destination:            u_pb_enc_3_a0_c2/mem_reg_0_31_0_11/RAMB/WADR3
                            (rising edge-triggered cell RAMD32 clocked by clk  {rise@0.000ns fall@2.000ns period=4.000ns})
  Path Group:             clk
  Path Type:              Hold (Min at Fast Process Corner)
  Requirement:            0.000ns  (clk rise@0.000ns - clk rise@0.000ns)
  Data Path Delay:        0.106ns  (logic 0.039ns (36.792%)  route 0.067ns (63.208%))
  Logic Levels:           0  
  Clock Path Skew:        0.027ns (DCD - SCD - CPR)
    Destination Clock Delay (DCD):    0.039ns
    Source Clock Delay      (SCD):    0.012ns
    Clock Pessimism Removal (CPR):    -0.000ns

    Location             Delay type                Incr(ns)  Path(ns)    Netlist Resource(s)
  -------------------------------------------------------------------    -------------------
                         (clock clk rise edge)        0.000     0.000 r  
                                                      0.000     0.000 r  clk (IN)
                         net (fo=51829, unset)        0.012     0.012    u_pb_enc_3_a0_c2/clk
                         FDCE                                         r  u_pb_enc_3_a0_c2/wc_reg[3]/C
  -------------------------------------------------------------------    -------------------
                         FDCE (Prop_FDCE_C_Q)         0.039     0.051 r  u_pb_enc_3_a0_c2/wc_reg[3]/Q
                         net (fo=18, unplaced)        0.067     0.118    u_pb_enc_3_a0_c2/mem_reg_0_31_0_11/ADDRH3
                         RAMD32                                       r  u_pb_enc_3_a0_c2/mem_reg_0_31_0_11/RAMB/WADR3
  -------------------------------------------------------------------    -------------------

                         (clock clk rise edge)        0.000     0.000 r  
                                                      0.000     0.000 r  clk (IN)
                         net (fo=51829, unset)        0.039     0.039    u_pb_enc_3_a0_c2/mem_reg_0_31_0_11/WCLK
                         RAMD32                                       r  u_pb_enc_3_a0_c2/mem_reg_0_31_0_11/RAMB/CLK
                         clock pessimism              0.000     0.039    
                         RAMD32 (Hold_RAMD32_CLK_WADR3)
                                                      0.062     0.101    u_pb_enc_3_a0_c2/mem_reg_0_31_0_11/RAMB
  -------------------------------------------------------------------
                         required time                         -0.101    
                         arrival time                           0.118    
  -------------------------------------------------------------------
                         slack                                  0.017    

Slack (MET) :             0.017ns  (arrival time - required time)
  Source:                 u_pb_enc_3_a0_c2/wc_reg[3]/C
                            (rising edge-triggered cell FDCE clocked by clk  {rise@0.000ns fall@2.000ns period=4.000ns})
  Destination:            u_pb_enc_3_a0_c2/mem_reg_0_31_0_11/RAMB_D1/WADR3
                            (rising edge-triggered cell RAMD32 clocked by clk  {rise@0.000ns fall@2.000ns period=4.000ns})
  Path Group:             clk
  Path Type:              Hold (Min at Fast Process Corner)
  Requirement:            0.000ns  (clk rise@0.000ns - clk rise@0.000ns)
  Data Path Delay:        0.106ns  (logic 0.039ns (36.792%)  route 0.067ns (63.208%))
  Logic Levels:           0  
  Clock Path Skew:        0.027ns (DCD - SCD - CPR)
    Destination Clock Delay (DCD):    0.039ns
    Source Clock Delay      (SCD):    0.012ns
    Clock Pessimism Removal (CPR):    -0.000ns

    Location             Delay type                Incr(ns)  Path(ns)    Netlist Resource(s)
  -------------------------------------------------------------------    -------------------
                         (clock clk rise edge)        0.000     0.000 r  
                                                      0.000     0.000 r  clk (IN)
                         net (fo=51829, unset)        0.012     0.012    u_pb_enc_3_a0_c2/clk
                         FDCE                                         r  u_pb_enc_3_a0_c2/wc_reg[3]/C
  -------------------------------------------------------------------    -------------------
                         FDCE (Prop_FDCE_C_Q)         0.039     0.051 r  u_pb_enc_3_a0_c2/wc_reg[3]/Q
                         net (fo=18, unplaced)        0.067     0.118    u_pb_enc_3_a0_c2/mem_reg_0_31_0_11/ADDRH3
                         RAMD32                                       r  u_pb_enc_3_a0_c2/mem_reg_0_31_0_11/RAMB_D1/WADR3
  -------------------------------------------------------------------    -------------------

                         (clock clk rise edge)        0.000     0.000 r  
                                                      0.000     0.000 r  clk (IN)
                         net (fo=51829, unset)        0.039     0.039    u_pb_enc_3_a0_c2/mem_reg_0_31_0_11/WCLK
                         RAMD32                                       r  u_pb_enc_3_a0_c2/mem_reg_0_31_0_11/RAMB_D1/CLK
                         clock pessimism              0.000     0.039    
                         RAMD32 (Hold_RAMD32_CLK_WADR3)
                                                      0.062     0.101    u_pb_enc_3_a0_c2/mem_reg_0_31_0_11/RAMB_D1
  -------------------------------------------------------------------
                         required time                         -0.101    
                         arrival time                           0.118    
  -------------------------------------------------------------------
                         slack                                  0.017    

Slack (MET) :             0.017ns  (arrival time - required time)
  Source:                 u_pb_enc_3_a0_c2/wc_reg[3]/C
                            (rising edge-triggered cell FDCE clocked by clk  {rise@0.000ns fall@2.000ns period=4.000ns})
  Destination:            u_pb_enc_3_a0_c2/mem_reg_0_31_0_11/RAMC/WADR3
                            (rising edge-triggered cell RAMD32 clocked by clk  {rise@0.000ns fall@2.000ns period=4.000ns})
  Path Group:             clk
  Path Type:              Hold (Min at Fast Process Corner)
  Requirement:            0.000ns  (clk rise@0.000ns - clk rise@0.000ns)
  Data Path Delay:        0.106ns  (logic 0.039ns (36.792%)  route 0.067ns (63.208%))
  Logic Levels:           0  
  Clock Path Skew:        0.027ns (DCD - SCD - CPR)
    Destination Clock Delay (DCD):    0.039ns
    Source Clock Delay      (SCD):    0.012ns
    Clock Pessimism Removal (CPR):    -0.000ns

    Location             Delay type                Incr(ns)  Path(ns)    Netlist Resource(s)
  -------------------------------------------------------------------    -------------------
                         (clock clk rise edge)        0.000     0.000 r  
                                                      0.000     0.000 r  clk (IN)
                         net (fo=51829, unset)        0.012     0.012    u_pb_enc_3_a0_c2/clk
                         FDCE                                         r  u_pb_enc_3_a0_c2/wc_reg[3]/C
  -------------------------------------------------------------------    -------------------
                         FDCE (Prop_FDCE_C_Q)         0.039     0.051 r  u_pb_enc_3_a0_c2/wc_reg[3]/Q
                         net (fo=18, unplaced)        0.067     0.118    u_pb_enc_3_a0_c2/mem_reg_0_31_0_11/ADDRH3
                         RAMD32                                       r  u_pb_enc_3_a0_c2/mem_reg_0_31_0_11/RAMC/WADR3
  -------------------------------------------------------------------    -------------------

                         (clock clk rise edge)        0.000     0.000 r  
                                                      0.000     0.000 r  clk (IN)
                         net (fo=51829, unset)        0.039     0.039    u_pb_enc_3_a0_c2/mem_reg_0_31_0_11/WCLK
                         RAMD32                                       r  u_pb_enc_3_a0_c2/mem_reg_0_31_0_11/RAMC/CLK
                         clock pessimism              0.000     0.039    
                         RAMD32 (Hold_RAMD32_CLK_WADR3)
                                                      0.062     0.101    u_pb_enc_3_a0_c2/mem_reg_0_31_0_11/RAMC
  -------------------------------------------------------------------
                         required time                         -0.101    
                         arrival time                           0.118    
  -------------------------------------------------------------------
                         slack                                  0.017    

Slack (MET) :             0.017ns  (arrival time - required time)
  Source:                 u_pb_enc_3_a0_c2/wc_reg[3]/C
                            (rising edge-triggered cell FDCE clocked by clk  {rise@0.000ns fall@2.000ns period=4.000ns})
  Destination:            u_pb_enc_3_a0_c2/mem_reg_0_31_0_11/RAMC_D1/WADR3
                            (rising edge-triggered cell RAMD32 clocked by clk  {rise@0.000ns fall@2.000ns period=4.000ns})
  Path Group:             clk
  Path Type:              Hold (Min at Fast Process Corner)
  Requirement:            0.000ns  (clk rise@0.000ns - clk rise@0.000ns)
  Data Path Delay:        0.106ns  (logic 0.039ns (36.792%)  route 0.067ns (63.208%))
  Logic Levels:           0  
  Clock Path Skew:        0.027ns (DCD - SCD - CPR)
    Destination Clock Delay (DCD):    0.039ns
    Source Clock Delay      (SCD):    0.012ns
    Clock Pessimism Removal (CPR):    -0.000ns

    Location             Delay type                Incr(ns)  Path(ns)    Netlist Resource(s)
  -------------------------------------------------------------------    -------------------
                         (clock clk rise edge)        0.000     0.000 r  
                                                      0.000     0.000 r  clk (IN)
                         net (fo=51829, unset)        0.012     0.012    u_pb_enc_3_a0_c2/clk
                         FDCE                                         r  u_pb_enc_3_a0_c2/wc_reg[3]/C
  -------------------------------------------------------------------    -------------------
                         FDCE (Prop_FDCE_C_Q)         0.039     0.051 r  u_pb_enc_3_a0_c2/wc_reg[3]/Q
                         net (fo=18, unplaced)        0.067     0.118    u_pb_enc_3_a0_c2/mem_reg_0_31_0_11/ADDRH3
                         RAMD32                                       r  u_pb_enc_3_a0_c2/mem_reg_0_31_0_11/RAMC_D1/WADR3
  -------------------------------------------------------------------    -------------------

                         (clock clk rise edge)        0.000     0.000 r  
                                                      0.000     0.000 r  clk (IN)
                         net (fo=51829, unset)        0.039     0.039    u_pb_enc_3_a0_c2/mem_reg_0_31_0_11/WCLK
                         RAMD32                                       r  u_pb_enc_3_a0_c2/mem_reg_0_31_0_11/RAMC_D1/CLK
                         clock pessimism              0.000     0.039    
                         RAMD32 (Hold_RAMD32_CLK_WADR3)
                                                      0.062     0.101    u_pb_enc_3_a0_c2/mem_reg_0_31_0_11/RAMC_D1
  -------------------------------------------------------------------
                         required time                         -0.101    
                         arrival time                           0.118    
  -------------------------------------------------------------------
                         slack                                  0.017    

Slack (MET) :             0.017ns  (arrival time - required time)
  Source:                 u_pb_enc_3_a0_c2/wc_reg[3]/C
                            (rising edge-triggered cell FDCE clocked by clk  {rise@0.000ns fall@2.000ns period=4.000ns})
  Destination:            u_pb_enc_3_a0_c2/mem_reg_0_31_0_11/RAMD/WADR3
                            (rising edge-triggered cell RAMD32 clocked by clk  {rise@0.000ns fall@2.000ns period=4.000ns})
  Path Group:             clk
  Path Type:              Hold (Min at Fast Process Corner)
  Requirement:            0.000ns  (clk rise@0.000ns - clk rise@0.000ns)
  Data Path Delay:        0.106ns  (logic 0.039ns (36.792%)  route 0.067ns (63.208%))
  Logic Levels:           0  
  Clock Path Skew:        0.027ns (DCD - SCD - CPR)
    Destination Clock Delay (DCD):    0.039ns
    Source Clock Delay      (SCD):    0.012ns
    Clock Pessimism Removal (CPR):    -0.000ns

    Location             Delay type                Incr(ns)  Path(ns)    Netlist Resource(s)
  -------------------------------------------------------------------    -------------------
                         (clock clk rise edge)        0.000     0.000 r  
                                                      0.000     0.000 r  clk (IN)
                         net (fo=51829, unset)        0.012     0.012    u_pb_enc_3_a0_c2/clk
                         FDCE                                         r  u_pb_enc_3_a0_c2/wc_reg[3]/C
  -------------------------------------------------------------------    -------------------
                         FDCE (Prop_FDCE_C_Q)         0.039     0.051 r  u_pb_enc_3_a0_c2/wc_reg[3]/Q
                         net (fo=18, unplaced)        0.067     0.118    u_pb_enc_3_a0_c2/mem_reg_0_31_0_11/ADDRH3
                         RAMD32                                       r  u_pb_enc_3_a0_c2/mem_reg_0_31_0_11/RAMD/WADR3
  -------------------------------------------------------------------    -------------------

                         (clock clk rise edge)        0.000     0.000 r  
                                                      0.000     0.000 r  clk (IN)
                         net (fo=51829, unset)        0.039     0.039    u_pb_enc_3_a0_c2/mem_reg_0_31_0_11/WCLK
                         RAMD32                                       r  u_pb_enc_3_a0_c2/mem_reg_0_31_0_11/RAMD/CLK
                         clock pessimism              0.000     0.039    
                         RAMD32 (Hold_RAMD32_CLK_WADR3)
                                                      0.062     0.101    u_pb_enc_3_a0_c2/mem_reg_0_31_0_11/RAMD
  -------------------------------------------------------------------
                         required time                         -0.101    
                         arrival time                           0.118    
  -------------------------------------------------------------------
                         slack                                  0.017    

Slack (MET) :             0.017ns  (arrival time - required time)
  Source:                 u_pb_enc_3_a0_c2/wc_reg[3]/C
                            (rising edge-triggered cell FDCE clocked by clk  {rise@0.000ns fall@2.000ns period=4.000ns})
  Destination:            u_pb_enc_3_a0_c2/mem_reg_0_31_0_11/RAMD_D1/WADR3
                            (rising edge-triggered cell RAMD32 clocked by clk  {rise@0.000ns fall@2.000ns period=4.000ns})
  Path Group:             clk
  Path Type:              Hold (Min at Fast Process Corner)
  Requirement:            0.000ns  (clk rise@0.000ns - clk rise@0.000ns)
  Data Path Delay:        0.106ns  (logic 0.039ns (36.792%)  route 0.067ns (63.208%))
  Logic Levels:           0  
  Clock Path Skew:        0.027ns (DCD - SCD - CPR)
    Destination Clock Delay (DCD):    0.039ns
    Source Clock Delay      (SCD):    0.012ns
    Clock Pessimism Removal (CPR):    -0.000ns

    Location             Delay type                Incr(ns)  Path(ns)    Netlist Resource(s)
  -------------------------------------------------------------------    -------------------
                         (clock clk rise edge)        0.000     0.000 r  
                                                      0.000     0.000 r  clk (IN)
                         net (fo=51829, unset)        0.012     0.012    u_pb_enc_3_a0_c2/clk
                         FDCE                                         r  u_pb_enc_3_a0_c2/wc_reg[3]/C
  -------------------------------------------------------------------    -------------------
                         FDCE (Prop_FDCE_C_Q)         0.039     0.051 r  u_pb_enc_3_a0_c2/wc_reg[3]/Q
                         net (fo=18, unplaced)        0.067     0.118    u_pb_enc_3_a0_c2/mem_reg_0_31_0_11/ADDRH3
                         RAMD32                                       r  u_pb_enc_3_a0_c2/mem_reg_0_31_0_11/RAMD_D1/WADR3
  -------------------------------------------------------------------    -------------------

                         (clock clk rise edge)        0.000     0.000 r  
                                                      0.000     0.000 r  clk (IN)
                         net (fo=51829, unset)        0.039     0.039    u_pb_enc_3_a0_c2/mem_reg_0_31_0_11/WCLK
                         RAMD32                                       r  u_pb_enc_3_a0_c2/mem_reg_0_31_0_11/RAMD_D1/CLK
                         clock pessimism              0.000     0.039    
                         RAMD32 (Hold_RAMD32_CLK_WADR3)
                                                      0.062     0.101    u_pb_enc_3_a0_c2/mem_reg_0_31_0_11/RAMD_D1
  -------------------------------------------------------------------
                         required time                         -0.101    
                         arrival time                           0.118    
  -------------------------------------------------------------------
                         slack                                  0.017    

Slack (MET) :             0.017ns  (arrival time - required time)
  Source:                 u_pb_enc_3_a0_c2/wc_reg[3]/C
                            (rising edge-triggered cell FDCE clocked by clk  {rise@0.000ns fall@2.000ns period=4.000ns})
  Destination:            u_pb_enc_3_a0_c2/mem_reg_0_31_0_11/RAME/WADR3
                            (rising edge-triggered cell RAMD32 clocked by clk  {rise@0.000ns fall@2.000ns period=4.000ns})
  Path Group:             clk
  Path Type:              Hold (Min at Fast Process Corner)
  Requirement:            0.000ns  (clk rise@0.000ns - clk rise@0.000ns)
  Data Path Delay:        0.106ns  (logic 0.039ns (36.792%)  route 0.067ns (63.208%))
  Logic Levels:           0  
  Clock Path Skew:        0.027ns (DCD - SCD - CPR)
    Destination Clock Delay (DCD):    0.039ns
    Source Clock Delay      (SCD):    0.012ns
    Clock Pessimism Removal (CPR):    -0.000ns

    Location             Delay type                Incr(ns)  Path(ns)    Netlist Resource(s)
  -------------------------------------------------------------------    -------------------
                         (clock clk rise edge)        0.000     0.000 r  
                                                      0.000     0.000 r  clk (IN)
                         net (fo=51829, unset)        0.012     0.012    u_pb_enc_3_a0_c2/clk
                         FDCE                                         r  u_pb_enc_3_a0_c2/wc_reg[3]/C
  -------------------------------------------------------------------    -------------------
                         FDCE (Prop_FDCE_C_Q)         0.039     0.051 r  u_pb_enc_3_a0_c2/wc_reg[3]/Q
                         net (fo=18, unplaced)        0.067     0.118    u_pb_enc_3_a0_c2/mem_reg_0_31_0_11/ADDRH3
                         RAMD32                                       r  u_pb_enc_3_a0_c2/mem_reg_0_31_0_11/RAME/WADR3
  -------------------------------------------------------------------    -------------------

                         (clock clk rise edge)        0.000     0.000 r  
                                                      0.000     0.000 r  clk (IN)
                         net (fo=51829, unset)        0.039     0.039    u_pb_enc_3_a0_c2/mem_reg_0_31_0_11/WCLK
                         RAMD32                                       r  u_pb_enc_3_a0_c2/mem_reg_0_31_0_11/RAME/CLK
                         clock pessimism              0.000     0.039    
                         RAMD32 (Hold_RAMD32_CLK_WADR3)
                                                      0.062     0.101    u_pb_enc_3_a0_c2/mem_reg_0_31_0_11/RAME
  -------------------------------------------------------------------
                         required time                         -0.101    
                         arrival time                           0.118    
  -------------------------------------------------------------------
                         slack                                  0.017    

Slack (MET) :             0.017ns  (arrival time - required time)
  Source:                 u_pb_enc_3_a0_c2/wc_reg[3]/C
                            (rising edge-triggered cell FDCE clocked by clk  {rise@0.000ns fall@2.000ns period=4.000ns})
  Destination:            u_pb_enc_3_a0_c2/mem_reg_0_31_0_11/RAME_D1/WADR3
                            (rising edge-triggered cell RAMD32 clocked by clk  {rise@0.000ns fall@2.000ns period=4.000ns})
  Path Group:             clk
  Path Type:              Hold (Min at Fast Process Corner)
  Requirement:            0.000ns  (clk rise@0.000ns - clk rise@0.000ns)
  Data Path Delay:        0.106ns  (logic 0.039ns (36.792%)  route 0.067ns (63.208%))
  Logic Levels:           0  
  Clock Path Skew:        0.027ns (DCD - SCD - CPR)
    Destination Clock Delay (DCD):    0.039ns
    Source Clock Delay      (SCD):    0.012ns
    Clock Pessimism Removal (CPR):    -0.000ns

    Location             Delay type                Incr(ns)  Path(ns)    Netlist Resource(s)
  -------------------------------------------------------------------    -------------------
                         (clock clk rise edge)        0.000     0.000 r  
                                                      0.000     0.000 r  clk (IN)
                         net (fo=51829, unset)        0.012     0.012    u_pb_enc_3_a0_c2/clk
                         FDCE                                         r  u_pb_enc_3_a0_c2/wc_reg[3]/C
  -------------------------------------------------------------------    -------------------
                         FDCE (Prop_FDCE_C_Q)         0.039     0.051 r  u_pb_enc_3_a0_c2/wc_reg[3]/Q
                         net (fo=18, unplaced)        0.067     0.118    u_pb_enc_3_a0_c2/mem_reg_0_31_0_11/ADDRH3
                         RAMD32                                       r  u_pb_enc_3_a0_c2/mem_reg_0_31_0_11/RAME_D1/WADR3
  -------------------------------------------------------------------    -------------------

                         (clock clk rise edge)        0.000     0.000 r  
                                                      0.000     0.000 r  clk (IN)
                         net (fo=51829, unset)        0.039     0.039    u_pb_enc_3_a0_c2/mem_reg_0_31_0_11/WCLK
                         RAMD32                                       r  u_pb_enc_3_a0_c2/mem_reg_0_31_0_11/RAME_D1/CLK
                         clock pessimism              0.000     0.039    
                         RAMD32 (Hold_RAMD32_CLK_WADR3)
                                                      0.062     0.101    u_pb_enc_3_a0_c2/mem_reg_0_31_0_11/RAME_D1
  -------------------------------------------------------------------
                         required time                         -0.101    
                         arrival time                           0.118    
  -------------------------------------------------------------------
                         slack                                  0.017    





Pulse Width Checks
--------------------------------------------------------------------------------------
Clock Name:         clk
Waveform(ns):       { 0.000 2.000 }
Period(ns):         4.000
Sources:            { clk }

Check Type        Corner  Lib Pin             Reference Pin  Required(ns)  Actual(ns)  Slack(ns)  Location  Pin
Min Period        n/a     RAMB36E2/CLKARDCLK  n/a            1.739         4.000       2.261                u_enc_0_conv2/g_direct.g_wrom[0].u_wrom/g_single.u_rom/g_block.u_xpm/xpm_memory_base_inst/gen_wr_a.gen_word_narrow.mem_reg/CLKARDCLK
Min Period        n/a     RAMB36E2/CLKBWRCLK  n/a            1.739         4.000       2.261                u_enc_0_conv2/g_direct.g_wrom[0].u_wrom/g_single.u_rom/g_block.u_xpm/xpm_memory_base_inst/gen_wr_a.gen_word_narrow.mem_reg/CLKBWRCLK
Min Period        n/a     RAMB36E2/CLKARDCLK  n/a            1.739         4.000       2.261                u_enc_0_conv2/g_direct.g_wrom[1].u_wrom/g_single.u_rom/g_block.u_xpm/xpm_memory_base_inst/gen_wr_a.gen_word_narrow.mem_reg/CLKARDCLK
Min Period        n/a     RAMB36E2/CLKBWRCLK  n/a            1.739         4.000       2.261                u_enc_0_conv2/g_direct.g_wrom[1].u_wrom/g_single.u_rom/g_block.u_xpm/xpm_memory_base_inst/gen_wr_a.gen_word_narrow.mem_reg/CLKBWRCLK
Min Period        n/a     RAMB36E2/CLKARDCLK  n/a            1.739         4.000       2.261                u_enc_0_conv2/g_direct.g_wrom[2].u_wrom/g_single.u_rom/g_block.u_xpm/xpm_memory_base_inst/gen_wr_a.gen_word_narrow.mem_reg/CLKARDCLK
Min Period        n/a     RAMB36E2/CLKBWRCLK  n/a            1.739         4.000       2.261                u_enc_0_conv2/g_direct.g_wrom[2].u_wrom/g_single.u_rom/g_block.u_xpm/xpm_memory_base_inst/gen_wr_a.gen_word_narrow.mem_reg/CLKBWRCLK
Min Period        n/a     RAMB36E2/CLKARDCLK  n/a            1.739         4.000       2.261                u_enc_0_conv2/g_direct.g_wrom[3].u_wrom/g_single.u_rom/g_block.u_xpm/xpm_memory_base_inst/gen_wr_a.gen_word_narrow.mem_reg/CLKARDCLK
Min Period        n/a     RAMB36E2/CLKBWRCLK  n/a            1.739         4.000       2.261                u_enc_0_conv2/g_direct.g_wrom[3].u_wrom/g_single.u_rom/g_block.u_xpm/xpm_memory_base_inst/gen_wr_a.gen_word_narrow.mem_reg/CLKBWRCLK
Min Period        n/a     RAMB36E2/CLKARDCLK  n/a            1.739         4.000       2.261                u_enc_1_conv1/g_direct.g_wrom[0].u_wrom/g_single.u_rom/g_block.u_xpm/xpm_memory_base_inst/gen_wr_a.gen_word_narrow.mem_reg/CLKARDCLK
Min Period        n/a     RAMB36E2/CLKBWRCLK  n/a            1.739         4.000       2.261                u_enc_1_conv1/g_direct.g_wrom[0].u_wrom/g_single.u_rom/g_block.u_xpm/xpm_memory_base_inst/gen_wr_a.gen_word_narrow.mem_reg/CLKBWRCLK
Low Pulse Width   Slow    URAM288/CLK         n/a            0.730         2.000       1.270                u_fifo_enc_1_out_b/g_packed.u_ram/g_ultra.mem_reg_uram_0/CLK
Low Pulse Width   Fast    URAM288/CLK         n/a            0.730         2.000       1.270                u_fifo_enc_1_out_b/g_packed.u_ram/g_ultra.mem_reg_uram_0/CLK
Low Pulse Width   Slow    URAM288/CLK         n/a            0.730         2.000       1.270                u_lb_enc_0_conv2/u_ram/g_ultra.mem_reg_uram_0/CLK
Low Pulse Width   Fast    URAM288/CLK         n/a            0.730         2.000       1.270                u_lb_enc_0_conv2/u_ram/g_ultra.mem_reg_uram_0/CLK
Low Pulse Width   Slow    URAM288/CLK         n/a            0.730         2.000       1.270                u_lb_enc_1_conv1/u_ram/g_ultra.mem_reg_uram_0/CLK
Low Pulse Width   Fast    URAM288/CLK         n/a            0.730         2.000       1.270                u_lb_enc_1_conv1/u_ram/g_ultra.mem_reg_uram_0/CLK
Low Pulse Width   Slow    URAM288/CLK         n/a            0.730         2.000       1.270                u_lb_enc_1_conv2/u_ram/g_ultra.mem_reg_uram_0/CLK
Low Pulse Width   Fast    URAM288/CLK         n/a            0.730         2.000       1.270                u_lb_enc_1_conv2/u_ram/g_ultra.mem_reg_uram_0/CLK
Low Pulse Width   Slow    SRL16E/CLK          n/a            0.573         2.000       1.427                u_enc_0_conv1/frame1_reg_srl3_u_enc_8_a0_c2_r3_v_reg_c/CLK
Low Pulse Width   Fast    SRL16E/CLK          n/a            0.573         2.000       1.427                u_enc_0_conv1/frame1_reg_srl3_u_enc_8_a0_c2_r3_v_reg_c/CLK
High Pulse Width  Slow    URAM288/CLK         n/a            0.730         2.000       1.270                u_fifo_enc_1_out_b/g_packed.u_ram/g_ultra.mem_reg_uram_0/CLK
High Pulse Width  Fast    URAM288/CLK         n/a            0.730         2.000       1.270                u_fifo_enc_1_out_b/g_packed.u_ram/g_ultra.mem_reg_uram_0/CLK
High Pulse Width  Slow    URAM288/CLK         n/a            0.730         2.000       1.270                u_lb_enc_0_conv2/u_ram/g_ultra.mem_reg_uram_0/CLK
High Pulse Width  Fast    URAM288/CLK         n/a            0.730         2.000       1.270                u_lb_enc_0_conv2/u_ram/g_ultra.mem_reg_uram_0/CLK
High Pulse Width  Slow    URAM288/CLK         n/a            0.730         2.000       1.270                u_lb_enc_1_conv1/u_ram/g_ultra.mem_reg_uram_0/CLK
High Pulse Width  Fast    URAM288/CLK         n/a            0.730         2.000       1.270                u_lb_enc_1_conv1/u_ram/g_ultra.mem_reg_uram_0/CLK
High Pulse Width  Slow    URAM288/CLK         n/a            0.730         2.000       1.270                u_lb_enc_1_conv2/u_ram/g_ultra.mem_reg_uram_0/CLK
High Pulse Width  Fast    URAM288/CLK         n/a            0.730         2.000       1.270                u_lb_enc_1_conv2/u_ram/g_ultra.mem_reg_uram_0/CLK
High Pulse Width  Slow    SRL16E/CLK          n/a            0.573         2.000       1.427                u_enc_0_conv1/frame1_reg_srl3_u_enc_8_a0_c2_r3_v_reg_c/CLK
High Pulse Width  Fast    SRL16E/CLK          n/a            0.573         2.000       1.427                u_enc_0_conv1/frame1_reg_srl3_u_enc_8_a0_c2_r3_v_reg_c/CLK



